OrderID,Client Ref 1,Client Ref 2,Customer,PO Number,Doc. Date,Completed,Units,Value,Service,Charges,Taxes,Inv. Amt
16566889,IF4041454902,32785165,T1L1B1BIG - BIG BEAR TRADING CO dba COASTAL CULTURE,tentree fixture banff,2026-05-06,2026-05-20,1,0,Order Processing,2,0.1,2.1
16566889,IF4041454902,32785165,T1L1B1BIG - BIG BEAR TRADING CO dba COASTAL CULTURE,tentree fixture banff,2026-05-06,2026-05-20,1,0,Handling,4.4,0.22,4.62
16566890,IF4041454903,32785166,V8E1A8BIG - Big Bear Trading Co (Coastal Culture Inc,tentree fixture whistler,2026-05-06,2026-05-20,1,0,Handling,4.4,0.22,4.62
16566890,IF4041454903,32785166,V8E1A8BIG - Big Bear Trading Co (Coastal Culture Inc,tentree fixture whistler,2026-05-06,2026-05-20,1,0,Order Processing,2,0.1,2.1
16569728,IF4041455191,32800076,S7N1B4NIC - NICAS CLOTHING AND ACCESSORIES,spring 26 - fixtures,2026-05-07,2026-05-20,1,0,Order Processing,2,0.1,2.1
16569728,IF4041455191,32800076,S7N1B4NIC - NICAS CLOTHING AND ACCESSORIES,spring 26 - fixtures,2026-05-07,2026-05-20,4,0,Handling,17.6,0.88,18.48
16585173,IF4041456555,32848777,M4E2E1 - Kelly Holmes /Sprout Sales Inc.,POP tentree,2026-05-12,2026-05-20,5,0,Handling,6.6,0.33,6.93
16585173,IF4041456555,32848777,M4E2E1 - Kelly Holmes /Sprout Sales Inc.,POP tentree,2026-05-12,2026-05-20,1,0,Order Processing,2,0.1,2.1
16543203,IF4041453413,32706105,V9L1V8WAL - WALL STREET CLOTHING,SS26 tentree add on FX,2026-04-27,2026-05-20,1,3713.5,Order Processing,2,0.1,2.1
16543203,IF4041453413,32706105,V9L1V8WAL - WALL STREET CLOTHING,SS26 tentree add on FX,2026-04-27,2026-05-20,95,3713.5,Order NonMasterPack,47.5,2.38,49.88
16548309,IF4041453754,32725168,V8J3T6DRI - DRIFT APPAREL,ss26-2,2026-04-29,2026-05-20,78,2048,Order NonMasterPack,39,1.95,40.95
16548309,IF4041453754,32725168,V8J3T6DRI - DRIFT APPAREL,ss26-2,2026-04-29,2026-05-20,1,2048,Order Processing,2,0.1,2.1
16541671,IF4041452935,32684606,V0R1K0XS - XS IV CHEMAINUS  BEYOND THE USUAL,BTU SPSU26 Ship 4,2026-04-27,2026-05-20,1,2666.5,Order Processing,2,0.1,2.1
16541671,IF4041452935,32684606,V0R1K0XS - XS IV CHEMAINUS  BEYOND THE USUAL,BTU SPSU26 Ship 4,2026-04-27,2026-05-20,81,2666.5,Order NonMasterPack,40.5,2.03,42.53
16543197,IF4041453408,32706101,V1Z4C9FRE - FREE RIDE,WSWmTentreeSp26-Del2,2026-04-27,2026-05-20,26,1076.5,Order NonMasterPack,13,0.65,13.65
16543197,IF4041453408,32706101,V1Z4C9FRE - FREE RIDE,WSWmTentreeSp26-Del2,2026-04-27,2026-05-20,1,1076.5,Order Processing,2,0.1,2.1
16582859,IF4041456243,32837562,T8S1R7FRO - FRONTLINE,3/4 10TREESS26,2026-05-11,2026-05-20,19,754.5,Order NonMasterPack,9.5,0.48,9.98
16582859,IF4041456243,32837562,T8S1R7FRO - FRONTLINE,3/4 10TREESS26,2026-05-11,2026-05-20,1,754.5,Order Processing,2,0.1,2.1
16585172,IF4041456533,32848472,V6B1B2MAK - MAKE GASTOWN,10476,2026-05-12,2026-05-20,32,763,Order NonMasterPack,16,0.8,16.8
16585172,IF4041456533,32848472,V6B1B2MAK - MAKE GASTOWN,10476,2026-05-12,2026-05-20,1,763,Order Processing,2,0.1,2.1
16590450,IF4041457066,32862461,V1T2B6VAL - Valhalla Pure Outfitters Inc,TEN260513,2026-05-14,2026-05-20,1,85.2,Order Processing,2,0.1,2.1
16590450,IF4041457066,32862461,V1T2B6VAL - Valhalla Pure Outfitters Inc,TEN260513,2026-05-14,2026-05-20,4,85.2,Order NonMasterPack,2,0.1,2.1
16606428,IF4041458263,32890950,V6B1B2MAK - MAKE GASTOWN,12411-RET2-JBO,2026-05-19,2026-05-20,17,404,Order NonMasterPack,8.5,0.43,8.93
16606428,IF4041458263,32890950,V6B1B2MAK - MAKE GASTOWN,12411-RET2-JBO,2026-05-19,2026-05-20,1,404,Order Processing,2,0.1,2.1
16606430,IF4041458266,32890952,V6B1B2MAK - MAKE GASTOWN,12414-RET2-JBO,2026-05-19,2026-05-20,1,382.5,Order Processing,2,0.1,2.1
16606430,IF4041458266,32890952,V6B1B2MAK - MAKE GASTOWN,12414-RET2-JBO,2026-05-19,2026-05-20,17,382.5,Order NonMasterPack,8.5,0.43,8.93
16585171,IF4041456532,32848471,V6H3S4MAK - MAKE,10475,2026-05-12,2026-05-21,1,2255.5,Order Master Pack Carton,2,0.1,2.1
16585171,IF4041456532,32848471,V6H3S4MAK - MAKE,10475,2026-05-12,2026-05-21,72,2255.5,Order NonMasterPack,36,1.8,37.8
16585171,IF4041456532,32848471,V6H3S4MAK - MAKE,10475,2026-05-12,2026-05-21,1,2255.5,Order Processing,2,0.1,2.1
16554153,IF4041454007,32738233,V5L1Y9MAK - MAKE VANCOUVER FULFILLMENT CENTRE,10497-JBO,2026-05-01,2026-05-21,1,7111.5,Order Processing,2,0.1,2.1
16554153,IF4041454007,32738233,V5L1Y9MAK - MAKE VANCOUVER FULFILLMENT CENTRE,10497-JBO,2026-05-01,2026-05-21,244,7111.5,Order NonMasterPack,122,6.1,128.1
16591916,IF4041457570,32875042,G7X3B5IMM - Immeubles Ultra Violet Inc.,tentreeete26,2026-05-14,2026-05-21,36,810,Order NonMasterPack,18,0.9,18.9
16591916,IF4041457570,32875042,G7X3B5IMM - Immeubles Ultra Violet Inc.,tentreeete26,2026-05-14,2026-05-21,1,810,Order Processing,2,0.1,2.1
16606426,IF4041458256,32890947,T9H1L2LUS - LUSSO CLOTHING LTD,MAY26 REPEAT,2026-05-19,2026-05-21,1,871,Order Processing,2,0.1,2.1
16606426,IF4041458256,32890947,T9H1L2LUS - LUSSO CLOTHING LTD,MAY26 REPEAT,2026-05-19,2026-05-21,34,871,Order NonMasterPack,17,0.85,17.85
16606427,IF4041458261,32890949,V6H3S4MAK - MAKE,12410-JBO,2026-05-19,2026-05-21,1,1044,Order Processing,2,0.1,2.1
16606427,IF4041458261,32890949,V6H3S4MAK - MAKE,12410-JBO,2026-05-19,2026-05-21,40,1044,Order NonMasterPack,20,1,21
16582862,IF4041456252,32837668,T2E6W5MRG - MRG - BANFF #573,650326,2026-05-11,2026-05-21,83,1867.5,Order NonMasterPack,41.5,2.08,43.58
16582862,IF4041456252,32837668,T2E6W5MRG - MRG - BANFF #573,650326,2026-05-11,2026-05-21,1,1867.5,Order Processing,2,0.1,2.1
16591914,IF4041457566,32874940,J6E3H4KOI - KOIA VETEMENTS,1,2026-05-14,2026-05-21,15,460.5,Order NonMasterPack,7.5,0.38,7.88
16591914,IF4041457566,32874940,J6E3H4KOI - KOIA VETEMENTS,1,2026-05-14,2026-05-21,1,460.5,Order Processing,2,0.1,2.1
16606429,IF4041458265,32890951,V6H3S4MAK - MAKE,12413-JBO,2026-05-19,2026-05-22,118,2698,Order NonMasterPack,59,2.95,61.95
16606429,IF4041458265,32890951,V6H3S4MAK - MAKE,12413-JBO,2026-05-19,2026-05-22,1,2698,Order Processing,2,0.1,2.1
16608018,IF4041460181,32934011,T0C2J0MAN - MANDYS FASHION AND FOOTWEAR (205301 HOLD,mens fill in order,2026-05-19,2026-05-22,26,710.5,Order NonMasterPack,13,0.65,13.65
16608018,IF4041460181,32934011,T0C2J0MAN - MANDYS FASHION AND FOOTWEAR (205301 HOLD,mens fill in order,2026-05-19,2026-05-22,1,710.5,Order Processing,2,0.1,2.1
16548314,IF4041453761,32725174,"L5T1A7LID - LIDS CANADA, INC.",2P000026166,2026-04-29,2026-05-22,6,11880,Order Master Pack Carton,12,0.6,12.6
16548314,IF4041453761,32725174,"L5T1A7LID - LIDS CANADA, INC.",2P000026166,2026-04-29,2026-05-22,1,11880,Order Processing,2,0.1,2.1
16548314,IF4041453761,32725174,"L5T1A7LID - LIDS CANADA, INC.",2P000026166,2026-04-29,2026-05-22,96,11880,Order NonMasterPack,48,2.4,50.4
16548313,IF4041453760,32725173,"L5T1A7LID - LIDS CANADA, INC.",2P000026166,2026-04-29,2026-05-22,112,14175,Order NonMasterPack,56,2.8,58.8
16548313,IF4041453760,32725173,"L5T1A7LID - LIDS CANADA, INC.",2P000026166,2026-04-29,2026-05-22,1,14175,Order Processing,2,0.1,2.1
16548313,IF4041453760,32725173,"L5T1A7LID - LIDS CANADA, INC.",2P000026166,2026-04-29,2026-05-22,8,14175,Order Master Pack Carton,16,0.8,16.8
16548312,IF4041453759,32725172,"L5T1A7LID - LIDS CANADA, INC.",2P000026166,2026-04-29,2026-05-22,95,41017.5,Order NonMasterPack,47.5,2.38,49.88
16548312,IF4041453759,32725172,"L5T1A7LID - LIDS CANADA, INC.",2P000026166,2026-04-29,2026-05-22,24,41017.5,Order Master Pack Carton,48,2.4,50.4
16548312,IF4041453759,32725172,"L5T1A7LID - LIDS CANADA, INC.",2P000026166,2026-04-29,2026-05-22,1,41017.5,Order Processing,2,0.1,2.1
16610025,IF4041460277,32939359,V8B0B6SEA - SEA TO SKY GONDOLA,SS26 tentree Del 4,2026-05-20,2026-05-22,1,7213.5,Order Processing,2,0.1,2.1
16610025,IF4041460277,32939359,V8B0B6SEA - SEA TO SKY GONDOLA,SS26 tentree Del 4,2026-05-20,2026-05-22,206,7213.5,Order NonMasterPack,103,5.15,108.15
16608014,IF4041452559,32662868,B0S1A0CRO - CROWN & ANCHOR ELEVATED LIVING,Tentree SS26 - May,2026-05-19,2026-05-22,1,9904.5,Order Processing,2,0.1,2.1
16608014,IF4041452559,32662868,B0S1A0CRO - CROWN & ANCHOR ELEVATED LIVING,Tentree SS26 - May,2026-05-19,2026-05-22,243,9904.5,Order NonMasterPack,121.5,6.08,127.58
16610024,IF4041460273,32939358,V8B0B6SEA - SEA TO SKY GONDOLA,SS26 soccer sasquatch,2026-05-20,2026-05-22,345,7762.5,Order NonMasterPack,172.5,8.63,181.13
16610024,IF4041460273,32939358,V8B0B6SEA - SEA TO SKY GONDOLA,SS26 soccer sasquatch,2026-05-20,2026-05-22,1,7762.5,Order Processing,2,0.1,2.1
16610027,IF4041460278,32939360,V8B0B6SEA - SEA TO SKY GONDOLA,SS26 tentree accessories Del 3,2026-05-20,2026-05-22,216,4740,Order NonMasterPack,108,5.4,113.4
16610027,IF4041460278,32939360,V8B0B6SEA - SEA TO SKY GONDOLA,SS26 tentree accessories Del 3,2026-05-20,2026-05-22,1,4740,Order Processing,2,0.1,2.1
16608013,IF4041452440,32659550,V0R2G0SWO - SWORDFERN BOUTIQUE,early summer 26,2026-05-19,2026-05-22,130,4072.5,Order NonMasterPack,65,3.25,68.25
16608013,IF4041452440,32659550,V0R2G0SWO - SWORDFERN BOUTIQUE,early summer 26,2026-05-19,2026-05-22,1,4072.5,Order Processing,2,0.1,2.1
16608019,IF4041460182,32934012,V6H3S4MAK - MAKE,12412-JBO,2026-05-19,2026-05-22,1,708,Order Processing,2,0.1,2.1
16608019,IF4041460182,32934012,V6H3S4MAK - MAKE,12412-JBO,2026-05-19,2026-05-22,21,708,Order NonMasterPack,10.5,0.53,11.03
16608017,IF4041460178,32934008,R2L0V4FRI - FRIDAY'S APPAREL,tentree Replacements (2/2),2026-05-19,2026-05-22,1,98,Order Processing,2,0.1,2.1
16608017,IF4041460178,32934008,R2L0V4FRI - FRIDAY'S APPAREL,tentree Replacements (2/2),2026-05-19,2026-05-22,2,98,Order NonMasterPack,1,0.05,1.05
16611033,IF4041460423,32947564,V3S9N7PEA - PEACE ARCH DUTY FREE SHOP,tentree SS26 Del 1 - Van Vista,2026-05-20,2026-05-22,67,1666.5,Order NonMasterPack,33.5,1.68,35.18
16611033,IF4041460423,32947564,V3S9N7PEA - PEACE ARCH DUTY FREE SHOP,tentree SS26 Del 1 - Van Vista,2026-05-20,2026-05-22,1,1666.5,Order Processing,2,0.1,2.1
16591917,IF4041457546,32874735,V1T2B6VAL - Valhalla Pure Outfitters Inc,TEN260514,2026-05-14,2026-05-22,8,226,Order NonMasterPack,4,0.2,4.2
16591917,IF4041457546,32874735,V1T2B6VAL - Valhalla Pure Outfitters Inc,TEN260514,2026-05-14,2026-05-22,1,226,Order Processing,2,0.1,2.1
16608016,IF4041460174,32933905,V1T2B6VAL - Valhalla Pure Outfitters Inc,TEN260517,2026-05-19,2026-05-22,1,250.8,Order Processing,2,0.1,2.1
16608016,IF4041460174,32933905,V1T2B6VAL - Valhalla Pure Outfitters Inc,TEN260517,2026-05-19,2026-05-22,9,250.8,Order NonMasterPack,4.5,0.23,4.73
16608021,IF4041460198,32934724,P1H2B8REF - REFLECTIONS OF MUSKOKA,SS26 tentree May 15 ship order 3of3,2026-05-19,2026-05-25,4,90,Order NonMasterPack,2,0.1,2.1
16608021,IF4041460198,32934724,P1H2B8REF - REFLECTIONS OF MUSKOKA,SS26 tentree May 15 ship order 3of3,2026-05-19,2026-05-25,1,90,Order Processing,2,0.1,2.1
16608020,IF4041460189,32934218,T2E7V6THE - THE CALGARY ZOOLOGICAL SOCIETY,calzoojune2026,2026-05-19,2026-05-25,1,50,Order Processing,2,0.1,2.1
16608020,IF4041460189,32934218,T2E7V6THE - THE CALGARY ZOOLOGICAL SOCIETY,calzoojune2026,2026-05-19,2026-05-25,2,50,Order NonMasterPack,1,0.05,1.05
16611034,IF4041460425,32947566,L6T4H8THE - The Nuance Group (Canada) Inc,4503873787,2026-05-20,2026-05-25,55,1237.5,Order NonMasterPack,27.5,1.38,28.88
16611034,IF4041460425,32947566,L6T4H8THE - The Nuance Group (Canada) Inc,4503873787,2026-05-20,2026-05-25,1,1237.5,Order Processing,2,0.1,2.1
16614093,IF4041460679,32959977,V1T2B6VAL - Valhalla Pure Outfitters Inc,TEN260521,2026-05-21,2026-05-25,1,22.5,Order Processing,2,0.1,2.1
16614093,IF4041460679,32959977,V1T2B6VAL - Valhalla Pure Outfitters Inc,TEN260521,2026-05-21,2026-05-25,1,22.5,Order NonMasterPack,0.5,0.03,0.53
16608015,IF4041460173,32933900,V1T2B6VAL - Valhalla Pure Outfitters Inc,TEN260519,2026-05-19,2026-05-25,2,56.5,Order NonMasterPack,1,0.05,1.05
16608015,IF4041460173,32933900,V1T2B6VAL - Valhalla Pure Outfitters Inc,TEN260519,2026-05-19,2026-05-25,1,56.5,Order Processing,2,0.1,2.1
16616748,IF4041460896,32969645,V1T2B6VAL - Valhalla Pure Outfitters Inc,TEN260522,2026-05-22,2026-05-25,1,22.5,Order Processing,2,0.1,2.1
16616748,IF4041460896,32969645,V1T2B6VAL - Valhalla Pure Outfitters Inc,TEN260522,2026-05-22,2026-05-25,1,22.5,Order NonMasterPack,0.5,0.03,0.53
16569726,IF4041455181,32799966,V8B0G8VAL - VALHALLA PURE SQUAMISH,TTI-SS26-M-Sh3,2026-05-07,2026-05-25,1,1990.5,Order Processing,2,0.1,2.1
16569726,IF4041455181,32799966,V8B0G8VAL - VALHALLA PURE SQUAMISH,TTI-SS26-M-Sh3,2026-05-07,2026-05-25,65,1990.5,Order NonMasterPack,32.5,1.63,34.13
16569727,IF4041455184,32800070,V8B0G8VAL - VALHALLA PURE SQUAMISH,TTI-SS26-W-Sh3,2026-05-07,2026-05-25,55,1962,Order NonMasterPack,27.5,1.38,28.88
16569727,IF4041455184,32800070,V8B0G8VAL - VALHALLA PURE SQUAMISH,TTI-SS26-W-Sh3,2026-05-07,2026-05-25,1,1962,Order Processing,2,0.1,2.1
16611036,IF4041460434,32947669,V3S9N7PEA - PEACE ARCH DUTY FREE SHOP,tentree fixture,2026-05-20,2026-05-26,1,0,Handling,4.4,0.22,4.62
16611036,IF4041460434,32947669,V3S9N7PEA - PEACE ARCH DUTY FREE SHOP,tentree fixture,2026-05-20,2026-05-26,1,0,Order Processing,2,0.1,2.1
16611035,IF4041460426,32947567,V7B1K4VAN - VANCOUVER LP WDFG,4503873797,2026-05-20,2026-05-26,108,2430,Order NonMasterPack,54,2.7,56.7
16611035,IF4041460426,32947567,V7B1K4VAN - VANCOUVER LP WDFG,4503873797,2026-05-20,2026-05-26,1,2430,Order Processing,2,0.1,2.1
16569218,IF4041455094,32794468,A0P1E0BLI - BLIZZARD CORP. LTD.,TTS26D3,2026-05-07,2026-05-26,22,775.5,Order NonMasterPack,11,0.55,11.55
16569218,IF4041455094,32794468,A0P1E0BLI - BLIZZARD CORP. LTD.,TTS26D3,2026-05-07,2026-05-26,1,775.5,Order Processing,2,0.1,2.1
16624018,IF4041460984,32971806,V6B1B2MAK - MAKE GASTOWN,12411-RET2-JBO,2026-05-25,2026-05-26,12,313,Order NonMasterPack,6,0.3,6.3
16624018,IF4041460984,32971806,V6B1B2MAK - MAKE GASTOWN,12411-RET2-JBO,2026-05-25,2026-05-26,1,313,Order Processing,2,0.1,2.1
16624976,IF4041461702,33000672,V1T2B6VAL - Valhalla Pure Outfitters Inc,TEN260525,2026-05-25,2026-05-26,7,283.4,Order NonMasterPack,3.5,0.18,3.68
16624976,IF4041461702,33000672,V1T2B6VAL - Valhalla Pure Outfitters Inc,TEN260525,2026-05-25,2026-05-26,1,283.4,Order Processing,2,0.1,2.1
16616749,IF4041460880,32969242,L1P1X9AJD - Ajdin Agic,veritree hats,2026-05-22,2026-05-27,70,1225,Order NonMasterPack,35,1.75,36.75
16616749,IF4041460880,32969242,L1P1X9AJD - Ajdin Agic,veritree hats,2026-05-22,2026-05-27,1,1225,Order Processing,2,0.1,2.1
16624019,IF4041460985,32971807,V0A1H0TOP - TOP NOTCH,52126,2026-05-25,2026-05-27,1,696.7,Order Processing,2,0.1,2.1
16624019,IF4041460985,32971807,V0A1H0TOP - TOP NOTCH,52126,2026-05-25,2026-05-27,19,696.7,Order NonMasterPack,9.5,0.48,9.98
16627348,IF4041461812,33003890,V1E1B4HAR - HARTTY CLOTHING,Ten Fill May25,2026-05-26,2026-05-27,24,822.9,Order NonMasterPack,12,0.6,12.6
16627348,IF4041461812,33003890,V1E1B4HAR - HARTTY CLOTHING,Ten Fill May25,2026-05-26,2026-05-27,1,822.9,Order Processing,2,0.1,2.1
16627347,IF4041461809,33003887,V6H3S4MAK - MAKE,12410-JBO,2026-05-26,2026-05-27,21,472.5,Order NonMasterPack,10.5,0.53,11.03
16627347,IF4041461809,33003887,V6H3S4MAK - MAKE,12410-JBO,2026-05-26,2026-05-27,1,472.5,Order Processing,2,0.1,2.1
Receipt,Client Ref 1,Client Ref 2,Shipped From,BOL Number,,,,,Service,,,
1046173,PO04761,32399778,,S06781219,2026-05-13,2026-05-19,1,0,Receipt Processing,10,0.5,10.5
1046173,PO04761,32399778,,S06781219,2026-05-13,2026-05-19,892,0,Receipt Mixed Carton Unit,160.56,8.03,168.59
1046173,PO04761,32399778,,S06781219,2026-05-13,2026-05-19,1072,0,Receiving,75.04,3.75,78.79
1046173,PO04761,32399778,,S06781219,2026-05-13,2026-05-19,1072,0,Storage,53.6,2.68,56.28
1047877,PO 04701,FedEx 871689978203,,8.7169E+11,2026-05-21,2026-05-21,4,0,Receiving,0.28,0.01,0.29
1047877,PO 04701,FedEx 871689978203,,8.7169E+11,2026-05-21,2026-05-21,1,0,Receipt Processing,10,0.5,10.5
1047877,PO 04701,FedEx 871689978203,,8.7169E+11,2026-05-21,2026-05-21,4,0,Storage,0.2,0.01,0.21
1046797,PO04750,32262020,,S06842438,2026-05-15,2026-05-25,1,0,Receipt Processing,10,0.5,10.5
1046797,PO04750,32262020,,S06842438,2026-05-15,2026-05-25,300,0,Receiving,21,1.05,22.05
1046797,PO04750,32262020,,S06842438,2026-05-15,2026-05-25,55,0,Receipt Mixed Carton Unit,9.9,0.5,10.4
1046797,PO04750,32262020,,S06842438,2026-05-15,2026-05-25,300,0,Storage,15,0.75,15.75
1046518,PO04748,32262018,,S06842438,2026-05-14,2026-05-25,153,0,Receiving,10.71,0.54,11.25
1046518,PO04748,32262018,,S06842438,2026-05-14,2026-05-25,1,0,Receipt Processing,10,0.5,10.5
1046518,PO04748,32262018,,S06842438,2026-05-14,2026-05-25,9,0,Receipt Mixed Carton Unit,1.62,0.08,1.7
1046518,PO04748,32262018,,S06842438,2026-05-14,2026-05-25,153,0,Storage,7.65,0.38,8.03
Return,Client Ref 1,Client Ref 2,Shipped From,BOL Number,,,,,Service,,,
1047629,RMA90494,32734263,ALPINE COUNTRY LODGE LTD (A1B4J9ALP),1.57937E+14,2026-05-20,2026-05-20,7,0,Returns,6.09,0.3,6.39
1047629,RMA90494,32734263,ALPINE COUNTRY LODGE LTD (A1B4J9ALP),1.57937E+14,2026-05-20,2026-05-20,0,0,Service Center Labor,8.03,0.4,8.43
1047629,RMA90494,32734263,ALPINE COUNTRY LODGE LTD (A1B4J9ALP),1.57937E+14,2026-05-20,2026-05-20,7,0,Restock,1.75,0.09,1.84
1047629,RMA90494,32734263,ALPINE COUNTRY LODGE LTD (A1B4J9ALP),1.57937E+14,2026-05-20,2026-05-20,7,0,Storage,0.35,0.02,0.37
1047666,RMA #GDYLV0H7,32794243,JULIA PAGE (K2B6N8JUL),6.00664E+15,2026-05-20,2026-05-20,2,0,Returns,2.74,0.14,2.88
1047666,RMA #GDYLV0H7,32794243,JULIA PAGE (K2B6N8JUL),6.00664E+15,2026-05-20,2026-05-20,2,0,Restock,0.5,0.03,0.53
1047666,RMA #GDYLV0H7,32794243,JULIA PAGE (K2B6N8JUL),6.00664E+15,2026-05-20,2026-05-20,0,0,Service Center Labor,3.78,0.19,3.97
1047666,RMA #GDYLV0H7,32794243,JULIA PAGE (K2B6N8JUL),6.00664E+15,2026-05-20,2026-05-20,2,0,Storage,0.1,0.01,0.11
1047669,RMA #M7MPJ0ZO,32800083,JASON GARGARO (L7B0N4JAS),7.92347E+11,2026-05-20,2026-05-20,3,0,Restock,0.75,0.04,0.79
1047669,RMA #M7MPJ0ZO,32800083,JASON GARGARO (L7B0N4JAS),7.92347E+11,2026-05-20,2026-05-20,3,0,Returns,3.41,0.17,3.58
1047669,RMA #M7MPJ0ZO,32800083,JASON GARGARO (L7B0N4JAS),7.92347E+11,2026-05-20,2026-05-20,0,0,Service Center Labor,4.73,0.24,4.97
1047669,RMA #M7MPJ0ZO,32800083,JASON GARGARO (L7B0N4JAS),7.92347E+11,2026-05-20,2026-05-20,3,0,Storage,0.15,0.01,0.16
1047672,RMA #EZUT4NPI,32853530,REBECCA DAVIDSON (V6B1T2REB),7.92359E+11,2026-05-20,2026-05-20,2,0,Returns,2.74,0.13,2.87
1047672,RMA #EZUT4NPI,32853530,REBECCA DAVIDSON (V6B1T2REB),7.92359E+11,2026-05-20,2026-05-20,2,0,Restock,0.5,0.02,0.52
1047672,RMA #EZUT4NPI,32853530,REBECCA DAVIDSON (V6B1T2REB),7.92359E+11,2026-05-20,2026-05-20,0,0,Service Center Labor,3.78,0.19,3.97
1047672,RMA #EZUT4NPI,32853530,REBECCA DAVIDSON (V6B1T2REB),7.92359E+11,2026-05-20,2026-05-20,2,0,Storage,0.1,0,0.1
1047683,RMA #20T9Z6P8,32726640,MATHIEU BOUCHER (G7P2X1MAT),6.00664E+15,2026-05-20,2026-05-20,0,0,Service Center Labor,2.36,0.12,2.48
1047683,RMA #20T9Z6P8,32726640,MATHIEU BOUCHER (G7P2X1MAT),6.00664E+15,2026-05-20,2026-05-20,1,0,Restock,0.25,0.01,0.26
1047683,RMA #20T9Z6P8,32726640,MATHIEU BOUCHER (G7P2X1MAT),6.00664E+15,2026-05-20,2026-05-20,1,0,Returns,2.07,0.1,2.17
1047683,RMA #20T9Z6P8,32726640,MATHIEU BOUCHER (G7P2X1MAT),6.00664E+15,2026-05-20,2026-05-20,1,0,Storage,0.05,0,0.05
1047693,RMA #2AZ1VOU3,32828017,SHELAGH READING (T3H1T4SHE),6.00664E+15,2026-05-20,2026-05-20,1,0,Restock,0.25,0.01,0.26
1047693,RMA #2AZ1VOU3,32828017,SHELAGH READING (T3H1T4SHE),6.00664E+15,2026-05-20,2026-05-20,0,0,Service Center Labor,2.36,0.12,2.48
1047693,RMA #2AZ1VOU3,32828017,SHELAGH READING (T3H1T4SHE),6.00664E+15,2026-05-20,2026-05-20,1,0,Returns,2.07,0.1,2.17
1047693,RMA #2AZ1VOU3,32828017,SHELAGH READING (T3H1T4SHE),6.00664E+15,2026-05-20,2026-05-20,1,0,Storage,0.05,0,0.05
1047696,RMA #456OEPU5,32809873,KALIFA SUNTER (V3Z1L1KAL),6.00664E+15,2026-05-20,2026-05-20,0,0,Service Center Labor,3.31,0.17,3.48
1047696,RMA #456OEPU5,32809873,KALIFA SUNTER (V3Z1L1KAL),6.00664E+15,2026-05-20,2026-05-20,2,0,Restock,0.5,0.03,0.53
1047696,RMA #456OEPU5,32809873,KALIFA SUNTER (V3Z1L1KAL),6.00664E+15,2026-05-20,2026-05-20,2,0,Returns,2.74,0.14,2.88
1047696,RMA #456OEPU5,32809873,KALIFA SUNTER (V3Z1L1KAL),6.00664E+15,2026-05-20,2026-05-20,2,0,Storage,0.1,0.01,0.11
1047699,RMA #HKOVYD3Y,32834116,BRITTANY LINGELBACH (N0K1L0BRI),7.92353E+11,2026-05-20,2026-05-20,1,0,Returns,2.07,0.1,2.17
1047699,RMA #HKOVYD3Y,32834116,BRITTANY LINGELBACH (N0K1L0BRI),7.92353E+11,2026-05-20,2026-05-20,0,0,Service Center Labor,2.36,0.12,2.48
1047699,RMA #HKOVYD3Y,32834116,BRITTANY LINGELBACH (N0K1L0BRI),7.92353E+11,2026-05-20,2026-05-20,1,0,Restock,0.25,0.01,0.26
1047699,RMA #HKOVYD3Y,32834116,BRITTANY LINGELBACH (N0K1L0BRI),7.92353E+11,2026-05-20,2026-05-20,1,0,Storage,0.05,0,0.05
1047702,RMA #7TJFY392,32641031,ELIZABETH RENWICK (V5Z1C4ELI),7.92305E+11,2026-05-20,2026-05-20,1,0,Returns,2.07,0.1,2.17
1047702,RMA #7TJFY392,32641031,ELIZABETH RENWICK (V5Z1C4ELI),7.92305E+11,2026-05-20,2026-05-20,1,0,Restock,0.25,0.01,0.26
1047702,RMA #7TJFY392,32641031,ELIZABETH RENWICK (V5Z1C4ELI),7.92305E+11,2026-05-20,2026-05-20,1,0,Shop Supplies,0.16,0.01,0.17
1047702,RMA #7TJFY392,32641031,ELIZABETH RENWICK (V5Z1C4ELI),7.92305E+11,2026-05-20,2026-05-20,0,0,Service Center Labor,2.36,0.12,2.48
1047702,RMA #7TJFY392,32641031,ELIZABETH RENWICK (V5Z1C4ELI),7.92305E+11,2026-05-20,2026-05-20,1,0,Storage,0.05,0,0.05
1047713,RMA #UZ70WF1V,32826723,ALEXANDRE BLANCHETTE (J2T3E9ALE),7.92352E+11,2026-05-20,2026-05-20,0,0,Service Center Labor,2.36,0.12,2.48
1047713,RMA #UZ70WF1V,32826723,ALEXANDRE BLANCHETTE (J2T3E9ALE),7.92352E+11,2026-05-20,2026-05-20,1,0,Returns,2.07,0.1,2.17
1047713,RMA #UZ70WF1V,32826723,ALEXANDRE BLANCHETTE (J2T3E9ALE),7.92352E+11,2026-05-20,2026-05-20,1,0,Restock,0.25,0.01,0.26
1047713,RMA #UZ70WF1V,32826723,ALEXANDRE BLANCHETTE (J2T3E9ALE),7.92352E+11,2026-05-20,2026-05-20,1,0,Storage,0.05,0,0.05
1047715,RMA #V9U4QPII,32810438,EMMA DAVIS (V0N1P0EMM),6.00664E+15,2026-05-20,2026-05-20,2,0,Returns,2.74,0.14,2.88
1047715,RMA #V9U4QPII,32810438,EMMA DAVIS (V0N1P0EMM),6.00664E+15,2026-05-20,2026-05-20,2,0,Restock,0.5,0.03,0.53
1047715,RMA #V9U4QPII,32810438,EMMA DAVIS (V0N1P0EMM),6.00664E+15,2026-05-20,2026-05-20,0,0,Service Center Labor,3.78,0.19,3.97
1047715,RMA #V9U4QPII,32810438,EMMA DAVIS (V0N1P0EMM),6.00664E+15,2026-05-20,2026-05-20,2,0,Storage,0.1,0.01,0.11
1047718,RMA #23XYV4H8,32816050,MONICA KOLOMIC (R3V1T5MON),7.92351E+11,2026-05-20,2026-05-20,1,0,Returns,2.07,0.1,2.17
1047718,RMA #23XYV4H8,32816050,MONICA KOLOMIC (R3V1T5MON),7.92351E+11,2026-05-20,2026-05-20,0,0,Service Center Labor,2.36,0.12,2.48
1047718,RMA #23XYV4H8,32816050,MONICA KOLOMIC (R3V1T5MON),7.92351E+11,2026-05-20,2026-05-20,1,0,Restock,0.25,0.01,0.26
1047718,RMA #23XYV4H8,32816050,MONICA KOLOMIC (R3V1T5MON),7.92351E+11,2026-05-20,2026-05-20,1,0,Storage,0.05,0,0.05
1047721,RMA #6S4KH77B,32849941,JUSTIN HUSKA (V1B3N9JUS),7.92358E+11,2026-05-20,2026-05-20,1,0,Returns,2.07,0.1,2.17
1047721,RMA #6S4KH77B,32849941,JUSTIN HUSKA (V1B3N9JUS),7.92358E+11,2026-05-20,2026-05-20,1,0,Restock,0.25,0.01,0.26
1047721,RMA #6S4KH77B,32849941,JUSTIN HUSKA (V1B3N9JUS),7.92358E+11,2026-05-20,2026-05-20,0,0,Service Center Labor,2.36,0.12,2.48
1047721,RMA #6S4KH77B,32849941,JUSTIN HUSKA (V1B3N9JUS),7.92358E+11,2026-05-20,2026-05-20,1,0,Storage,0.05,0,0.05
1047724,RMA #5MQBR6DC,32735600,ALICIA LEY (M8V3G1ALI),7.98059E+11,2026-05-20,2026-05-20,1,0,Restock,0.25,0.01,0.26
1047724,RMA #5MQBR6DC,32735600,ALICIA LEY (M8V3G1ALI),7.98059E+11,2026-05-20,2026-05-20,1,0,Returns,2.07,0.1,2.17
1047724,RMA #5MQBR6DC,32735600,ALICIA LEY (M8V3G1ALI),7.98059E+11,2026-05-20,2026-05-20,0,0,Service Center Labor,2.36,0.12,2.48
1047724,RMA #5MQBR6DC,32735600,ALICIA LEY (M8V3G1ALI),7.98059E+11,2026-05-20,2026-05-20,1,0,Storage,0.05,0,0.05
1047727,RMA #W88R1D92,32829116,JORDAN HAYES (L0B1A0JOR),7.92352E+11,2026-05-20,2026-05-20,1,0,Restock,0.25,0.01,0.26
1047727,RMA #W88R1D92,32829116,JORDAN HAYES (L0B1A0JOR),7.92352E+11,2026-05-20,2026-05-20,1,0,Returns,2.07,0.1,2.17
1047727,RMA #W88R1D92,32829116,JORDAN HAYES (L0B1A0JOR),7.92352E+11,2026-05-20,2026-05-20,0,0,Service Center Labor,2.36,0.12,2.48
1047727,RMA #W88R1D92,32829116,JORDAN HAYES (L0B1A0JOR),7.92352E+11,2026-05-20,2026-05-20,1,0,Storage,0.05,0,0.05
1047919,RMA #N6LJ3PUU,32743663,DONNAREE NYGARD (V3L2M7DON),7.9806E+11,2026-05-21,2026-05-21,1,0,Returns,2.07,0.1,2.17
1047919,RMA #N6LJ3PUU,32743663,DONNAREE NYGARD (V3L2M7DON),7.9806E+11,2026-05-21,2026-05-21,0,0,Service Center Labor,2.36,0.12,2.48
1047919,RMA #N6LJ3PUU,32743663,DONNAREE NYGARD (V3L2M7DON),7.9806E+11,2026-05-21,2026-05-21,1,0,Restock,0.25,0.01,0.26
1047919,RMA #N6LJ3PUU,32743663,DONNAREE NYGARD (V3L2M7DON),7.9806E+11,2026-05-21,2026-05-21,1,0,Storage,0.05,0,0.05
1047923,RMA #H504EBPL,32734164,CHELSEA ZYSMAN (V7L0G1CHE),7.98059E+11,2026-05-21,2026-05-21,1,0,Returns,2.07,0.1,2.17
1047923,RMA #H504EBPL,32734164,CHELSEA ZYSMAN (V7L0G1CHE),7.98059E+11,2026-05-21,2026-05-21,0,0,Service Center Labor,3.31,0.17,3.48
1047923,RMA #H504EBPL,32734164,CHELSEA ZYSMAN (V7L0G1CHE),7.98059E+11,2026-05-21,2026-05-21,1,0,Restock,0.25,0.01,0.26
1047923,RMA #H504EBPL,32734164,CHELSEA ZYSMAN (V7L0G1CHE),7.98059E+11,2026-05-21,2026-05-21,1,0,Storage,0.05,0,0.05
1047927,RMA #S2YG48QY,32714298,PAUL BERTRAND (K0A1A0PAU),6.00664E+15,2026-05-21,2026-05-21,2,0,Returns,2.74,0.14,2.88
1047927,RMA #S2YG48QY,32714298,PAUL BERTRAND (K0A1A0PAU),6.00664E+15,2026-05-21,2026-05-21,2,0,Restock,0.5,0.03,0.53
1047927,RMA #S2YG48QY,32714298,PAUL BERTRAND (K0A1A0PAU),6.00664E+15,2026-05-21,2026-05-21,0,0,Service Center Labor,3.78,0.19,3.97
1047927,RMA #S2YG48QY,32714298,PAUL BERTRAND (K0A1A0PAU),6.00664E+15,2026-05-21,2026-05-21,2,0,Storage,0.1,0.01,0.11
1047929,RMA #OZQ8FK2I,32848889,ROSINA LACHMAN (V1W4J6ROS),6.00664E+15,2026-05-21,2026-05-21,1,0,Returns,2.07,0.1,2.17
1047929,RMA #OZQ8FK2I,32848889,ROSINA LACHMAN (V1W4J6ROS),6.00664E+15,2026-05-21,2026-05-21,0,0,Service Center Labor,2.36,0.12,2.48
1047929,RMA #OZQ8FK2I,32848889,ROSINA LACHMAN (V1W4J6ROS),6.00664E+15,2026-05-21,2026-05-21,1,0,Restock,0.25,0.01,0.26
1047929,RMA #OZQ8FK2I,32848889,ROSINA LACHMAN (V1W4J6ROS),6.00664E+15,2026-05-21,2026-05-21,1,0,Storage,0.05,0,0.05
1047932,RMA #F6QYK6JR,32733557,BERNADETTE SIA (K1G5E6BER),7.98058E+11,2026-05-21,2026-05-21,1,0,Restock,0.25,0.01,0.26
1047932,RMA #F6QYK6JR,32733557,BERNADETTE SIA (K1G5E6BER),7.98058E+11,2026-05-21,2026-05-21,1,0,Returns,2.07,0.1,2.17
1047932,RMA #F6QYK6JR,32733557,BERNADETTE SIA (K1G5E6BER),7.98058E+11,2026-05-21,2026-05-21,0,0,Service Center Labor,2.36,0.12,2.48
1047932,RMA #F6QYK6JR,32733557,BERNADETTE SIA (K1G5E6BER),7.98058E+11,2026-05-21,2026-05-21,1,0,Storage,0.05,0,0.05
1047954,RMA #FB6NEPHE,32808487,JASON KOVAR (K7H3C9JAS),7.92349E+11,2026-05-21,2026-05-21,1,0,Returns,2.07,0.1,2.17
1047954,RMA #FB6NEPHE,32808487,JASON KOVAR (K7H3C9JAS),7.92349E+11,2026-05-21,2026-05-21,1,0,Restock,0.25,0.01,0.26
1047954,RMA #FB6NEPHE,32808487,JASON KOVAR (K7H3C9JAS),7.92349E+11,2026-05-21,2026-05-21,0,0,Service Center Labor,3.31,0.17,3.48
1047954,RMA #FB6NEPHE,32808487,JASON KOVAR (K7H3C9JAS),7.92349E+11,2026-05-21,2026-05-21,1,0,Storage,0.05,0,0.05
1047974,RMA #2X9RKKI7,32828617,JODI IRWIN (T8L0L7JOD),6.00664E+15,2026-05-21,2026-05-21,0,0,Service Center Labor,2.36,0.12,2.48
1047974,RMA #2X9RKKI7,32828617,JODI IRWIN (T8L0L7JOD),6.00664E+15,2026-05-21,2026-05-21,1,0,Restock,0.25,0.01,0.26
1047974,RMA #2X9RKKI7,32828617,JODI IRWIN (T8L0L7JOD),6.00664E+15,2026-05-21,2026-05-21,1,0,Returns,2.07,0.1,2.17
1047974,RMA #2X9RKKI7,32828617,JODI IRWIN (T8L0L7JOD),6.00664E+15,2026-05-21,2026-05-21,1,0,Storage,0.05,0,0.05
1047977,RMA #I8XNGW96,32847776,VALERIE BOULET-THUOTTE (G0L3X0VAL),6.00664E+15,2026-05-21,2026-05-21,1,0,Returns,2.07,0.1,2.17
1047977,RMA #I8XNGW96,32847776,VALERIE BOULET-THUOTTE (G0L3X0VAL),6.00664E+15,2026-05-21,2026-05-21,0,0,Service Center Labor,2.36,0.12,2.48
1047977,RMA #I8XNGW96,32847776,VALERIE BOULET-THUOTTE (G0L3X0VAL),6.00664E+15,2026-05-21,2026-05-21,1,0,Restock,0.25,0.01,0.26
1047977,RMA #I8XNGW96,32847776,VALERIE BOULET-THUOTTE (G0L3X0VAL),6.00664E+15,2026-05-21,2026-05-21,1,0,Storage,0.05,0,0.05
1047983,RMA #J2E7UJ3D,32829511,NICOLE YAMAMOTO (V4A6Y6NIC),7.92352E+11,2026-05-21,2026-05-21,1,0,Returns,2.07,0.1,2.17
1047983,RMA #J2E7UJ3D,32829511,NICOLE YAMAMOTO (V4A6Y6NIC),7.92352E+11,2026-05-21,2026-05-21,0,0,Service Center Labor,2.36,0.12,2.48
1047983,RMA #J2E7UJ3D,32829511,NICOLE YAMAMOTO (V4A6Y6NIC),7.92352E+11,2026-05-21,2026-05-21,1,0,Restock,0.25,0.01,0.26
1047983,RMA #J2E7UJ3D,32829511,NICOLE YAMAMOTO (V4A6Y6NIC),7.92352E+11,2026-05-21,2026-05-21,1,0,Storage,0.05,0,0.05
1047985,RMA #2CQET371,32841998,ZHONGYUAN DAI (V6C0A6ZHO),6.00664E+15,2026-05-21,2026-05-21,1,0,Returns,2.07,0.1,2.17
1047985,RMA #2CQET371,32841998,ZHONGYUAN DAI (V6C0A6ZHO),6.00664E+15,2026-05-21,2026-05-21,0,0,Service Center Labor,2.36,0.12,2.48
1047985,RMA #2CQET371,32841998,ZHONGYUAN DAI (V6C0A6ZHO),6.00664E+15,2026-05-21,2026-05-21,1,0,Restock,0.25,0.01,0.26
1047985,RMA #2CQET371,32841998,ZHONGYUAN DAI (V6C0A6ZHO),6.00664E+15,2026-05-21,2026-05-21,1,0,Storage,0.05,0,0.05
1047989,RMA #97HEVU5F,32780280,STEPHANIE BERTRAND (J6A6W4STÉ),6.00664E+15,2026-05-21,2026-05-21,1,0,Restock,0.25,0.01,0.26
1047989,RMA #97HEVU5F,32780280,STEPHANIE BERTRAND (J6A6W4STÉ),6.00664E+15,2026-05-21,2026-05-21,0,0,Service Center Labor,3.31,0.17,3.48
1047989,RMA #97HEVU5F,32780280,STEPHANIE BERTRAND (J6A6W4STÉ),6.00664E+15,2026-05-21,2026-05-21,1,0,Returns,2.07,0.1,2.17
1047989,RMA #97HEVU5F,32780280,STEPHANIE BERTRAND (J6A6W4STÉ),6.00664E+15,2026-05-21,2026-05-21,1,0,Storage,0.05,0,0.05
1047991,RMA #VCKUS78V,32837078,STEPHANIE SMITH (V9Y8R7STE),6.00664E+15,2026-05-21,2026-05-21,2,0,Returns,2.74,0.14,2.88
1047991,RMA #VCKUS78V,32837078,STEPHANIE SMITH (V9Y8R7STE),6.00664E+15,2026-05-21,2026-05-21,0,0,Service Center Labor,3.78,0.19,3.97
1047991,RMA #VCKUS78V,32837078,STEPHANIE SMITH (V9Y8R7STE),6.00664E+15,2026-05-21,2026-05-21,2,0,Restock,0.5,0.03,0.53
1047991,RMA #VCKUS78V,32837078,STEPHANIE SMITH (V9Y8R7STE),6.00664E+15,2026-05-21,2026-05-21,2,0,Storage,0.1,0.01,0.11
1047996,RMA #QFM50X77,32771646,AISLINN THOMAS (N1E4P5AIS),6.00664E+15,2026-05-21,2026-05-21,2,0,Restock,0.5,0.03,0.53
1047996,RMA #QFM50X77,32771646,AISLINN THOMAS (N1E4P5AIS),6.00664E+15,2026-05-21,2026-05-21,2,0,Returns,2.74,0.14,2.88
1047996,RMA #QFM50X77,32771646,AISLINN THOMAS (N1E4P5AIS),6.00664E+15,2026-05-21,2026-05-21,0,0,Service Center Labor,3.31,0.17,3.48
1047996,RMA #QFM50X77,32771646,AISLINN THOMAS (N1E4P5AIS),6.00664E+15,2026-05-21,2026-05-21,2,0,Storage,0.1,0.01,0.11
1047999,RMA #APHK9HMJ,32846577,JENNY CLUCAS (V2Y0T5JEN),6.00664E+15,2026-05-21,2026-05-21,1,0,Restock,0.25,0.01,0.26
1047999,RMA #APHK9HMJ,32846577,JENNY CLUCAS (V2Y0T5JEN),6.00664E+15,2026-05-21,2026-05-21,0,0,Service Center Labor,2.36,0.12,2.48
1047999,RMA #APHK9HMJ,32846577,JENNY CLUCAS (V2Y0T5JEN),6.00664E+15,2026-05-21,2026-05-21,1,0,Returns,2.07,0.1,2.17
1047999,RMA #APHK9HMJ,32846577,JENNY CLUCAS (V2Y0T5JEN),6.00664E+15,2026-05-21,2026-05-21,1,0,Storage,0.05,0,0.05
1048003,RMA #LS8PSHAY,32717173,IAN CASS (M4L3M3IAN),6.00664E+15,2026-05-21,2026-05-21,2,0,Returns,2.74,0.14,2.88
1048003,RMA #LS8PSHAY,32717173,IAN CASS (M4L3M3IAN),6.00664E+15,2026-05-21,2026-05-21,0,0,Service Center Labor,2.36,0.12,2.48
1048003,RMA #LS8PSHAY,32717173,IAN CASS (M4L3M3IAN),6.00664E+15,2026-05-21,2026-05-21,2,0,Restock,0.5,0.03,0.53
1048003,RMA #LS8PSHAY,32717173,IAN CASS (M4L3M3IAN),6.00664E+15,2026-05-21,2026-05-21,2,0,Storage,0.1,0.01,0.11
1048006,RMA #K44543PZ,32843399,JENELL LYNN RODE (T0M2A0JEN),6.00664E+15,2026-05-21,2026-05-21,2,0,Restock,0.5,0.03,0.53
1048006,RMA #K44543PZ,32843399,JENELL LYNN RODE (T0M2A0JEN),6.00664E+15,2026-05-21,2026-05-21,0,0,Service Center Labor,3.78,0.19,3.97
1048006,RMA #K44543PZ,32843399,JENELL LYNN RODE (T0M2A0JEN),6.00664E+15,2026-05-21,2026-05-21,2,0,Returns,2.74,0.14,2.88
1048006,RMA #K44543PZ,32843399,JENELL LYNN RODE (T0M2A0JEN),6.00664E+15,2026-05-21,2026-05-21,2,0,Storage,0.1,0.01,0.11
1048013,RMA #HWA2E5OC,32717989,KAMA KOSZNIK (V5T2L9KAM),7.98056E+11,2026-05-21,2026-05-21,0,0,Service Center Labor,6.14,0.31,6.45
1048013,RMA #HWA2E5OC,32717989,KAMA KOSZNIK (V5T2L9KAM),7.98056E+11,2026-05-21,2026-05-21,2,0,Restock,0.5,0.03,0.53
1048013,RMA #HWA2E5OC,32717989,KAMA KOSZNIK (V5T2L9KAM),7.98056E+11,2026-05-21,2026-05-21,2,0,Returns,2.74,0.14,2.88
1048013,RMA #HWA2E5OC,32717989,KAMA KOSZNIK (V5T2L9KAM),7.98056E+11,2026-05-21,2026-05-21,2,0,Storage,0.1,0.01,0.11
1048015,RMA #KYONHWFF,32838483,DARLENE KADONAGA (T2V5J7DAR),6.00664E+15,2026-05-21,2026-05-21,0,0,Service Center Labor,2.36,0.12,2.48
1048015,RMA #KYONHWFF,32838483,DARLENE KADONAGA (T2V5J7DAR),6.00664E+15,2026-05-21,2026-05-21,2,0,Returns,2.74,0.14,2.88
1048015,RMA #KYONHWFF,32838483,DARLENE KADONAGA (T2V5J7DAR),6.00664E+15,2026-05-21,2026-05-21,2,0,Restock,0.5,0.03,0.53
1048015,RMA #KYONHWFF,32838483,DARLENE KADONAGA (T2V5J7DAR),6.00664E+15,2026-05-21,2026-05-21,2,0,Storage,0.1,0.01,0.11
1048018,RMA #XL9HD4W5,32835123,HOLLY PETR (T2K2K9HOL),6.00664E+15,2026-05-21,2026-05-21,0,0,Service Center Labor,2.36,0.12,2.48
1048018,RMA #XL9HD4W5,32835123,HOLLY PETR (T2K2K9HOL),6.00664E+15,2026-05-21,2026-05-21,1,0,Returns,2.07,0.1,2.17
1048018,RMA #XL9HD4W5,32835123,HOLLY PETR (T2K2K9HOL),6.00664E+15,2026-05-21,2026-05-21,1,0,Restock,0.25,0.01,0.26
1048018,RMA #XL9HD4W5,32835123,HOLLY PETR (T2K2K9HOL),6.00664E+15,2026-05-21,2026-05-21,1,0,Storage,0.05,0,0.05
1048020,RMA #Q6GUCQFB,32798628,JUDITH GANTON (K2K1W1JUD),6.00664E+15,2026-05-21,2026-05-21,0,0,Service Center Labor,2.36,0.12,2.48
1048020,RMA #Q6GUCQFB,32798628,JUDITH GANTON (K2K1W1JUD),6.00664E+15,2026-05-21,2026-05-21,1,0,Returns,2.07,0.1,2.17
1048020,RMA #Q6GUCQFB,32798628,JUDITH GANTON (K2K1W1JUD),6.00664E+15,2026-05-21,2026-05-21,1,0,Restock,0.25,0.01,0.26
1048020,RMA #Q6GUCQFB,32798628,JUDITH GANTON (K2K1W1JUD),6.00664E+15,2026-05-21,2026-05-21,1,0,Storage,0.05,0,0.05
1048022,RMA #W71R880A,32790727,TIMOTHY KELLY (S7H2B2TIM),6.00664E+15,2026-05-21,2026-05-21,2,0,Restock,0.5,0.03,0.53
1048022,RMA #W71R880A,32790727,TIMOTHY KELLY (S7H2B2TIM),6.00664E+15,2026-05-21,2026-05-21,0,0,Service Center Labor,3.78,0.19,3.97
1048022,RMA #W71R880A,32790727,TIMOTHY KELLY (S7H2B2TIM),6.00664E+15,2026-05-21,2026-05-21,2,0,Returns,2.74,0.14,2.88
1048022,RMA #W71R880A,32790727,TIMOTHY KELLY (S7H2B2TIM),6.00664E+15,2026-05-21,2026-05-21,2,0,Storage,0.1,0.01,0.11
1048023,RMA #8Q6Q5XF9,32779360,ASHLEY KO (K2G6K2ASH),7.98064E+11,2026-05-21,2026-05-21,0,0,Service Center Labor,3.31,0.17,3.48
1048023,RMA #8Q6Q5XF9,32779360,ASHLEY KO (K2G6K2ASH),7.98064E+11,2026-05-21,2026-05-21,1,0,Restock,0.25,0.01,0.26
1048023,RMA #8Q6Q5XF9,32779360,ASHLEY KO (K2G6K2ASH),7.98064E+11,2026-05-21,2026-05-21,1,0,Returns,2.07,0.1,2.17
1048023,RMA #8Q6Q5XF9,32779360,ASHLEY KO (K2G6K2ASH),7.98064E+11,2026-05-21,2026-05-21,1,0,Storage,0.05,0,0.05
1048030,RMA #0ZG9SPB4,32792063,JONATHAN COUDE (G5M1V1JON),7.92344E+11,2026-05-21,2026-05-21,1,0,Returns,2.07,0.1,2.17
1048030,RMA #0ZG9SPB4,32792063,JONATHAN COUDE (G5M1V1JON),7.92344E+11,2026-05-21,2026-05-21,1,0,Restock,0.25,0.01,0.26
1048030,RMA #0ZG9SPB4,32792063,JONATHAN COUDE (G5M1V1JON),7.92344E+11,2026-05-21,2026-05-21,0,0,Service Center Labor,2.36,0.12,2.48
1048030,RMA #0ZG9SPB4,32792063,JONATHAN COUDE (G5M1V1JON),7.92344E+11,2026-05-21,2026-05-21,1,0,Storage,0.05,0,0.05
1048031,RMA #JZWBREWO,32834419,SHAUNA MILNE (T6C2J7SHA),6.00664E+15,2026-05-21,2026-05-21,2,0,Restock,0.5,0.03,0.53
1048031,RMA #JZWBREWO,32834419,SHAUNA MILNE (T6C2J7SHA),6.00664E+15,2026-05-21,2026-05-21,0,0,Service Center Labor,3.78,0.19,3.97
1048031,RMA #JZWBREWO,32834419,SHAUNA MILNE (T6C2J7SHA),6.00664E+15,2026-05-21,2026-05-21,2,0,Returns,2.74,0.14,2.88
1048031,RMA #JZWBREWO,32834419,SHAUNA MILNE (T6C2J7SHA),6.00664E+15,2026-05-21,2026-05-21,2,0,Shop Supplies,0.32,0.02,0.34
1048031,RMA #JZWBREWO,32834419,SHAUNA MILNE (T6C2J7SHA),6.00664E+15,2026-05-21,2026-05-21,2,0,Storage,0.1,0.01,0.11
1048034,RMA #CWZ0IZWJ,32810439,ALINA IVCHENKO (N2M1X2ALI),6.00664E+15,2026-05-21,2026-05-21,3,0,Returns,3.41,0.17,3.58
1048034,RMA #CWZ0IZWJ,32810439,ALINA IVCHENKO (N2M1X2ALI),6.00664E+15,2026-05-21,2026-05-21,3,0,Restock,0.75,0.04,0.79
1048034,RMA #CWZ0IZWJ,32810439,ALINA IVCHENKO (N2M1X2ALI),6.00664E+15,2026-05-21,2026-05-21,0,0,Service Center Labor,3.78,0.19,3.97
1048034,RMA #CWZ0IZWJ,32810439,ALINA IVCHENKO (N2M1X2ALI),6.00664E+15,2026-05-21,2026-05-21,3,0,Storage,0.15,0.01,0.16
1047957,RMA #LAECDI2O,32786201,FREDERIC POULIOT (H2K4R5FRE),6.00664E+15,2026-05-21,2026-05-21,1,0,Restock,0.25,0.01,0.26
1047957,RMA #LAECDI2O,32786201,FREDERIC POULIOT (H2K4R5FRE),6.00664E+15,2026-05-21,2026-05-21,0,0,Service Center Labor,2.36,0.12,2.48
1047957,RMA #LAECDI2O,32786201,FREDERIC POULIOT (H2K4R5FRE),6.00664E+15,2026-05-21,2026-05-21,1,0,Returns,2.07,0.1,2.17
1047957,RMA #LAECDI2O,32786201,FREDERIC POULIOT (H2K4R5FRE),6.00664E+15,2026-05-21,2026-05-21,1,0,Storage,0.05,0,0.05
1048550,RMA #JM3LE1H0,32861537,SOPHIE DESJARDINS (H2R2V7SOP),6.00664E+15,2026-05-25,2026-05-25,0,0,Service Center Labor,3.78,0.19,3.97
1048550,RMA #JM3LE1H0,32861537,SOPHIE DESJARDINS (H2R2V7SOP),6.00664E+15,2026-05-25,2026-05-25,2,0,Returns,2.74,0.14,2.88
1048550,RMA #JM3LE1H0,32861537,SOPHIE DESJARDINS (H2R2V7SOP),6.00664E+15,2026-05-25,2026-05-25,2,0,Restock,0.5,0.03,0.53
1048550,RMA #JM3LE1H0,32861537,SOPHIE DESJARDINS (H2R2V7SOP),6.00664E+15,2026-05-25,2026-05-25,2,0,Storage,0.1,0.01,0.11
1048554,RMA #CUXEVZEL,32626696,AMELIA PORTER (N1G3N8AME),6.00664E+15,2026-05-25,2026-05-25,1,0,Restock,0.25,0.01,0.26
1048554,RMA #CUXEVZEL,32626696,AMELIA PORTER (N1G3N8AME),6.00664E+15,2026-05-25,2026-05-25,1,0,Returns,2.07,0.1,2.17
1048554,RMA #CUXEVZEL,32626696,AMELIA PORTER (N1G3N8AME),6.00664E+15,2026-05-25,2026-05-25,0,0,Service Center Labor,3.78,0.19,3.97
1048554,RMA #CUXEVZEL,32626696,AMELIA PORTER (N1G3N8AME),6.00664E+15,2026-05-25,2026-05-25,1,0,Storage,0.05,0,0.05
1048556,RMA #3VHHV9CR,32910163,CAROLINE RICHART (G6W8L7CAR),7.92374E+11,2026-05-25,2026-05-25,1,0,Restock,0.25,0.01,0.26
1048556,RMA #3VHHV9CR,32910163,CAROLINE RICHART (G6W8L7CAR),7.92374E+11,2026-05-25,2026-05-25,0,0,Service Center Labor,2.36,0.12,2.48
1048556,RMA #3VHHV9CR,32910163,CAROLINE RICHART (G6W8L7CAR),7.92374E+11,2026-05-25,2026-05-25,1,0,Returns,2.07,0.1,2.17
1048556,RMA #3VHHV9CR,32910163,CAROLINE RICHART (G6W8L7CAR),7.92374E+11,2026-05-25,2026-05-25,1,0,Storage,0.05,0,0.05
1048560,RMA #N8IW8DMG,32762155,IVANA MATIC REIS (L7G4S5IVA),6.00664E+15,2026-05-25,2026-05-25,0,0,Service Center Labor,6.14,0.31,6.45
1048560,RMA #N8IW8DMG,32762155,IVANA MATIC REIS (L7G4S5IVA),6.00664E+15,2026-05-25,2026-05-25,2,0,Restock,0.5,0.03,0.53
1048560,RMA #N8IW8DMG,32762155,IVANA MATIC REIS (L7G4S5IVA),6.00664E+15,2026-05-25,2026-05-25,2,0,Returns,2.74,0.14,2.88
1048560,RMA #N8IW8DMG,32762155,IVANA MATIC REIS (L7G4S5IVA),6.00664E+15,2026-05-25,2026-05-25,2,0,Storage,0.1,0.01,0.11
1048563,RMA #ERYYPY2H,32812137,ADELE BUCHANAN (B4B0X6ADE),6.00664E+15,2026-05-25,2026-05-25,0,0,Service Center Labor,2.36,0.12,2.48
1048563,RMA #ERYYPY2H,32812137,ADELE BUCHANAN (B4B0X6ADE),6.00664E+15,2026-05-25,2026-05-25,1,0,Returns,2.07,0.1,2.17
1048563,RMA #ERYYPY2H,32812137,ADELE BUCHANAN (B4B0X6ADE),6.00664E+15,2026-05-25,2026-05-25,1,0,Restock,0.25,0.01,0.26
1048563,RMA #ERYYPY2H,32812137,ADELE BUCHANAN (B4B0X6ADE),6.00664E+15,2026-05-25,2026-05-25,1,0,Storage,0.05,0,0.05
1048566,RMA #VK5BLPUY,32865953,MICHELLE GIBSON (V2N1Z6MIC),6.00664E+15,2026-05-25,2026-05-25,3,0,Returns,3.41,0.17,3.58
1048566,RMA #VK5BLPUY,32865953,MICHELLE GIBSON (V2N1Z6MIC),6.00664E+15,2026-05-25,2026-05-25,3,0,Restock,0.75,0.04,0.79
1048566,RMA #VK5BLPUY,32865953,MICHELLE GIBSON (V2N1Z6MIC),6.00664E+15,2026-05-25,2026-05-25,0,0,Service Center Labor,3.78,0.19,3.97
1048566,RMA #VK5BLPUY,32865953,MICHELLE GIBSON (V2N1Z6MIC),6.00664E+15,2026-05-25,2026-05-25,3,0,Storage,0.15,0.01,0.16
1048568,RMA #NLH41T7X,32873321,MELISSA SNIDER (N0H1B0MEL),6.00664E+15,2026-05-25,2026-05-25,0,0,Service Center Labor,2.36,0.12,2.48
1048568,RMA #NLH41T7X,32873321,MELISSA SNIDER (N0H1B0MEL),6.00664E+15,2026-05-25,2026-05-25,1,0,Restock,0.25,0.01,0.26
1048568,RMA #NLH41T7X,32873321,MELISSA SNIDER (N0H1B0MEL),6.00664E+15,2026-05-25,2026-05-25,1,0,Returns,2.07,0.1,2.17
1048568,RMA #NLH41T7X,32873321,MELISSA SNIDER (N0H1B0MEL),6.00664E+15,2026-05-25,2026-05-25,1,0,Storage,0.05,0,0.05
1048572,RMA #XBTC27UJ,32905446,SEAN WHITING (V2E1Y5SEA),6.00664E+15,2026-05-25,2026-05-25,1,0,Shop Supplies,0.16,0.01,0.17
1048572,RMA #XBTC27UJ,32905446,SEAN WHITING (V2E1Y5SEA),6.00664E+15,2026-05-25,2026-05-25,3,0,Returns,3.41,0.17,3.58
1048572,RMA #XBTC27UJ,32905446,SEAN WHITING (V2E1Y5SEA),6.00664E+15,2026-05-25,2026-05-25,0,0,Service Center Labor,6.14,0.31,6.45
1048572,RMA #XBTC27UJ,32905446,SEAN WHITING (V2E1Y5SEA),6.00664E+15,2026-05-25,2026-05-25,3,0,Restock,0.75,0.04,0.79
1048572,RMA #XBTC27UJ,32905446,SEAN WHITING (V2E1Y5SEA),6.00664E+15,2026-05-25,2026-05-25,3,0,Storage,0.15,0.01,0.16
1048578,RMA #Z08786Y2,32920601,SHEILA MACTAVISH (V5W3J9SHE),6.00664E+15,2026-05-25,2026-05-25,2,0,Returns,2.74,0.14,2.88
1048578,RMA #Z08786Y2,32920601,SHEILA MACTAVISH (V5W3J9SHE),6.00664E+15,2026-05-25,2026-05-25,2,0,Restock,0.5,0.03,0.53
1048578,RMA #Z08786Y2,32920601,SHEILA MACTAVISH (V5W3J9SHE),6.00664E+15,2026-05-25,2026-05-25,0,0,Service Center Labor,4.73,0.24,4.97
1048578,RMA #Z08786Y2,32920601,SHEILA MACTAVISH (V5W3J9SHE),6.00664E+15,2026-05-25,2026-05-25,2,0,Storage,0.1,0.01,0.11
1048581,RMA #8R40RKIY,32872642,HEIDI NIXDORF (L7G2Y2HEI),6.00664E+15,2026-05-25,2026-05-25,5,0,Restock,1.25,0.06,1.31
1048581,RMA #8R40RKIY,32872642,HEIDI NIXDORF (L7G2Y2HEI),6.00664E+15,2026-05-25,2026-05-25,0,0,Service Center Labor,8.03,0.4,8.43
1048581,RMA #8R40RKIY,32872642,HEIDI NIXDORF (L7G2Y2HEI),6.00664E+15,2026-05-25,2026-05-25,5,0,Returns,4.75,0.24,4.99
1048581,RMA #8R40RKIY,32872642,HEIDI NIXDORF (L7G2Y2HEI),6.00664E+15,2026-05-25,2026-05-25,3,0,Shop Supplies,0.38,0.02,0.4
1048581,RMA #8R40RKIY,32872642,HEIDI NIXDORF (L7G2Y2HEI),6.00664E+15,2026-05-25,2026-05-25,5,0,Storage,0.25,0.01,0.26
1048584,RMA #HGXE5AMO,32775500,MARIE-CLAUDE LAROCHE (J0H2B0MAR),6.00664E+15,2026-05-25,2026-05-25,1,0,Returns,2.07,0.1,2.17
1048584,RMA #HGXE5AMO,32775500,MARIE-CLAUDE LAROCHE (J0H2B0MAR),6.00664E+15,2026-05-25,2026-05-25,1,0,Restock,0.25,0.01,0.26
1048584,RMA #HGXE5AMO,32775500,MARIE-CLAUDE LAROCHE (J0H2B0MAR),6.00664E+15,2026-05-25,2026-05-25,0,0,Service Center Labor,2.36,0.12,2.48
1048584,RMA #HGXE5AMO,32775500,MARIE-CLAUDE LAROCHE (J0H2B0MAR),6.00664E+15,2026-05-25,2026-05-25,1,0,Shop Supplies,0.16,0.01,0.17
1048584,RMA #HGXE5AMO,32775500,MARIE-CLAUDE LAROCHE (J0H2B0MAR),6.00664E+15,2026-05-25,2026-05-25,1,0,Storage,0.05,0,0.05
1048587,RMA #Q47VC4WG,32715608,KESSY BRADETTE (G0X3E0KES),6.00664E+15,2026-05-25,2026-05-25,0,0,Service Center Labor,2.36,0.12,2.48
1048587,RMA #Q47VC4WG,32715608,KESSY BRADETTE (G0X3E0KES),6.00664E+15,2026-05-25,2026-05-25,1,0,Restock,0.25,0.01,0.26
1048587,RMA #Q47VC4WG,32715608,KESSY BRADETTE (G0X3E0KES),6.00664E+15,2026-05-25,2026-05-25,1,0,Returns,2.07,0.1,2.17
1048587,RMA #Q47VC4WG,32715608,KESSY BRADETTE (G0X3E0KES),6.00664E+15,2026-05-25,2026-05-25,1,0,Storage,0.05,0,0.05
1048589,RMA #EBYN10OI,32864059,ALEXANDRA ZABEIDA (H3X3S5ALE),6.00664E+15,2026-05-25,2026-05-25,1,0,Returns,2.07,0.1,2.17
1048589,RMA #EBYN10OI,32864059,ALEXANDRA ZABEIDA (H3X3S5ALE),6.00664E+15,2026-05-25,2026-05-25,1,0,Restock,0.25,0.01,0.26
1048589,RMA #EBYN10OI,32864059,ALEXANDRA ZABEIDA (H3X3S5ALE),6.00664E+15,2026-05-25,2026-05-25,1,0,Shop Supplies,0.16,0.01,0.17
1048589,RMA #EBYN10OI,32864059,ALEXANDRA ZABEIDA (H3X3S5ALE),6.00664E+15,2026-05-25,2026-05-25,0,0,Service Center Labor,3.31,0.17,3.48
1048589,RMA #EBYN10OI,32864059,ALEXANDRA ZABEIDA (H3X3S5ALE),6.00664E+15,2026-05-25,2026-05-25,1,0,Storage,0.05,0,0.05
1048594,RMA #4AQFCXS0,32858939,KRISTY GRANT (V1S1H8KRI),6.00664E+15,2026-05-25,2026-05-25,2,0,Restock,0.5,0.03,0.53
1048594,RMA #4AQFCXS0,32858939,KRISTY GRANT (V1S1H8KRI),6.00664E+15,2026-05-25,2026-05-25,0,0,Service Center Labor,4.73,0.24,4.97
1048594,RMA #4AQFCXS0,32858939,KRISTY GRANT (V1S1H8KRI),6.00664E+15,2026-05-25,2026-05-25,2,0,Returns,2.74,0.14,2.88
1048594,RMA #4AQFCXS0,32858939,KRISTY GRANT (V1S1H8KRI),6.00664E+15,2026-05-25,2026-05-25,2,0,Storage,0.1,0.01,0.11
1048597,RMA #LE6KNN9M,32910783,MONICA KOLOMIC (R3V1T5MON),7.92374E+11,2026-05-25,2026-05-25,2,0,Returns,2.74,0.14,2.88
1048597,RMA #LE6KNN9M,32910783,MONICA KOLOMIC (R3V1T5MON),7.92374E+11,2026-05-25,2026-05-25,2,0,Restock,0.5,0.03,0.53
1048597,RMA #LE6KNN9M,32910783,MONICA KOLOMIC (R3V1T5MON),7.92374E+11,2026-05-25,2026-05-25,0,0,Service Center Labor,3.78,0.19,3.97
1048597,RMA #LE6KNN9M,32910783,MONICA KOLOMIC (R3V1T5MON),7.92374E+11,2026-05-25,2026-05-25,2,0,Storage,0.1,0.01,0.11
1048983,RMA #NIGLLJ4B,32936538,JOANNE DUEBEL (T6C4P5JOA),7.9238E+11,2026-05-26,2026-05-26,1,0,Returns,2.07,0.1,2.17
1048983,RMA #NIGLLJ4B,32936538,JOANNE DUEBEL (T6C4P5JOA),7.9238E+11,2026-05-26,2026-05-26,1,0,Restock,0.25,0.01,0.26
1048983,RMA #NIGLLJ4B,32936538,JOANNE DUEBEL (T6C4P5JOA),7.9238E+11,2026-05-26,2026-05-26,0,0,Service Center Labor,1.42,0.07,1.49
1048983,RMA #NIGLLJ4B,32936538,JOANNE DUEBEL (T6C4P5JOA),7.9238E+11,2026-05-26,2026-05-26,1,0,Storage,0.05,0,0.05
1048989,RMA #7KZI037L,32747813,NATHAN EASTON (T2J2C7NAT),6.00664E+15,2026-05-26,2026-05-26,1,0,Restock,0.25,0.01,0.26
1048989,RMA #7KZI037L,32747813,NATHAN EASTON (T2J2C7NAT),6.00664E+15,2026-05-26,2026-05-26,0,0,Service Center Labor,1.42,0.07,1.49
1048989,RMA #7KZI037L,32747813,NATHAN EASTON (T2J2C7NAT),6.00664E+15,2026-05-26,2026-05-26,1,0,Returns,2.07,0.1,2.17
1048989,RMA #7KZI037L,32747813,NATHAN EASTON (T2J2C7NAT),6.00664E+15,2026-05-26,2026-05-26,1,0,Storage,0.05,0,0.05
1049000,RMA #NQ6PX39Q,32794749,MARLENE SALI (S7W0N5MAR),6.00664E+15,2026-05-26,2026-05-26,3,0,Returns,3.41,0.17,3.58
1049000,RMA #NQ6PX39Q,32794749,MARLENE SALI (S7W0N5MAR),6.00664E+15,2026-05-26,2026-05-26,3,0,Restock,0.75,0.04,0.79
1049000,RMA #NQ6PX39Q,32794749,MARLENE SALI (S7W0N5MAR),6.00664E+15,2026-05-26,2026-05-26,0,0,Service Center Labor,1.42,0.07,1.49
1049000,RMA #NQ6PX39Q,32794749,MARLENE SALI (S7W0N5MAR),6.00664E+15,2026-05-26,2026-05-26,3,0,Storage,0.15,0.01,0.16
1049006,RMA #PW85BR9Q,32828019,LOANA STELLA (G0A4S0LOA),6.00664E+15,2026-05-26,2026-05-26,0,0,Service Center Labor,1.42,0.07,1.49
1049006,RMA #PW85BR9Q,32828019,LOANA STELLA (G0A4S0LOA),6.00664E+15,2026-05-26,2026-05-26,1,0,Returns,2.07,0.1,2.17
1049006,RMA #PW85BR9Q,32828019,LOANA STELLA (G0A4S0LOA),6.00664E+15,2026-05-26,2026-05-26,1,0,Restock,0.25,0.01,0.26
1049006,RMA #PW85BR9Q,32828019,LOANA STELLA (G0A4S0LOA),6.00664E+15,2026-05-26,2026-05-26,1,0,Storage,0.05,0,0.05
1049023,RMA #QWCXUIUS,32834415,CATHERINE BRESLIN (L6H5R9CAT),6.00664E+15,2026-05-26,2026-05-26,1,0,Returns,2.07,0.1,2.17
1049023,RMA #QWCXUIUS,32834415,CATHERINE BRESLIN (L6H5R9CAT),6.00664E+15,2026-05-26,2026-05-26,1,0,Restock,0.25,0.01,0.26
1049023,RMA #QWCXUIUS,32834415,CATHERINE BRESLIN (L6H5R9CAT),6.00664E+15,2026-05-26,2026-05-26,0,0,Service Center Labor,1.42,0.07,1.49
1049023,RMA #QWCXUIUS,32834415,CATHERINE BRESLIN (L6H5R9CAT),6.00664E+15,2026-05-26,2026-05-26,1,0,Storage,0.05,0,0.05
1049026,RMA #NC7Q1Q3U,32861011,TAMMY PATEL (T3H5S5TAM),6.00664E+15,2026-05-26,2026-05-26,1,0,Restock,0.25,0.01,0.26
1049026,RMA #NC7Q1Q3U,32861011,TAMMY PATEL (T3H5S5TAM),6.00664E+15,2026-05-26,2026-05-26,0,0,Service Center Labor,1.42,0.07,1.49
1049026,RMA #NC7Q1Q3U,32861011,TAMMY PATEL (T3H5S5TAM),6.00664E+15,2026-05-26,2026-05-26,1,0,Returns,2.07,0.1,2.17
1049026,RMA #NC7Q1Q3U,32861011,TAMMY PATEL (T3H5S5TAM),6.00664E+15,2026-05-26,2026-05-26,1,0,Storage,0.05,0,0.05
1049045,RMA #QSWPKNOI,32858165,PERONLINE LESCOT-RENON (G1R1H1PÉR),6.00664E+15,2026-05-26,2026-05-26,1,0,Restock,0.25,0.01,0.26
1049045,RMA #QSWPKNOI,32858165,PERONLINE LESCOT-RENON (G1R1H1PÉR),6.00664E+15,2026-05-26,2026-05-26,0,0,Service Center Labor,1.42,0.07,1.49
1049045,RMA #QSWPKNOI,32858165,PERONLINE LESCOT-RENON (G1R1H1PÉR),6.00664E+15,2026-05-26,2026-05-26,1,0,Returns,2.07,0.1,2.17
1049045,RMA #QSWPKNOI,32858165,PERONLINE LESCOT-RENON (G1R1H1PÉR),6.00664E+15,2026-05-26,2026-05-26,1,0,Storage,0.05,0,0.05
1049050,RMA #KDWHQD99,32920210,BENITA KAULINS (V2R0G4BEN),6.00664E+15,2026-05-26,2026-05-26,1,0,Restock,0.25,0.01,0.26
1049050,RMA #KDWHQD99,32920210,BENITA KAULINS (V2R0G4BEN),6.00664E+15,2026-05-26,2026-05-26,1,0,Returns,2.07,0.1,2.17
1049050,RMA #KDWHQD99,32920210,BENITA KAULINS (V2R0G4BEN),6.00664E+15,2026-05-26,2026-05-26,0,0,Service Center Labor,1.42,0.07,1.49
1049050,RMA #KDWHQD99,32920210,BENITA KAULINS (V2R0G4BEN),6.00664E+15,2026-05-26,2026-05-26,1,0,Storage,0.05,0,0.05
1049058,RMA #XYUFZQYS,32834217,LORI NEMOY (M6E3C4LOR),6.00664E+15,2026-05-26,2026-05-26,1,0,Restock,0.25,0.01,0.26
1049058,RMA #XYUFZQYS,32834217,LORI NEMOY (M6E3C4LOR),6.00664E+15,2026-05-26,2026-05-26,1,0,Returns,2.07,0.1,2.17
1049058,RMA #XYUFZQYS,32834217,LORI NEMOY (M6E3C4LOR),6.00664E+15,2026-05-26,2026-05-26,0,0,Service Center Labor,1.42,0.07,1.49
1049058,RMA #XYUFZQYS,32834217,LORI NEMOY (M6E3C4LOR),6.00664E+15,2026-05-26,2026-05-26,1,0,Storage,0.05,0,0.05
1049060,RMA #1AUB2FIA,32864057,MICHELE KEARNEY (G7G3N7MIC),7.92363E+11,2026-05-26,2026-05-26,0,0,Service Center Labor,1.42,0.07,1.49
1049060,RMA #1AUB2FIA,32864057,MICHELE KEARNEY (G7G3N7MIC),7.92363E+11,2026-05-26,2026-05-26,1,0,Restock,0.25,0.01,0.26
1049060,RMA #1AUB2FIA,32864057,MICHELE KEARNEY (G7G3N7MIC),7.92363E+11,2026-05-26,2026-05-26,1,0,Returns,2.07,0.1,2.17
1049060,RMA #1AUB2FIA,32864057,MICHELE KEARNEY (G7G3N7MIC),7.92363E+11,2026-05-26,2026-05-26,1,0,Storage,0.05,0,0.05
1049065,RMA #0XEDWJ4N,32897855,SCOTT LAMB (T3A2M7SCO),7.92373E+11,2026-05-26,2026-05-26,1,0,Returns,2.07,0.1,2.17
1049065,RMA #0XEDWJ4N,32897855,SCOTT LAMB (T3A2M7SCO),7.92373E+11,2026-05-26,2026-05-26,0,0,Service Center Labor,1.42,0.07,1.49
1049065,RMA #0XEDWJ4N,32897855,SCOTT LAMB (T3A2M7SCO),7.92373E+11,2026-05-26,2026-05-26,1,0,Restock,0.25,0.01,0.26
1049065,RMA #0XEDWJ4N,32897855,SCOTT LAMB (T3A2M7SCO),7.92373E+11,2026-05-26,2026-05-26,1,0,Storage,0.05,0,0.05
1049069,RMA #G21FX1WQ,32853036,MARTIN BADOWSKI (K7M3A9MAR),7.92359E+11,2026-05-26,2026-05-26,1,0,Restock,0.25,0.01,0.26
1049069,RMA #G21FX1WQ,32853036,MARTIN BADOWSKI (K7M3A9MAR),7.92359E+11,2026-05-26,2026-05-26,0,0,Service Center Labor,1.42,0.07,1.49
1049069,RMA #G21FX1WQ,32853036,MARTIN BADOWSKI (K7M3A9MAR),7.92359E+11,2026-05-26,2026-05-26,1,0,Returns,2.07,0.1,2.17
1049069,RMA #G21FX1WQ,32853036,MARTIN BADOWSKI (K7M3A9MAR),7.92359E+11,2026-05-26,2026-05-26,1,0,Storage,0.05,0,0.05
1049080,RMA #813GMEGE,32865845,ERIN BROWN (N9B3R9ERI),6.00664E+15,2026-05-26,2026-05-26,1,0,Returns,2.07,0.1,2.17
1049080,RMA #813GMEGE,32865845,ERIN BROWN (N9B3R9ERI),6.00664E+15,2026-05-26,2026-05-26,1,0,Restock,0.25,0.01,0.26
1049080,RMA #813GMEGE,32865845,ERIN BROWN (N9B3R9ERI),6.00664E+15,2026-05-26,2026-05-26,0,0,Service Center Labor,1.42,0.07,1.49
1049080,RMA #813GMEGE,32865845,ERIN BROWN (N9B3R9ERI),6.00664E+15,2026-05-26,2026-05-26,1,0,Storage,0.05,0,0.05
1049087,RMA #WZMS5Y7S,32808789,ANJULY HAMEL (J2H3J5ANJ),6.00664E+15,2026-05-26,2026-05-26,1,0,Restock,0.25,0.01,0.26
1049087,RMA #WZMS5Y7S,32808789,ANJULY HAMEL (J2H3J5ANJ),6.00664E+15,2026-05-26,2026-05-26,1,0,Returns,2.07,0.1,2.17
1049087,RMA #WZMS5Y7S,32808789,ANJULY HAMEL (J2H3J5ANJ),6.00664E+15,2026-05-26,2026-05-26,0,0,Service Center Labor,1.42,0.07,1.49
1049087,RMA #WZMS5Y7S,32808789,ANJULY HAMEL (J2H3J5ANJ),6.00664E+15,2026-05-26,2026-05-26,1,0,Storage,0.05,0,0.05
1049101,RMA #4MRB9K3X,32846162,JESSICA BROOKS (V8R4A8JES),6.00664E+15,2026-05-26,2026-05-26,0,0,Service Center Labor,1.42,0.07,1.49
1049101,RMA #4MRB9K3X,32846162,JESSICA BROOKS (V8R4A8JES),6.00664E+15,2026-05-26,2026-05-26,1,0,Returns,2.07,0.1,2.17
1049101,RMA #4MRB9K3X,32846162,JESSICA BROOKS (V8R4A8JES),6.00664E+15,2026-05-26,2026-05-26,1,0,Restock,0.25,0.01,0.26
1049101,RMA #4MRB9K3X,32846162,JESSICA BROOKS (V8R4A8JES),6.00664E+15,2026-05-26,2026-05-26,1,0,Shop Supplies,0.16,0.01,0.17
1049101,RMA #4MRB9K3X,32846162,JESSICA BROOKS (V8R4A8JES),6.00664E+15,2026-05-26,2026-05-26,1,0,Storage,0.05,0,0.05
1049138,RMA #NW86AL9E,32838988,MARIE CLAUDE PAQUIN (J4B0E8MAR),7.92355E+11,2026-05-26,2026-05-26,0,0,Service Center Labor,1.42,0.07,1.49
1049138,RMA #NW86AL9E,32838988,MARIE CLAUDE PAQUIN (J4B0E8MAR),7.92355E+11,2026-05-26,2026-05-26,1,0,Returns,2.07,0.1,2.17
1049138,RMA #NW86AL9E,32838988,MARIE CLAUDE PAQUIN (J4B0E8MAR),7.92355E+11,2026-05-26,2026-05-26,1,0,Restock,0.25,0.01,0.26
1049138,RMA #NW86AL9E,32838988,MARIE CLAUDE PAQUIN (J4B0E8MAR),7.92355E+11,2026-05-26,2026-05-26,1,0,Storage,0.05,0,0.05
1049147,RMA #SC2O5CPS,32815750,DONNA SZOKE (L2S1P4DON),6.00664E+15,2026-05-26,2026-05-26,1,0,Restock,0.25,0.01,0.26
1049147,RMA #SC2O5CPS,32815750,DONNA SZOKE (L2S1P4DON),6.00664E+15,2026-05-26,2026-05-26,0,0,Service Center Labor,1.42,0.07,1.49
1049147,RMA #SC2O5CPS,32815750,DONNA SZOKE (L2S1P4DON),6.00664E+15,2026-05-26,2026-05-26,1,0,Returns,2.07,0.1,2.17
1049147,RMA #SC2O5CPS,32815750,DONNA SZOKE (L2S1P4DON),6.00664E+15,2026-05-26,2026-05-26,1,0,Storage,0.05,0,0.05
1049151,RMA #S0M80V7S,32891418,LORI YARCHUK (R3T3B7LOR),6.00664E+15,2026-05-26,2026-05-26,1,0,Returns,2.07,0.1,2.17
1049151,RMA #S0M80V7S,32891418,LORI YARCHUK (R3T3B7LOR),6.00664E+15,2026-05-26,2026-05-26,0,0,Service Center Labor,1.42,0.07,1.49
1049151,RMA #S0M80V7S,32891418,LORI YARCHUK (R3T3B7LOR),6.00664E+15,2026-05-26,2026-05-26,1,0,Restock,0.25,0.01,0.26
1049151,RMA #S0M80V7S,32891418,LORI YARCHUK (R3T3B7LOR),6.00664E+15,2026-05-26,2026-05-26,1,0,Storage,0.05,0,0.05
1049156,RMA #SKXOGSOV,32820796,PAIGE CONZATTI (V3C6A8PAI),6.00664E+15,2026-05-26,2026-05-26,1,0,Restock,0.25,0.01,0.26
1049156,RMA #SKXOGSOV,32820796,PAIGE CONZATTI (V3C6A8PAI),6.00664E+15,2026-05-26,2026-05-26,1,0,Returns,2.07,0.1,2.17
1049156,RMA #SKXOGSOV,32820796,PAIGE CONZATTI (V3C6A8PAI),6.00664E+15,2026-05-26,2026-05-26,0,0,Service Center Labor,1.42,0.07,1.49
1049156,RMA #SKXOGSOV,32820796,PAIGE CONZATTI (V3C6A8PAI),6.00664E+15,2026-05-26,2026-05-26,1,0,Storage,0.05,0,0.05
1049183,RMA #3YE8MXEY,32861755,DANA ERIKSEN (V5M1X8DAN),7.92362E+11,2026-05-26,2026-05-26,2,0,Returns,2.74,0.14,2.88
1049183,RMA #3YE8MXEY,32861755,DANA ERIKSEN (V5M1X8DAN),7.92362E+11,2026-05-26,2026-05-26,0,0,Service Center Labor,1.42,0.07,1.49
1049183,RMA #3YE8MXEY,32861755,DANA ERIKSEN (V5M1X8DAN),7.92362E+11,2026-05-26,2026-05-26,2,0,Restock,0.5,0.03,0.53
1049183,RMA #3YE8MXEY,32861755,DANA ERIKSEN (V5M1X8DAN),7.92362E+11,2026-05-26,2026-05-26,2,0,Storage,0.1,0.01,0.11
1049189,RMA #EFXKLBAP,32811936,LESLEY BRENNAN (L1N0H2LES),6.00664E+15,2026-05-26,2026-05-26,0,0,Service Center Labor,1.42,0.07,1.49
1049189,RMA #EFXKLBAP,32811936,LESLEY BRENNAN (L1N0H2LES),6.00664E+15,2026-05-26,2026-05-26,2,0,Returns,2.74,0.14,2.88
1049189,RMA #EFXKLBAP,32811936,LESLEY BRENNAN (L1N0H2LES),6.00664E+15,2026-05-26,2026-05-26,2,0,Restock,0.5,0.03,0.53
1049189,RMA #EFXKLBAP,32811936,LESLEY BRENNAN (L1N0H2LES),6.00664E+15,2026-05-26,2026-05-26,1,0,Shop Supplies,0.16,0.01,0.17
1049189,RMA #EFXKLBAP,32811936,LESLEY BRENNAN (L1N0H2LES),6.00664E+15,2026-05-26,2026-05-26,2,0,Storage,0.1,0.01,0.11
1049190,RMA #9UDH6M6B,32835214,FRANCOIS LEBLANC (J2R1L9FRA),6.00664E+15,2026-05-26,2026-05-26,2,0,Returns,2.74,0.14,2.88
1049190,RMA #9UDH6M6B,32835214,FRANCOIS LEBLANC (J2R1L9FRA),6.00664E+15,2026-05-26,2026-05-26,2,0,Restock,0.5,0.03,0.53
1049190,RMA #9UDH6M6B,32835214,FRANCOIS LEBLANC (J2R1L9FRA),6.00664E+15,2026-05-26,2026-05-26,0,0,Service Center Labor,1.42,0.07,1.49
1049190,RMA #9UDH6M6B,32835214,FRANCOIS LEBLANC (J2R1L9FRA),6.00664E+15,2026-05-26,2026-05-26,2,0,Storage,0.1,0.01,0.11
1049193,RMA #2ZTCXNGT,32802545,JACQUELINE LI (L5H2K9JAC),6.00664E+15,2026-05-26,2026-05-26,2,0,Restock,0.5,0.03,0.53
1049193,RMA #2ZTCXNGT,32802545,JACQUELINE LI (L5H2K9JAC),6.00664E+15,2026-05-26,2026-05-26,0,0,Service Center Labor,1.42,0.07,1.49
1049193,RMA #2ZTCXNGT,32802545,JACQUELINE LI (L5H2K9JAC),6.00664E+15,2026-05-26,2026-05-26,2,0,Returns,2.74,0.14,2.88
1049193,RMA #2ZTCXNGT,32802545,JACQUELINE LI (L5H2K9JAC),6.00664E+15,2026-05-26,2026-05-26,2,0,Storage,0.1,0.01,0.11
1049555,RMA #9GZX1IOF,32809156,ELLEN SINCLAIR (N7L3B4ELL),6.00664E+15,2026-05-27,2026-05-27,1,0,Returns,2.07,0.1,2.17
1049555,RMA #9GZX1IOF,32809156,ELLEN SINCLAIR (N7L3B4ELL),6.00664E+15,2026-05-27,2026-05-27,1,0,Shop Supplies,0.16,0.01,0.17
1049555,RMA #9GZX1IOF,32809156,ELLEN SINCLAIR (N7L3B4ELL),6.00664E+15,2026-05-27,2026-05-27,0,0,Service Center Labor,1.42,0.07,1.49
1049555,RMA #9GZX1IOF,32809156,ELLEN SINCLAIR (N7L3B4ELL),6.00664E+15,2026-05-27,2026-05-27,1,0,Restock,0.25,0.01,0.26
1049555,RMA #9GZX1IOF,32809156,ELLEN SINCLAIR (N7L3B4ELL),6.00664E+15,2026-05-27,2026-05-27,1,0,Storage,0.05,0,0.05
1049556,RMA #DOUZ21U5,32871179,NANETT MOYLAN (L4G7E1NAN),7.92367E+11,2026-05-27,2026-05-27,2,0,Returns,2.74,0.14,2.88
1049556,RMA #DOUZ21U5,32871179,NANETT MOYLAN (L4G7E1NAN),7.92367E+11,2026-05-27,2026-05-27,2,0,Restock,0.5,0.03,0.53
1049556,RMA #DOUZ21U5,32871179,NANETT MOYLAN (L4G7E1NAN),7.92367E+11,2026-05-27,2026-05-27,0,0,Service Center Labor,2.36,0.12,2.48
1049556,RMA #DOUZ21U5,32871179,NANETT MOYLAN (L4G7E1NAN),7.92367E+11,2026-05-27,2026-05-27,1,0,Shop Supplies,0.16,0.01,0.17
1049556,RMA #DOUZ21U5,32871179,NANETT MOYLAN (L4G7E1NAN),7.92367E+11,2026-05-27,2026-05-27,2,0,Storage,0.1,0.01,0.11
1049557,RMA #VM8AHYTO,32871583,TRISTA ANGER (V2G1H8TRI),7.92368E+11,2026-05-27,2026-05-27,0,0,Service Center Labor,1.42,0.07,1.49
1049557,RMA #VM8AHYTO,32871583,TRISTA ANGER (V2G1H8TRI),7.92368E+11,2026-05-27,2026-05-27,1,0,Returns,2.07,0.1,2.17
1049557,RMA #VM8AHYTO,32871583,TRISTA ANGER (V2G1H8TRI),7.92368E+11,2026-05-27,2026-05-27,1,0,Restock,0.25,0.01,0.26
1049557,RMA #VM8AHYTO,32871583,TRISTA ANGER (V2G1H8TRI),7.92368E+11,2026-05-27,2026-05-27,1,0,Storage,0.05,0,0.05
1049559,RMA #RGWXF57S,32896831,JOAN REID (N0G2T0JOA),6.00664E+15,2026-05-27,2026-05-27,0,0,Service Center Labor,1.42,0.07,1.49
1049559,RMA #RGWXF57S,32896831,JOAN REID (N0G2T0JOA),6.00664E+15,2026-05-27,2026-05-27,1,0,Restock,0.25,0.01,0.26
1049559,RMA #RGWXF57S,32896831,JOAN REID (N0G2T0JOA),6.00664E+15,2026-05-27,2026-05-27,1,0,Returns,2.07,0.1,2.17
1049559,RMA #RGWXF57S,32896831,JOAN REID (N0G2T0JOA),6.00664E+15,2026-05-27,2026-05-27,1,0,Storage,0.05,0,0.05
1049562,RMA #EX8GF29G,32899656,ALINA IVCHENKO (N2M1X2ALI),6.00664E+15,2026-05-27,2026-05-27,0,0,Service Center Labor,1.42,0.07,1.49
1049562,RMA #EX8GF29G,32899656,ALINA IVCHENKO (N2M1X2ALI),6.00664E+15,2026-05-27,2026-05-27,1,0,Restock,0.25,0.01,0.26
1049562,RMA #EX8GF29G,32899656,ALINA IVCHENKO (N2M1X2ALI),6.00664E+15,2026-05-27,2026-05-27,1,0,Returns,2.07,0.1,2.17
1049562,RMA #EX8GF29G,32899656,ALINA IVCHENKO (N2M1X2ALI),6.00664E+15,2026-05-27,2026-05-27,1,0,Storage,0.05,0,0.05
1049565,RMA #9A1AZES6,32923496,NICOLE MCKAIG (V3Z9W8NIC),7.92378E+11,2026-05-27,2026-05-27,1,0,Returns,2.07,0.1,2.17
1049565,RMA #9A1AZES6,32923496,NICOLE MCKAIG (V3Z9W8NIC),7.92378E+11,2026-05-27,2026-05-27,1,0,Restock,0.25,0.01,0.26
1049565,RMA #9A1AZES6,32923496,NICOLE MCKAIG (V3Z9W8NIC),7.92378E+11,2026-05-27,2026-05-27,0,0,Service Center Labor,1.42,0.07,1.49
1049565,RMA #9A1AZES6,32923496,NICOLE MCKAIG (V3Z9W8NIC),7.92378E+11,2026-05-27,2026-05-27,1,0,Storage,0.05,0,0.05
1049567,RMA #S040E505,32829811,KALEB WALDNER (V2R5J6KAL),7.92352E+11,2026-05-27,2026-05-27,1,0,Returns,2.07,0.1,2.17
1049567,RMA #S040E505,32829811,KALEB WALDNER (V2R5J6KAL),7.92352E+11,2026-05-27,2026-05-27,1,0,Restock,0.25,0.01,0.26
1049567,RMA #S040E505,32829811,KALEB WALDNER (V2R5J6KAL),7.92352E+11,2026-05-27,2026-05-27,0,0,Service Center Labor,1.42,0.07,1.49
1049567,RMA #S040E505,32829811,KALEB WALDNER (V2R5J6KAL),7.92352E+11,2026-05-27,2026-05-27,1,0,Storage,0.05,0,0.05
1049573,RMA #YN01MORJ,32727492,NATASHA ANDREWS (A0P1C0NAT),6.00664E+15,2026-05-27,2026-05-27,1,0,Restock,0.25,0.01,0.26
1049573,RMA #YN01MORJ,32727492,NATASHA ANDREWS (A0P1C0NAT),6.00664E+15,2026-05-27,2026-05-27,0,0,Service Center Labor,1.42,0.07,1.49
1049573,RMA #YN01MORJ,32727492,NATASHA ANDREWS (A0P1C0NAT),6.00664E+15,2026-05-27,2026-05-27,1,0,Returns,2.07,0.1,2.17
1049573,RMA #YN01MORJ,32727492,NATASHA ANDREWS (A0P1C0NAT),6.00664E+15,2026-05-27,2026-05-27,1,0,Storage,0.05,0,0.05
1049574,RMA #BEMY51L9,32892159,KIMBERLY BOHAY (S4X2N1KIM),6.00664E+15,2026-05-27,2026-05-27,1,0,Returns,2.07,0.1,2.17
1049574,RMA #BEMY51L9,32892159,KIMBERLY BOHAY (S4X2N1KIM),6.00664E+15,2026-05-27,2026-05-27,1,0,Restock,0.25,0.01,0.26
1049574,RMA #BEMY51L9,32892159,KIMBERLY BOHAY (S4X2N1KIM),6.00664E+15,2026-05-27,2026-05-27,0,0,Service Center Labor,1.42,0.07,1.49
1049574,RMA #BEMY51L9,32892159,KIMBERLY BOHAY (S4X2N1KIM),6.00664E+15,2026-05-27,2026-05-27,1,0,Storage,0.05,0,0.05
1049591,RMA #275BMFGF,32834024,JULIA HARRIS (T1B4L8JUL),6.00664E+15,2026-05-27,2026-05-27,1,0,Restock,0.25,0.01,0.26
1049591,RMA #275BMFGF,32834024,JULIA HARRIS (T1B4L8JUL),6.00664E+15,2026-05-27,2026-05-27,1,0,Returns,2.07,0.1,2.17
1049591,RMA #275BMFGF,32834024,JULIA HARRIS (T1B4L8JUL),6.00664E+15,2026-05-27,2026-05-27,0,0,Service Center Labor,1.42,0.07,1.49
1049591,RMA #275BMFGF,32834024,JULIA HARRIS (T1B4L8JUL),6.00664E+15,2026-05-27,2026-05-27,1,0,Storage,0.05,0,0.05
1049593,RMA #YOKXQG9X,32897945,HANNAH GODARD (V3A2E1HAN),6.00664E+15,2026-05-27,2026-05-27,0,0,Service Center Labor,1.42,0.07,1.49
1049593,RMA #YOKXQG9X,32897945,HANNAH GODARD (V3A2E1HAN),6.00664E+15,2026-05-27,2026-05-27,1,0,Restock,0.25,0.01,0.26
1049593,RMA #YOKXQG9X,32897945,HANNAH GODARD (V3A2E1HAN),6.00664E+15,2026-05-27,2026-05-27,1,0,Returns,2.07,0.1,2.17
1049593,RMA #YOKXQG9X,32897945,HANNAH GODARD (V3A2E1HAN),6.00664E+15,2026-05-27,2026-05-27,1,0,Storage,0.05,0,0.05
1049597,RMA #AO4OWNHZ,32892424,CHRISTINA FORTIN (V4N6V7CHR),6.00664E+15,2026-05-27,2026-05-27,3,0,Restock,0.75,0.04,0.79
1049597,RMA #AO4OWNHZ,32892424,CHRISTINA FORTIN (V4N6V7CHR),6.00664E+15,2026-05-27,2026-05-27,3,0,Returns,3.41,0.17,3.58
1049597,RMA #AO4OWNHZ,32892424,CHRISTINA FORTIN (V4N6V7CHR),6.00664E+15,2026-05-27,2026-05-27,0,0,Service Center Labor,2.36,0.12,2.48
1049597,RMA #AO4OWNHZ,32892424,CHRISTINA FORTIN (V4N6V7CHR),6.00664E+15,2026-05-27,2026-05-27,3,0,Storage,0.15,0.01,0.16
1049601,RMA #LUVEQVGL,32931867,MICHAELA STAROSTOVA (T0E1E0MIC),6.00664E+15,2026-05-27,2026-05-27,1,0,Returns,2.07,0.1,2.17
1049601,RMA #LUVEQVGL,32931867,MICHAELA STAROSTOVA (T0E1E0MIC),6.00664E+15,2026-05-27,2026-05-27,1,0,Restock,0.25,0.01,0.26
1049601,RMA #LUVEQVGL,32931867,MICHAELA STAROSTOVA (T0E1E0MIC),6.00664E+15,2026-05-27,2026-05-27,0,0,Service Center Labor,1.42,0.07,1.49
1049601,RMA #LUVEQVGL,32931867,MICHAELA STAROSTOVA (T0E1E0MIC),6.00664E+15,2026-05-27,2026-05-27,1,0,Storage,0.05,0,0.05
1049606,RMA #IKWKWGDA,32791011,CHERYL EASTER (L0A1E0CHE),6.00664E+15,2026-05-27,2026-05-27,1,0,Restock,0.25,0.01,0.26
1049606,RMA #IKWKWGDA,32791011,CHERYL EASTER (L0A1E0CHE),6.00664E+15,2026-05-27,2026-05-27,0,0,Service Center Labor,1.42,0.07,1.49
1049606,RMA #IKWKWGDA,32791011,CHERYL EASTER (L0A1E0CHE),6.00664E+15,2026-05-27,2026-05-27,1,0,Returns,2.07,0.1,2.17
1049606,RMA #IKWKWGDA,32791011,CHERYL EASTER (L0A1E0CHE),6.00664E+15,2026-05-27,2026-05-27,1,0,Storage,0.05,0,0.05
1049611,RMA #AYV9QNE5,32879194,VALERIE DUBE (J8R2Y2VAL),6.00664E+15,2026-05-27,2026-05-27,1,0,Returns,2.07,0.1,2.17
1049611,RMA #AYV9QNE5,32879194,VALERIE DUBE (J8R2Y2VAL),6.00664E+15,2026-05-27,2026-05-27,1,0,Restock,0.25,0.01,0.26
1049611,RMA #AYV9QNE5,32879194,VALERIE DUBE (J8R2Y2VAL),6.00664E+15,2026-05-27,2026-05-27,0,0,Service Center Labor,1.42,0.07,1.49
1049611,RMA #AYV9QNE5,32879194,VALERIE DUBE (J8R2Y2VAL),6.00664E+15,2026-05-27,2026-05-27,1,0,Storage,0.05,0,0.05
1049614,RMA #N006X6KB,32915366,GISELLE LAWRENCE (V8H1A9GIS),6.00664E+15,2026-05-27,2026-05-27,1,0,Restock,0.25,0.01,0.26
1049614,RMA #N006X6KB,32915366,GISELLE LAWRENCE (V8H1A9GIS),6.00664E+15,2026-05-27,2026-05-27,0,0,Service Center Labor,1.42,0.07,1.49
1049614,RMA #N006X6KB,32915366,GISELLE LAWRENCE (V8H1A9GIS),6.00664E+15,2026-05-27,2026-05-27,1,0,Returns,2.07,0.1,2.17
1049614,RMA #N006X6KB,32915366,GISELLE LAWRENCE (V8H1A9GIS),6.00664E+15,2026-05-27,2026-05-27,1,0,Storage,0.05,0,0.05
1049616,RMA #W39LOXQC,32938070,MANJANA KARAN (V2Y3M6MAN),6.00664E+15,2026-05-27,2026-05-27,1,0,Restock,0.25,0.01,0.26
1049616,RMA #W39LOXQC,32938070,MANJANA KARAN (V2Y3M6MAN),6.00664E+15,2026-05-27,2026-05-27,1,0,Returns,2.07,0.1,2.17
1049616,RMA #W39LOXQC,32938070,MANJANA KARAN (V2Y3M6MAN),6.00664E+15,2026-05-27,2026-05-27,0,0,Service Center Labor,1.42,0.07,1.49
1049616,RMA #W39LOXQC,32938070,MANJANA KARAN (V2Y3M6MAN),6.00664E+15,2026-05-27,2026-05-27,1,0,Storage,0.05,0,0.05
1049619,RMA #LNHTNWFS,32828812,ANNETTE MCLELLAN (B4V6P5ANN),6.00664E+15,2026-05-27,2026-05-27,2,0,Restock,0.5,0.03,0.53
1049619,RMA #LNHTNWFS,32828812,ANNETTE MCLELLAN (B4V6P5ANN),6.00664E+15,2026-05-27,2026-05-27,2,0,Returns,2.74,0.14,2.88
1049619,RMA #LNHTNWFS,32828812,ANNETTE MCLELLAN (B4V6P5ANN),6.00664E+15,2026-05-27,2026-05-27,0,0,Service Center Labor,1.42,0.07,1.49
1049619,RMA #LNHTNWFS,32828812,ANNETTE MCLELLAN (B4V6P5ANN),6.00664E+15,2026-05-27,2026-05-27,2,0,Storage,0.1,0.01,0.11
1049620,RMA #5MF8DESL,32847555,MARNEY MITCHELL (Y0B1T0MAR),6.00664E+15,2026-05-27,2026-05-27,1,0,Restock,0.25,0.01,0.26
1049620,RMA #5MF8DESL,32847555,MARNEY MITCHELL (Y0B1T0MAR),6.00664E+15,2026-05-27,2026-05-27,0,0,Service Center Labor,1.42,0.07,1.49
1049620,RMA #5MF8DESL,32847555,MARNEY MITCHELL (Y0B1T0MAR),6.00664E+15,2026-05-27,2026-05-27,1,0,Returns,2.07,0.1,2.17
1049620,RMA #5MF8DESL,32847555,MARNEY MITCHELL (Y0B1T0MAR),6.00664E+15,2026-05-27,2026-05-27,1,0,Storage,0.05,0,0.05
1049622,RMA #3GNNTDHT,32901574,LESLEY HAMILL (T8N5L5LES),6.00664E+15,2026-05-27,2026-05-27,1,0,Restock,0.25,0.01,0.26
1049622,RMA #3GNNTDHT,32901574,LESLEY HAMILL (T8N5L5LES),6.00664E+15,2026-05-27,2026-05-27,1,0,Returns,2.07,0.1,2.17
1049622,RMA #3GNNTDHT,32901574,LESLEY HAMILL (T8N5L5LES),6.00664E+15,2026-05-27,2026-05-27,0,0,Service Center Labor,1.42,0.07,1.49
1049622,RMA #3GNNTDHT,32901574,LESLEY HAMILL (T8N5L5LES),6.00664E+15,2026-05-27,2026-05-27,1,0,Storage,0.05,0,0.05
1049624,RMA #WL8OX9GE,32818864,JASON GARGARO (L7B0N4JAS),7.92351E+11,2026-05-27,2026-05-27,1,0,Returns,2.07,0.1,2.17
1049624,RMA #WL8OX9GE,32818864,JASON GARGARO (L7B0N4JAS),7.92351E+11,2026-05-27,2026-05-27,0,0,Service Center Labor,1.42,0.07,1.49
1049624,RMA #WL8OX9GE,32818864,JASON GARGARO (L7B0N4JAS),7.92351E+11,2026-05-27,2026-05-27,1,0,Restock,0.25,0.01,0.26
1049624,RMA #WL8OX9GE,32818864,JASON GARGARO (L7B0N4JAS),7.92351E+11,2026-05-27,2026-05-27,1,0,Storage,0.05,0,0.05
1049625,RMA #FSZC2OBF,32790421,JUSTIN HAYTO (V6H3T4JUS),7.92343E+11,2026-05-27,2026-05-27,1,0,Returns,2.07,0.1,2.17
1049625,RMA #FSZC2OBF,32790421,JUSTIN HAYTO (V6H3T4JUS),7.92343E+11,2026-05-27,2026-05-27,1,0,Restock,0.25,0.01,0.26
1049625,RMA #FSZC2OBF,32790421,JUSTIN HAYTO (V6H3T4JUS),7.92343E+11,2026-05-27,2026-05-27,0,0,Service Center Labor,1.42,0.07,1.49
1049625,RMA #FSZC2OBF,32790421,JUSTIN HAYTO (V6H3T4JUS),7.92343E+11,2026-05-27,2026-05-27,1,0,Storage,0.05,0,0.05
1049626,RMA #L170G10T,32829508,ALICIA SAUNDERS (V1Z2C1ALI),7.92352E+11,2026-05-27,2026-05-27,3,0,Restock,0.75,0.04,0.79
1049626,RMA #L170G10T,32829508,ALICIA SAUNDERS (V1Z2C1ALI),7.92352E+11,2026-05-27,2026-05-27,0,0,Service Center Labor,2.36,0.12,2.48
1049626,RMA #L170G10T,32829508,ALICIA SAUNDERS (V1Z2C1ALI),7.92352E+11,2026-05-27,2026-05-27,3,0,Returns,3.41,0.17,3.58
1049626,RMA #L170G10T,32829508,ALICIA SAUNDERS (V1Z2C1ALI),7.92352E+11,2026-05-27,2026-05-27,3,0,Storage,0.15,0.01,0.16
1049627,RMA #19TTQ530,32913085,LAWRENCE NIEDJALSKI (V8S3H3LAW),7.92374E+11,2026-05-27,2026-05-27,1,0,Returns,2.07,0.1,2.17
1049627,RMA #19TTQ530,32913085,LAWRENCE NIEDJALSKI (V8S3H3LAW),7.92374E+11,2026-05-27,2026-05-27,1,0,Restock,0.25,0.01,0.26
1049627,RMA #19TTQ530,32913085,LAWRENCE NIEDJALSKI (V8S3H3LAW),7.92374E+11,2026-05-27,2026-05-27,0,0,Service Center Labor,1.42,0.07,1.49
1049627,RMA #19TTQ530,32913085,LAWRENCE NIEDJALSKI (V8S3H3LAW),7.92374E+11,2026-05-27,2026-05-27,1,0,Storage,0.05,0,0.05
1049629,RMA #41Y5YBCP,32834021,FRANCESCA NICHOLSON (V5L2T1FRA),7.92353E+11,2026-05-27,2026-05-27,0,0,Service Center Labor,1.42,0.07,1.49
1049629,RMA #41Y5YBCP,32834021,FRANCESCA NICHOLSON (V5L2T1FRA),7.92353E+11,2026-05-27,2026-05-27,1,0,Returns,2.07,0.1,2.17
1049629,RMA #41Y5YBCP,32834021,FRANCESCA NICHOLSON (V5L2T1FRA),7.92353E+11,2026-05-27,2026-05-27,1,0,Restock,0.25,0.01,0.26
1049629,RMA #41Y5YBCP,32834021,FRANCESCA NICHOLSON (V5L2T1FRA),7.92353E+11,2026-05-27,2026-05-27,1,0,Storage,0.05,0,0.05
1049630,RMA #RMHJ92Z8,32938276,STEVE MACINTYRE (V5Z0G9STE),7.92381E+11,2026-05-27,2026-05-27,1,0,Restock,0.25,0.01,0.26
1049630,RMA #RMHJ92Z8,32938276,STEVE MACINTYRE (V5Z0G9STE),7.92381E+11,2026-05-27,2026-05-27,0,0,Service Center Labor,1.42,0.07,1.49
1049630,RMA #RMHJ92Z8,32938276,STEVE MACINTYRE (V5Z0G9STE),7.92381E+11,2026-05-27,2026-05-27,1,0,Returns,2.07,0.1,2.17
1049630,RMA #RMHJ92Z8,32938276,STEVE MACINTYRE (V5Z0G9STE),7.92381E+11,2026-05-27,2026-05-27,1,0,Storage,0.05,0,0.05
1049631,RMA #F5QTC3R3,32872662,PRERNA DAS (V5C0C4PRE),7.92368E+11,2026-05-27,2026-05-27,2,0,Returns,2.74,0.14,2.88
1049631,RMA #F5QTC3R3,32872662,PRERNA DAS (V5C0C4PRE),7.92368E+11,2026-05-27,2026-05-27,0,0,Service Center Labor,1.42,0.07,1.49
1049631,RMA #F5QTC3R3,32872662,PRERNA DAS (V5C0C4PRE),7.92368E+11,2026-05-27,2026-05-27,2,0,Restock,0.5,0.03,0.53
1049631,RMA #F5QTC3R3,32872662,PRERNA DAS (V5C0C4PRE),7.92368E+11,2026-05-27,2026-05-27,2,0,Storage,0.1,0.01,0.11
1049632,RMA #4SZD9XY3,32901033,MONICA BOSHART (T1W2X7MON),7.92373E+11,2026-05-27,2026-05-27,0,0,Service Center Labor,1.42,0.07,1.49
1049632,RMA #4SZD9XY3,32901033,MONICA BOSHART (T1W2X7MON),7.92373E+11,2026-05-27,2026-05-27,1,0,Restock,0.25,0.01,0.26
1049632,RMA #4SZD9XY3,32901033,MONICA BOSHART (T1W2X7MON),7.92373E+11,2026-05-27,2026-05-27,1,0,Returns,2.07,0.1,2.17
1049632,RMA #4SZD9XY3,32901033,MONICA BOSHART (T1W2X7MON),7.92373E+11,2026-05-27,2026-05-27,1,0,Storage,0.05,0,0.05
1049633,RMA #98N4CTUY,32913666,STEPH OSTLUND (T3N0G5STE),7.92375E+11,2026-05-27,2026-05-27,1,0,Restock,0.25,0.01,0.26
1049633,RMA #98N4CTUY,32913666,STEPH OSTLUND (T3N0G5STE),7.92375E+11,2026-05-27,2026-05-27,1,0,Returns,2.07,0.1,2.17
1049633,RMA #98N4CTUY,32913666,STEPH OSTLUND (T3N0G5STE),7.92375E+11,2026-05-27,2026-05-27,0,0,Service Center Labor,1.42,0.07,1.49
1049633,RMA #98N4CTUY,32913666,STEPH OSTLUND (T3N0G5STE),7.92375E+11,2026-05-27,2026-05-27,1,0,Storage,0.05,0,0.05
1049933,RMA #5POWKO7D,32941589,MICHELLE AUKEMA (T7X0P3MIC),6.00664E+15,2026-05-28,2026-05-28,1,0,Restock,0.25,0.01,0.26
1049933,RMA #5POWKO7D,32941589,MICHELLE AUKEMA (T7X0P3MIC),6.00664E+15,2026-05-28,2026-05-28,0,0,Service Center Labor,1.42,0.07,1.49
1049933,RMA #5POWKO7D,32941589,MICHELLE AUKEMA (T7X0P3MIC),6.00664E+15,2026-05-28,2026-05-28,1,0,Returns,2.07,0.1,2.17
1049933,RMA #5POWKO7D,32941589,MICHELLE AUKEMA (T7X0P3MIC),6.00664E+15,2026-05-28,2026-05-28,1,0,Storage,0.05,0,0.05
1049941,RMA #B455UNWV,32810457,MARC-ANDRE DESALLIERS (H7L1B5MAR),6.00664E+15,2026-05-28,2026-05-28,1,0,Returns,2.07,0.1,2.17
1049941,RMA #B455UNWV,32810457,MARC-ANDRE DESALLIERS (H7L1B5MAR),6.00664E+15,2026-05-28,2026-05-28,0,0,Service Center Labor,1.42,0.07,1.49
1049941,RMA #B455UNWV,32810457,MARC-ANDRE DESALLIERS (H7L1B5MAR),6.00664E+15,2026-05-28,2026-05-28,1,0,Restock,0.25,0.01,0.26
1049941,RMA #B455UNWV,32810457,MARC-ANDRE DESALLIERS (H7L1B5MAR),6.00664E+15,2026-05-28,2026-05-28,1,0,Storage,0.05,0,0.05
1049955,RMA #MNH1FYQJ,32941785,DIANE PARK CHAMBERLAIN (V3J2R2DIA),6.00664E+15,2026-05-28,2026-05-28,1,0,Returns,2.07,0.1,2.17
1049955,RMA #MNH1FYQJ,32941785,DIANE PARK CHAMBERLAIN (V3J2R2DIA),6.00664E+15,2026-05-28,2026-05-28,0,0,Service Center Labor,1.42,0.07,1.49
1049955,RMA #MNH1FYQJ,32941785,DIANE PARK CHAMBERLAIN (V3J2R2DIA),6.00664E+15,2026-05-28,2026-05-28,1,0,Restock,0.25,0.01,0.26
1049955,RMA #MNH1FYQJ,32941785,DIANE PARK CHAMBERLAIN (V3J2R2DIA),6.00664E+15,2026-05-28,2026-05-28,1,0,Storage,0.05,0,0.05
1049970,RMA #WOF364IF,32939885,JEREMY DUNN (N0R1N0JER),6.00664E+15,2026-05-28,2026-05-28,1,0,Returns,2.07,0.1,2.17
1049970,RMA #WOF364IF,32939885,JEREMY DUNN (N0R1N0JER),6.00664E+15,2026-05-28,2026-05-28,1,0,Restock,0.25,0.01,0.26
1049970,RMA #WOF364IF,32939885,JEREMY DUNN (N0R1N0JER),6.00664E+15,2026-05-28,2026-05-28,0,0,Service Center Labor,1.42,0.07,1.49
1049970,RMA #WOF364IF,32939885,JEREMY DUNN (N0R1N0JER),6.00664E+15,2026-05-28,2026-05-28,1,0,Storage,0.05,0,0.05
1049976,RMA #E4NT280H,32902951,MICHELLE GORDON (V9T5A1MIC),6.00664E+15,2026-05-28,2026-05-28,1,0,Restock,0.25,0.01,0.26
1049976,RMA #E4NT280H,32902951,MICHELLE GORDON (V9T5A1MIC),6.00664E+15,2026-05-28,2026-05-28,1,0,Returns,2.07,0.1,2.17
1049976,RMA #E4NT280H,32902951,MICHELLE GORDON (V9T5A1MIC),6.00664E+15,2026-05-28,2026-05-28,0,0,Service Center Labor,1.42,0.07,1.49
1049976,RMA #E4NT280H,32902951,MICHELLE GORDON (V9T5A1MIC),6.00664E+15,2026-05-28,2026-05-28,1,0,Storage,0.05,0,0.05
1049982,RMA #FWI91RKL,32956745,VANESSA CASE (V6K4L5VAN),6.00664E+15,2026-05-28,2026-05-28,2,0,Restock,0.5,0.03,0.53
1049982,RMA #FWI91RKL,32956745,VANESSA CASE (V6K4L5VAN),6.00664E+15,2026-05-28,2026-05-28,0,0,Service Center Labor,1.42,0.07,1.49
1049982,RMA #FWI91RKL,32956745,VANESSA CASE (V6K4L5VAN),6.00664E+15,2026-05-28,2026-05-28,2,0,Returns,2.74,0.14,2.88
1049982,RMA #FWI91RKL,32956745,VANESSA CASE (V6K4L5VAN),6.00664E+15,2026-05-28,2026-05-28,2,0,Storage,0.1,0.01,0.11
1049988,RMA #QNJHBT2T,32900836,JOSEF YORRO (L3T0B4JOS),6.00664E+15,2026-05-28,2026-05-28,1,0,Returns,2.07,0.1,2.17
1049988,RMA #QNJHBT2T,32900836,JOSEF YORRO (L3T0B4JOS),6.00664E+15,2026-05-28,2026-05-28,1,0,Restock,0.25,0.01,0.26
1049988,RMA #QNJHBT2T,32900836,JOSEF YORRO (L3T0B4JOS),6.00664E+15,2026-05-28,2026-05-28,0,0,Service Center Labor,1.42,0.07,1.49
1049988,RMA #QNJHBT2T,32900836,JOSEF YORRO (L3T0B4JOS),6.00664E+15,2026-05-28,2026-05-28,1,0,Storage,0.05,0,0.05
1049990,RMA #JGJZUAIM,32909463,TAMI JEMSON (V4V2A5TAM),6.00664E+15,2026-05-28,2026-05-28,1,0,Returns,2.07,0.1,2.17
1049990,RMA #JGJZUAIM,32909463,TAMI JEMSON (V4V2A5TAM),6.00664E+15,2026-05-28,2026-05-28,0,0,Service Center Labor,1.42,0.07,1.49
1049990,RMA #JGJZUAIM,32909463,TAMI JEMSON (V4V2A5TAM),6.00664E+15,2026-05-28,2026-05-28,1,0,Restock,0.25,0.01,0.26
1049990,RMA #JGJZUAIM,32909463,TAMI JEMSON (V4V2A5TAM),6.00664E+15,2026-05-28,2026-05-28,1,0,Storage,0.05,0,0.05
1049994,RMA #PJFFFS2S,32859904,JACLYN BENTLEY (B0P1T0JAC),6.00664E+15,2026-05-28,2026-05-28,1,0,Restock,0.25,0.01,0.26
1049994,RMA #PJFFFS2S,32859904,JACLYN BENTLEY (B0P1T0JAC),6.00664E+15,2026-05-28,2026-05-28,0,0,Service Center Labor,1.42,0.07,1.49
1049994,RMA #PJFFFS2S,32859904,JACLYN BENTLEY (B0P1T0JAC),6.00664E+15,2026-05-28,2026-05-28,1,0,Returns,2.07,0.1,2.17
1049994,RMA #PJFFFS2S,32859904,JACLYN BENTLEY (B0P1T0JAC),6.00664E+15,2026-05-28,2026-05-28,1,0,Storage,0.05,0,0.05
1049997,RMA #3WJ5SVL1,32926251,CURTIS SCAMELL (R2C3Y7CUR),6.00664E+15,2026-05-28,2026-05-28,0,0,Service Center Labor,1.42,0.07,1.49
1049997,RMA #3WJ5SVL1,32926251,CURTIS SCAMELL (R2C3Y7CUR),6.00664E+15,2026-05-28,2026-05-28,1,0,Returns,2.07,0.1,2.17
1049997,RMA #3WJ5SVL1,32926251,CURTIS SCAMELL (R2C3Y7CUR),6.00664E+15,2026-05-28,2026-05-28,1,0,Restock,0.25,0.01,0.26
1049997,RMA #3WJ5SVL1,32926251,CURTIS SCAMELL (R2C3Y7CUR),6.00664E+15,2026-05-28,2026-05-28,1,0,Storage,0.05,0,0.05
1049999,RMA #F192FH5E,32919604,CAROLE SPECK (V3B6T5CAR),6.00664E+15,2026-05-28,2026-05-28,1,0,Returns,2.07,0.1,2.17
1049999,RMA #F192FH5E,32919604,CAROLE SPECK (V3B6T5CAR),6.00664E+15,2026-05-28,2026-05-28,0,0,Service Center Labor,1.42,0.07,1.49
1049999,RMA #F192FH5E,32919604,CAROLE SPECK (V3B6T5CAR),6.00664E+15,2026-05-28,2026-05-28,1,0,Restock,0.25,0.01,0.26
1049999,RMA #F192FH5E,32919604,CAROLE SPECK (V3B6T5CAR),6.00664E+15,2026-05-28,2026-05-28,1,0,Storage,0.05,0,0.05
1050003,RMA #KCSIYGPL,32963018,DANA FRASER (V8N2L4DAN),6.00664E+15,2026-05-28,2026-05-28,1,0,Returns,2.07,0.1,2.17
1050003,RMA #KCSIYGPL,32963018,DANA FRASER (V8N2L4DAN),6.00664E+15,2026-05-28,2026-05-28,0,0,Service Center Labor,1.42,0.07,1.49
1050003,RMA #KCSIYGPL,32963018,DANA FRASER (V8N2L4DAN),6.00664E+15,2026-05-28,2026-05-28,1,0,Restock,0.25,0.01,0.26
1050003,RMA #KCSIYGPL,32963018,DANA FRASER (V8N2L4DAN),6.00664E+15,2026-05-28,2026-05-28,1,0,Storage,0.05,0,0.05
1050006,RMA #YWDV1J72,32850662,LAURA ROBERTS (L5V1L8LAU),6.00664E+15,2026-05-28,2026-05-28,0,0,Service Center Labor,1.42,0.07,1.49
1050006,RMA #YWDV1J72,32850662,LAURA ROBERTS (L5V1L8LAU),6.00664E+15,2026-05-28,2026-05-28,1,0,Returns,2.07,0.1,2.17
1050006,RMA #YWDV1J72,32850662,LAURA ROBERTS (L5V1L8LAU),6.00664E+15,2026-05-28,2026-05-28,1,0,Restock,0.25,0.01,0.26
1050006,RMA #YWDV1J72,32850662,LAURA ROBERTS (L5V1L8LAU),6.00664E+15,2026-05-28,2026-05-28,1,0,Storage,0.05,0,0.05
1050010,RMA #XCD3ALGQ,32921700,JOSEE RAINVILLE (J0T1M0JOS),7.92377E+11,2026-05-28,2026-05-28,1,0,Restock,0.25,0.01,0.26
1050010,RMA #XCD3ALGQ,32921700,JOSEE RAINVILLE (J0T1M0JOS),7.92377E+11,2026-05-28,2026-05-28,1,0,Returns,2.07,0.1,2.17
1050010,RMA #XCD3ALGQ,32921700,JOSEE RAINVILLE (J0T1M0JOS),7.92377E+11,2026-05-28,2026-05-28,0,0,Service Center Labor,1.42,0.07,1.49
1050010,RMA #XCD3ALGQ,32921700,JOSEE RAINVILLE (J0T1M0JOS),7.92377E+11,2026-05-28,2026-05-28,1,0,Storage,0.05,0,0.05
1050016,RMA #X27CVBUB,32908779,ADAM NODEN (T9G0M2ADA),7.92374E+11,2026-05-28,2026-05-28,1,0,Returns,2.07,0.1,2.17
1050016,RMA #X27CVBUB,32908779,ADAM NODEN (T9G0M2ADA),7.92374E+11,2026-05-28,2026-05-28,0,0,Service Center Labor,1.42,0.07,1.49
1050016,RMA #X27CVBUB,32908779,ADAM NODEN (T9G0M2ADA),7.92374E+11,2026-05-28,2026-05-28,1,0,Restock,0.25,0.01,0.26
1050016,RMA #X27CVBUB,32908779,ADAM NODEN (T9G0M2ADA),7.92374E+11,2026-05-28,2026-05-28,1,0,Storage,0.05,0,0.05
1050021,RMA #696H853W,32946359,PAULA HARDIE (V3C6R1PAU),7.92383E+11,2026-05-28,2026-05-28,0,0,Service Center Labor,1.42,0.07,1.49
1050021,RMA #696H853W,32946359,PAULA HARDIE (V3C6R1PAU),7.92383E+11,2026-05-28,2026-05-28,1,0,Returns,2.07,0.1,2.17
1050021,RMA #696H853W,32946359,PAULA HARDIE (V3C6R1PAU),7.92383E+11,2026-05-28,2026-05-28,1,0,Restock,0.25,0.01,0.26
1050021,RMA #696H853W,32946359,PAULA HARDIE (V3C6R1PAU),7.92383E+11,2026-05-28,2026-05-28,1,0,Storage,0.05,0,0.05
1050027,RMA #T0041S18,32920475,NATHALIE JUTEAU (J3V3B6NAT),7.92376E+11,2026-05-28,2026-05-28,1,0,Returns,2.07,0.1,2.17
1050027,RMA #T0041S18,32920475,NATHALIE JUTEAU (J3V3B6NAT),7.92376E+11,2026-05-28,2026-05-28,1,0,Restock,0.25,0.01,0.26
1050027,RMA #T0041S18,32920475,NATHALIE JUTEAU (J3V3B6NAT),7.92376E+11,2026-05-28,2026-05-28,0,0,Service Center Labor,1.42,0.07,1.49
1050027,RMA #T0041S18,32920475,NATHALIE JUTEAU (J3V3B6NAT),7.92376E+11,2026-05-28,2026-05-28,1,0,Storage,0.05,0,0.05
1050028,RMA #A0CLW09T,32902642,ANNIKA LUTZ (V3K0A2ANN),7.92373E+11,2026-05-28,2026-05-28,0,0,Service Center Labor,1.42,0.07,1.49
1050028,RMA #A0CLW09T,32902642,ANNIKA LUTZ (V3K0A2ANN),7.92373E+11,2026-05-28,2026-05-28,1,0,Restock,0.25,0.01,0.26
1050028,RMA #A0CLW09T,32902642,ANNIKA LUTZ (V3K0A2ANN),7.92373E+11,2026-05-28,2026-05-28,1,0,Returns,2.07,0.1,2.17
1050028,RMA #A0CLW09T,32902642,ANNIKA LUTZ (V3K0A2ANN),7.92373E+11,2026-05-28,2026-05-28,1,0,Storage,0.05,0,0.05
1050030,RMA #0AVCIGM1,32952610,ERIC SKALIJ (V8S3J4ERI),7.92384E+11,2026-05-28,2026-05-28,0,0,Service Center Labor,2.36,0.12,2.48
1050030,RMA #0AVCIGM1,32952610,ERIC SKALIJ (V8S3J4ERI),7.92384E+11,2026-05-28,2026-05-28,3,0,Returns,3.41,0.17,3.58
1050030,RMA #0AVCIGM1,32952610,ERIC SKALIJ (V8S3J4ERI),7.92384E+11,2026-05-28,2026-05-28,3,0,Restock,0.75,0.04,0.79
1050030,RMA #0AVCIGM1,32952610,ERIC SKALIJ (V8S3J4ERI),7.92384E+11,2026-05-28,2026-05-28,3,0,Storage,0.15,0.01,0.16
1050034,RMA #SEAG98QR,32886407,ARIEL THOMAS (L7G2Z4ARI),7.92371E+11,2026-05-28,2026-05-28,0,0,Service Center Labor,1.42,0.07,1.49
1050034,RMA #SEAG98QR,32886407,ARIEL THOMAS (L7G2Z4ARI),7.92371E+11,2026-05-28,2026-05-28,1,0,Restock,0.25,0.01,0.26
1050034,RMA #SEAG98QR,32886407,ARIEL THOMAS (L7G2Z4ARI),7.92371E+11,2026-05-28,2026-05-28,1,0,Returns,2.07,0.1,2.17
1050034,RMA #SEAG98QR,32886407,ARIEL THOMAS (L7G2Z4ARI),7.92371E+11,2026-05-28,2026-05-28,1,0,Storage,0.05,0,0.05
1050037,RMA #XOSF5YRO,32692920,MATILDA CHIU (V3R0T9MAT),7.98052E+11,2026-05-28,2026-05-28,1,0,Restock,0.25,0.01,0.26
1050037,RMA #XOSF5YRO,32692920,MATILDA CHIU (V3R0T9MAT),7.98052E+11,2026-05-28,2026-05-28,0,0,Service Center Labor,1.42,0.07,1.49
1050037,RMA #XOSF5YRO,32692920,MATILDA CHIU (V3R0T9MAT),7.98052E+11,2026-05-28,2026-05-28,1,0,Returns,2.07,0.1,2.17
1050037,RMA #XOSF5YRO,32692920,MATILDA CHIU (V3R0T9MAT),7.98052E+11,2026-05-28,2026-05-28,1,0,Storage,0.05,0,0.05
1050048,RMA #IRC6HD00,32872675,ANJALI ARORA (M6S2W1ANJ),7.92369E+11,2026-05-28,2026-05-28,1,0,Restock,0.25,0.01,0.26
1050048,RMA #IRC6HD00,32872675,ANJALI ARORA (M6S2W1ANJ),7.92369E+11,2026-05-28,2026-05-28,0,0,Service Center Labor,1.42,0.07,1.49
1050048,RMA #IRC6HD00,32872675,ANJALI ARORA (M6S2W1ANJ),7.92369E+11,2026-05-28,2026-05-28,1,0,Returns,2.07,0.1,2.17
1050048,RMA #IRC6HD00,32872675,ANJALI ARORA (M6S2W1ANJ),7.92369E+11,2026-05-28,2026-05-28,1,0,Storage,0.05,0,0.05
1050050,RMA #UJCPJ8VJ,32852433,MARTHINUS KRUGER (L1C5L1MAR),7.92359E+11,2026-05-28,2026-05-28,1,0,Restock,0.25,0.01,0.26
1050050,RMA #UJCPJ8VJ,32852433,MARTHINUS KRUGER (L1C5L1MAR),7.92359E+11,2026-05-28,2026-05-28,0,0,Service Center Labor,1.42,0.07,1.49
1050050,RMA #UJCPJ8VJ,32852433,MARTHINUS KRUGER (L1C5L1MAR),7.92359E+11,2026-05-28,2026-05-28,1,0,Returns,2.07,0.1,2.17
1050050,RMA #UJCPJ8VJ,32852433,MARTHINUS KRUGER (L1C5L1MAR),7.92359E+11,2026-05-28,2026-05-28,1,0,Storage,0.05,0,0.05
1050052,RMA #NHAN9KRH,32889306,LISA KOWALCHUK (M4J1E3LIS),7.92372E+11,2026-05-28,2026-05-28,0,0,Service Center Labor,1.42,0.07,1.49
1050052,RMA #NHAN9KRH,32889306,LISA KOWALCHUK (M4J1E3LIS),7.92372E+11,2026-05-28,2026-05-28,1,0,Returns,2.07,0.1,2.17
1050052,RMA #NHAN9KRH,32889306,LISA KOWALCHUK (M4J1E3LIS),7.92372E+11,2026-05-28,2026-05-28,1,0,Restock,0.25,0.01,0.26
1050052,RMA #NHAN9KRH,32889306,LISA KOWALCHUK (M4J1E3LIS),7.92372E+11,2026-05-28,2026-05-28,1,0,Storage,0.05,0,0.05
1050053,RMA #UORF76CZ,32913180,SHANNON BASISTY (T4H1K3SHA),7.92375E+11,2026-05-28,2026-05-28,0,0,Service Center Labor,1.42,0.07,1.49
1050053,RMA #UORF76CZ,32913180,SHANNON BASISTY (T4H1K3SHA),7.92375E+11,2026-05-28,2026-05-28,1,0,Restock,0.25,0.01,0.26
1050053,RMA #UORF76CZ,32913180,SHANNON BASISTY (T4H1K3SHA),7.92375E+11,2026-05-28,2026-05-28,1,0,Returns,2.07,0.1,2.17
1050053,RMA #UORF76CZ,32913180,SHANNON BASISTY (T4H1K3SHA),7.92375E+11,2026-05-28,2026-05-28,1,0,Storage,0.05,0,0.05
1050054,RMA #K9GOHBU2,32939485,MAGGIE VIELGUTH (T2W2M3MAG),7.92381E+11,2026-05-28,2026-05-28,2,0,Returns,2.74,0.14,2.88
1050054,RMA #K9GOHBU2,32939485,MAGGIE VIELGUTH (T2W2M3MAG),7.92381E+11,2026-05-28,2026-05-28,2,0,Restock,0.5,0.03,0.53
1050054,RMA #K9GOHBU2,32939485,MAGGIE VIELGUTH (T2W2M3MAG),7.92381E+11,2026-05-28,2026-05-28,0,0,Service Center Labor,2.36,0.12,2.48
1050054,RMA #K9GOHBU2,32939485,MAGGIE VIELGUTH (T2W2M3MAG),7.92381E+11,2026-05-28,2026-05-28,2,0,Storage,0.1,0.01,0.11
1050056,RMA #069RHRIV,32839896,RAMONA KUZYK (V9S1A4RAM),7.92355E+11,2026-05-28,2026-05-28,1,0,Returns,2.07,0.1,2.17
1050056,RMA #069RHRIV,32839896,RAMONA KUZYK (V9S1A4RAM),7.92355E+11,2026-05-28,2026-05-28,0,0,Service Center Labor,1.42,0.07,1.49
1050056,RMA #069RHRIV,32839896,RAMONA KUZYK (V9S1A4RAM),7.92355E+11,2026-05-28,2026-05-28,1,0,Restock,0.25,0.01,0.26
1050056,RMA #069RHRIV,32839896,RAMONA KUZYK (V9S1A4RAM),7.92355E+11,2026-05-28,2026-05-28,1,0,Storage,0.05,0,0.05
1050238,RMA #8CX25KWL,32860728,MARIE-EVE NADEAU (H2K4E8MAR),7.92362E+11,2026-05-29,2026-05-29,1,0,Returns,2.07,0.1,2.17
1050238,RMA #8CX25KWL,32860728,MARIE-EVE NADEAU (H2K4E8MAR),7.92362E+11,2026-05-29,2026-05-29,1,0,Restock,0.25,0.01,0.26
1050238,RMA #8CX25KWL,32860728,MARIE-EVE NADEAU (H2K4E8MAR),7.92362E+11,2026-05-29,2026-05-29,0,0,Service Center Labor,1.42,0.07,1.49
1050287,RMA #LYNFV75C,32943892,MAUDE MAILHOT-LEONARD (H2V3S3MAU),6.00664E+15,2026-05-29,2026-05-29,0,0,Service Center Labor,1.42,0.07,1.49
1050287,RMA #LYNFV75C,32943892,MAUDE MAILHOT-LEONARD (H2V3S3MAU),6.00664E+15,2026-05-29,2026-05-29,1,0,Restock,0.25,0.01,0.26
1050287,RMA #LYNFV75C,32943892,MAUDE MAILHOT-LEONARD (H2V3S3MAU),6.00664E+15,2026-05-29,2026-05-29,1,0,Returns,2.07,0.1,2.17
1050332,RMA #W6GOC2D0,32851802,EVE LAMOUREUX (H1X2V1EVE),6.00664E+15,2026-05-29,2026-05-29,1,0,Returns,2.07,0.1,2.17
1050332,RMA #W6GOC2D0,32851802,EVE LAMOUREUX (H1X2V1EVE),6.00664E+15,2026-05-29,2026-05-29,1,0,Restock,0.25,0.01,0.26
1050332,RMA #W6GOC2D0,32851802,EVE LAMOUREUX (H1X2V1EVE),6.00664E+15,2026-05-29,2026-05-29,0,0,Service Center Labor,3.31,0.17,3.48
1050334,RMA #KBD3JRA4,32938579,JULIE PELLETIER (G7S6B3JUL),6.00664E+15,2026-05-29,2026-05-29,0,0,Service Center Labor,3.31,0.17,3.48
1050334,RMA #KBD3JRA4,32938579,JULIE PELLETIER (G7S6B3JUL),6.00664E+15,2026-05-29,2026-05-29,2,0,Returns,2.74,0.14,2.88
1050334,RMA #KBD3JRA4,32938579,JULIE PELLETIER (G7S6B3JUL),6.00664E+15,2026-05-29,2026-05-29,2,0,Restock,0.5,0.03,0.53
1050336,RMA #HBSXKJ0T,32913868,DONNA ENGLEHARDT (N0N1C0DON),6.00664E+15,2026-05-29,2026-05-29,0,0,Service Center Labor,3.78,0.19,3.97
1050336,RMA #HBSXKJ0T,32913868,DONNA ENGLEHARDT (N0N1C0DON),6.00664E+15,2026-05-29,2026-05-29,2,0,Returns,2.74,0.14,2.88
1050336,RMA #HBSXKJ0T,32913868,DONNA ENGLEHARDT (N0N1C0DON),6.00664E+15,2026-05-29,2026-05-29,2,0,Restock,0.5,0.03,0.53
1050338,RMA #FNQECRHB,32834832,DEREK BOYER (L7L1G9DER),6.00664E+15,2026-05-29,2026-05-29,1,0,Restock,0.25,0.01,0.26
1050338,RMA #FNQECRHB,32834832,DEREK BOYER (L7L1G9DER),6.00664E+15,2026-05-29,2026-05-29,1,0,Returns,2.07,0.1,2.17
1050338,RMA #FNQECRHB,32834832,DEREK BOYER (L7L1G9DER),6.00664E+15,2026-05-29,2026-05-29,0,0,Service Center Labor,2.36,0.12,2.48
Inbound Shipment,Client Ref 1,Client Ref 2,Shipped From,BOL Number,,,,,Service,,,
1008544,F4041449648 ,RESHIPPED,REFUSAL- LAKE LIFE ,LSHP48853615,2026-05-19,2026-05-19,0,0,Returns Freight,18.45,0.92,19.37
1008547,IF4041449540,RESHIPPED,REFUSAL- LAKE LIFE,LSHP48852637,2026-05-19,2026-05-19,0,0,Returns Freight,246.82,12.34,259.16
Shipment,Client Ref 1,Client Ref 2,Customer,BOL Number,,,,,Service,,,
14771589,IF4041453411,2026_05_07_05_13B,T1W2B6VAL - VALHALLA PURE OUTFITTERS - CANMORE,LSHP48558731,2026-05-20,2026-05-08,0,0,Outbound Freight,0.32,0.02,0.34
14770446,IF4041453376,2026_05_07_05_13B,J4B6G4MAR - MARIE-LYN ADAM,3.80952E+11,2026-05-20,2026-05-11,0,0,Outbound Freight,6.91,0.35,7.26
14770447,IF4041453378,2026_05_07_05_13B,M4E2E1 - Kelly Holmes /Sprout Sales Inc.,3.80952E+11,2026-05-20,2026-05-11,0,0,Outbound Freight,6.91,0.9,7.81
14738340,IF4041454902,32785165,T1L1B1BIG - BIG BEAR TRADING CO dba COASTAL CULTURE,LSHP49035592,2026-05-11,2026-05-20,0,0,Outbound Shipment Materials,0.3,0.04,0.34
14738340,IF4041454902,32785165,T1L1B1BIG - BIG BEAR TRADING CO dba COASTAL CULTURE,LSHP49035592,2026-05-11,2026-05-20,1,0,Outbound Freight,109.54,5.48,115.02
14738341,IF4041454903,32785166,V8E1A8BIG - Big Bear Trading Co (Coastal Culture Inc,LSHP49035627,2026-05-11,2026-05-20,1,0,Outbound Freight,103.52,5.18,108.7
14738341,IF4041454903,32785166,V8E1A8BIG - Big Bear Trading Co (Coastal Culture Inc,LSHP49035627,2026-05-11,2026-05-20,0,0,Outbound Shipment Materials,0.3,0.04,0.34
14738345,IF4041455191,32800076,S7N1B4NIC - NICAS CLOTHING AND ACCESSORIES,LSHP49035941,2026-05-11,2026-05-20,4,0,Outbound Freight,146.36,7.32,153.68
14738345,IF4041455191,32800076,S7N1B4NIC - NICAS CLOTHING AND ACCESSORIES,LSHP49035941,2026-05-11,2026-05-20,1,0,Outbound Shipment Materials,1.2,0.14,1.34
14746353,IF4041456555,32848777,M4E2E1 - Kelly Holmes /Sprout Sales Inc.,LSHP49035791,2026-05-13,2026-05-20,5,0,Outbound Freight,127.68,16.6,144.28
14746353,IF4041456555,32848777,M4E2E1 - Kelly Holmes /Sprout Sales Inc.,LSHP49035791,2026-05-13,2026-05-20,4,0,Outbound Shipment Materials,4.36,0.53,4.89
14746354,IF4041453413,32706105,V9L1V8WAL - WALL STREET CLOTHING,LSHP49002289,2026-05-13,2026-05-20,95,3713.5,Outbound Freight,27.76,1.39,29.15
14746354,IF4041453413,32706105,V9L1V8WAL - WALL STREET CLOTHING,LSHP49002289,2026-05-13,2026-05-20,9,3713.5,Outbound Shipment Materials,9.3,1.12,10.42
14746355,IF4041453754,32725168,V8J3T6DRI - DRIFT APPAREL,LSHP49018784,2026-05-13,2026-05-20,78,2048,Outbound Freight,24.24,1.21,25.45
14746355,IF4041453754,32725168,V8J3T6DRI - DRIFT APPAREL,LSHP49018784,2026-05-13,2026-05-20,9,2048,Outbound Shipment Materials,8.71,1.05,9.76
14746496,IF4041452935,32684606,V0R1K0XS - XS IV CHEMAINUS  BEYOND THE USUAL,LSHP49002282,2026-05-13,2026-05-20,9,2666.5,Outbound Shipment Materials,9.3,1.12,10.42
14746496,IF4041452935,32684606,V0R1K0XS - XS IV CHEMAINUS  BEYOND THE USUAL,LSHP49002282,2026-05-13,2026-05-20,81,2666.5,Outbound Freight,30.57,1.53,32.1
14746497,IF4041453408,32706101,V1Z4C9FRE - FREE RIDE,LSHP49002280,2026-05-13,2026-05-20,26,1076.5,Outbound Freight,10.82,0.54,11.36
14746497,IF4041453408,32706101,V1Z4C9FRE - FREE RIDE,LSHP49002280,2026-05-13,2026-05-20,4,1076.5,Outbound Shipment Materials,4.06,0.48,4.54
14746498,IF4041456243,32837562,T8S1R7FRO - FRONTLINE,LSHP49018357,2026-05-13,2026-05-20,4,754.5,Outbound Shipment Materials,4.06,0.48,4.54
14746498,IF4041456243,32837562,T8S1R7FRO - FRONTLINE,LSHP49018357,2026-05-13,2026-05-20,19,754.5,Outbound Freight,15.07,0.75,15.82
14746352,IF4041456533,32848472,V6B1B2MAK - MAKE GASTOWN,4.00747E+15,2026-05-13,2026-05-20,32,763,Outbound Freight,10.42,0.52,10.94
14746352,IF4041456533,32848472,V6B1B2MAK - MAKE GASTOWN,4.00747E+15,2026-05-13,2026-05-20,4,763,Outbound Shipment Materials,4.06,0.48,4.54
14748420,IF4041457066,32862461,V1T2B6VAL - Valhalla Pure Outfitters Inc,5.20547E+11,2026-05-14,2026-05-20,3,85.2,Outbound Shipment Materials,2.93,0.36,3.29
14748420,IF4041457066,32862461,V1T2B6VAL - Valhalla Pure Outfitters Inc,5.20547E+11,2026-05-14,2026-05-20,1,85.2,Outbound Freight,1.25,0.06,1.31
14764265,IF4041458263,32890950,V6B1B2MAK - MAKE GASTOWN,4.00747E+15,2026-05-19,2026-05-20,3,404,Outbound Shipment Materials,2.93,0.36,3.29
14764265,IF4041458263,32890950,V6B1B2MAK - MAKE GASTOWN,4.00747E+15,2026-05-19,2026-05-20,17,404,Outbound Freight,8.35,0.42,8.77
14764267,IF4041458266,32890952,V6B1B2MAK - MAKE GASTOWN,4.00747E+15,2026-05-19,2026-05-20,3,382.5,Outbound Shipment Materials,2.93,0.36,3.29
14764267,IF4041458266,32890952,V6B1B2MAK - MAKE GASTOWN,4.00747E+15,2026-05-19,2026-05-20,17,382.5,Outbound Freight,8.35,0.42,8.77
14764755,IF4041449540,14671111,S0J2Y0LAK - LAKE LIFE,5.20544E+11,2026-05-19,2026-05-21,876,27996,Outbound Freight,306.41,15.32,321.73
14764755,IF4041449540,14671111,S0J2Y0LAK - LAKE LIFE,5.20544E+11,2026-05-19,2026-05-21,15,27996,Handling,30,1.5,31.5
14765188,IF4041449648,14669521,S0J2Y0LAK - LAKE LIFE,5.20544E+11,2026-05-19,2026-05-21,1,0,Outbound Freight,19.88,0.99,20.87
14746351,IF4041456532,32848471,V6H3S4MAK - MAKE,LSHP49042299,2026-05-13,2026-05-21,84,2255.5,Outbound Freight,23,1.15,24.15
14746351,IF4041456532,32848471,V6H3S4MAK - MAKE,LSHP49042299,2026-05-13,2026-05-21,7,2255.5,Outbound Shipment Materials,7.42,0.89,8.31
14748502,IF4041454007,32738233,V5L1Y9MAK - MAKE VANCOUVER FULFILLMENT CENTRE,LSHP49041863,2026-05-14,2026-05-21,23,7111.5,Outbound Shipment Materials,22.66,2.72,25.38
14748502,IF4041454007,32738233,V5L1Y9MAK - MAKE VANCOUVER FULFILLMENT CENTRE,LSHP49041863,2026-05-14,2026-05-21,244,7111.5,Outbound Freight,44.77,2.24,47.01
14749672,IF4041457570,32875042,G7X3B5IMM - Immeubles Ultra Violet Inc.,LSHP49039967,2026-05-14,2026-05-21,4,810,Outbound Shipment Materials,4.06,0.48,4.54
14749672,IF4041457570,32875042,G7X3B5IMM - Immeubles Ultra Violet Inc.,LSHP49039967,2026-05-14,2026-05-21,36,810,Outbound Freight,22.74,1.14,23.88
14764263,IF4041458256,32890947,T9H1L2LUS - LUSSO CLOTHING LTD,LSHP49042168,2026-05-19,2026-05-21,5,871,Outbound Shipment Materials,4.65,0.56,5.21
14764263,IF4041458256,32890947,T9H1L2LUS - LUSSO CLOTHING LTD,LSHP49042168,2026-05-19,2026-05-21,34,871,Outbound Freight,20.24,1.01,21.25
14764264,IF4041458261,32890949,V6H3S4MAK - MAKE,LSHP49039207,2026-05-19,2026-05-21,5,1044,Outbound Shipment Materials,4.65,0.56,5.21
14764264,IF4041458261,32890949,V6H3S4MAK - MAKE,LSHP49039207,2026-05-19,2026-05-21,40,1044,Outbound Freight,13.67,0.68,14.35
14746499,IF4041456252,32837668,T2E6W5MRG - MRG - BANFF #573,1Z2VW7552093793755,2026-05-13,2026-05-21,83,1867.5,Outbound Freight,19.2,0.96,20.16
14746499,IF4041456252,32837668,T2E6W5MRG - MRG - BANFF #573,1Z2VW7552093793755,2026-05-13,2026-05-21,5,1867.5,Outbound Shipment Materials,4.65,0.56,5.21
14749673,IF4041457566,32874940,J6E3H4KOI - KOIA VETEMENTS,4.00747E+15,2026-05-14,2026-05-21,3,460.5,Outbound Shipment Materials,2.93,0.36,3.29
14749673,IF4041457566,32874940,J6E3H4KOI - KOIA VETEMENTS,4.00747E+15,2026-05-14,2026-05-21,15,460.5,Outbound Freight,15.76,0.79,16.55
14764266,IF4041458265,32890951,V6H3S4MAK - MAKE,LSHP49075135,2026-05-19,2026-05-22,9,2698,Outbound Shipment Materials,8.71,1.05,9.76
14764266,IF4041458265,32890951,V6H3S4MAK - MAKE,LSHP49075135,2026-05-19,2026-05-22,118,2698,Outbound Freight,20.59,1.03,21.62
14765801,IF4041460181,32934011,T0C2J0MAN - MANDYS FASHION AND FOOTWEAR (205301 HOLD,LSHP49075031,2026-05-19,2026-05-22,4,710.5,Outbound Shipment Materials,4.06,0.48,4.54
14765801,IF4041460181,32934011,T0C2J0MAN - MANDYS FASHION AND FOOTWEAR (205301 HOLD,LSHP49075031,2026-05-19,2026-05-22,26,710.5,Outbound Freight,14.77,0.74,15.51
14746387,IF4041453759,Consolidated Shipment,"L5T1A7LID - LIDS CANADA, INC.",14746387,2026-05-13,2026-05-22,40,67072.5,Outbound Shipment Materials,40.46,4.85,45.31
14746387,IF4041453759,Consolidated Shipment,"L5T1A7LID - LIDS CANADA, INC.",14746387,2026-05-13,2026-05-22,2,67072.5,Pallet Prep,21,1.05,22.05
14746387,IF4041453759,Consolidated Shipment,"L5T1A7LID - LIDS CANADA, INC.",14746387,2026-05-13,2026-05-22,1,67072.5,Outbound Freight,24,1.2,25.2
14767879,IF4041460277,32939359,V8B0B6SEA - SEA TO SKY GONDOLA,3.81502E+11,2026-05-20,2026-05-22,206,7213.5,Outbound Freight,44.49,2.22,46.71
14767879,IF4041460277,32939359,V8B0B6SEA - SEA TO SKY GONDOLA,3.81502E+11,2026-05-20,2026-05-22,14,7213.5,Outbound Shipment Materials,13.95,1.68,15.63
14765800,IF4041452559,32662868,B0S1A0CRO - CROWN & ANCHOR ELEVATED LIVING,1Z2VW7552094484006,2026-05-19,2026-05-22,27,9904.5,Outbound Shipment Materials,27.31,3.28,30.59
14765800,IF4041452559,32662868,B0S1A0CRO - CROWN & ANCHOR ELEVATED LIVING,1Z2VW7552094484006,2026-05-19,2026-05-22,243,9904.5,Outbound Freight,123.69,17.32,141.01
14767878,IF4041460273,32939358,V8B0B6SEA - SEA TO SKY GONDOLA,1Z2VW7552098684695,2026-05-20,2026-05-22,345,7762.5,Outbound Freight,57.71,2.89,60.6
14767878,IF4041460273,32939358,V8B0B6SEA - SEA TO SKY GONDOLA,1Z2VW7552098684695,2026-05-20,2026-05-22,22,7762.5,Outbound Shipment Materials,22.07,2.64,24.71
14767880,IF4041460278,32939360,V8B0B6SEA - SEA TO SKY GONDOLA,1Z2VW7552098962741,2026-05-20,2026-05-22,14,4740,Outbound Shipment Materials,13.95,1.68,15.63
14767880,IF4041460278,32939360,V8B0B6SEA - SEA TO SKY GONDOLA,1Z2VW7552098962741,2026-05-20,2026-05-22,216,4740,Outbound Freight,31.76,1.59,33.35
14765799,IF4041452440,32659550,V0R2G0SWO - SWORDFERN BOUTIQUE,4.00747E+15,2026-05-19,2026-05-22,12,4072.5,Outbound Shipment Materials,12.23,1.47,13.7
14765799,IF4041452440,32659550,V0R2G0SWO - SWORDFERN BOUTIQUE,4.00747E+15,2026-05-19,2026-05-22,130,4072.5,Outbound Freight,91.27,4.56,95.83
14765802,IF4041460182,32934012,V6H3S4MAK - MAKE,4.00747E+15,2026-05-19,2026-05-22,4,708,Outbound Shipment Materials,4.06,0.48,4.54
14765802,IF4041460182,32934012,V6H3S4MAK - MAKE,4.00747E+15,2026-05-19,2026-05-22,21,708,Outbound Freight,10.42,0.52,10.94
14765806,IF4041460178,32934008,R2L0V4FRI - FRIDAY'S APPAREL,4.00747E+15,2026-05-19,2026-05-22,2,98,Outbound Freight,13.21,0.66,13.87
14765806,IF4041460178,32934008,R2L0V4FRI - FRIDAY'S APPAREL,4.00747E+15,2026-05-19,2026-05-22,3,98,Outbound Shipment Materials,2.79,0.34,3.13
14771799,IF4041460423,32947564,V3S9N7PEA - PEACE ARCH DUTY FREE SHOP,4.00747E+15,2026-05-20,2026-05-22,67,1666.5,Outbound Freight,14.8,0.74,15.54
14771799,IF4041460423,32947564,V3S9N7PEA - PEACE ARCH DUTY FREE SHOP,4.00747E+15,2026-05-20,2026-05-22,5,1666.5,Outbound Shipment Materials,4.65,0.56,5.21
14749674,IF4041457546,32874735,V1T2B6VAL - Valhalla Pure Outfitters Inc,5.20551E+11,2026-05-14,2026-05-22,3,226,Outbound Shipment Materials,2.79,0.34,3.13
14749674,IF4041457546,32874735,V1T2B6VAL - Valhalla Pure Outfitters Inc,5.20551E+11,2026-05-14,2026-05-22,1,226,Outbound Freight,1.25,0.06,1.31
14765804,IF4041460174,32933905,V1T2B6VAL - Valhalla Pure Outfitters Inc,5.20551E+11,2026-05-19,2026-05-22,3,250.8,Outbound Shipment Materials,2.93,0.36,3.29
14765804,IF4041460174,32933905,V1T2B6VAL - Valhalla Pure Outfitters Inc,5.20551E+11,2026-05-19,2026-05-22,1,250.8,Outbound Freight,1.25,0.06,1.31
14768067,IF4041460198,32934724,P1H2B8REF - REFLECTIONS OF MUSKOKA,8.72196E+11,2026-05-20,2026-05-25,0,90,Outbound Shipment Materials,0.48,0.05,0.53
14768067,IF4041460198,32934724,P1H2B8REF - REFLECTIONS OF MUSKOKA,8.72196E+11,2026-05-20,2026-05-25,4,90,Outbound Freight,16.9,2.2,19.1
14765803,IF4041460189,32934218,T2E7V6THE - THE CALGARY ZOOLOGICAL SOCIETY,1Z2VW7552098451561,2026-05-19,2026-05-25,2,50,Outbound Freight,10.9,0.55,11.45
14765803,IF4041460189,32934218,T2E7V6THE - THE CALGARY ZOOLOGICAL SOCIETY,1Z2VW7552098451561,2026-05-19,2026-05-25,3,50,Outbound Shipment Materials,2.79,0.34,3.13
14771800,IF4041460425,32947566,L6T4H8THE - The Nuance Group (Canada) Inc,5.20553E+11,2026-05-20,2026-05-25,55,1237.5,Outbound Freight,22.7,2.95,25.65
14771800,IF4041460425,32947566,L6T4H8THE - The Nuance Group (Canada) Inc,5.20553E+11,2026-05-20,2026-05-25,5,1237.5,Outbound Shipment Materials,4.65,0.56,5.21
14785802,IF4041460173,Consolidated Shipment,V1T2B6VAL - Valhalla Pure Outfitters Inc,5.20554E+11,2026-05-25,2026-05-25,1,101.5,Outbound Shipment Materials,0.98,0.12,1.1
14785802,IF4041460173,Consolidated Shipment,V1T2B6VAL - Valhalla Pure Outfitters Inc,5.20554E+11,2026-05-25,2026-05-25,3,101.5,Outbound Freight,3.75,0.19,3.94
14764268,IF4041455181,32799966,V8B0G8VAL - VALHALLA PURE SQUAMISH,4.00747E+15,2026-05-19,2026-05-25,5,1990.5,Outbound Shipment Materials,4.65,0.56,5.21
14764268,IF4041455181,32799966,V8B0G8VAL - VALHALLA PURE SQUAMISH,4.00747E+15,2026-05-19,2026-05-25,65,1990.5,Outbound Freight,14.72,0.74,15.46
14764269,IF4041455184,32800070,V8B0G8VAL - VALHALLA PURE SQUAMISH,4.00747E+15,2026-05-19,2026-05-25,55,1962,Outbound Freight,14.96,0.75,15.71
14764269,IF4041455184,32800070,V8B0G8VAL - VALHALLA PURE SQUAMISH,4.00747E+15,2026-05-19,2026-05-25,5,1962,Outbound Shipment Materials,4.65,0.56,5.21
14771798,IF4041460434,32947669,V3S9N7PEA - PEACE ARCH DUTY FREE SHOP,LSHP49175963,2026-05-20,2026-05-26,1,0,Outbound Freight,95.22,4.76,99.98
14771798,IF4041460434,32947669,V3S9N7PEA - PEACE ARCH DUTY FREE SHOP,LSHP49175963,2026-05-20,2026-05-26,0,0,Outbound Shipment Materials,0.3,0.04,0.34
14771801,IF4041460426,32947567,V7B1K4VAN - VANCOUVER LP WDFG,LSHP49142848,2026-05-20,2026-05-26,9,2430,Outbound Shipment Materials,8.71,1.05,9.76
14771801,IF4041460426,32947567,V7B1K4VAN - VANCOUVER LP WDFG,LSHP49142848,2026-05-20,2026-05-26,108,2430,Outbound Freight,18.33,0.92,19.25
14764270,IF4041455094,32794468,A0P1E0BLI - BLIZZARD CORP. LTD.,4.00747E+15,2026-05-19,2026-05-26,22,775.5,Outbound Freight,55.7,8.36,64.06
14764270,IF4041455094,32794468,A0P1E0BLI - BLIZZARD CORP. LTD.,4.00747E+15,2026-05-19,2026-05-26,5,775.5,Outbound Shipment Materials,4.65,0.56,5.21
14784941,IF4041460984,32971806,V6B1B2MAK - MAKE GASTOWN,4.00747E+15,2026-05-25,2026-05-26,3,313,Outbound Shipment Materials,2.93,0.36,3.29
14784941,IF4041460984,32971806,V6B1B2MAK - MAKE GASTOWN,4.00747E+15,2026-05-25,2026-05-26,12,313,Outbound Freight,8.33,0.42,8.75
14786110,IF4041461702,33000672,V1T2B6VAL - Valhalla Pure Outfitters Inc,5.20555E+11,2026-05-25,2026-05-26,4,283.4,Outbound Shipment Materials,4.06,0.48,4.54
14786110,IF4041461702,33000672,V1T2B6VAL - Valhalla Pure Outfitters Inc,5.20555E+11,2026-05-25,2026-05-26,1,283.4,Outbound Freight,1.25,0.06,1.31
14777988,IF4041460880,32969242,L1P1X9AJD - Ajdin Agic,8.72288E+11,2026-05-22,2026-05-27,8,1225,Outbound Shipment Materials,8.12,0.98,9.1
14777988,IF4041460880,32969242,L1P1X9AJD - Ajdin Agic,8.72288E+11,2026-05-22,2026-05-27,70,1225,Outbound Freight,47.72,6.2,53.92
14784942,IF4041460985,32971807,V0A1H0TOP - TOP NOTCH,LSHP49183629,2026-05-25,2026-05-27,19,696.7,Outbound Freight,21.02,1.05,22.07
14784942,IF4041460985,32971807,V0A1H0TOP - TOP NOTCH,LSHP49183629,2026-05-25,2026-05-27,4,696.7,Outbound Shipment Materials,4.06,0.48,4.54
14788512,IF4041461812,33003890,V1E1B4HAR - HARTTY CLOTHING,LSHP49184053,2026-05-26,2026-05-27,24,822.9,Outbound Freight,10.89,0.54,11.43
14788512,IF4041461812,33003890,V1E1B4HAR - HARTTY CLOTHING,LSHP49184053,2026-05-26,2026-05-27,4,822.9,Outbound Shipment Materials,4.06,0.48,4.54
14788511,IF4041461809,33003887,V6H3S4MAK - MAKE,4.00747E+15,2026-05-26,2026-05-27,4,472.5,Outbound Shipment Materials,4.06,0.48,4.54
14788511,IF4041461809,33003887,V6H3S4MAK - MAKE,4.00747E+15,2026-05-26,2026-05-27,21,472.5,Outbound Freight,10.39,0.52,10.91
Storage,Client Ref 1,Client Ref 2,Shipped From,BOL Number,,,,,Service,,,
21110,,,,,2026-06-01,2026-05-31,97607,0,Storage,7645.92,382.32,8028.24
Work Order,Client Ref 1,Client Ref 2,Parent Document,PO Number,,,,,Service,,,
3927223,BigSteelBox,INV-391067,,,2026-05-25,2026-05-17,1,0,Recoverable Materials,277.87,33.34,311.21
3926079,PO 04701,FedEx 871689978203,,,2026-05-21,2026-05-22,4,0,Repackaging,0.72,0.04,0.76
3927306,CC 05-25-2026,,,,2026-05-25,2026-05-25,4,0,Cycle Count,189,9.45,198.45
3927799,FO-ABAE8824,IF4041450744,,,2026-05-26,2026-05-27,3,0,Repackaging,0.54,0.03,0.57
3928172,FO-77FE29AC,IF4041450746,,,2026-05-27,2026-05-28,87,0,Repackaging,15.66,0.78,16.44
3928058,FO-7416522A,IF4041450733,,,2026-05-27,2026-05-28,30,0,Repackaging,5.4,0.27,5.67
3928680,MEC Retag,,,,2026-05-28,2026-05-28,13,0,Warehouse Labour,614.25,30.71,644.96
3928680,MEC Retag,,,,2026-05-28,2026-05-28,901,0,Shop Supplies,9.01,0.45,9.46
3928691,CC 05-28-2026,,,,2026-05-28,2026-05-28,4,0,Cycle Count,189,9.45,198.45
3928629,FO-6C3926DD,IF4041450743,,,2026-05-28,2026-05-29,60,0,Repackaging,10.8,0.54,11.34
3928472,FO-7416522A,IF4041450733,,,2026-05-28,2026-05-29,56,0,Repackaging,10.08,0.5,10.58
3929278,MEC retagging,,,,2026-05-29,2026-05-29,7,0,Shop Supplies,48.86,2.45,51.31
3929278,MEC retagging,,,,2026-05-29,2026-05-29,6,0,Warehouse Labour,307.13,15.36,322.49
3929289,CC 05-29-2026,,,,2026-05-29,2026-05-29,0,0,Cycle Count,23.63,1.18,24.81
3929323,PALLET STORAGE,Jun-26,,,2026-05-29,2026-05-29,2,0,Storage,70,3.5,73.5
3929217,FO-6C3926DD,IF4041450743,,,2026-05-29,2026-05-30,12,0,Repackaging,2.16,0.11,2.27
3929237,FO-038E4E13,IF4041450747,,,2026-05-29,2026-05-30,6,0,Repackaging,1.08,0.05,1.13
"Wednesday, June 3, 2026",,,,,,,,,,,,
