OrderID,Client Ref 1,Client Ref 2,Customer,PO Number,Doc. Date,Completed,Units,Value,Service,Charges,Taxes,Inv. Amt
16627344,IF4041461801,33003883,V6B1B2MAK - MAKE GASTOWN,10504-RET2-JBO,2026-05-26,2026-06-01,154,4282.5,Order NonMasterPack,77,3.85,80.85
16627344,IF4041461801,33003883,V6B1B2MAK - MAKE GASTOWN,10504-RET2-JBO,2026-05-26,2026-06-01,1,4282.5,Order Processing,2,0.1,2.1
16581206,IF4041456015,32829612,A2N1J3COA - COAST CLOTHING,CO0624,2026-05-11,2026-06-01,1,1337,Order Processing,2,0.1,2.1
16581206,IF4041456015,32829612,A2N1J3COA - COAST CLOTHING,CO0624,2026-05-11,2026-06-01,36,1337,Order NonMasterPack,18,0.9,18.9
16629132,IF4041461922,33009061,V7B1W2HUD - Hudson Grp VANCOUVER INT'L AIRPORT,4503870979,2026-05-26,2026-06-01,116,2610,Order NonMasterPack,58,2.9,60.9
16629132,IF4041461922,33009061,V7B1W2HUD - Hudson Grp VANCOUVER INT'L AIRPORT,4503870979,2026-05-26,2026-06-01,1,2610,Order Processing,2,0.1,2.1
16581204,IF4041456010,32829609,N0B2N0CHA - CHANGE LIFESTYLE & APPAREL,Spring26June,2026-05-11,2026-06-01,49,1483,Order NonMasterPack,24.5,1.23,25.73
16581204,IF4041456010,32829609,N0B2N0CHA - CHANGE LIFESTYLE & APPAREL,Spring26June,2026-05-11,2026-06-01,1,1483,Order Processing,2,0.1,2.1
16581205,IF4041456013,32829611,B0E1N0CAP - CAPER GYM AND FITNESS INC dba THE CENTRA,26-Jun,2026-05-11,2026-06-01,1,3351.5,Order Processing,2,0.1,2.1
16581205,IF4041456013,32829611,B0E1N0CAP - CAPER GYM AND FITNESS INC dba THE CENTRA,26-Jun,2026-05-11,2026-06-01,114,3351.5,Order NonMasterPack,57,2.85,59.85
16581207,IF4041456016,32829613,R7A1G6STR - STREAM N WOOD,s26 del 3,2026-05-11,2026-06-01,1,1172,Order Processing,2,0.1,2.1
16581207,IF4041456016,32829613,R7A1G6STR - STREAM N WOOD,s26 del 3,2026-05-11,2026-06-01,40,1172,Order NonMasterPack,20,1,21
16581208,IF4041456019,32829616,V0R1M0WAB - WABISABI BOARDWEAR,Tentree Wom SUM26 June,2026-05-11,2026-06-01,1,1710,Order Processing,2,0.1,2.1
16581208,IF4041456019,32829616,V0R1M0WAB - WABISABI BOARDWEAR,Tentree Wom SUM26 June,2026-05-11,2026-06-01,48,1710,Order NonMasterPack,24,1.2,25.2
16591915,IF4041457569,32874941,V0R2G0SWO - SWORDFERN BOUTIQUE,summer 26,2026-05-14,2026-06-01,1,4935.5,Order Processing,2,0.1,2.1
16591915,IF4041457569,32874941,V0R2G0SWO - SWORDFERN BOUTIQUE,summer 26,2026-05-14,2026-06-01,140,4935.5,Order NonMasterPack,70,3.5,73.5
16632206,IF4041462113,33020843,B0S1A0CRO - CROWN & ANCHOR ELEVATED LIVING,Tentree - Immediate,2026-05-27,2026-06-01,6,135,Order NonMasterPack,3,0.15,3.15
16632206,IF4041462113,33020843,B0S1A0CRO - CROWN & ANCHOR ELEVATED LIVING,Tentree - Immediate,2026-05-27,2026-06-01,1,135,Order Processing,2,0.1,2.1
16627342,IF4041461799,33003881,V7R4J1CAP - CAPILANO TRADING POST,1-20096,2026-05-26,2026-06-02,1,24596,Order Processing,2,0.1,2.1
16627342,IF4041461799,33003881,V7R4J1CAP - CAPILANO TRADING POST,1-20096,2026-05-26,2026-06-02,20,24596,Order Master Pack Carton,40,2,42
16627342,IF4041461799,33003881,V7R4J1CAP - CAPILANO TRADING POST,1-20096,2026-05-26,2026-06-02,286,24596,Order NonMasterPack,143,7.15,150.15
16627345,IF4041461803,33003884,V7R4K9GRO - GROUSE MOUNTAIN RESORTS LTD.,12301,2026-05-26,2026-06-02,1,4749,Order Processing,2,0.1,2.1
16627345,IF4041461803,33003884,V7R4K9GRO - GROUSE MOUNTAIN RESORTS LTD.,12301,2026-05-26,2026-06-02,184,4749,Order NonMasterPack,92,4.6,96.6
16631711,IF4041462095,33019921,UNIT100MEC - MEC Kelowna,MEC x tentree hats,2026-05-27,2026-06-02,28,1750,Order NonMasterPack,14,0.7,14.7
16631711,IF4041462095,33019921,UNIT100MEC - MEC Kelowna,MEC x tentree hats,2026-05-27,2026-06-02,1,1750,Order Processing,2,0.1,2.1
16631711,IF4041462095,33019921,UNIT100MEC - MEC Kelowna,MEC x tentree hats,2026-05-27,2026-06-02,1,1750,Order Master Pack Carton,2,0.1,2.1
16627341,IF4041461798,33003880,V8B0B6SEA - SEA TO SKY GONDOLA,tentree custom SS26 Del 1 pt 2,2026-05-26,2026-06-02,182,20533,Order NonMasterPack,91,4.55,95.55
16627341,IF4041461798,33003880,V8B0B6SEA - SEA TO SKY GONDOLA,tentree custom SS26 Del 1 pt 2,2026-05-26,2026-06-02,23,20533,Order Master Pack Carton,46,2.3,48.3
16627341,IF4041461798,33003880,V8B0B6SEA - SEA TO SKY GONDOLA,tentree custom SS26 Del 1 pt 2,2026-05-26,2026-06-02,1,20533,Order Processing,2,0.1,2.1
16634653,IF4041462122,33021257,V8B0H2THE - THE SQUAMISH STORE,JUNIPERS26001,2026-05-28,2026-06-02,1,2250,Order Processing,2,0.1,2.1
16634653,IF4041462122,33021257,V8B0H2THE - THE SQUAMISH STORE,JUNIPERS26001,2026-05-28,2026-06-02,60,2250,Order NonMasterPack,30,1.5,31.5
16634653,IF4041462122,33021257,V8B0H2THE - THE SQUAMISH STORE,JUNIPERS26001,2026-05-28,2026-06-02,1,2250,Order Master Pack Carton,2,0.1,2.1
16634656,IF4041462238,33028726,V1T2B6VAL - Valhalla Pure Outfitters Inc,TEN260527,2026-05-28,2026-06-02,3,58.1,Order NonMasterPack,1.5,0.08,1.58
16634656,IF4041462238,33028726,V1T2B6VAL - Valhalla Pure Outfitters Inc,TEN260527,2026-05-28,2026-06-02,1,58.1,Order Processing,2,0.1,2.1
16631709,IF4041462002,33013329,K1V9B4961 - 9613 Paradies Ottawa,4500810509,2026-05-27,2026-06-02,1,1264,Order Processing,2,0.1,2.1
16631709,IF4041462002,33013329,K1V9B4961 - 9613 Paradies Ottawa,4500810509,2026-05-27,2026-06-02,52,1264,Order NonMasterPack,26,1.3,27.3
16631710,IF4041462003,33013330,T9E0V978 - 9785 Paradies Edmonton,4500810510,2026-05-27,2026-06-02,1,866,Order Processing,2,0.1,2.1
16631710,IF4041462003,33013330,T9E0V978 - 9785 Paradies Edmonton,4500810510,2026-05-27,2026-06-02,36,866,Order NonMasterPack,18,0.9,18.9
16631712,IF4041462004,33013331,T2E3B9940 - 9403 Paradies Calgary,4500810508,2026-05-27,2026-06-02,83,2012.5,Order NonMasterPack,41.5,2.08,43.58
16631712,IF4041462004,33013331,T2E3B9940 - 9403 Paradies Calgary,4500810508,2026-05-27,2026-06-02,1,2012.5,Order Processing,2,0.1,2.1
16636325,IF4041462322,33033302,N0B2N0CHA - CHANGE LIFESTYLE & APPAREL,May-26,2026-05-29,2026-06-03,1,317.3,Order Processing,2,0.1,2.1
16636325,IF4041462322,33033302,N0B2N0CHA - CHANGE LIFESTYLE & APPAREL,May-26,2026-05-29,2026-06-03,13,317.3,Order NonMasterPack,6.5,0.33,6.83
16643889,IF4041462849,33058786,V1T2B6VAL - Valhalla Pure Outfitters Inc,TEN260529,2026-06-01,2026-06-03,3,60.6,Order NonMasterPack,1.5,0.08,1.58
16643889,IF4041462849,33058786,V1T2B6VAL - Valhalla Pure Outfitters Inc,TEN260529,2026-06-01,2026-06-03,1,60.6,Order Processing,2,0.1,2.1
16627343,IF4041461800,33003882,T0L1E0MOR - Moraine Lake / Cap group,1-20101,2026-05-26,2026-06-03,20,47173,Order Master Pack Carton,40,2,42
16627343,IF4041461800,33003882,T0L1E0MOR - Moraine Lake / Cap group,1-20101,2026-05-26,2026-06-03,1,47173,Order Processing,2,0.1,2.1
16627343,IF4041461800,33003882,T0L1E0MOR - Moraine Lake / Cap group,1-20101,2026-05-26,2026-06-03,1178,47173,Order NonMasterPack,589,29.45,618.45
16637812,IF4041462451,33040875,"L5T1A7LID - LIDS CANADA, INC.",2P000026167,2026-05-29,2026-06-04,6,11250,Order Master Pack Carton,12,0.6,12.6
16637812,IF4041462451,33040875,"L5T1A7LID - LIDS CANADA, INC.",2P000026167,2026-05-29,2026-06-04,72,11250,Order NonMasterPack,36,1.8,37.8
16637812,IF4041462451,33040875,"L5T1A7LID - LIDS CANADA, INC.",2P000026167,2026-05-29,2026-06-04,1,11250,Order Processing,2,0.1,2.1
16637811,IF4041462450,33040874,"L5T1A7LID - LIDS CANADA, INC.",2P000026167,2026-05-29,2026-06-04,155,18135,Order NonMasterPack,77.5,3.88,81.38
16637811,IF4041462450,33040874,"L5T1A7LID - LIDS CANADA, INC.",2P000026167,2026-05-29,2026-06-04,1,18135,Order Processing,2,0.1,2.1
16637811,IF4041462450,33040874,"L5T1A7LID - LIDS CANADA, INC.",2P000026167,2026-05-29,2026-06-04,9,18135,Order Master Pack Carton,18,0.9,18.9
16637813,IF4041462452,33040876,"L5T1A7LID - LIDS CANADA, INC.",2P000026167,2026-05-29,2026-06-04,1,12420,Order Processing,2,0.1,2.1
16637813,IF4041462452,33040876,"L5T1A7LID - LIDS CANADA, INC.",2P000026167,2026-05-29,2026-06-04,7,12420,Order Master Pack Carton,14,0.7,14.7
16637813,IF4041462452,33040876,"L5T1A7LID - LIDS CANADA, INC.",2P000026167,2026-05-29,2026-06-04,48,12420,Order NonMasterPack,24,1.2,25.2
16643887,IF4041462847,33058784,V0K2E0OUT - OUTLAW FASHIONS (FCJ ENTERPRISES LTD),1240,2026-06-01,2026-06-04,55,1443.75,Order NonMasterPack,27.5,1.38,28.88
16643887,IF4041462847,33058784,V0K2E0OUT - OUTLAW FASHIONS (FCJ ENTERPRISES LTD),1240,2026-06-01,2026-06-04,1,1443.75,Order Processing,2,0.1,2.1
16643888,IF4041462848,33058785,V6H3S4MAK - MAKE,12498-JBO,2026-06-01,2026-06-04,1,690.5,Order Processing,2,0.1,2.1
16643888,IF4041462848,33058785,V6H3S4MAK - MAKE,12498-JBO,2026-06-01,2026-06-04,19,690.5,Order NonMasterPack,9.5,0.48,9.98
16644939,IF4041462979,33066125,V6A2E4TEN - tentree,office a-frame,2026-06-01,2026-06-08,1,0,Order Processing,2,0.1,2.1
16644939,IF4041462979,33066125,V6A2E4TEN - tentree,office a-frame,2026-06-01,2026-06-08,1,0,Handling,4.4,0.22,4.62
16652282,IF4041463284,33084824,V0J2N0LOC - LOCAL SUPPLY CO,POP,2026-06-04,2026-06-08,1,0,Order Processing,2,0.1,2.1
16652282,IF4041463284,33084824,V0J2N0LOC - LOCAL SUPPLY CO,POP,2026-06-04,2026-06-08,1,0,Handling,4.4,0.22,4.62
16648687,IF4041463186,33079666,V0R2Z0HAB - HABIT CLOTHING,For Jess,2026-06-03,2026-06-08,1,78,Order Processing,2,0.1,2.1
16648687,IF4041463186,33079666,V0R2Z0HAB - HABIT CLOTHING,For Jess,2026-06-03,2026-06-08,2,78,Order NonMasterPack,1,0.05,1.05
16647213,IF4041462997,33067162,V0R2G0SWO - SWORDFERN BOUTIQUE,early summer 26,2026-06-02,2026-06-08,1,122.5,Order Processing,2,0.1,2.1
16647213,IF4041462997,33067162,V0R2G0SWO - SWORDFERN BOUTIQUE,early summer 26,2026-06-02,2026-06-08,5,122.5,Order NonMasterPack,2.5,0.13,2.63
16651077,IF4041463326,33087010,V1T2B6VAL - Valhalla Pure Outfitters Inc,TEN260603,2026-06-04,2026-06-08,1,74.2,Order Processing,2,0.1,2.1
16651077,IF4041463326,33087010,V1T2B6VAL - Valhalla Pure Outfitters Inc,TEN260603,2026-06-04,2026-06-08,2,74.2,Order NonMasterPack,1,0.05,1.05
16648686,IF4041463185,33079665,V1T2B6VAL - Valhalla Pure Outfitters Inc,TEN260601,2026-06-03,2026-06-08,3,132,Order NonMasterPack,1.5,0.08,1.58
16648686,IF4041463185,33079665,V1T2B6VAL - Valhalla Pure Outfitters Inc,TEN260601,2026-06-03,2026-06-08,1,132,Order Processing,2,0.1,2.1
16644938,IF4041462960,33064809,N0G2V0HIS - HIS STYLE,tentree racks,2026-06-01,2026-06-08,1,0,Order Processing,2,0.1,2.1
16644938,IF4041462960,33064809,N0G2V0HIS - HIS STYLE,tentree racks,2026-06-01,2026-06-08,3,0,Handling,13.2,0.66,13.86
16651082,IF4041463334,33087215,E5B1A8MY - MY SPACE GIFT SHOP,kelly,2026-06-04,2026-06-09,1,1286,Order Processing,2,0.1,2.1
16651082,IF4041463334,33087215,E5B1A8MY - MY SPACE GIFT SHOP,kelly,2026-06-04,2026-06-09,34,1286,Order NonMasterPack,17,0.85,17.85
16651084,IF4041463341,33087519,B0E1N0CAP - CAPER GYM AND FITNESS INC dba THE CENTRA,26-Jun,2026-06-04,2026-06-09,3,82.5,Order NonMasterPack,1.5,0.08,1.58
16651084,IF4041463341,33087519,B0E1N0CAP - CAPER GYM AND FITNESS INC dba THE CENTRA,26-Jun,2026-06-04,2026-06-09,1,82.5,Order Processing,2,0.1,2.1
16651081,IF4041463330,33087014,V6B1B2MAK - MAKE GASTOWN,12496-RET2-JBO,2026-06-04,2026-06-09,1,765,Order Processing,2,0.1,2.1
16651081,IF4041463330,33087014,V6B1B2MAK - MAKE GASTOWN,12496-RET2-JBO,2026-06-04,2026-06-09,34,765,Order NonMasterPack,17,0.85,17.85
16651083,IF4041463340,33087418,S0G3N0MCP - MCPHAIL TRAVEL,SS26_4,2026-06-04,2026-06-09,1,22.5,Order Processing,2,0.1,2.1
16651083,IF4041463340,33087418,S0G3N0MCP - MCPHAIL TRAVEL,SS26_4,2026-06-04,2026-06-09,1,22.5,Order NonMasterPack,0.5,0.03,0.53
16667675,IF4041464285,33136161,V4L1N6CRA - Craig Caplan,#CA977738,2026-06-09,2026-06-10,60,2700,Handling,39,1.95,40.95
16667675,IF4041464285,33136161,V4L1N6CRA - Craig Caplan,#CA977738,2026-06-09,2026-06-10,60,2700,Order NonMasterPack,30,1.5,31.5
16667675,IF4041464285,33136161,V4L1N6CRA - Craig Caplan,#CA977738,2026-06-09,2026-06-10,1,2700,Order Processing,1.25,0.06,1.31
16651078,IF4041463327,33087011,V6H3S4MAK - MAKE,12523-JBO,2026-06-04,2026-06-10,36,1220.5,Order NonMasterPack,18,0.9,18.9
16651078,IF4041463327,33087011,V6H3S4MAK - MAKE,12523-JBO,2026-06-04,2026-06-10,1,1220.5,Order Processing,2,0.1,2.1
16651079,IF4041463328,33087012,V6H3S4MAK - MAKE,12495-JBO,2026-06-04,2026-06-10,106,2987,Order NonMasterPack,53,2.65,55.65
16651079,IF4041463328,33087012,V6H3S4MAK - MAKE,12495-JBO,2026-06-04,2026-06-10,1,2987,Order Processing,2,0.1,2.1
16651080,IF4041463329,33087013,T4V1P9THE - THE TRENDY WALRUS,SP26 fill in,2026-06-04,2026-06-10,49,1776.8,Order NonMasterPack,24.5,1.23,25.73
16651080,IF4041463329,33087013,T4V1P9THE - THE TRENDY WALRUS,SP26 fill in,2026-06-04,2026-06-10,1,1776.8,Order Processing,2,0.1,2.1
16627346,IF4041461808,33003886,K7L1B5TRA - TRAILHEAD KINGSTON,King - SS26May,2026-05-26,2026-06-10,1,1495.5,Order Processing,2,0.1,2.1
16627346,IF4041461808,33003886,K7L1B5TRA - TRAILHEAD KINGSTON,King - SS26May,2026-05-26,2026-06-10,37,1495.5,Order NonMasterPack,18.5,0.93,19.43
16652281,IF4041463283,33084823,N0H2C0682 - 682565 ONTARIO INC.,tentree POP,2026-06-04,2026-06-10,1,0,Order Processing,2,0.1,2.1
16652281,IF4041463283,33084823,N0H2C0682 - 682565 ONTARIO INC.,tentree POP,2026-06-04,2026-06-10,5,0,Handling,10.45,0.52,10.97
16667674,IF4041464301,33136772,V0A1H0TOP - TOP NOTCH,6826,2026-06-09,2026-06-10,1,411.4,Order Processing,2,0.1,2.1
16667674,IF4041464301,33136772,V0A1H0TOP - TOP NOTCH,6826,2026-06-09,2026-06-10,17,411.4,Order NonMasterPack,8.5,0.43,8.93
16663378,IF4041464108,33125850,V6B1B2MAK - MAKE GASTOWN,12558-RET2-JBO,2026-06-08,2026-06-10,1,337.5,Order Processing,2,0.1,2.1
16663378,IF4041464108,33125850,V6B1B2MAK - MAKE GASTOWN,12558-RET2-JBO,2026-06-08,2026-06-10,15,337.5,Order NonMasterPack,7.5,0.38,7.88
16666163,IF4041464188,33130417,V1T2B6VAL - Valhalla Pure Outfitters Inc,TEN260608,2026-06-09,2026-06-10,6,269,Order NonMasterPack,3,0.15,3.15
16666163,IF4041464188,33130417,V1T2B6VAL - Valhalla Pure Outfitters Inc,TEN260608,2026-06-09,2026-06-10,1,269,Order Processing,2,0.1,2.1
16669751,IF4041464440,33144376,V6J1L6EXP - EXPOSURE CLOTHING,2026 men's summer immediate,2026-06-10,2026-06-10,15,439.5,Order NonMasterPack,7.5,0.38,7.88
16669751,IF4041464440,33144376,V6J1L6EXP - EXPOSURE CLOTHING,2026 men's summer immediate,2026-06-10,2026-06-10,1,439.5,Order Processing,2,0.1,2.1
16669752,IF4041464442,33144377,L9H1T7ADV - ADVENTURE ATTIC,SPE1728,2026-06-10,2026-06-10,1,332.5,Order Processing,2,0.1,2.1
16669752,IF4041464442,33144377,L9H1T7ADV - ADVENTURE ATTIC,SPE1728,2026-06-10,2026-06-10,12,332.5,Order NonMasterPack,6,0.3,6.3
16666162,IF4041464187,33130416,K0L1C0MAC - MACK ATTACK OUTDOORS,summer top up,2026-06-09,2026-06-11,1,99,Order Processing,2,0.1,2.1
16666162,IF4041464187,33130416,K0L1C0MAC - MACK ATTACK OUTDOORS,summer top up,2026-06-09,2026-06-11,5,99,Order NonMasterPack,2.5,0.13,2.63
16634655,IF4041462130,33021460,V0R2L0MAL - MALAHAT SKYWALK,tentreecustom SS26 Del 2,2026-05-28,2026-06-15,1,18525,Order Processing,2,0.1,2.1
16634655,IF4041462130,33021460,V0R2L0MAL - MALAHAT SKYWALK,tentreecustom SS26 Del 2,2026-05-28,2026-06-15,13,18525,Order Master Pack Carton,26,1.3,27.3
16634655,IF4041462130,33021460,V0R2L0MAL - MALAHAT SKYWALK,tentreecustom SS26 Del 2,2026-05-28,2026-06-15,321,18525,Order NonMasterPack,160.5,8.03,168.53
16673779,IF4041464640,33154214,L5T1X6TEN - tentree LAKEHEAD,PO #127233,2026-06-11,2026-06-15,24,1111,Order NonMasterPack,12,0.6,12.6
16673779,IF4041464640,33154214,L5T1X6TEN - tentree LAKEHEAD,PO #127233,2026-06-11,2026-06-15,1,1111,Order Processing,2,0.1,2.1
16673777,IF4041464638,33154212,B5A1E7EVE - EVERY BLOOMIN THING,HNss26restock,2026-06-11,2026-06-15,7,308,Order NonMasterPack,3.5,0.18,3.68
16673777,IF4041464638,33154212,B5A1E7EVE - EVERY BLOOMIN THING,HNss26restock,2026-06-11,2026-06-15,1,308,Order Processing,2,0.1,2.1
16673778,IF4041464639,33154213,G5R3C4SPO - SPORT SELECT LE ROI,386,2026-06-11,2026-06-15,1,1632,Order Processing,2,0.1,2.1
16673778,IF4041464639,33154213,G5R3C4SPO - SPORT SELECT LE ROI,386,2026-06-11,2026-06-15,53,1632,Order NonMasterPack,26.5,1.33,27.83
16673776,IF4041464637,33154211,V1T2B6VAL - Valhalla Pure Outfitters Inc,TEN260611,2026-06-11,2026-06-15,1,22.5,Order Processing,2,0.1,2.1
16673776,IF4041464637,33154211,V1T2B6VAL - Valhalla Pure Outfitters Inc,TEN260611,2026-06-11,2026-06-15,1,22.5,Order NonMasterPack,0.5,0.03,0.53
16672608,IF4041464509,33148323,V1T2B6VAL - Valhalla Pure Outfitters Inc,TEN260610,2026-06-11,2026-06-15,2,91.8,Order NonMasterPack,1,0.05,1.05
16672608,IF4041464509,33148323,V1T2B6VAL - Valhalla Pure Outfitters Inc,TEN260610,2026-06-11,2026-06-15,1,91.8,Order Processing,2,0.1,2.1
Receipt,Client Ref 1,Client Ref 2,Shipped From,BOL Number,,,,,Service,,,
1045900,FO-038E4E13,IF4041450747,,87124066,2026-05-12,2026-06-04,3281,0,Receipt Mixed Carton Unit,590.58,29.53,620.11
1045900,FO-038E4E13,IF4041450747,,87124066,2026-05-12,2026-06-04,1,0,Receipt Processing,10,0.5,10.5
1045900,FO-038E4E13,IF4041450747,,87124066,2026-05-12,2026-06-04,4942,0,Receiving,345.94,17.3,363.24
1045900,FO-038E4E13,IF4041450747,,87124066,2026-05-12,2026-06-04,4693,0,Inbound Units Audit,844.74,42.24,886.98
1045900,FO-038E4E13,IF4041450747,,87124066,2026-05-12,2026-06-04,4942,0,Storage,247.1,12.36,259.46
1045896,FO-6C3926DD,IF4041450743,,87124066,2026-05-12,2026-06-04,546,0,Receipt Mixed Carton Unit,98.28,4.91,103.19
1045896,FO-6C3926DD,IF4041450743,,87124066,2026-05-12,2026-06-04,1,0,Receipt Processing,10,0.5,10.5
1045896,FO-6C3926DD,IF4041450743,,87124066,2026-05-12,2026-06-04,4824,0,Receiving,337.68,16.88,354.56
1045896,FO-6C3926DD,IF4041450743,,87124066,2026-05-12,2026-06-04,4576,0,Inbound Units Audit,823.68,41.18,864.86
1045896,FO-6C3926DD,IF4041450743,,87124066,2026-05-12,2026-06-04,4824,0,Storage,241.2,12.06,253.26
1045895,FO-7416522A,IF4041450733,,87124066,2026-05-12,2026-06-04,5489,0,Receiving,384.23,19.21,403.44
1045895,FO-7416522A,IF4041450733,,87124066,2026-05-12,2026-06-04,1,0,Receipt Processing,10,0.5,10.5
1045895,FO-7416522A,IF4041450733,,87124066,2026-05-12,2026-06-04,363,0,Receipt Mixed Carton Unit,65.34,3.27,68.61
1045895,FO-7416522A,IF4041450733,,87124066,2026-05-12,2026-06-04,5154,0,Inbound Units Audit,927.72,46.39,974.11
1045895,FO-7416522A,IF4041450733,,87124066,2026-05-12,2026-06-04,5489,0,Storage,274.45,13.72,288.17
1050739,PO04734,31604622,,1545674,2026-06-02,2026-06-05,1,0,Receipt Processing,10,0.5,10.5
1050739,PO04734,31604622,,1545674,2026-06-02,2026-06-05,1156,0,Receiving,80.92,4.05,84.97
1050739,PO04734,31604622,,1545674,2026-06-02,2026-06-05,308,0,Receipt Mixed Carton Unit,55.44,2.77,58.21
1050739,PO04734,31604622,,1545674,2026-06-02,2026-06-05,1156,0,Storage,57.8,2.89,60.69
1050982,PO04762,32399779,,1545674,2026-06-02,2026-06-05,142,0,Receipt Mixed Carton Unit,25.56,1.28,26.84
1050982,PO04762,32399779,,1545674,2026-06-02,2026-06-05,1,0,Receipt Processing,10,0.5,10.5
1050982,PO04762,32399779,,1545674,2026-06-02,2026-06-05,665,0,Receiving,46.55,2.33,48.88
1050982,PO04762,32399779,,1545674,2026-06-02,2026-06-05,665,0,Storage,33.25,1.66,34.91
1045898,FO-877C6056,IF4041450745,,87124066,2026-05-12,2026-06-08,4938,0,Inbound Units Audit,888.84,44.44,933.28
1045898,FO-877C6056,IF4041450745,,87124066,2026-05-12,2026-06-08,5209,0,Receiving,364.63,18.23,382.86
1045898,FO-877C6056,IF4041450745,,87124066,2026-05-12,2026-06-08,2127,0,Receipt Mixed Carton Unit,382.86,19.14,402
1045898,FO-877C6056,IF4041450745,,87124066,2026-05-12,2026-06-08,1,0,Receipt Processing,10,0.5,10.5
1045898,FO-877C6056,IF4041450745,,87124066,2026-05-12,2026-06-08,102,0,Shop Supplies,401.84,20.09,421.93
1045898,FO-877C6056,IF4041450745,,87124066,2026-05-12,2026-06-08,5209,0,Storage,260.45,13.02,273.47
1045899,FO-77FE29AC,IF4041450746,,87124066,2026-05-12,2026-06-08,4652,0,Inbound Units Audit,837.36,41.87,879.23
1045899,FO-77FE29AC,IF4041450746,,87124066,2026-05-12,2026-06-08,2678,0,Receipt Mixed Carton Unit,482.04,24.1,506.14
1045899,FO-77FE29AC,IF4041450746,,87124066,2026-05-12,2026-06-08,4910,0,Receiving,343.7,17.19,360.89
1045899,FO-77FE29AC,IF4041450746,,87124066,2026-05-12,2026-06-08,1,0,Receipt Processing,10,0.5,10.5
1045899,FO-77FE29AC,IF4041450746,,87124066,2026-05-12,2026-06-08,4910,0,Storage,245.5,12.28,257.78
1048844,FO-ABAE8824,IF4041450744,,87124066,2026-05-26,2026-06-08,1,0,Receipt Processing,10,0.5,10.5
1048844,FO-ABAE8824,IF4041450744,,87124066,2026-05-26,2026-06-08,4531,0,Receiving,317.17,15.86,333.03
1048844,FO-ABAE8824,IF4041450744,,87124066,2026-05-26,2026-06-08,4298,0,Inbound Units Audit,773.64,38.68,812.32
1048844,FO-ABAE8824,IF4041450744,,87124066,2026-05-26,2026-06-08,1253,0,Receipt Mixed Carton Unit,225.54,11.28,236.82
1048844,FO-ABAE8824,IF4041450744,,87124066,2026-05-26,2026-06-08,4531,0,Storage,226.55,11.33,237.88
1048849,PO04760,32399777,,17572739,2026-05-26,2026-06-09,1,0,Receipt Processing,10,0.5,10.5
1048849,PO04760,32399777,,17572739,2026-05-26,2026-06-09,292,0,Receiving,20.44,1.02,21.46
1048849,PO04760,32399777,,17572739,2026-05-26,2026-06-09,154,0,Receipt Mixed Carton Unit,27.72,1.39,29.11
1048849,PO04760,32399777,,17572739,2026-05-26,2026-06-09,292,0,Storage,14.6,0.73,15.33
1051512,PO04753,32399770,,91114156,2026-06-04,2026-06-11,939,0,Receipt Mixed Carton Unit,169.02,8.45,177.47
1051512,PO04753,32399770,,91114156,2026-06-04,2026-06-11,1878,0,Receiving,131.46,6.57,138.03
1051512,PO04753,32399770,,91114156,2026-06-04,2026-06-11,1,0,Receipt Processing,10,0.5,10.5
1051512,PO04753,32399770,,91114156,2026-06-04,2026-06-11,35,0,Inbound Units Audit,6.3,0.32,6.62
1051512,PO04753,32399770,,91114156,2026-06-04,2026-06-11,1878,0,Storage,93.9,4.7,98.6
1051075,PO04727,31604615,,91114156,2026-06-03,2026-06-11,1025,0,Receipt Mixed Carton Unit,184.5,9.23,193.73
1051075,PO04727,31604615,,91114156,2026-06-03,2026-06-11,2006,0,Receiving,140.42,7.02,147.44
1051075,PO04727,31604615,,91114156,2026-06-03,2026-06-11,28,0,Inbound Units Audit,5.04,0.25,5.29
1051075,PO04727,31604615,,91114156,2026-06-03,2026-06-11,1,0,Receipt Processing,10,0.5,10.5
1051075,PO04727,31604615,,91114156,2026-06-03,2026-06-11,2006,0,Storage,100.3,5.02,105.32
1053013,PO04744,32262014,,CARU9614944,2026-06-09,2026-06-12,1,0,Receipt Processing,10,0.5,10.5
1053013,PO04744,32262014,,CARU9614944,2026-06-09,2026-06-12,27,0,Receipt Mixed Carton Unit,4.86,0.24,5.1
1053013,PO04744,32262014,,CARU9614944,2026-06-09,2026-06-12,600,0,Receiving,42,2.1,44.1
1053013,PO04744,32262014,,CARU9614944,2026-06-09,2026-06-12,600,0,Storage,30,1.5,31.5
1053012,PO04748,32262018,,CARU9614944,2026-06-09,2026-06-12,14,0,Receipt Mixed Carton Unit,2.52,0.13,2.65
1053012,PO04748,32262018,,CARU9614944,2026-06-09,2026-06-12,1,0,Receipt Processing,10,0.5,10.5
1053012,PO04748,32262018,,CARU9614944,2026-06-09,2026-06-12,347,0,Receiving,24.29,1.21,25.5
1053012,PO04748,32262018,,CARU9614944,2026-06-09,2026-06-12,347,0,Storage,17.35,0.87,18.22
1053010,PO04723,31604611,,CARU9614944,2026-06-09,2026-06-12,47,0,Inbound Units Audit,8.46,0.42,8.88
1053010,PO04723,31604611,,CARU9614944,2026-06-09,2026-06-12,1,0,Receipt Processing,10,0.5,10.5
1053010,PO04723,31604611,,CARU9614944,2026-06-09,2026-06-12,4700,0,Receiving,329,16.45,345.45
1053010,PO04723,31604611,,CARU9614944,2026-06-09,2026-06-12,817,0,Receipt Mixed Carton Unit,147.06,7.35,154.41
1053010,PO04723,31604611,,CARU9614944,2026-06-09,2026-06-12,4700,0,Storage,235,11.75,246.75
1053126,PO04726,31604614,,CARU9614944,2026-06-10,2026-06-12,1,0,Receipt Processing,10,0.5,10.5
1053126,PO04726,31604614,,CARU9614944,2026-06-10,2026-06-12,349,0,Inbound Units Audit,62.82,3.14,65.96
1053126,PO04726,31604614,,CARU9614944,2026-06-10,2026-06-12,20073,0,Receiving,1405.11,70.26,1475.37
1053126,PO04726,31604614,,CARU9614944,2026-06-10,2026-06-12,5838,0,Receipt Mixed Carton Unit,1050.84,52.54,1103.38
1053126,PO04726,31604614,,CARU9614944,2026-06-10,2026-06-12,20073,0,Storage,1003.65,50.18,1053.83
1053016,PO04752,32399769,,MSBU8015972,2026-06-09,2026-06-15,28436,0,Receiving,1990.52,99.53,2090.05
1053016,PO04752,32399769,,MSBU8015972,2026-06-09,2026-06-15,1,0,Receipt Processing,10,0.5,10.5
1053016,PO04752,32399769,,MSBU8015972,2026-06-09,2026-06-15,6117,0,Receipt Mixed Carton Unit,1101.06,55.05,1156.11
1053016,PO04752,32399769,,MSBU8015972,2026-06-09,2026-06-15,80,0,Inbound Units Audit,14.4,0.72,15.12
1053016,PO04752,32399769,,MSBU8015972,2026-06-09,2026-06-15,28436,0,Storage,1421.8,71.09,1492.89
Return,Client Ref 1,Client Ref 2,Shipped From,BOL Number,,,,,Service,,,
1050590,RMA #G0SWM70W,32957446,BECCA ENOS (T3H3E6BEC),7.92385E+11,2026-06-01,2026-06-01,0,0,Service Center Labor,1.42,0.07,1.49
1050590,RMA #G0SWM70W,32957446,BECCA ENOS (T3H3E6BEC),7.92385E+11,2026-06-01,2026-06-01,1,0,Returns,2.07,0.1,2.17
1050590,RMA #G0SWM70W,32957446,BECCA ENOS (T3H3E6BEC),7.92385E+11,2026-06-01,2026-06-01,1,0,Restock,0.25,0.01,0.26
1050590,RMA #G0SWM70W,32957446,BECCA ENOS (T3H3E6BEC),7.92385E+11,2026-06-01,2026-06-01,1,0,Storage,0.05,0,0.05
1050601,RMA #8UI3U9L7,32981579,CHIN YING TAN (T3K5M4CHI),7.92391E+11,2026-06-01,2026-06-01,1,0,Restock,0.25,0.01,0.26
1050601,RMA #8UI3U9L7,32981579,CHIN YING TAN (T3K5M4CHI),7.92391E+11,2026-06-01,2026-06-01,1,0,Returns,2.07,0.1,2.17
1050601,RMA #8UI3U9L7,32981579,CHIN YING TAN (T3K5M4CHI),7.92391E+11,2026-06-01,2026-06-01,0,0,Service Center Labor,1.42,0.07,1.49
1050601,RMA #8UI3U9L7,32981579,CHIN YING TAN (T3K5M4CHI),7.92391E+11,2026-06-01,2026-06-01,1,0,Storage,0.05,0,0.05
1050606,RMA #P6BLXY6K,32909571,TAMI JEMSON (V4V2A5TAM),7.92374E+11,2026-06-01,2026-06-01,1,0,Restock,0.25,0.01,0.26
1050606,RMA #P6BLXY6K,32909571,TAMI JEMSON (V4V2A5TAM),7.92374E+11,2026-06-01,2026-06-01,0,0,Service Center Labor,1.42,0.07,1.49
1050606,RMA #P6BLXY6K,32909571,TAMI JEMSON (V4V2A5TAM),7.92374E+11,2026-06-01,2026-06-01,1,0,Returns,2.07,0.1,2.17
1050606,RMA #P6BLXY6K,32909571,TAMI JEMSON (V4V2A5TAM),7.92374E+11,2026-06-01,2026-06-01,1,0,Storage,0.05,0,0.05
1050610,RMA #Z24767BP,32734371,LAURE HENRI-GARAND (H2E2L6LAU),7.98059E+11,2026-06-01,2026-06-01,3,0,Restock,0.75,0.04,0.79
1050610,RMA #Z24767BP,32734371,LAURE HENRI-GARAND (H2E2L6LAU),7.98059E+11,2026-06-01,2026-06-01,0,0,Service Center Labor,3.78,0.19,3.97
1050610,RMA #Z24767BP,32734371,LAURE HENRI-GARAND (H2E2L6LAU),7.98059E+11,2026-06-01,2026-06-01,3,0,Returns,3.41,0.17,3.58
1050610,RMA #Z24767BP,32734371,LAURE HENRI-GARAND (H2E2L6LAU),7.98059E+11,2026-06-01,2026-06-01,3,0,Storage,0.15,0.01,0.16
1050615,RMA #OKDIGUTJ,32938287,FREDERIGUE LEMARIER-SAULNIER (G9B0W3FRE),7.92381E+11,2026-06-01,2026-06-01,1,0,Returns,2.07,0.1,2.17
1050615,RMA #OKDIGUTJ,32938287,FREDERIGUE LEMARIER-SAULNIER (G9B0W3FRE),7.92381E+11,2026-06-01,2026-06-01,1,0,Restock,0.25,0.01,0.26
1050615,RMA #OKDIGUTJ,32938287,FREDERIGUE LEMARIER-SAULNIER (G9B0W3FRE),7.92381E+11,2026-06-01,2026-06-01,0,0,Service Center Labor,1.42,0.07,1.49
1050615,RMA #OKDIGUTJ,32938287,FREDERIGUE LEMARIER-SAULNIER (G9B0W3FRE),7.92381E+11,2026-06-01,2026-06-01,1,0,Storage,0.05,0,0.05
1050629,RMA #UM0LXII6,32909606,TAMI JEMSON (V4V2A5TAM),7.92374E+11,2026-06-01,2026-06-01,1,0,Restock,0.25,0.01,0.26
1050629,RMA #UM0LXII6,32909606,TAMI JEMSON (V4V2A5TAM),7.92374E+11,2026-06-01,2026-06-01,0,0,Service Center Labor,1.42,0.07,1.49
1050629,RMA #UM0LXII6,32909606,TAMI JEMSON (V4V2A5TAM),7.92374E+11,2026-06-01,2026-06-01,1,0,Returns,2.07,0.1,2.17
1050629,RMA #UM0LXII6,32909606,TAMI JEMSON (V4V2A5TAM),7.92374E+11,2026-06-01,2026-06-01,1,0,Storage,0.05,0,0.05
1050631,RMA #MNN47S6K,32946051,RACHEL LUND (V0R1N1RAC),7.92383E+11,2026-06-01,2026-06-01,1,0,Returns,2.07,0.1,2.17
1050631,RMA #MNN47S6K,32946051,RACHEL LUND (V0R1N1RAC),7.92383E+11,2026-06-01,2026-06-01,1,0,Restock,0.25,0.01,0.26
1050631,RMA #MNN47S6K,32946051,RACHEL LUND (V0R1N1RAC),7.92383E+11,2026-06-01,2026-06-01,0,0,Service Center Labor,1.42,0.07,1.49
1050631,RMA #MNN47S6K,32946051,RACHEL LUND (V0R1N1RAC),7.92383E+11,2026-06-01,2026-06-01,1,0,Storage,0.05,0,0.05
1050636,RMA #A5YTBO2J,32958965,MARCELA KLINE (V7J2R6MAR),7.92386E+11,2026-06-01,2026-06-01,1,0,Restock,0.25,0.01,0.26
1050636,RMA #A5YTBO2J,32958965,MARCELA KLINE (V7J2R6MAR),7.92386E+11,2026-06-01,2026-06-01,1,0,Returns,2.07,0.1,2.17
1050636,RMA #A5YTBO2J,32958965,MARCELA KLINE (V7J2R6MAR),7.92386E+11,2026-06-01,2026-06-01,0,0,Service Center Labor,1.42,0.07,1.49
1050636,RMA #A5YTBO2J,32958965,MARCELA KLINE (V7J2R6MAR),7.92386E+11,2026-06-01,2026-06-01,1,0,Storage,0.05,0,0.05
1050640,RMA #ZNPH38DV,32926346,CHRISTY MATTAUSCH (L9T5Z7CHR),7.92378E+11,2026-06-01,2026-06-01,1,0,Returns,2.07,0.1,2.17
1050640,RMA #ZNPH38DV,32926346,CHRISTY MATTAUSCH (L9T5Z7CHR),7.92378E+11,2026-06-01,2026-06-01,0,0,Service Center Labor,1.42,0.07,1.49
1050640,RMA #ZNPH38DV,32926346,CHRISTY MATTAUSCH (L9T5Z7CHR),7.92378E+11,2026-06-01,2026-06-01,1,0,Restock,0.25,0.01,0.26
1050640,RMA #ZNPH38DV,32926346,CHRISTY MATTAUSCH (L9T5Z7CHR),7.92378E+11,2026-06-01,2026-06-01,1,0,Storage,0.05,0,0.05
1050642,RMA #5YLLTM71,32895625,VIVIANE PAUPE (G7B4P5VIV),7.92373E+11,2026-06-01,2026-06-01,0,0,Service Center Labor,1.42,0.07,1.49
1050642,RMA #5YLLTM71,32895625,VIVIANE PAUPE (G7B4P5VIV),7.92373E+11,2026-06-01,2026-06-01,1,0,Returns,2.07,0.1,2.17
1050642,RMA #5YLLTM71,32895625,VIVIANE PAUPE (G7B4P5VIV),7.92373E+11,2026-06-01,2026-06-01,1,0,Restock,0.25,0.01,0.26
1050642,RMA #5YLLTM71,32895625,VIVIANE PAUPE (G7B4P5VIV),7.92373E+11,2026-06-01,2026-06-01,1,0,Storage,0.05,0,0.05
1050661,RMA #SWA28E8C,32993201,JACOB PRIMEAU (V4B5L2JAC),7.92391E+11,2026-06-01,2026-06-01,1,0,Returns,2.07,0.1,2.17
1050661,RMA #SWA28E8C,32993201,JACOB PRIMEAU (V4B5L2JAC),7.92391E+11,2026-06-01,2026-06-01,1,0,Restock,0.25,0.01,0.26
1050661,RMA #SWA28E8C,32993201,JACOB PRIMEAU (V4B5L2JAC),7.92391E+11,2026-06-01,2026-06-01,0,0,Service Center Labor,1.42,0.07,1.49
1050661,RMA #SWA28E8C,32993201,JACOB PRIMEAU (V4B5L2JAC),7.92391E+11,2026-06-01,2026-06-01,1,0,Storage,0.05,0,0.05
1050665,RMA #XLT9XFQY,32934321,CAMILLE BLAIS-ROCHETTE (G2E1A9CAM),6.00664E+15,2026-06-01,2026-06-01,0,0,Service Center Labor,2.36,0.12,2.48
1050665,RMA #XLT9XFQY,32934321,CAMILLE BLAIS-ROCHETTE (G2E1A9CAM),6.00664E+15,2026-06-01,2026-06-01,2,0,Restock,0.5,0.03,0.53
1050665,RMA #XLT9XFQY,32934321,CAMILLE BLAIS-ROCHETTE (G2E1A9CAM),6.00664E+15,2026-06-01,2026-06-01,2,0,Returns,2.74,0.14,2.88
1050665,RMA #XLT9XFQY,32934321,CAMILLE BLAIS-ROCHETTE (G2E1A9CAM),6.00664E+15,2026-06-01,2026-06-01,2,0,Storage,0.1,0.01,0.11
1050667,RMA #HN0R3ERN,32956750,SOLANGE LANSIQNUOT (V2Y1M9SOL),6.00664E+15,2026-06-01,2026-06-01,0,0,Service Center Labor,2.36,0.12,2.48
1050667,RMA #HN0R3ERN,32956750,SOLANGE LANSIQNUOT (V2Y1M9SOL),6.00664E+15,2026-06-01,2026-06-01,1,0,Shop Supplies,0.16,0.01,0.17
1050667,RMA #HN0R3ERN,32956750,SOLANGE LANSIQNUOT (V2Y1M9SOL),6.00664E+15,2026-06-01,2026-06-01,2,0,Returns,2.74,0.14,2.88
1050667,RMA #HN0R3ERN,32956750,SOLANGE LANSIQNUOT (V2Y1M9SOL),6.00664E+15,2026-06-01,2026-06-01,2,0,Restock,0.5,0.03,0.53
1050667,RMA #HN0R3ERN,32956750,SOLANGE LANSIQNUOT (V2Y1M9SOL),6.00664E+15,2026-06-01,2026-06-01,2,0,Storage,0.1,0.01,0.11
1050672,RMA #YLP92R6W,32967801,JADE COWIESON (L1V0A1JAD),6.00664E+15,2026-06-01,2026-06-01,1,0,Restock,0.25,0.01,0.26
1050672,RMA #YLP92R6W,32967801,JADE COWIESON (L1V0A1JAD),6.00664E+15,2026-06-01,2026-06-01,1,0,Returns,2.07,0.1,2.17
1050672,RMA #YLP92R6W,32967801,JADE COWIESON (L1V0A1JAD),6.00664E+15,2026-06-01,2026-06-01,0,0,Service Center Labor,1.42,0.07,1.49
1050672,RMA #YLP92R6W,32967801,JADE COWIESON (L1V0A1JAD),6.00664E+15,2026-06-01,2026-06-01,1,0,Storage,0.05,0,0.05
1050673,RMA #LLUU4CNU,32960493,CINDY NEUFELD (V4Y0B8CIN),6.00664E+15,2026-06-01,2026-06-01,2,0,Restock,0.5,0.03,0.53
1050673,RMA #LLUU4CNU,32960493,CINDY NEUFELD (V4Y0B8CIN),6.00664E+15,2026-06-01,2026-06-01,0,0,Service Center Labor,3.78,0.19,3.97
1050673,RMA #LLUU4CNU,32960493,CINDY NEUFELD (V4Y0B8CIN),6.00664E+15,2026-06-01,2026-06-01,2,0,Returns,2.74,0.14,2.88
1050673,RMA #LLUU4CNU,32960493,CINDY NEUFELD (V4Y0B8CIN),6.00664E+15,2026-06-01,2026-06-01,2,0,Storage,0.1,0.01,0.11
1050809,RMA #99D9TKQO,32870862,ALEXANDRA ALEKSEEVA (B3V1E7ALE),6.00664E+15,2026-06-02,2026-06-02,0,0,Service Center Labor,2.36,0.12,2.48
1050809,RMA #99D9TKQO,32870862,ALEXANDRA ALEKSEEVA (B3V1E7ALE),6.00664E+15,2026-06-02,2026-06-02,1,0,Returns,2.07,0.1,2.17
1050809,RMA #99D9TKQO,32870862,ALEXANDRA ALEKSEEVA (B3V1E7ALE),6.00664E+15,2026-06-02,2026-06-02,1,0,Restock,0.25,0.01,0.26
1050809,RMA #99D9TKQO,32870862,ALEXANDRA ALEKSEEVA (B3V1E7ALE),6.00664E+15,2026-06-02,2026-06-02,1,0,Storage,0.05,0,0.05
1050814,RMA #3FOUV4CP,32932567,ANNE MARIE SIMARD (J3G6R8ANN),6.00664E+15,2026-06-02,2026-06-02,2,0,Restock,0.5,0.03,0.53
1050814,RMA #3FOUV4CP,32932567,ANNE MARIE SIMARD (J3G6R8ANN),6.00664E+15,2026-06-02,2026-06-02,0,0,Service Center Labor,1.42,0.07,1.49
1050814,RMA #3FOUV4CP,32932567,ANNE MARIE SIMARD (J3G6R8ANN),6.00664E+15,2026-06-02,2026-06-02,2,0,Returns,2.74,0.14,2.88
1050814,RMA #3FOUV4CP,32932567,ANNE MARIE SIMARD (J3G6R8ANN),6.00664E+15,2026-06-02,2026-06-02,2,0,Storage,0.1,0.01,0.11
1050820,RMA #5XHAK4DH,32948440,STEPHANIE CAMP (L7M4B5STE),6.00664E+15,2026-06-02,2026-06-02,0,0,Service Center Labor,3.78,0.19,3.97
1050820,RMA #5XHAK4DH,32948440,STEPHANIE CAMP (L7M4B5STE),6.00664E+15,2026-06-02,2026-06-02,3,0,Returns,3.41,0.17,3.58
1050820,RMA #5XHAK4DH,32948440,STEPHANIE CAMP (L7M4B5STE),6.00664E+15,2026-06-02,2026-06-02,3,0,Restock,0.75,0.04,0.79
1050820,RMA #5XHAK4DH,32948440,STEPHANIE CAMP (L7M4B5STE),6.00664E+15,2026-06-02,2026-06-02,3,0,Storage,0.15,0.01,0.16
1050825,RMA #IQG744VM,32841396,SHELBY HURLBURT (Y1A0S8SHE),6.00664E+15,2026-06-02,2026-06-02,1,0,Returns,2.07,0.1,2.17
1050825,RMA #IQG744VM,32841396,SHELBY HURLBURT (Y1A0S8SHE),6.00664E+15,2026-06-02,2026-06-02,0,0,Service Center Labor,1.42,0.07,1.49
1050825,RMA #IQG744VM,32841396,SHELBY HURLBURT (Y1A0S8SHE),6.00664E+15,2026-06-02,2026-06-02,1,0,Restock,0.25,0.01,0.26
1050825,RMA #IQG744VM,32841396,SHELBY HURLBURT (Y1A0S8SHE),6.00664E+15,2026-06-02,2026-06-02,1,0,Storage,0.05,0,0.05
1050829,RMA #5W4L09LD,32899632,TRISTAN LAWRENCE (M6R1E6TRI),6.00664E+15,2026-06-02,2026-06-02,0,0,Service Center Labor,1.42,0.07,1.49
1050829,RMA #5W4L09LD,32899632,TRISTAN LAWRENCE (M6R1E6TRI),6.00664E+15,2026-06-02,2026-06-02,1,0,Restock,0.25,0.01,0.26
1050829,RMA #5W4L09LD,32899632,TRISTAN LAWRENCE (M6R1E6TRI),6.00664E+15,2026-06-02,2026-06-02,1,0,Returns,2.07,0.1,2.17
1050829,RMA #5W4L09LD,32899632,TRISTAN LAWRENCE (M6R1E6TRI),6.00664E+15,2026-06-02,2026-06-02,1,0,Storage,0.05,0,0.05
1050833,RMA #0M6OYYWD,32918168,MARTINE COTE (J0E1M0MAR),6.00664E+15,2026-06-02,2026-06-02,1,0,Restock,0.25,0.01,0.26
1050833,RMA #0M6OYYWD,32918168,MARTINE COTE (J0E1M0MAR),6.00664E+15,2026-06-02,2026-06-02,1,0,Returns,2.07,0.1,2.17
1050833,RMA #0M6OYYWD,32918168,MARTINE COTE (J0E1M0MAR),6.00664E+15,2026-06-02,2026-06-02,0,0,Service Center Labor,2.36,0.12,2.48
1050833,RMA #0M6OYYWD,32918168,MARTINE COTE (J0E1M0MAR),6.00664E+15,2026-06-02,2026-06-02,1,0,Storage,0.05,0,0.05
1050835,RMA #F6261W01,32790117,LEE MCDAID (N2J4G2LEE),6.00664E+15,2026-06-02,2026-06-02,2,0,Restock,0.5,0.03,0.53
1050835,RMA #F6261W01,32790117,LEE MCDAID (N2J4G2LEE),6.00664E+15,2026-06-02,2026-06-02,0,0,Service Center Labor,3.78,0.19,3.97
1050835,RMA #F6261W01,32790117,LEE MCDAID (N2J4G2LEE),6.00664E+15,2026-06-02,2026-06-02,2,0,Returns,2.74,0.14,2.88
1050835,RMA #F6261W01,32790117,LEE MCDAID (N2J4G2LEE),6.00664E+15,2026-06-02,2026-06-02,2,0,Storage,0.1,0.01,0.11
1050838,RMA #VWT4Z8WI,32957246,EMILY GRANGER (V8N4E6EMI),6.00664E+15,2026-06-02,2026-06-02,0,0,Service Center Labor,2.36,0.12,2.48
1050838,RMA #VWT4Z8WI,32957246,EMILY GRANGER (V8N4E6EMI),6.00664E+15,2026-06-02,2026-06-02,1,0,Restock,0.25,0.01,0.26
1050838,RMA #VWT4Z8WI,32957246,EMILY GRANGER (V8N4E6EMI),6.00664E+15,2026-06-02,2026-06-02,1,0,Returns,2.07,0.1,2.17
1050838,RMA #VWT4Z8WI,32957246,EMILY GRANGER (V8N4E6EMI),6.00664E+15,2026-06-02,2026-06-02,1,0,Storage,0.05,0,0.05
1050840,RMA #L6B8MCKS,32957145,JOHN BEDUHN (P6A6H6JOH),6.00664E+15,2026-06-02,2026-06-02,1,0,Restock,0.25,0.01,0.26
1050840,RMA #L6B8MCKS,32957145,JOHN BEDUHN (P6A6H6JOH),6.00664E+15,2026-06-02,2026-06-02,0,0,Service Center Labor,1.42,0.07,1.49
1050840,RMA #L6B8MCKS,32957145,JOHN BEDUHN (P6A6H6JOH),6.00664E+15,2026-06-02,2026-06-02,1,0,Returns,2.07,0.1,2.17
1050840,RMA #L6B8MCKS,32957145,JOHN BEDUHN (P6A6H6JOH),6.00664E+15,2026-06-02,2026-06-02,1,0,Storage,0.05,0,0.05
1050841,RMA #7NBWM01L,32958064,COLLETTE LEROUX (L7L7K4COL),6.00664E+15,2026-06-02,2026-06-02,1,0,Restock,0.25,0.01,0.26
1050841,RMA #7NBWM01L,32958064,COLLETTE LEROUX (L7L7K4COL),6.00664E+15,2026-06-02,2026-06-02,0,0,Service Center Labor,1.42,0.07,1.49
1050841,RMA #7NBWM01L,32958064,COLLETTE LEROUX (L7L7K4COL),6.00664E+15,2026-06-02,2026-06-02,1,0,Returns,2.07,0.1,2.17
1050841,RMA #7NBWM01L,32958064,COLLETTE LEROUX (L7L7K4COL),6.00664E+15,2026-06-02,2026-06-02,1,0,Storage,0.05,0,0.05
1050842,RMA #IZ02DWML,32949095,ZHIYI SHENG (L7B1E7ZHI),6.00664E+15,2026-06-02,2026-06-02,1,0,Returns,2.07,0.1,2.17
1050842,RMA #IZ02DWML,32949095,ZHIYI SHENG (L7B1E7ZHI),6.00664E+15,2026-06-02,2026-06-02,1,0,Restock,0.25,0.01,0.26
1050842,RMA #IZ02DWML,32949095,ZHIYI SHENG (L7B1E7ZHI),6.00664E+15,2026-06-02,2026-06-02,0,0,Service Center Labor,1.42,0.07,1.49
1050842,RMA #IZ02DWML,32949095,ZHIYI SHENG (L7B1E7ZHI),6.00664E+15,2026-06-02,2026-06-02,1,0,Storage,0.05,0,0.05
1050843,RMA #66FWTLYS,32918882,DIANNE MCMURRAY (L9Y3M7DIA),6.00664E+15,2026-06-02,2026-06-02,1,0,Returns,2.07,0.1,2.17
1050843,RMA #66FWTLYS,32918882,DIANNE MCMURRAY (L9Y3M7DIA),6.00664E+15,2026-06-02,2026-06-02,1,0,Restock,0.25,0.01,0.26
1050843,RMA #66FWTLYS,32918882,DIANNE MCMURRAY (L9Y3M7DIA),6.00664E+15,2026-06-02,2026-06-02,0,0,Service Center Labor,1.42,0.07,1.49
1050843,RMA #66FWTLYS,32918882,DIANNE MCMURRAY (L9Y3M7DIA),6.00664E+15,2026-06-02,2026-06-02,1,0,Storage,0.05,0,0.05
1050847,RMA #ASDV7BOY,32930747,NICOLAS MORIN (G5B1N7NIC),6.00664E+15,2026-06-02,2026-06-02,1,0,Returns,2.07,0.1,2.17
1050847,RMA #ASDV7BOY,32930747,NICOLAS MORIN (G5B1N7NIC),6.00664E+15,2026-06-02,2026-06-02,0,0,Service Center Labor,2.36,0.12,2.48
1050847,RMA #ASDV7BOY,32930747,NICOLAS MORIN (G5B1N7NIC),6.00664E+15,2026-06-02,2026-06-02,1,0,Restock,0.25,0.01,0.26
1050847,RMA #ASDV7BOY,32930747,NICOLAS MORIN (G5B1N7NIC),6.00664E+15,2026-06-02,2026-06-02,1,0,Storage,0.05,0,0.05
1050851,RMA #5DJG6JDX,32853137,KARINE LATRAVERSE (J0G1M0KAR),6.00664E+15,2026-06-02,2026-06-02,4,0,Restock,1,0.05,1.05
1050851,RMA #5DJG6JDX,32853137,KARINE LATRAVERSE (J0G1M0KAR),6.00664E+15,2026-06-02,2026-06-02,0,0,Service Center Labor,4.73,0.24,4.97
1050851,RMA #5DJG6JDX,32853137,KARINE LATRAVERSE (J0G1M0KAR),6.00664E+15,2026-06-02,2026-06-02,4,0,Returns,4.08,0.2,4.28
1050851,RMA #5DJG6JDX,32853137,KARINE LATRAVERSE (J0G1M0KAR),6.00664E+15,2026-06-02,2026-06-02,4,0,Storage,0.2,0.01,0.21
1050855,RMA #VQ82BDV5,32952308,NATASHA ANDERSSON (V9W0G2NAT),6.00664E+15,2026-06-02,2026-06-02,1,0,Restock,0.25,0.01,0.26
1050855,RMA #VQ82BDV5,32952308,NATASHA ANDERSSON (V9W0G2NAT),6.00664E+15,2026-06-02,2026-06-02,0,0,Service Center Labor,2.36,0.12,2.48
1050855,RMA #VQ82BDV5,32952308,NATASHA ANDERSSON (V9W0G2NAT),6.00664E+15,2026-06-02,2026-06-02,1,0,Returns,2.07,0.1,2.17
1050855,RMA #VQ82BDV5,32952308,NATASHA ANDERSSON (V9W0G2NAT),6.00664E+15,2026-06-02,2026-06-02,1,0,Storage,0.05,0,0.05
1050859,RMA #BCS0TLYC,32831214,LOGAN VOLKERS (V8T1E7LOG),6.00664E+15,2026-06-02,2026-06-02,2,0,Returns,2.74,0.14,2.88
1050859,RMA #BCS0TLYC,32831214,LOGAN VOLKERS (V8T1E7LOG),6.00664E+15,2026-06-02,2026-06-02,0,0,Service Center Labor,2.36,0.12,2.48
1050859,RMA #BCS0TLYC,32831214,LOGAN VOLKERS (V8T1E7LOG),6.00664E+15,2026-06-02,2026-06-02,2,0,Restock,0.5,0.03,0.53
1050859,RMA #BCS0TLYC,32831214,LOGAN VOLKERS (V8T1E7LOG),6.00664E+15,2026-06-02,2026-06-02,2,0,Storage,0.1,0.01,0.11
1050869,RMA #NV4ZRUAS,32987189,RACHEL HASWELL (V5A0E8RAC),6.00664E+15,2026-06-02,2026-06-02,2,0,Returns,2.74,0.14,2.88
1050869,RMA #NV4ZRUAS,32987189,RACHEL HASWELL (V5A0E8RAC),6.00664E+15,2026-06-02,2026-06-02,0,0,Service Center Labor,2.36,0.12,2.48
1050869,RMA #NV4ZRUAS,32987189,RACHEL HASWELL (V5A0E8RAC),6.00664E+15,2026-06-02,2026-06-02,2,0,Restock,0.5,0.03,0.53
1050869,RMA #NV4ZRUAS,32987189,RACHEL HASWELL (V5A0E8RAC),6.00664E+15,2026-06-02,2026-06-02,2,0,Storage,0.1,0.01,0.11
1050891,RMA #RL96QN38,32966653,DANIELLE DONOHUE (V9A1W9DAN),6.00664E+15,2026-06-02,2026-06-02,1,0,Returns,2.07,0.1,2.17
1050891,RMA #RL96QN38,32966653,DANIELLE DONOHUE (V9A1W9DAN),6.00664E+15,2026-06-02,2026-06-02,0,0,Service Center Labor,1.42,0.07,1.49
1050891,RMA #RL96QN38,32966653,DANIELLE DONOHUE (V9A1W9DAN),6.00664E+15,2026-06-02,2026-06-02,1,0,Restock,0.25,0.01,0.26
1050891,RMA #RL96QN38,32966653,DANIELLE DONOHUE (V9A1W9DAN),6.00664E+15,2026-06-02,2026-06-02,1,0,Storage,0.05,0,0.05
1050895,RMA #86ZI2RJO,32873060,BARBORA SMEREKOVA (T6E0K1BAR),6.00664E+15,2026-06-02,2026-06-02,0,0,Service Center Labor,1.42,0.07,1.49
1050895,RMA #86ZI2RJO,32873060,BARBORA SMEREKOVA (T6E0K1BAR),6.00664E+15,2026-06-02,2026-06-02,2,0,Returns,2.74,0.14,2.88
1050895,RMA #86ZI2RJO,32873060,BARBORA SMEREKOVA (T6E0K1BAR),6.00664E+15,2026-06-02,2026-06-02,2,0,Restock,0.5,0.03,0.53
1050895,RMA #86ZI2RJO,32873060,BARBORA SMEREKOVA (T6E0K1BAR),6.00664E+15,2026-06-02,2026-06-02,2,0,Storage,0.1,0.01,0.11
1050900,RMA #P6AG7L7B,32968738,SHARON ZEEMAN (V3V3H2SHA),6.00664E+15,2026-06-02,2026-06-02,1,0,Restock,0.25,0.01,0.26
1050900,RMA #P6AG7L7B,32968738,SHARON ZEEMAN (V3V3H2SHA),6.00664E+15,2026-06-02,2026-06-02,0,0,Service Center Labor,1.42,0.07,1.49
1050900,RMA #P6AG7L7B,32968738,SHARON ZEEMAN (V3V3H2SHA),6.00664E+15,2026-06-02,2026-06-02,1,0,Returns,2.07,0.1,2.17
1050900,RMA #P6AG7L7B,32968738,SHARON ZEEMAN (V3V3H2SHA),6.00664E+15,2026-06-02,2026-06-02,1,0,Storage,0.05,0,0.05
1050903,RMA #FZIJU753,32943898,NICOLE MAILHIOT (H2J3R1NIC),6.00664E+15,2026-06-02,2026-06-02,0,0,Service Center Labor,1.42,0.07,1.49
1050903,RMA #FZIJU753,32943898,NICOLE MAILHIOT (H2J3R1NIC),6.00664E+15,2026-06-02,2026-06-02,2,0,Returns,2.74,0.14,2.88
1050903,RMA #FZIJU753,32943898,NICOLE MAILHIOT (H2J3R1NIC),6.00664E+15,2026-06-02,2026-06-02,2,0,Restock,0.5,0.03,0.53
1050903,RMA #FZIJU753,32943898,NICOLE MAILHIOT (H2J3R1NIC),6.00664E+15,2026-06-02,2026-06-02,2,0,Storage,0.1,0.01,0.11
1050906,RMA #CW4UV94M,32943894,NICOLE MAILHIOT (H2J3R1NIC),6.00664E+15,2026-06-02,2026-06-02,1,0,Returns,2.07,0.1,2.17
1050906,RMA #CW4UV94M,32943894,NICOLE MAILHIOT (H2J3R1NIC),6.00664E+15,2026-06-02,2026-06-02,0,0,Service Center Labor,1.42,0.07,1.49
1050906,RMA #CW4UV94M,32943894,NICOLE MAILHIOT (H2J3R1NIC),6.00664E+15,2026-06-02,2026-06-02,1,0,Restock,0.25,0.01,0.26
1050906,RMA #CW4UV94M,32943894,NICOLE MAILHIOT (H2J3R1NIC),6.00664E+15,2026-06-02,2026-06-02,1,0,Storage,0.05,0,0.05
1050908,RMA #SEU1N967,32792796,SKLAERENN LE GALLO (H2S2L7SKL),6.00664E+15,2026-06-02,2026-06-02,1,0,Restock,0.25,0.01,0.26
1050908,RMA #SEU1N967,32792796,SKLAERENN LE GALLO (H2S2L7SKL),6.00664E+15,2026-06-02,2026-06-02,0,0,Service Center Labor,1.42,0.07,1.49
1050908,RMA #SEU1N967,32792796,SKLAERENN LE GALLO (H2S2L7SKL),6.00664E+15,2026-06-02,2026-06-02,1,0,Returns,2.07,0.1,2.17
1050908,RMA #SEU1N967,32792796,SKLAERENN LE GALLO (H2S2L7SKL),6.00664E+15,2026-06-02,2026-06-02,1,0,Storage,0.05,0,0.05
1050911,RMA #OTD2ZUKG,32940585,JEREMIAH BREDNOW (V1T6Z1JER),6.00664E+15,2026-06-02,2026-06-02,2,0,Returns,2.74,0.14,2.88
1050911,RMA #OTD2ZUKG,32940585,JEREMIAH BREDNOW (V1T6Z1JER),6.00664E+15,2026-06-02,2026-06-02,2,0,Restock,0.5,0.03,0.53
1050911,RMA #OTD2ZUKG,32940585,JEREMIAH BREDNOW (V1T6Z1JER),6.00664E+15,2026-06-02,2026-06-02,0,0,Service Center Labor,2.36,0.12,2.48
1050911,RMA #OTD2ZUKG,32940585,JEREMIAH BREDNOW (V1T6Z1JER),6.00664E+15,2026-06-02,2026-06-02,2,0,Storage,0.1,0.01,0.11
1050913,RMA #WWH88IE1,32925643,NATALIE IP (L4A4W8NAT),6.00664E+15,2026-06-02,2026-06-02,0,0,Service Center Labor,1.42,0.07,1.49
1050913,RMA #WWH88IE1,32925643,NATALIE IP (L4A4W8NAT),6.00664E+15,2026-06-02,2026-06-02,3,0,Returns,3.41,0.17,3.58
1050913,RMA #WWH88IE1,32925643,NATALIE IP (L4A4W8NAT),6.00664E+15,2026-06-02,2026-06-02,3,0,Restock,0.75,0.04,0.79
1050913,RMA #WWH88IE1,32925643,NATALIE IP (L4A4W8NAT),6.00664E+15,2026-06-02,2026-06-02,3,0,Storage,0.15,0.01,0.16
1050923,RMA90954,32969344,FGL SPORTS LTÉE (H7P6C8FGL),6.00664E+15,2026-06-02,2026-06-02,6,0,Returns,5.42,0.27,5.69
1050923,RMA90954,32969344,FGL SPORTS LTÉE (H7P6C8FGL),6.00664E+15,2026-06-02,2026-06-02,0,0,Service Center Labor,6.14,0.31,6.45
1050923,RMA90954,32969344,FGL SPORTS LTÉE (H7P6C8FGL),6.00664E+15,2026-06-02,2026-06-02,6,0,Restock,1.5,0.08,1.58
1050923,RMA90954,32969344,FGL SPORTS LTÉE (H7P6C8FGL),6.00664E+15,2026-06-02,2026-06-02,6,0,Storage,0.3,0.02,0.32
1050934,RMA #1EBFW0FI,32966662,JANE ADAMS (N6H4R1JAN),6.00664E+15,2026-06-02,2026-06-02,1,0,Returns,2.07,0.1,2.17
1050934,RMA #1EBFW0FI,32966662,JANE ADAMS (N6H4R1JAN),6.00664E+15,2026-06-02,2026-06-02,1,0,Restock,0.25,0.01,0.26
1050934,RMA #1EBFW0FI,32966662,JANE ADAMS (N6H4R1JAN),6.00664E+15,2026-06-02,2026-06-02,1,0,Shop Supplies,0.16,0.01,0.17
1050934,RMA #1EBFW0FI,32966662,JANE ADAMS (N6H4R1JAN),6.00664E+15,2026-06-02,2026-06-02,0,0,Service Center Labor,1.42,0.07,1.49
1050934,RMA #1EBFW0FI,32966662,JANE ADAMS (N6H4R1JAN),6.00664E+15,2026-06-02,2026-06-02,1,0,Storage,0.05,0,0.05
1050937,RMA #QR03OIC3,32954824,SUZIE DUMONTIER (J0K1A0SUZ),6.00664E+15,2026-06-02,2026-06-02,1,0,Restock,0.25,0.01,0.26
1050937,RMA #QR03OIC3,32954824,SUZIE DUMONTIER (J0K1A0SUZ),6.00664E+15,2026-06-02,2026-06-02,0,0,Service Center Labor,1.42,0.07,1.49
1050937,RMA #QR03OIC3,32954824,SUZIE DUMONTIER (J0K1A0SUZ),6.00664E+15,2026-06-02,2026-06-02,1,0,Returns,2.07,0.1,2.17
1050937,RMA #QR03OIC3,32954824,SUZIE DUMONTIER (J0K1A0SUZ),6.00664E+15,2026-06-02,2026-06-02,1,0,Storage,0.05,0,0.05
1050938,RMA #S9R6D9RQ,32944303,MELANIE DUBE (E2A6Y8MEL),6.00664E+15,2026-06-02,2026-06-02,1,0,Restock,0.25,0.01,0.26
1050938,RMA #S9R6D9RQ,32944303,MELANIE DUBE (E2A6Y8MEL),6.00664E+15,2026-06-02,2026-06-02,1,0,Returns,2.07,0.1,2.17
1050938,RMA #S9R6D9RQ,32944303,MELANIE DUBE (E2A6Y8MEL),6.00664E+15,2026-06-02,2026-06-02,0,0,Service Center Labor,1.42,0.07,1.49
1050938,RMA #S9R6D9RQ,32944303,MELANIE DUBE (E2A6Y8MEL),6.00664E+15,2026-06-02,2026-06-02,1,0,Storage,0.05,0,0.05
1050941,RMA #S34B993A,32911161,MICHAEL RAK (T8N6A6MIC),6.00664E+15,2026-06-02,2026-06-02,1,0,Shop Supplies,0.16,0.01,0.17
1050941,RMA #S34B993A,32911161,MICHAEL RAK (T8N6A6MIC),6.00664E+15,2026-06-02,2026-06-02,3,0,Restock,0.75,0.04,0.79
1050941,RMA #S34B993A,32911161,MICHAEL RAK (T8N6A6MIC),6.00664E+15,2026-06-02,2026-06-02,3,0,Returns,3.41,0.17,3.58
1050941,RMA #S34B993A,32911161,MICHAEL RAK (T8N6A6MIC),6.00664E+15,2026-06-02,2026-06-02,0,0,Service Center Labor,3.31,0.17,3.48
1050941,RMA #S34B993A,32911161,MICHAEL RAK (T8N6A6MIC),6.00664E+15,2026-06-02,2026-06-02,3,0,Storage,0.15,0.01,0.16
1050945,RMA #R50R4T0L,32790433,MEGAN LATIMER (V8B0P1MEG),6.00664E+15,2026-06-02,2026-06-02,1,0,Restock,0.25,0.01,0.26
1050945,RMA #R50R4T0L,32790433,MEGAN LATIMER (V8B0P1MEG),6.00664E+15,2026-06-02,2026-06-02,1,0,Returns,2.07,0.1,2.17
1050945,RMA #R50R4T0L,32790433,MEGAN LATIMER (V8B0P1MEG),6.00664E+15,2026-06-02,2026-06-02,0,0,Service Center Labor,1.42,0.07,1.49
1050945,RMA #R50R4T0L,32790433,MEGAN LATIMER (V8B0P1MEG),6.00664E+15,2026-06-02,2026-06-02,1,0,Shop Supplies,0.16,0.01,0.17
1050945,RMA #R50R4T0L,32790433,MEGAN LATIMER (V8B0P1MEG),6.00664E+15,2026-06-02,2026-06-02,1,0,Storage,0.05,0,0.05
1051066,RMA #83Y90RT5,,BRENDA BOUW (Manual),6.00664E+15,2026-06-03,2026-06-03,0,0,Service Center Labor,8.03,0.4,8.43
1051066,RMA #83Y90RT5,,BRENDA BOUW (Manual),6.00664E+15,2026-06-03,2026-06-03,9,0,Returns,7.43,0.37,7.8
1051066,RMA #83Y90RT5,,BRENDA BOUW (Manual),6.00664E+15,2026-06-03,2026-06-03,9,0,Restock,2.25,0.11,2.36
1051066,RMA #83Y90RT5,,BRENDA BOUW (Manual),6.00664E+15,2026-06-03,2026-06-03,9,0,Storage,0.45,0.02,0.47
1051083,RMA #75S0ADLK,,LAURA SIMKULAK (V1L2Y5MAR),6.00664E+15,2026-06-03,2026-06-03,2,0,Restock,0.5,0.03,0.53
1051083,RMA #75S0ADLK,,LAURA SIMKULAK (V1L2Y5MAR),6.00664E+15,2026-06-03,2026-06-03,0,0,Service Center Labor,2.36,0.12,2.48
1051083,RMA #75S0ADLK,,LAURA SIMKULAK (V1L2Y5MAR),6.00664E+15,2026-06-03,2026-06-03,2,0,Returns,2.74,0.14,2.88
1051083,RMA #75S0ADLK,,LAURA SIMKULAK (V1L2Y5MAR),6.00664E+15,2026-06-03,2026-06-03,2,0,Storage,0.1,0.01,0.11
1051150,RMA #7TJFY392,,ELIZABETH RENWICK (Manual),7.92305E+11,2026-06-03,2026-06-03,1,0,Restock,0.25,0.01,0.26
1051150,RMA #7TJFY392,,ELIZABETH RENWICK (Manual),7.92305E+11,2026-06-03,2026-06-03,0,0,Service Center Labor,1.42,0.07,1.49
1051150,RMA #7TJFY392,,ELIZABETH RENWICK (Manual),7.92305E+11,2026-06-03,2026-06-03,1,0,Shop Supplies,0.16,0.01,0.17
1051150,RMA #7TJFY392,,ELIZABETH RENWICK (Manual),7.92305E+11,2026-06-03,2026-06-03,1,0,Returns,2.07,0.1,2.17
1051150,RMA #7TJFY392,,ELIZABETH RENWICK (Manual),7.92305E+11,2026-06-03,2026-06-03,1,0,Storage,0.05,0,0.05
1051305,RMA91064,33011212,HUDSON GRP VANCOUVER INT'L AIRPORT (V7B1W2HUD),1Z6A9F112003472355,2026-06-03,2026-06-03,110,0,Restock,27.5,1.38,28.88
1051305,RMA91064,33011212,HUDSON GRP VANCOUVER INT'L AIRPORT (V7B1W2HUD),1Z6A9F112003472355,2026-06-03,2026-06-03,4,0,Service Center Labor,212.63,10.63,223.26
1051305,RMA91064,33011212,HUDSON GRP VANCOUVER INT'L AIRPORT (V7B1W2HUD),1Z6A9F112003472355,2026-06-03,2026-06-03,110,0,Returns,75.1,3.76,78.86
1051305,RMA91064,33011212,HUDSON GRP VANCOUVER INT'L AIRPORT (V7B1W2HUD),1Z6A9F112003472355,2026-06-03,2026-06-03,110,0,Storage,5.5,0.28,5.78
1051619,RMA #L61NG6QS,32825107,MOLLY WAKEFIELD (T8A1X5MOL),6.00664E+15,2026-06-04,2026-06-04,1,0,Shop Supplies,0.11,0.01,0.12
1051619,RMA #L61NG6QS,32825107,MOLLY WAKEFIELD (T8A1X5MOL),6.00664E+15,2026-06-04,2026-06-04,1,0,Restock,0.25,0.01,0.26
1051619,RMA #L61NG6QS,32825107,MOLLY WAKEFIELD (T8A1X5MOL),6.00664E+15,2026-06-04,2026-06-04,1,0,Returns,2.07,0.1,2.17
1051619,RMA #L61NG6QS,32825107,MOLLY WAKEFIELD (T8A1X5MOL),6.00664E+15,2026-06-04,2026-06-04,0,0,Service Center Labor,1.42,0.07,1.49
1051619,RMA #L61NG6QS,32825107,MOLLY WAKEFIELD (T8A1X5MOL),6.00664E+15,2026-06-04,2026-06-04,1,0,Storage,0.05,0,0.05
1051621,RMA #NB51V198,32901568,ALYSSA CLUTTON (N2K3J7ALY),RMANB51V198ORDER,2026-06-04,2026-06-04,0,0,Service Center Labor,1.42,0.07,1.49
1051621,RMA #NB51V198,32901568,ALYSSA CLUTTON (N2K3J7ALY),RMANB51V198ORDER,2026-06-04,2026-06-04,1,0,Restock,0.25,0.01,0.26
1051621,RMA #NB51V198,32901568,ALYSSA CLUTTON (N2K3J7ALY),RMANB51V198ORDER,2026-06-04,2026-06-04,1,0,Returns,2.07,0.1,2.17
1051621,RMA #NB51V198,32901568,ALYSSA CLUTTON (N2K3J7ALY),RMANB51V198ORDER,2026-06-04,2026-06-04,1,0,Storage,0.05,0,0.05
1051626,RMA #0E21DLT8,32932261,CLARE COLLEDGE (V4V0B8CLA),6.00664E+15,2026-06-04,2026-06-04,1,0,Returns,2.07,0.1,2.17
1051626,RMA #0E21DLT8,32932261,CLARE COLLEDGE (V4V0B8CLA),6.00664E+15,2026-06-04,2026-06-04,1,0,Restock,0.25,0.01,0.26
1051626,RMA #0E21DLT8,32932261,CLARE COLLEDGE (V4V0B8CLA),6.00664E+15,2026-06-04,2026-06-04,0,0,Service Center Labor,1.42,0.07,1.49
1051626,RMA #0E21DLT8,32932261,CLARE COLLEDGE (V4V0B8CLA),6.00664E+15,2026-06-04,2026-06-04,1,0,Storage,0.05,0,0.05
1051631,RMA #G5YT4GE6,32937367,PHILIPPA GUNN (T0E1E0PHI),RMAG5YT4GE6ORDER,2026-06-04,2026-06-04,0,0,Service Center Labor,1.42,0.07,1.49
1051631,RMA #G5YT4GE6,32937367,PHILIPPA GUNN (T0E1E0PHI),RMAG5YT4GE6ORDER,2026-06-04,2026-06-04,1,0,Returns,2.07,0.1,2.17
1051631,RMA #G5YT4GE6,32937367,PHILIPPA GUNN (T0E1E0PHI),RMAG5YT4GE6ORDER,2026-06-04,2026-06-04,1,0,Restock,0.25,0.01,0.26
1051631,RMA #G5YT4GE6,32937367,PHILIPPA GUNN (T0E1E0PHI),RMAG5YT4GE6ORDER,2026-06-04,2026-06-04,1,0,Storage,0.05,0,0.05
1051635,RMA #2PAMZ72K,32775028,ANA BADOUR (M6K0B4ANA),6.00664E+15,2026-06-04,2026-06-04,1,0,Restock,0.25,0.01,0.26
1051635,RMA #2PAMZ72K,32775028,ANA BADOUR (M6K0B4ANA),6.00664E+15,2026-06-04,2026-06-04,1,0,Returns,2.07,0.1,2.17
1051635,RMA #2PAMZ72K,32775028,ANA BADOUR (M6K0B4ANA),6.00664E+15,2026-06-04,2026-06-04,0,0,Service Center Labor,1.42,0.07,1.49
1051635,RMA #2PAMZ72K,32775028,ANA BADOUR (M6K0B4ANA),6.00664E+15,2026-06-04,2026-06-04,1,0,Storage,0.05,0,0.05
1051644,RMA #931LIPXI,32888120,ALLIE JANZ (R0A0X0ALL),6.00664E+15,2026-06-04,2026-06-04,3,0,Returns,3.41,0.17,3.58
1051644,RMA #931LIPXI,32888120,ALLIE JANZ (R0A0X0ALL),6.00664E+15,2026-06-04,2026-06-04,0,0,Service Center Labor,2.36,0.12,2.48
1051644,RMA #931LIPXI,32888120,ALLIE JANZ (R0A0X0ALL),6.00664E+15,2026-06-04,2026-06-04,3,0,Restock,0.75,0.04,0.79
1051644,RMA #931LIPXI,32888120,ALLIE JANZ (R0A0X0ALL),6.00664E+15,2026-06-04,2026-06-04,3,0,Storage,0.15,0.01,0.16
1051665,RMA #WDKOX96H,32913088,JUNE MARESCA (L3P1S9JUN),7.92374E+11,2026-06-04,2026-06-04,1,0,Restock,0.25,0.01,0.26
1051665,RMA #WDKOX96H,32913088,JUNE MARESCA (L3P1S9JUN),7.92374E+11,2026-06-04,2026-06-04,1,0,Returns,2.07,0.1,2.17
1051665,RMA #WDKOX96H,32913088,JUNE MARESCA (L3P1S9JUN),7.92374E+11,2026-06-04,2026-06-04,0,0,Service Center Labor,1.42,0.07,1.49
1051665,RMA #WDKOX96H,32913088,JUNE MARESCA (L3P1S9JUN),7.92374E+11,2026-06-04,2026-06-04,1,0,Storage,0.05,0,0.05
1051671,RMA #4Y9XPP8B,32875458,DUSTIN DEWAN (V5T4R6DUS),7.92369E+11,2026-06-04,2026-06-04,1,0,Returns,2.07,0.1,2.17
1051671,RMA #4Y9XPP8B,32875458,DUSTIN DEWAN (V5T4R6DUS),7.92369E+11,2026-06-04,2026-06-04,0,0,Service Center Labor,1.42,0.07,1.49
1051671,RMA #4Y9XPP8B,32875458,DUSTIN DEWAN (V5T4R6DUS),7.92369E+11,2026-06-04,2026-06-04,1,0,Restock,0.25,0.01,0.26
1051671,RMA #4Y9XPP8B,32875458,DUSTIN DEWAN (V5T4R6DUS),7.92369E+11,2026-06-04,2026-06-04,1,0,Storage,0.05,0,0.05
1051674,RMA #EU6GI7N9,32849939,STEPHANIE DUGOUR (G1B0P5STÉ),7.92358E+11,2026-06-04,2026-06-04,0,0,Service Center Labor,1.42,0.07,1.49
1051674,RMA #EU6GI7N9,32849939,STEPHANIE DUGOUR (G1B0P5STÉ),7.92358E+11,2026-06-04,2026-06-04,1,0,Restock,0.25,0.01,0.26
1051674,RMA #EU6GI7N9,32849939,STEPHANIE DUGOUR (G1B0P5STÉ),7.92358E+11,2026-06-04,2026-06-04,1,0,Returns,2.07,0.1,2.17
1051674,RMA #EU6GI7N9,32849939,STEPHANIE DUGOUR (G1B0P5STÉ),7.92358E+11,2026-06-04,2026-06-04,1,0,Storage,0.05,0,0.05
1051689,RMA #1RMJGJQB,32871062,CHARLIE ARCHAMBAULT (J4Y1R1CHA),6.00664E+15,2026-06-04,2026-06-04,1,0,Restock,0.25,0.01,0.26
1051689,RMA #1RMJGJQB,32871062,CHARLIE ARCHAMBAULT (J4Y1R1CHA),6.00664E+15,2026-06-04,2026-06-04,1,0,Returns,2.07,0.1,2.17
1051689,RMA #1RMJGJQB,32871062,CHARLIE ARCHAMBAULT (J4Y1R1CHA),6.00664E+15,2026-06-04,2026-06-04,0,0,Service Center Labor,1.42,0.07,1.49
1051689,RMA #1RMJGJQB,32871062,CHARLIE ARCHAMBAULT (J4Y1R1CHA),6.00664E+15,2026-06-04,2026-06-04,1,0,Storage,0.05,0,0.05
1051706,RMA #VOBV9H5Z,32883839,YVONNE ZAGANELLI-BROWN (L0S1J0YVO),6.00664E+15,2026-06-04,2026-06-04,0,0,Service Center Labor,1.42,0.07,1.49
1051706,RMA #VOBV9H5Z,32883839,YVONNE ZAGANELLI-BROWN (L0S1J0YVO),6.00664E+15,2026-06-04,2026-06-04,1,0,Returns,2.07,0.1,2.17
1051706,RMA #VOBV9H5Z,32883839,YVONNE ZAGANELLI-BROWN (L0S1J0YVO),6.00664E+15,2026-06-04,2026-06-04,1,0,Restock,0.25,0.01,0.26
1051706,RMA #VOBV9H5Z,32883839,YVONNE ZAGANELLI-BROWN (L0S1J0YVO),6.00664E+15,2026-06-04,2026-06-04,1,0,Storage,0.05,0,0.05
1051718,RMA #6G9JQ7ND,32947978,ZABRINA MOK (L6C2J7ZAB),6.00664E+15,2026-06-04,2026-06-04,1,0,Returns,2.07,0.1,2.17
1051718,RMA #6G9JQ7ND,32947978,ZABRINA MOK (L6C2J7ZAB),6.00664E+15,2026-06-04,2026-06-04,0,0,Service Center Labor,1.42,0.07,1.49
1051718,RMA #6G9JQ7ND,32947978,ZABRINA MOK (L6C2J7ZAB),6.00664E+15,2026-06-04,2026-06-04,1,0,Restock,0.25,0.01,0.26
1051718,RMA #6G9JQ7ND,32947978,ZABRINA MOK (L6C2J7ZAB),6.00664E+15,2026-06-04,2026-06-04,1,0,Storage,0.05,0,0.05
1051816,RMA #6IEAYU0L,33010797,TREVOR STODDART (V8J1L9TRE),6.00664E+15,2026-06-04,2026-06-04,0,0,Service Center Labor,1.42,0.07,1.49
1051816,RMA #6IEAYU0L,33010797,TREVOR STODDART (V8J1L9TRE),6.00664E+15,2026-06-04,2026-06-04,1,0,Returns,2.07,0.1,2.17
1051816,RMA #6IEAYU0L,33010797,TREVOR STODDART (V8J1L9TRE),6.00664E+15,2026-06-04,2026-06-04,1,0,Restock,0.25,0.01,0.26
1051816,RMA #6IEAYU0L,33010797,TREVOR STODDART (V8J1L9TRE),6.00664E+15,2026-06-04,2026-06-04,1,0,Storage,0.05,0,0.05
1051817,RMA #SYN3ZFK7,32957560,SHIRLEY HUNT (N1H5C8SHI),6.00664E+15,2026-06-04,2026-06-04,2,0,Returns,2.74,0.14,2.88
1051817,RMA #SYN3ZFK7,32957560,SHIRLEY HUNT (N1H5C8SHI),6.00664E+15,2026-06-04,2026-06-04,0,0,Service Center Labor,2.36,0.12,2.48
1051817,RMA #SYN3ZFK7,32957560,SHIRLEY HUNT (N1H5C8SHI),6.00664E+15,2026-06-04,2026-06-04,2,0,Restock,0.5,0.03,0.53
1051817,RMA #SYN3ZFK7,32957560,SHIRLEY HUNT (N1H5C8SHI),6.00664E+15,2026-06-04,2026-06-04,2,0,Storage,0.1,0.01,0.11
1051818,RMA #UIW5RH65,32902976,TRACY HARMAN (T7Z0A5TRA),7.92373E+11,2026-06-04,2026-06-04,3,0,Returns,3.41,0.17,3.58
1051818,RMA #UIW5RH65,32902976,TRACY HARMAN (T7Z0A5TRA),7.92373E+11,2026-06-04,2026-06-04,2,0,Shop Supplies,0.32,0.02,0.34
1051818,RMA #UIW5RH65,32902976,TRACY HARMAN (T7Z0A5TRA),7.92373E+11,2026-06-04,2026-06-04,3,0,Restock,0.75,0.04,0.79
1051818,RMA #UIW5RH65,32902976,TRACY HARMAN (T7Z0A5TRA),7.92373E+11,2026-06-04,2026-06-04,0,0,Service Center Labor,2.36,0.12,2.48
1051818,RMA #UIW5RH65,32902976,TRACY HARMAN (T7Z0A5TRA),7.92373E+11,2026-06-04,2026-06-04,3,0,Storage,0.15,0.01,0.16
1051819,RMA #ULWOSB7T,32968728,PRISCILLA MARIANO SCHUNIG (J2S8X3PRI),7.92388E+11,2026-06-04,2026-06-04,0,0,Service Center Labor,1.42,0.07,1.49
1051819,RMA #ULWOSB7T,32968728,PRISCILLA MARIANO SCHUNIG (J2S8X3PRI),7.92388E+11,2026-06-04,2026-06-04,1,0,Restock,0.25,0.01,0.26
1051819,RMA #ULWOSB7T,32968728,PRISCILLA MARIANO SCHUNIG (J2S8X3PRI),7.92388E+11,2026-06-04,2026-06-04,1,0,Returns,2.07,0.1,2.17
1051819,RMA #ULWOSB7T,32968728,PRISCILLA MARIANO SCHUNIG (J2S8X3PRI),7.92388E+11,2026-06-04,2026-06-04,1,0,Storage,0.05,0,0.05
1051826,RMA #5FLJ7S3A,32968313,TERESA ALLAN (T6J0R5TER),7.92388E+11,2026-06-04,2026-06-04,1,0,Restock,0.25,0.01,0.26
1051826,RMA #5FLJ7S3A,32968313,TERESA ALLAN (T6J0R5TER),7.92388E+11,2026-06-04,2026-06-04,1,0,Returns,2.07,0.1,2.17
1051826,RMA #5FLJ7S3A,32968313,TERESA ALLAN (T6J0R5TER),7.92388E+11,2026-06-04,2026-06-04,0,0,Service Center Labor,1.42,0.07,1.49
1051826,RMA #5FLJ7S3A,32968313,TERESA ALLAN (T6J0R5TER),7.92388E+11,2026-06-04,2026-06-04,1,0,Storage,0.05,0,0.05
1051829,RMA #CN2J5VML,32977260,JOAN CRAWFORD (K0L1Z0JOA),7.9239E+11,2026-06-04,2026-06-04,1,0,Restock,0.25,0.01,0.26
1051829,RMA #CN2J5VML,32977260,JOAN CRAWFORD (K0L1Z0JOA),7.9239E+11,2026-06-04,2026-06-04,1,0,Returns,2.07,0.1,2.17
1051829,RMA #CN2J5VML,32977260,JOAN CRAWFORD (K0L1Z0JOA),7.9239E+11,2026-06-04,2026-06-04,0,0,Service Center Labor,1.42,0.07,1.49
1051829,RMA #CN2J5VML,32977260,JOAN CRAWFORD (K0L1Z0JOA),7.9239E+11,2026-06-04,2026-06-04,1,0,Storage,0.05,0,0.05
1051832,RMA #QL3CH8KH,32697236,HEATHER THOMPSON (N0H1B0HEA),7.98052E+11,2026-06-04,2026-06-04,1,0,Returns,2.07,0.1,2.17
1051832,RMA #QL3CH8KH,32697236,HEATHER THOMPSON (N0H1B0HEA),7.98052E+11,2026-06-04,2026-06-04,0,0,Service Center Labor,1.42,0.07,1.49
1051832,RMA #QL3CH8KH,32697236,HEATHER THOMPSON (N0H1B0HEA),7.98052E+11,2026-06-04,2026-06-04,1,0,Restock,0.25,0.01,0.26
1051832,RMA #QL3CH8KH,32697236,HEATHER THOMPSON (N0H1B0HEA),7.98052E+11,2026-06-04,2026-06-04,1,0,Storage,0.05,0,0.05
1051837,RMA #GJX5ODA4,32996905,SHUYING LI (M4K3T4SHU),7.92392E+11,2026-06-04,2026-06-04,1,0,Returns,2.07,0.1,2.17
1051837,RMA #GJX5ODA4,32996905,SHUYING LI (M4K3T4SHU),7.92392E+11,2026-06-04,2026-06-04,0,0,Service Center Labor,1.42,0.07,1.49
1051837,RMA #GJX5ODA4,32996905,SHUYING LI (M4K3T4SHU),7.92392E+11,2026-06-04,2026-06-04,1,0,Restock,0.25,0.01,0.26
1051837,RMA #GJX5ODA4,32996905,SHUYING LI (M4K3T4SHU),7.92392E+11,2026-06-04,2026-06-04,1,0,Storage,0.05,0,0.05
1051839,RMA #BWHI3484,32986693,NICOLAS LEVESQUE (J3H5W3NIC),7.92391E+11,2026-06-04,2026-06-04,1,0,Restock,0.25,0.01,0.26
1051839,RMA #BWHI3484,32986693,NICOLAS LEVESQUE (J3H5W3NIC),7.92391E+11,2026-06-04,2026-06-04,1,0,Returns,2.07,0.1,2.17
1051839,RMA #BWHI3484,32986693,NICOLAS LEVESQUE (J3H5W3NIC),7.92391E+11,2026-06-04,2026-06-04,0,0,Service Center Labor,1.42,0.07,1.49
1051839,RMA #BWHI3484,32986693,NICOLAS LEVESQUE (J3H5W3NIC),7.92391E+11,2026-06-04,2026-06-04,1,0,Storage,0.05,0,0.05
1051843,RMA #07OU8QZ2,32763169,DANIEL GROTH (T0B1W0DAN),7.98062E+11,2026-06-04,2026-06-04,1,0,Restock,0.25,0.01,0.26
1051843,RMA #07OU8QZ2,32763169,DANIEL GROTH (T0B1W0DAN),7.98062E+11,2026-06-04,2026-06-04,1,0,Returns,2.07,0.1,2.17
1051843,RMA #07OU8QZ2,32763169,DANIEL GROTH (T0B1W0DAN),7.98062E+11,2026-06-04,2026-06-04,0,0,Service Center Labor,1.42,0.07,1.49
1051843,RMA #07OU8QZ2,32763169,DANIEL GROTH (T0B1W0DAN),7.98062E+11,2026-06-04,2026-06-04,1,0,Storage,0.05,0,0.05
1051848,RMA #S7H6AHMA,32961190,DAVE BROWN (L7L6T3DAV),7.92387E+11,2026-06-04,2026-06-04,0,0,Service Center Labor,1.42,0.07,1.49
1051848,RMA #S7H6AHMA,32961190,DAVE BROWN (L7L6T3DAV),7.92387E+11,2026-06-04,2026-06-04,1,0,Restock,0.25,0.01,0.26
1051848,RMA #S7H6AHMA,32961190,DAVE BROWN (L7L6T3DAV),7.92387E+11,2026-06-04,2026-06-04,1,0,Returns,2.07,0.1,2.17
1051848,RMA #S7H6AHMA,32961190,DAVE BROWN (L7L6T3DAV),7.92387E+11,2026-06-04,2026-06-04,1,0,Storage,0.05,0,0.05
1051852,RMA #N589DAQ7,32866649,BREANNA LOHNEIS (S7L5V2BRE),7.92367E+11,2026-06-04,2026-06-04,1,0,Returns,2.07,0.1,2.17
1051852,RMA #N589DAQ7,32866649,BREANNA LOHNEIS (S7L5V2BRE),7.92367E+11,2026-06-04,2026-06-04,1,0,Restock,0.25,0.01,0.26
1051852,RMA #N589DAQ7,32866649,BREANNA LOHNEIS (S7L5V2BRE),7.92367E+11,2026-06-04,2026-06-04,0,0,Service Center Labor,1.42,0.07,1.49
1051852,RMA #N589DAQ7,32866649,BREANNA LOHNEIS (S7L5V2BRE),7.92367E+11,2026-06-04,2026-06-04,1,0,Storage,0.05,0,0.05
1051915,RMA #F054HZ4H,32970266,EMAN MEHREZ (H3C4C9EMA),7.92389E+11,2026-06-04,2026-06-04,1,0,Returns,2.07,0.1,2.17
1051915,RMA #F054HZ4H,32970266,EMAN MEHREZ (H3C4C9EMA),7.92389E+11,2026-06-04,2026-06-04,1,0,Restock,0.25,0.01,0.26
1051915,RMA #F054HZ4H,32970266,EMAN MEHREZ (H3C4C9EMA),7.92389E+11,2026-06-04,2026-06-04,0,0,Service Center Labor,1.42,0.07,1.49
1051915,RMA #F054HZ4H,32970266,EMAN MEHREZ (H3C4C9EMA),7.92389E+11,2026-06-04,2026-06-04,1,0,Storage,0.05,0,0.05
1051926,RMA #9G6FWYKG,32851928,DARCY REAUME (M4L3R2DAR),7.92359E+11,2026-06-04,2026-06-04,0,0,Service Center Labor,1.42,0.07,1.49
1051926,RMA #9G6FWYKG,32851928,DARCY REAUME (M4L3R2DAR),7.92359E+11,2026-06-04,2026-06-04,1,0,Restock,0.25,0.01,0.26
1051926,RMA #9G6FWYKG,32851928,DARCY REAUME (M4L3R2DAR),7.92359E+11,2026-06-04,2026-06-04,1,0,Returns,2.07,0.1,2.17
1051926,RMA #9G6FWYKG,32851928,DARCY REAUME (M4L3R2DAR),7.92359E+11,2026-06-04,2026-06-04,1,0,Storage,0.05,0,0.05
1051930,RMA #9OZ8IIHE,32859052,MICHAEL DALGLEISH (K0B1J0MIC),7.9236E+11,2026-06-04,2026-06-04,1,0,Returns,2.07,0.1,2.17
1051930,RMA #9OZ8IIHE,32859052,MICHAEL DALGLEISH (K0B1J0MIC),7.9236E+11,2026-06-04,2026-06-04,1,0,Restock,0.25,0.01,0.26
1051930,RMA #9OZ8IIHE,32859052,MICHAEL DALGLEISH (K0B1J0MIC),7.9236E+11,2026-06-04,2026-06-04,0,0,Service Center Labor,1.42,0.07,1.49
1051930,RMA #9OZ8IIHE,32859052,MICHAEL DALGLEISH (K0B1J0MIC),7.9236E+11,2026-06-04,2026-06-04,1,0,Storage,0.05,0,0.05
1051939,RMA #SAHH9Y7E,32910260,ANGELA ROXBOROUGH (V3Z0M8ANG),6.00664E+15,2026-06-04,2026-06-04,2,0,Restock,0.5,0.03,0.53
1051939,RMA #SAHH9Y7E,32910260,ANGELA ROXBOROUGH (V3Z0M8ANG),6.00664E+15,2026-06-04,2026-06-04,2,0,Returns,2.74,0.14,2.88
1051939,RMA #SAHH9Y7E,32910260,ANGELA ROXBOROUGH (V3Z0M8ANG),6.00664E+15,2026-06-04,2026-06-04,0,0,Service Center Labor,1.42,0.07,1.49
1051939,RMA #SAHH9Y7E,32910260,ANGELA ROXBOROUGH (V3Z0M8ANG),6.00664E+15,2026-06-04,2026-06-04,2,0,Storage,0.1,0.01,0.11
1051943,RMA #A5P0MTMK,32977950,TANIS WYNDHAM (V0R1S0TAN),6.00664E+15,2026-06-04,2026-06-04,2,0,Returns,2.74,0.14,2.88
1051943,RMA #A5P0MTMK,32977950,TANIS WYNDHAM (V0R1S0TAN),6.00664E+15,2026-06-04,2026-06-04,0,0,Service Center Labor,2.36,0.12,2.48
1051943,RMA #A5P0MTMK,32977950,TANIS WYNDHAM (V0R1S0TAN),6.00664E+15,2026-06-04,2026-06-04,2,0,Restock,0.5,0.03,0.53
1051943,RMA #A5P0MTMK,32977950,TANIS WYNDHAM (V0R1S0TAN),6.00664E+15,2026-06-04,2026-06-04,2,0,Storage,0.1,0.01,0.11
1051944,RMA #D4213NSW,32837056,BRIAN DORFMAN (L4A1X1BRI),7.92354E+11,2026-06-04,2026-06-04,1,0,Returns,2.07,0.1,2.17
1051944,RMA #D4213NSW,32837056,BRIAN DORFMAN (L4A1X1BRI),7.92354E+11,2026-06-04,2026-06-04,0,0,Service Center Labor,1.42,0.07,1.49
1051944,RMA #D4213NSW,32837056,BRIAN DORFMAN (L4A1X1BRI),7.92354E+11,2026-06-04,2026-06-04,1,0,Restock,0.25,0.01,0.26
1051944,RMA #D4213NSW,32837056,BRIAN DORFMAN (L4A1X1BRI),7.92354E+11,2026-06-04,2026-06-04,1,0,Storage,0.05,0,0.05
1051946,RMA #Z0R6L19A,32940187,LUCY RIOU (G1N1N7LUC),7.92381E+11,2026-06-04,2026-06-04,0,0,Service Center Labor,1.42,0.07,1.49
1051946,RMA #Z0R6L19A,32940187,LUCY RIOU (G1N1N7LUC),7.92381E+11,2026-06-04,2026-06-04,1,0,Returns,2.07,0.1,2.17
1051946,RMA #Z0R6L19A,32940187,LUCY RIOU (G1N1N7LUC),7.92381E+11,2026-06-04,2026-06-04,1,0,Restock,0.25,0.01,0.26
1051946,RMA #Z0R6L19A,32940187,LUCY RIOU (G1N1N7LUC),7.92381E+11,2026-06-04,2026-06-04,1,0,Storage,0.05,0,0.05
1051947,RMA #QBH8PM2F,32827117,MARY ANN MCMASTER (T6M0N7MAR),7.92352E+11,2026-06-04,2026-06-04,1,0,Returns,2.07,0.1,2.17
1051947,RMA #QBH8PM2F,32827117,MARY ANN MCMASTER (T6M0N7MAR),7.92352E+11,2026-06-04,2026-06-04,1,0,Restock,0.25,0.01,0.26
1051947,RMA #QBH8PM2F,32827117,MARY ANN MCMASTER (T6M0N7MAR),7.92352E+11,2026-06-04,2026-06-04,0,0,Service Center Labor,1.42,0.07,1.49
1051947,RMA #QBH8PM2F,32827117,MARY ANN MCMASTER (T6M0N7MAR),7.92352E+11,2026-06-04,2026-06-04,1,0,Storage,0.05,0,0.05
1051950,RMA #1VLG57A1,32945318,ARIANE BELISLE (H3E1T6ARI),7.92382E+11,2026-06-04,2026-06-04,1,0,Returns,2.07,0.1,2.17
1051950,RMA #1VLG57A1,32945318,ARIANE BELISLE (H3E1T6ARI),7.92382E+11,2026-06-04,2026-06-04,1,0,Restock,0.25,0.01,0.26
1051950,RMA #1VLG57A1,32945318,ARIANE BELISLE (H3E1T6ARI),7.92382E+11,2026-06-04,2026-06-04,0,0,Service Center Labor,1.42,0.07,1.49
1051950,RMA #1VLG57A1,32945318,ARIANE BELISLE (H3E1T6ARI),7.92382E+11,2026-06-04,2026-06-04,1,0,Storage,0.05,0,0.05
1051951,RMA #ZMOX6VEF,33000270,SARAH GOWANS (V0R1W0SAR),7.92392E+11,2026-06-04,2026-06-04,7,0,Returns,6.09,0.3,6.39
1051951,RMA #ZMOX6VEF,33000270,SARAH GOWANS (V0R1W0SAR),7.92392E+11,2026-06-04,2026-06-04,7,0,Restock,1.75,0.09,1.84
1051951,RMA #ZMOX6VEF,33000270,SARAH GOWANS (V0R1W0SAR),7.92392E+11,2026-06-04,2026-06-04,1,0,Shop Supplies,0.11,0.01,0.12
1051951,RMA #ZMOX6VEF,33000270,SARAH GOWANS (V0R1W0SAR),7.92392E+11,2026-06-04,2026-06-04,0,0,Service Center Labor,3.78,0.19,3.97
1051951,RMA #ZMOX6VEF,33000270,SARAH GOWANS (V0R1W0SAR),7.92392E+11,2026-06-04,2026-06-04,7,0,Storage,0.35,0.02,0.37
1052021,RMA #MMGBCIGZ,33031231,SHAYLA BALSON (V1S1Y8SHA),6.00664E+15,2026-06-05,2026-06-05,1,0,Restock,0.25,0.01,0.26
1052021,RMA #MMGBCIGZ,33031231,SHAYLA BALSON (V1S1Y8SHA),6.00664E+15,2026-06-05,2026-06-05,1,0,Returns,2.07,0.1,2.17
1052021,RMA #MMGBCIGZ,33031231,SHAYLA BALSON (V1S1Y8SHA),6.00664E+15,2026-06-05,2026-06-05,0,0,Service Center Labor,1.42,0.07,1.49
1052021,RMA #MMGBCIGZ,33031231,SHAYLA BALSON (V1S1Y8SHA),6.00664E+15,2026-06-05,2026-06-05,1,0,Storage,0.05,0,0.05
1052023,RMA #POM4SFG6,32948093,DAWN FIZUK (R9A1M3DAW),7.92383E+11,2026-06-05,2026-06-05,1,0,Restock,0.25,0.01,0.26
1052023,RMA #POM4SFG6,32948093,DAWN FIZUK (R9A1M3DAW),7.92383E+11,2026-06-05,2026-06-05,1,0,Returns,2.07,0.1,2.17
1052023,RMA #POM4SFG6,32948093,DAWN FIZUK (R9A1M3DAW),7.92383E+11,2026-06-05,2026-06-05,0,0,Service Center Labor,1.42,0.07,1.49
1052023,RMA #POM4SFG6,32948093,DAWN FIZUK (R9A1M3DAW),7.92383E+11,2026-06-05,2026-06-05,1,0,Storage,0.05,0,0.05
1052025,RMA #2QRY1JWE,32945223,TOVA GLASS (M6G3H9TOV),7.92382E+11,2026-06-05,2026-06-05,0,0,Service Center Labor,0.95,0.05,1
1052025,RMA #2QRY1JWE,32945223,TOVA GLASS (M6G3H9TOV),7.92382E+11,2026-06-05,2026-06-05,1,0,Returns,2.07,0.1,2.17
1052025,RMA #2QRY1JWE,32945223,TOVA GLASS (M6G3H9TOV),7.92382E+11,2026-06-05,2026-06-05,1,0,Restock,0.25,0.01,0.26
1052025,RMA #2QRY1JWE,32945223,TOVA GLASS (M6G3H9TOV),7.92382E+11,2026-06-05,2026-06-05,1,0,Storage,0.05,0,0.05
1052028,RMA #3TIIFSDK,32948430,KEVIN SIGGERS (V1V1S3KEV),7.92383E+11,2026-06-05,2026-06-05,0,0,Service Center Labor,2.36,0.12,2.48
1052028,RMA #3TIIFSDK,32948430,KEVIN SIGGERS (V1V1S3KEV),7.92383E+11,2026-06-05,2026-06-05,2,0,Returns,2.74,0.14,2.88
1052028,RMA #3TIIFSDK,32948430,KEVIN SIGGERS (V1V1S3KEV),7.92383E+11,2026-06-05,2026-06-05,2,0,Restock,0.5,0.03,0.53
1052028,RMA #3TIIFSDK,32948430,KEVIN SIGGERS (V1V1S3KEV),7.92383E+11,2026-06-05,2026-06-05,2,0,Storage,0.1,0.01,0.11
1052030,RMA #R0SL42W0,32875153,LYNDA JENSEN (S7V0M6LYN),6.00664E+15,2026-06-05,2026-06-05,0,0,Service Center Labor,1.42,0.07,1.49
1052030,RMA #R0SL42W0,32875153,LYNDA JENSEN (S7V0M6LYN),6.00664E+15,2026-06-05,2026-06-05,1,0,Restock,0.25,0.01,0.26
1052030,RMA #R0SL42W0,32875153,LYNDA JENSEN (S7V0M6LYN),6.00664E+15,2026-06-05,2026-06-05,1,0,Returns,2.07,0.1,2.17
1052030,RMA #R0SL42W0,32875153,LYNDA JENSEN (S7V0M6LYN),6.00664E+15,2026-06-05,2026-06-05,1,0,Storage,0.05,0,0.05
1052032,RMA #1YULS4Z7,32956840,JENNY GEIER (H2V4T1JEN),7.92385E+11,2026-06-05,2026-06-05,1,0,Returns,2.07,0.1,2.17
1052032,RMA #1YULS4Z7,32956840,JENNY GEIER (H2V4T1JEN),7.92385E+11,2026-06-05,2026-06-05,0,0,Service Center Labor,1.42,0.07,1.49
1052032,RMA #1YULS4Z7,32956840,JENNY GEIER (H2V4T1JEN),7.92385E+11,2026-06-05,2026-06-05,1,0,Restock,0.25,0.01,0.26
1052032,RMA #1YULS4Z7,32956840,JENNY GEIER (H2V4T1JEN),7.92385E+11,2026-06-05,2026-06-05,1,0,Storage,0.05,0,0.05
1052034,RMA #F75OOEP7,32967928,STEPHANIE DURAND (V3L5H9STE),6.00664E+15,2026-06-05,2026-06-05,1,0,Restock,0.25,0.01,0.26
1052034,RMA #F75OOEP7,32967928,STEPHANIE DURAND (V3L5H9STE),6.00664E+15,2026-06-05,2026-06-05,0,0,Service Center Labor,1.42,0.07,1.49
1052034,RMA #F75OOEP7,32967928,STEPHANIE DURAND (V3L5H9STE),6.00664E+15,2026-06-05,2026-06-05,1,0,Returns,2.07,0.1,2.17
1052034,RMA #F75OOEP7,32967928,STEPHANIE DURAND (V3L5H9STE),6.00664E+15,2026-06-05,2026-06-05,1,0,Storage,0.05,0,0.05
1052036,RMA #5YKB281F,32976263,MICHELE RUDDEN (B0J2E0MIC),7.9239E+11,2026-06-05,2026-06-05,1,0,Returns,2.07,0.1,2.17
1052036,RMA #5YKB281F,32976263,MICHELE RUDDEN (B0J2E0MIC),7.9239E+11,2026-06-05,2026-06-05,1,0,Restock,0.25,0.01,0.26
1052036,RMA #5YKB281F,32976263,MICHELE RUDDEN (B0J2E0MIC),7.9239E+11,2026-06-05,2026-06-05,0,0,Service Center Labor,1.42,0.07,1.49
1052036,RMA #5YKB281F,32976263,MICHELE RUDDEN (B0J2E0MIC),7.9239E+11,2026-06-05,2026-06-05,1,0,Storage,0.05,0,0.05
1052075,RMA #0HI3U99O,32978654,NICOLE WISMER (N4T1H7NIC),7.9239E+11,2026-06-05,2026-06-05,0,0,Service Center Labor,1.42,0.07,1.49
1052075,RMA #0HI3U99O,32978654,NICOLE WISMER (N4T1H7NIC),7.9239E+11,2026-06-05,2026-06-05,1,0,Restock,0.25,0.01,0.26
1052075,RMA #0HI3U99O,32978654,NICOLE WISMER (N4T1H7NIC),7.9239E+11,2026-06-05,2026-06-05,1,0,Returns,2.07,0.1,2.17
1052075,RMA #0HI3U99O,32978654,NICOLE WISMER (N4T1H7NIC),7.9239E+11,2026-06-05,2026-06-05,1,0,Storage,0.05,0,0.05
1052077,RMA #I5HCWYJS,32774822,SHARLETTE DUNN (T3M0E7SHA),6.00664E+15,2026-06-05,2026-06-05,1,0,Restock,0.25,0.01,0.26
1052077,RMA #I5HCWYJS,32774822,SHARLETTE DUNN (T3M0E7SHA),6.00664E+15,2026-06-05,2026-06-05,0,0,Service Center Labor,1.42,0.07,1.49
1052077,RMA #I5HCWYJS,32774822,SHARLETTE DUNN (T3M0E7SHA),6.00664E+15,2026-06-05,2026-06-05,1,0,Returns,2.07,0.1,2.17
1052077,RMA #I5HCWYJS,32774822,SHARLETTE DUNN (T3M0E7SHA),6.00664E+15,2026-06-05,2026-06-05,1,0,Storage,0.05,0,0.05
1052090,RMA #HF6K2Y02,33048919,LINDA VILLENEUVE (T2X1S4LIN),7.92407E+11,2026-06-05,2026-06-05,1,0,Returns,2.07,0.1,2.17
1052090,RMA #HF6K2Y02,33048919,LINDA VILLENEUVE (T2X1S4LIN),7.92407E+11,2026-06-05,2026-06-05,1,0,Restock,0.25,0.01,0.26
1052090,RMA #HF6K2Y02,33048919,LINDA VILLENEUVE (T2X1S4LIN),7.92407E+11,2026-06-05,2026-06-05,0,0,Service Center Labor,1.42,0.07,1.49
1052090,RMA #HF6K2Y02,33048919,LINDA VILLENEUVE (T2X1S4LIN),7.92407E+11,2026-06-05,2026-06-05,1,0,Storage,0.05,0,0.05
1052101,RMA #Q4UYXZ7M,33009475,ALEJANDRA CALLE (L7P0S7ALE),7.92394E+11,2026-06-05,2026-06-05,0,0,Service Center Labor,1.42,0.07,1.49
1052101,RMA #Q4UYXZ7M,33009475,ALEJANDRA CALLE (L7P0S7ALE),7.92394E+11,2026-06-05,2026-06-05,1,0,Returns,2.07,0.1,2.17
1052101,RMA #Q4UYXZ7M,33009475,ALEJANDRA CALLE (L7P0S7ALE),7.92394E+11,2026-06-05,2026-06-05,1,0,Restock,0.25,0.01,0.26
1052101,RMA #Q4UYXZ7M,33009475,ALEJANDRA CALLE (L7P0S7ALE),7.92394E+11,2026-06-05,2026-06-05,1,0,Storage,0.05,0,0.05
1052105,RMA #W5THXXUY,32889308,TAMARA BRUNHAM (T8S1A5TAM),6.00664E+15,2026-06-05,2026-06-05,0,0,Service Center Labor,2.36,0.12,2.48
1052105,RMA #W5THXXUY,32889308,TAMARA BRUNHAM (T8S1A5TAM),6.00664E+15,2026-06-05,2026-06-05,2,0,Returns,2.74,0.14,2.88
1052105,RMA #W5THXXUY,32889308,TAMARA BRUNHAM (T8S1A5TAM),6.00664E+15,2026-06-05,2026-06-05,2,0,Restock,0.5,0.03,0.53
1052105,RMA #W5THXXUY,32889308,TAMARA BRUNHAM (T8S1A5TAM),6.00664E+15,2026-06-05,2026-06-05,2,0,Storage,0.1,0.01,0.11
1052110,RMA #HD3R5CM5,32968719,TRACEY ECKERT (N0K1G0TRA),7.92388E+11,2026-06-05,2026-06-05,1,0,Restock,0.25,0.01,0.26
1052110,RMA #HD3R5CM5,32968719,TRACEY ECKERT (N0K1G0TRA),7.92388E+11,2026-06-05,2026-06-05,1,0,Returns,2.07,0.1,2.17
1052110,RMA #HD3R5CM5,32968719,TRACEY ECKERT (N0K1G0TRA),7.92388E+11,2026-06-05,2026-06-05,1,0,Shop Supplies,0.16,0.01,0.17
1052110,RMA #HD3R5CM5,32968719,TRACEY ECKERT (N0K1G0TRA),7.92388E+11,2026-06-05,2026-06-05,0,0,Service Center Labor,1.42,0.07,1.49
1052110,RMA #HD3R5CM5,32968719,TRACEY ECKERT (N0K1G0TRA),7.92388E+11,2026-06-05,2026-06-05,1,0,Storage,0.05,0,0.05
1052111,RMA #ZMJLNA8H,33029172,MIRABEL PALMER ELLIOTT (V1B2E5MIR),7.92401E+11,2026-06-05,2026-06-05,0,0,Service Center Labor,2.36,0.12,2.48
1052111,RMA #ZMJLNA8H,33029172,MIRABEL PALMER ELLIOTT (V1B2E5MIR),7.92401E+11,2026-06-05,2026-06-05,2,0,Restock,0.5,0.03,0.53
1052111,RMA #ZMJLNA8H,33029172,MIRABEL PALMER ELLIOTT (V1B2E5MIR),7.92401E+11,2026-06-05,2026-06-05,2,0,Returns,2.74,0.14,2.88
1052111,RMA #ZMJLNA8H,33029172,MIRABEL PALMER ELLIOTT (V1B2E5MIR),7.92401E+11,2026-06-05,2026-06-05,2,0,Storage,0.1,0.01,0.11
1052116,RMA #KUL2VC76,32985788,EMILE BERUBE (J0K2Y0ÉMI),6.00664E+15,2026-06-05,2026-06-05,3,0,Returns,3.41,0.17,3.58
1052116,RMA #KUL2VC76,32985788,EMILE BERUBE (J0K2Y0ÉMI),6.00664E+15,2026-06-05,2026-06-05,0,0,Service Center Labor,2.36,0.12,2.48
1052116,RMA #KUL2VC76,32985788,EMILE BERUBE (J0K2Y0ÉMI),6.00664E+15,2026-06-05,2026-06-05,3,0,Restock,0.75,0.04,0.79
1052116,RMA #KUL2VC76,32985788,EMILE BERUBE (J0K2Y0ÉMI),6.00664E+15,2026-06-05,2026-06-05,3,0,Storage,0.15,0.01,0.16
1052122,RMA #9IJU1BLX,32978158,JENNIFER BALDEO (H3Z2A1JEN),7.9239E+11,2026-06-05,2026-06-05,0,0,Service Center Labor,1.42,0.07,1.49
1052122,RMA #9IJU1BLX,32978158,JENNIFER BALDEO (H3Z2A1JEN),7.9239E+11,2026-06-05,2026-06-05,1,0,Restock,0.25,0.01,0.26
1052122,RMA #9IJU1BLX,32978158,JENNIFER BALDEO (H3Z2A1JEN),7.9239E+11,2026-06-05,2026-06-05,1,0,Returns,2.07,0.1,2.17
1052122,RMA #9IJU1BLX,32978158,JENNIFER BALDEO (H3Z2A1JEN),7.9239E+11,2026-06-05,2026-06-05,1,0,Storage,0.05,0,0.05
1052124,RMA #5CFBQQNP,32968752,KELLY WILLIAMSON (L3X2T2KEL),7.92389E+11,2026-06-05,2026-06-05,3,0,Restock,0.75,0.04,0.79
1052124,RMA #5CFBQQNP,32968752,KELLY WILLIAMSON (L3X2T2KEL),7.92389E+11,2026-06-05,2026-06-05,3,0,Returns,3.41,0.17,3.58
1052124,RMA #5CFBQQNP,32968752,KELLY WILLIAMSON (L3X2T2KEL),7.92389E+11,2026-06-05,2026-06-05,0,0,Service Center Labor,2.36,0.12,2.48
1052124,RMA #5CFBQQNP,32968752,KELLY WILLIAMSON (L3X2T2KEL),7.92389E+11,2026-06-05,2026-06-05,3,0,Storage,0.15,0.01,0.16
1052128,RMA #6COWJ55R,32988885,WENDY FLEMONS (L7L5S9WEN),7.92391E+11,2026-06-05,2026-06-05,1,0,Restock,0.25,0.01,0.26
1052128,RMA #6COWJ55R,32988885,WENDY FLEMONS (L7L5S9WEN),7.92391E+11,2026-06-05,2026-06-05,0,0,Service Center Labor,1.42,0.07,1.49
1052128,RMA #6COWJ55R,32988885,WENDY FLEMONS (L7L5S9WEN),7.92391E+11,2026-06-05,2026-06-05,1,0,Returns,2.07,0.1,2.17
1052128,RMA #6COWJ55R,32988885,WENDY FLEMONS (L7L5S9WEN),7.92391E+11,2026-06-05,2026-06-05,1,0,Storage,0.05,0,0.05
1052135,RMA #NCGQOJCE,32816947,KERYS MILLER PELLETIER (T8T1X6KER),7.92351E+11,2026-06-05,2026-06-05,1,0,Restock,0.25,0.01,0.26
1052135,RMA #NCGQOJCE,32816947,KERYS MILLER PELLETIER (T8T1X6KER),7.92351E+11,2026-06-05,2026-06-05,0,0,Service Center Labor,1.42,0.07,1.49
1052135,RMA #NCGQOJCE,32816947,KERYS MILLER PELLETIER (T8T1X6KER),7.92351E+11,2026-06-05,2026-06-05,1,0,Returns,2.07,0.1,2.17
1052135,RMA #NCGQOJCE,32816947,KERYS MILLER PELLETIER (T8T1X6KER),7.92351E+11,2026-06-05,2026-06-05,1,0,Storage,0.05,0,0.05
1052137,RMA #JQ924A60,33003628,MEGAN JENKINS (V9X1Y1MEG),7.92392E+11,2026-06-05,2026-06-05,1,0,Returns,2.07,0.1,2.17
1052137,RMA #JQ924A60,33003628,MEGAN JENKINS (V9X1Y1MEG),7.92392E+11,2026-06-05,2026-06-05,0,0,Service Center Labor,1.42,0.07,1.49
1052137,RMA #JQ924A60,33003628,MEGAN JENKINS (V9X1Y1MEG),7.92392E+11,2026-06-05,2026-06-05,1,0,Restock,0.25,0.01,0.26
1052137,RMA #JQ924A60,33003628,MEGAN JENKINS (V9X1Y1MEG),7.92392E+11,2026-06-05,2026-06-05,1,0,Storage,0.05,0,0.05
1052141,RMA #1912Q45R,33008655,CEILE BAIRD (H4A2L9CÉC),7.92394E+11,2026-06-05,2026-06-05,1,0,Restock,0.25,0.01,0.26
1052141,RMA #1912Q45R,33008655,CEILE BAIRD (H4A2L9CÉC),7.92394E+11,2026-06-05,2026-06-05,1,0,Returns,2.07,0.1,2.17
1052141,RMA #1912Q45R,33008655,CEILE BAIRD (H4A2L9CÉC),7.92394E+11,2026-06-05,2026-06-05,0,0,Service Center Labor,1.42,0.07,1.49
1052141,RMA #1912Q45R,33008655,CEILE BAIRD (H4A2L9CÉC),7.92394E+11,2026-06-05,2026-06-05,1,0,Storage,0.05,0,0.05
1052148,RMA #4UWMWNLV,32998747,JILLIAN CHEVRIER (T1S6A5JIL),7.92392E+11,2026-06-05,2026-06-05,2,0,Returns,2.74,0.14,2.88
1052148,RMA #4UWMWNLV,32998747,JILLIAN CHEVRIER (T1S6A5JIL),7.92392E+11,2026-06-05,2026-06-05,0,0,Service Center Labor,2.36,0.12,2.48
1052148,RMA #4UWMWNLV,32998747,JILLIAN CHEVRIER (T1S6A5JIL),7.92392E+11,2026-06-05,2026-06-05,2,0,Restock,0.5,0.03,0.53
1052148,RMA #4UWMWNLV,32998747,JILLIAN CHEVRIER (T1S6A5JIL),7.92392E+11,2026-06-05,2026-06-05,2,0,Storage,0.1,0.01,0.11
1052152,RMA #J9T7B3L1,32960687,NANCY UREKAR (L7K1L7NAN),7.92386E+11,2026-06-05,2026-06-05,1,0,Restock,0.25,0.01,0.26
1052152,RMA #J9T7B3L1,32960687,NANCY UREKAR (L7K1L7NAN),7.92386E+11,2026-06-05,2026-06-05,0,0,Service Center Labor,1.42,0.07,1.49
1052152,RMA #J9T7B3L1,32960687,NANCY UREKAR (L7K1L7NAN),7.92386E+11,2026-06-05,2026-06-05,1,0,Returns,2.07,0.1,2.17
1052152,RMA #J9T7B3L1,32960687,NANCY UREKAR (L7K1L7NAN),7.92386E+11,2026-06-05,2026-06-05,1,0,Storage,0.05,0,0.05
1052155,RMA #29F38LUX,33032357,VICTORIA RAMNAWAJ (R2N3H1VIC),7.92403E+11,2026-06-05,2026-06-05,1,0,Returns,2.07,0.1,2.17
1052155,RMA #29F38LUX,33032357,VICTORIA RAMNAWAJ (R2N3H1VIC),7.92403E+11,2026-06-05,2026-06-05,0,0,Service Center Labor,1.42,0.07,1.49
1052155,RMA #29F38LUX,33032357,VICTORIA RAMNAWAJ (R2N3H1VIC),7.92403E+11,2026-06-05,2026-06-05,1,0,Restock,0.25,0.01,0.26
1052155,RMA #29F38LUX,33032357,VICTORIA RAMNAWAJ (R2N3H1VIC),7.92403E+11,2026-06-05,2026-06-05,1,0,Storage,0.05,0,0.05
1052179,RMA #DZUN0UWW,32970505,elham karimi (L4K5G1ELH),6.00664E+15,2026-06-05,2026-06-05,0,0,Service Center Labor,2.36,0.12,2.48
1052179,RMA #DZUN0UWW,32970505,elham karimi (L4K5G1ELH),6.00664E+15,2026-06-05,2026-06-05,2,0,Restock,0.5,0.03,0.53
1052179,RMA #DZUN0UWW,32970505,elham karimi (L4K5G1ELH),6.00664E+15,2026-06-05,2026-06-05,2,0,Returns,2.74,0.14,2.88
1052179,RMA #DZUN0UWW,32970505,elham karimi (L4K5G1ELH),6.00664E+15,2026-06-05,2026-06-05,2,0,Storage,0.1,0.01,0.11
1052186,RMA #C6R2Y1OA,32986297,MARIE-PIER RATELLE (J5Z4E2MAR),6.00664E+15,2026-06-05,2026-06-05,0,0,Service Center Labor,2.36,0.12,2.48
1052186,RMA #C6R2Y1OA,32986297,MARIE-PIER RATELLE (J5Z4E2MAR),6.00664E+15,2026-06-05,2026-06-05,2,0,Returns,2.74,0.14,2.88
1052186,RMA #C6R2Y1OA,32986297,MARIE-PIER RATELLE (J5Z4E2MAR),6.00664E+15,2026-06-05,2026-06-05,2,0,Restock,0.5,0.03,0.53
1052186,RMA #C6R2Y1OA,32986297,MARIE-PIER RATELLE (J5Z4E2MAR),6.00664E+15,2026-06-05,2026-06-05,2,0,Storage,0.1,0.01,0.11
1052189,RMA #JWRJXO9G,32997116,ALEX FAUCHER (J4M0C4ALE),6.00664E+15,2026-06-05,2026-06-05,0,0,Service Center Labor,3.78,0.19,3.97
1052189,RMA #JWRJXO9G,32997116,ALEX FAUCHER (J4M0C4ALE),6.00664E+15,2026-06-05,2026-06-05,4,0,Returns,4.08,0.2,4.28
1052189,RMA #JWRJXO9G,32997116,ALEX FAUCHER (J4M0C4ALE),6.00664E+15,2026-06-05,2026-06-05,4,0,Restock,1,0.05,1.05
1052189,RMA #JWRJXO9G,32997116,ALEX FAUCHER (J4M0C4ALE),6.00664E+15,2026-06-05,2026-06-05,4,0,Storage,0.2,0.01,0.21
1052192,RMA #3AS8RODI,32978851,JULIE VENDETTE (J2W1C8JUL),6.00664E+15,2026-06-05,2026-06-05,4,0,Restock,1,0.05,1.05
1052192,RMA #3AS8RODI,32978851,JULIE VENDETTE (J2W1C8JUL),6.00664E+15,2026-06-05,2026-06-05,1,0,Shop Supplies,0.16,0.01,0.17
1052192,RMA #3AS8RODI,32978851,JULIE VENDETTE (J2W1C8JUL),6.00664E+15,2026-06-05,2026-06-05,0,0,Service Center Labor,3.78,0.19,3.97
1052192,RMA #3AS8RODI,32978851,JULIE VENDETTE (J2W1C8JUL),6.00664E+15,2026-06-05,2026-06-05,4,0,Returns,4.08,0.2,4.28
1052192,RMA #3AS8RODI,32978851,JULIE VENDETTE (J2W1C8JUL),6.00664E+15,2026-06-05,2026-06-05,4,0,Storage,0.2,0.01,0.21
1052334,RMA #CKA9RGNQ,32948895,MELISSA LACLERC (J2G5E8MÉL),6.00664E+15,2026-06-05,2026-06-05,0,0,Service Center Labor,2.36,0.12,2.48
1052334,RMA #CKA9RGNQ,32948895,MELISSA LACLERC (J2G5E8MÉL),6.00664E+15,2026-06-05,2026-06-05,2,0,Restock,0.5,0.03,0.53
1052334,RMA #CKA9RGNQ,32948895,MELISSA LACLERC (J2G5E8MÉL),6.00664E+15,2026-06-05,2026-06-05,2,0,Returns,2.74,0.14,2.88
1052334,RMA #CKA9RGNQ,32948895,MELISSA LACLERC (J2G5E8MÉL),6.00664E+15,2026-06-05,2026-06-05,2,0,Storage,0.1,0.01,0.11
1052353,RMA #ZT6CYC7F,32948012,LORI LYONS-MOSSMAN (E3C1E6LOR),6.00664E+15,2026-06-05,2026-06-05,2,0,Returns,2.74,0.14,2.88
1052353,RMA #ZT6CYC7F,32948012,LORI LYONS-MOSSMAN (E3C1E6LOR),6.00664E+15,2026-06-05,2026-06-05,2,0,Restock,0.5,0.03,0.53
1052353,RMA #ZT6CYC7F,32948012,LORI LYONS-MOSSMAN (E3C1E6LOR),6.00664E+15,2026-06-05,2026-06-05,0,0,Service Center Labor,2.36,0.12,2.48
1052353,RMA #ZT6CYC7F,32948012,LORI LYONS-MOSSMAN (E3C1E6LOR),6.00664E+15,2026-06-05,2026-06-05,2,0,Storage,0.1,0.01,0.11
1052357,RMA #YULUZ3X3,33017905,RHONDA MCKNIGHT (R0H0X0RHO),6.00664E+15,2026-06-05,2026-06-05,0,0,Service Center Labor,3.78,0.19,3.97
1052357,RMA #YULUZ3X3,33017905,RHONDA MCKNIGHT (R0H0X0RHO),6.00664E+15,2026-06-05,2026-06-05,4,0,Restock,1,0.05,1.05
1052357,RMA #YULUZ3X3,33017905,RHONDA MCKNIGHT (R0H0X0RHO),6.00664E+15,2026-06-05,2026-06-05,4,0,Returns,4.08,0.2,4.28
1052357,RMA #YULUZ3X3,33017905,RHONDA MCKNIGHT (R0H0X0RHO),6.00664E+15,2026-06-05,2026-06-05,4,0,Storage,0.2,0.01,0.21
1052379,RMA #RRA0AMQV,32887932,MICHAEL VOISINE (G7X0H9MIC),7.92372E+11,2026-06-08,2026-06-08,3,0,Returns,3.41,0.17,3.58
1052379,RMA #RRA0AMQV,32887932,MICHAEL VOISINE (G7X0H9MIC),7.92372E+11,2026-06-08,2026-06-08,3,0,Restock,0.75,0.04,0.79
1052379,RMA #RRA0AMQV,32887932,MICHAEL VOISINE (G7X0H9MIC),7.92372E+11,2026-06-08,2026-06-08,3,0,Storage,0.15,0.01,0.16
1052381,RMA #GZJ5EM45,33021360,RACHL DUMAS (V9B6H9RAC),6.00664E+15,2026-06-08,2026-06-08,0,0,Service Center Labor,1.42,0.07,1.49
1052381,RMA #GZJ5EM45,33021360,RACHL DUMAS (V9B6H9RAC),6.00664E+15,2026-06-08,2026-06-08,1,0,Restock,0.25,0.01,0.26
1052381,RMA #GZJ5EM45,33021360,RACHL DUMAS (V9B6H9RAC),6.00664E+15,2026-06-08,2026-06-08,1,0,Returns,2.07,0.1,2.17
1052381,RMA #GZJ5EM45,33021360,RACHL DUMAS (V9B6H9RAC),6.00664E+15,2026-06-08,2026-06-08,1,0,Storage,0.05,0,0.05
1052382,RMA #9VT9YC6S,32970897,RYAN AL ASSAAD (M5T0A8RAY),7.92389E+11,2026-06-08,2026-06-08,0,0,Service Center Labor,1.42,0.07,1.49
1052382,RMA #9VT9YC6S,32970897,RYAN AL ASSAAD (M5T0A8RAY),7.92389E+11,2026-06-08,2026-06-08,1,0,Returns,2.07,0.1,2.17
1052382,RMA #9VT9YC6S,32970897,RYAN AL ASSAAD (M5T0A8RAY),7.92389E+11,2026-06-08,2026-06-08,1,0,Restock,0.25,0.01,0.26
1052382,RMA #9VT9YC6S,32970897,RYAN AL ASSAAD (M5T0A8RAY),7.92389E+11,2026-06-08,2026-06-08,1,0,Storage,0.05,0,0.05
1052395,RMA #4ZJUKGY6,32991914,ROSANNA LOWTON (H2S2S3ROS),7.92391E+11,2026-06-08,2026-06-08,0,0,Service Center Labor,2.36,0.12,2.48
1052395,RMA #4ZJUKGY6,32991914,ROSANNA LOWTON (H2S2S3ROS),7.92391E+11,2026-06-08,2026-06-08,1,0,Restock,0.25,0.01,0.26
1052395,RMA #4ZJUKGY6,32991914,ROSANNA LOWTON (H2S2S3ROS),7.92391E+11,2026-06-08,2026-06-08,1,0,Returns,2.07,0.1,2.17
1052395,RMA #4ZJUKGY6,32991914,ROSANNA LOWTON (H2S2S3ROS),7.92391E+11,2026-06-08,2026-06-08,1,0,Shop Supplies,0.16,0.01,0.17
1052395,RMA #4ZJUKGY6,32991914,ROSANNA LOWTON (H2S2S3ROS),7.92391E+11,2026-06-08,2026-06-08,1,0,Storage,0.05,0,0.05
1052397,RMA #LVG7SGBB,33025366,LINDA PETRSON (V8B0B7LIN),7.924E+11,2026-06-08,2026-06-08,1,0,Returns,2.07,0.1,2.17
1052397,RMA #LVG7SGBB,33025366,LINDA PETRSON (V8B0B7LIN),7.924E+11,2026-06-08,2026-06-08,1,0,Restock,0.25,0.01,0.26
1052397,RMA #LVG7SGBB,33025366,LINDA PETRSON (V8B0B7LIN),7.924E+11,2026-06-08,2026-06-08,0,0,Service Center Labor,1.42,0.07,1.49
1052397,RMA #LVG7SGBB,33025366,LINDA PETRSON (V8B0B7LIN),7.924E+11,2026-06-08,2026-06-08,1,0,Storage,0.05,0,0.05
1052401,RMA #X43QAW2U,33003435,GENEVIEVE DESROCHERS (J4S1W7GEN),7.92392E+11,2026-06-08,2026-06-08,1,0,Returns,2.07,0.1,2.17
1052401,RMA #X43QAW2U,33003435,GENEVIEVE DESROCHERS (J4S1W7GEN),7.92392E+11,2026-06-08,2026-06-08,0,0,Service Center Labor,1.42,0.07,1.49
1052401,RMA #X43QAW2U,33003435,GENEVIEVE DESROCHERS (J4S1W7GEN),7.92392E+11,2026-06-08,2026-06-08,1,0,Restock,0.25,0.01,0.26
1052401,RMA #X43QAW2U,33003435,GENEVIEVE DESROCHERS (J4S1W7GEN),7.92392E+11,2026-06-08,2026-06-08,1,0,Storage,0.05,0,0.05
1052403,RMA #3Y2AK8SH,32939585,BRYAN ROSS (G2B4N4BRY),7.92381E+11,2026-06-08,2026-06-08,1,0,Returns,2.07,0.1,2.17
1052403,RMA #3Y2AK8SH,32939585,BRYAN ROSS (G2B4N4BRY),7.92381E+11,2026-06-08,2026-06-08,0,0,Service Center Labor,1.42,0.07,1.49
1052403,RMA #3Y2AK8SH,32939585,BRYAN ROSS (G2B4N4BRY),7.92381E+11,2026-06-08,2026-06-08,1,0,Restock,0.25,0.01,0.26
1052403,RMA #3Y2AK8SH,32939585,BRYAN ROSS (G2B4N4BRY),7.92381E+11,2026-06-08,2026-06-08,1,0,Storage,0.05,0,0.05
1052415,RMA #0HODBVDD,32980682,JENNIFER KLATT-WELCH (K2S1H9JEN),7.9239E+11,2026-06-08,2026-06-08,0,0,Service Center Labor,2.36,0.12,2.48
1052415,RMA #0HODBVDD,32980682,JENNIFER KLATT-WELCH (K2S1H9JEN),7.9239E+11,2026-06-08,2026-06-08,2,0,Returns,2.74,0.14,2.88
1052415,RMA #0HODBVDD,32980682,JENNIFER KLATT-WELCH (K2S1H9JEN),7.9239E+11,2026-06-08,2026-06-08,2,0,Restock,0.5,0.03,0.53
1052415,RMA #0HODBVDD,32980682,JENNIFER KLATT-WELCH (K2S1H9JEN),7.9239E+11,2026-06-08,2026-06-08,2,0,Storage,0.1,0.01,0.11
1052416,RMA #LF6WKRQ1,33011709,JORDAN TAYLOR (K7M7H7JOR),7.92395E+11,2026-06-08,2026-06-08,2,0,Restock,0.5,0.03,0.53
1052416,RMA #LF6WKRQ1,33011709,JORDAN TAYLOR (K7M7H7JOR),7.92395E+11,2026-06-08,2026-06-08,0,0,Service Center Labor,2.36,0.12,2.48
1052416,RMA #LF6WKRQ1,33011709,JORDAN TAYLOR (K7M7H7JOR),7.92395E+11,2026-06-08,2026-06-08,2,0,Returns,2.74,0.14,2.88
1052416,RMA #LF6WKRQ1,33011709,JORDAN TAYLOR (K7M7H7JOR),7.92395E+11,2026-06-08,2026-06-08,2,0,Storage,0.1,0.01,0.11
1052421,RMA #94NZAJF3,33034830,STU DOWNEY (V0R2Y0STU),7.92403E+11,2026-06-08,2026-06-08,1,0,Restock,0.25,0.01,0.26
1052421,RMA #94NZAJF3,33034830,STU DOWNEY (V0R2Y0STU),7.92403E+11,2026-06-08,2026-06-08,1,0,Returns,2.07,0.1,2.17
1052421,RMA #94NZAJF3,33034830,STU DOWNEY (V0R2Y0STU),7.92403E+11,2026-06-08,2026-06-08,0,0,Service Center Labor,1.42,0.07,1.49
1052421,RMA #94NZAJF3,33034830,STU DOWNEY (V0R2Y0STU),7.92403E+11,2026-06-08,2026-06-08,1,0,Storage,0.05,0,0.05
1052424,RMA #8YANV111,32988883,CHARLENE GODKIN (V0R1K2CHA),7.92391E+11,2026-06-08,2026-06-08,2,0,Restock,0.5,0.03,0.53
1052424,RMA #8YANV111,32988883,CHARLENE GODKIN (V0R1K2CHA),7.92391E+11,2026-06-08,2026-06-08,0,0,Service Center Labor,2.36,0.12,2.48
1052424,RMA #8YANV111,32988883,CHARLENE GODKIN (V0R1K2CHA),7.92391E+11,2026-06-08,2026-06-08,2,0,Returns,2.74,0.14,2.88
1052424,RMA #8YANV111,32988883,CHARLENE GODKIN (V0R1K2CHA),7.92391E+11,2026-06-08,2026-06-08,2,0,Storage,0.1,0.01,0.11
1052433,RMA #6JBSYVIZ,33019530,SYLVIA GREFENHAGEN (P6A6J8SYL),7.92397E+11,2026-06-08,2026-06-08,1,0,Restock,0.25,0.01,0.26
1052433,RMA #6JBSYVIZ,33019530,SYLVIA GREFENHAGEN (P6A6J8SYL),7.92397E+11,2026-06-08,2026-06-08,1,0,Returns,2.07,0.1,2.17
1052433,RMA #6JBSYVIZ,33019530,SYLVIA GREFENHAGEN (P6A6J8SYL),7.92397E+11,2026-06-08,2026-06-08,0,0,Service Center Labor,1.42,0.07,1.49
1052433,RMA #6JBSYVIZ,33019530,SYLVIA GREFENHAGEN (P6A6J8SYL),7.92397E+11,2026-06-08,2026-06-08,1,0,Storage,0.05,0,0.05
1052437,RMA #X8CX84T5,33000363,JORDAN DUTHIE (T2C5V5JOR),6.00664E+15,2026-06-08,2026-06-08,1,0,Returns,2.07,0.1,2.17
1052437,RMA #X8CX84T5,33000363,JORDAN DUTHIE (T2C5V5JOR),6.00664E+15,2026-06-08,2026-06-08,0,0,Service Center Labor,1.42,0.07,1.49
1052437,RMA #X8CX84T5,33000363,JORDAN DUTHIE (T2C5V5JOR),6.00664E+15,2026-06-08,2026-06-08,1,0,Restock,0.25,0.01,0.26
1052437,RMA #X8CX84T5,33000363,JORDAN DUTHIE (T2C5V5JOR),6.00664E+15,2026-06-08,2026-06-08,1,0,Storage,0.05,0,0.05
1052440,RMA #RFD6B3I7,32999249,KATE MCINNES (V0H1Z8KAT),7.92392E+11,2026-06-08,2026-06-08,1,0,Returns,2.07,0.1,2.17
1052440,RMA #RFD6B3I7,32999249,KATE MCINNES (V0H1Z8KAT),7.92392E+11,2026-06-08,2026-06-08,0,0,Service Center Labor,1.42,0.07,1.49
1052440,RMA #RFD6B3I7,32999249,KATE MCINNES (V0H1Z8KAT),7.92392E+11,2026-06-08,2026-06-08,1,0,Restock,0.25,0.01,0.26
1052440,RMA #RFD6B3I7,32999249,KATE MCINNES (V0H1Z8KAT),7.92392E+11,2026-06-08,2026-06-08,1,0,Storage,0.05,0,0.05
1052480,RMA #O41M6HOW,33010702,CATHY MUSSELMAN (S7V0Z9CAT),7.92395E+11,2026-06-08,2026-06-08,2,0,Returns,2.74,0.14,2.88
1052480,RMA #O41M6HOW,33010702,CATHY MUSSELMAN (S7V0Z9CAT),7.92395E+11,2026-06-08,2026-06-08,0,0,Service Center Labor,2.36,0.12,2.48
1052480,RMA #O41M6HOW,33010702,CATHY MUSSELMAN (S7V0Z9CAT),7.92395E+11,2026-06-08,2026-06-08,2,0,Restock,0.5,0.03,0.53
1052480,RMA #O41M6HOW,33010702,CATHY MUSSELMAN (S7V0Z9CAT),7.92395E+11,2026-06-08,2026-06-08,2,0,Storage,0.1,0.01,0.11
1052482,RMA #8NHE0RIX,32986193,CHRISTINE GORDON (N0B1E0CHR),6.00664E+15,2026-06-08,2026-06-08,1,0,Returns,2.07,0.1,2.17
1052482,RMA #8NHE0RIX,32986193,CHRISTINE GORDON (N0B1E0CHR),6.00664E+15,2026-06-08,2026-06-08,1,0,Restock,0.25,0.01,0.26
1052482,RMA #8NHE0RIX,32986193,CHRISTINE GORDON (N0B1E0CHR),6.00664E+15,2026-06-08,2026-06-08,0,0,Service Center Labor,1.42,0.07,1.49
1052482,RMA #8NHE0RIX,32986193,CHRISTINE GORDON (N0B1E0CHR),6.00664E+15,2026-06-08,2026-06-08,1,0,Storage,0.05,0,0.05
1052487,RMA #TT741XW3,33002827,MARCOUX JULIE (G0N1N0MAR),6.00664E+15,2026-06-08,2026-06-08,1,0,Returns,2.07,0.1,2.17
1052487,RMA #TT741XW3,33002827,MARCOUX JULIE (G0N1N0MAR),6.00664E+15,2026-06-08,2026-06-08,0,0,Service Center Labor,1.42,0.07,1.49
1052487,RMA #TT741XW3,33002827,MARCOUX JULIE (G0N1N0MAR),6.00664E+15,2026-06-08,2026-06-08,1,0,Restock,0.25,0.01,0.26
1052487,RMA #TT741XW3,33002827,MARCOUX JULIE (G0N1N0MAR),6.00664E+15,2026-06-08,2026-06-08,1,0,Storage,0.05,0,0.05
1052490,RMA #YCQAKS1F,32887947,JORDAN TAYLOR (K7M7H7JOR),7.92372E+11,2026-06-08,2026-06-08,2,0,Returns,2.74,0.14,2.88
1052490,RMA #YCQAKS1F,32887947,JORDAN TAYLOR (K7M7H7JOR),7.92372E+11,2026-06-08,2026-06-08,2,0,Restock,0.5,0.03,0.53
1052490,RMA #YCQAKS1F,32887947,JORDAN TAYLOR (K7M7H7JOR),7.92372E+11,2026-06-08,2026-06-08,0,0,Service Center Labor,2.36,0.12,2.48
1052490,RMA #YCQAKS1F,32887947,JORDAN TAYLOR (K7M7H7JOR),7.92372E+11,2026-06-08,2026-06-08,2,0,Storage,0.1,0.01,0.11
1052492,RMA #4A5YOI6Y,32949418,CHELSEA SMALL (R4A2A9CHE),7.92384E+11,2026-06-08,2026-06-08,0,0,Service Center Labor,1.42,0.07,1.49
1052492,RMA #4A5YOI6Y,32949418,CHELSEA SMALL (R4A2A9CHE),7.92384E+11,2026-06-08,2026-06-08,1,0,Restock,0.25,0.01,0.26
1052492,RMA #4A5YOI6Y,32949418,CHELSEA SMALL (R4A2A9CHE),7.92384E+11,2026-06-08,2026-06-08,1,0,Returns,2.07,0.1,2.17
1052492,RMA #4A5YOI6Y,32949418,CHELSEA SMALL (R4A2A9CHE),7.92384E+11,2026-06-08,2026-06-08,1,0,Storage,0.05,0,0.05
1052497,RMA #UT9PPBSP,32834814,ROSIE SIMMS (V8R2P1ROS),7.92353E+11,2026-06-08,2026-06-08,1,0,Restock,0.25,0.01,0.26
1052497,RMA #UT9PPBSP,32834814,ROSIE SIMMS (V8R2P1ROS),7.92353E+11,2026-06-08,2026-06-08,0,0,Service Center Labor,1.42,0.07,1.49
1052497,RMA #UT9PPBSP,32834814,ROSIE SIMMS (V8R2P1ROS),7.92353E+11,2026-06-08,2026-06-08,1,0,Returns,2.07,0.1,2.17
1052497,RMA #UT9PPBSP,32834814,ROSIE SIMMS (V8R2P1ROS),7.92353E+11,2026-06-08,2026-06-08,1,0,Storage,0.05,0,0.05
1052539,RMA #G6DG86RI,33030716,MARY MCDONOUGH (V9T6G7MAR),7.92402E+11,2026-06-08,2026-06-08,0,0,Service Center Labor,1.42,0.07,1.49
1052539,RMA #G6DG86RI,33030716,MARY MCDONOUGH (V9T6G7MAR),7.92402E+11,2026-06-08,2026-06-08,1,0,Restock,0.25,0.01,0.26
1052539,RMA #G6DG86RI,33030716,MARY MCDONOUGH (V9T6G7MAR),7.92402E+11,2026-06-08,2026-06-08,1,0,Returns,2.07,0.1,2.17
1052539,RMA #G6DG86RI,33030716,MARY MCDONOUGH (V9T6G7MAR),7.92402E+11,2026-06-08,2026-06-08,1,0,Storage,0.05,0,0.05
1052542,RMA #GSENKSQM,32960093,KATIE DONNELY ONEILL (K1V9C4KAT),6.00664E+15,2026-06-08,2026-06-08,0,0,Service Center Labor,1.42,0.07,1.49
1052542,RMA #GSENKSQM,32960093,KATIE DONNELY ONEILL (K1V9C4KAT),6.00664E+15,2026-06-08,2026-06-08,1,0,Returns,2.07,0.1,2.17
1052542,RMA #GSENKSQM,32960093,KATIE DONNELY ONEILL (K1V9C4KAT),6.00664E+15,2026-06-08,2026-06-08,1,0,Restock,0.25,0.01,0.26
1052542,RMA #GSENKSQM,32960093,KATIE DONNELY ONEILL (K1V9C4KAT),6.00664E+15,2026-06-08,2026-06-08,1,0,Storage,0.05,0,0.05
1052547,RMA #WIUN1T9K,33004032,MEI-LING PAL (K2S2A4MEI),6.00664E+15,2026-06-08,2026-06-08,0,0,Service Center Labor,2.36,0.12,2.48
1052547,RMA #WIUN1T9K,33004032,MEI-LING PAL (K2S2A4MEI),6.00664E+15,2026-06-08,2026-06-08,2,0,Returns,2.74,0.14,2.88
1052547,RMA #WIUN1T9K,33004032,MEI-LING PAL (K2S2A4MEI),6.00664E+15,2026-06-08,2026-06-08,2,0,Restock,0.5,0.03,0.53
1052547,RMA #WIUN1T9K,33004032,MEI-LING PAL (K2S2A4MEI),6.00664E+15,2026-06-08,2026-06-08,2,0,Storage,0.1,0.01,0.11
1052549,RMA #PL8B6ID8,32965946,ALANA NILES (K1V2S9ALA),7.92387E+11,2026-06-08,2026-06-08,1,0,Returns,2.07,0.1,2.17
1052549,RMA #PL8B6ID8,32965946,ALANA NILES (K1V2S9ALA),7.92387E+11,2026-06-08,2026-06-08,0,0,Service Center Labor,1.42,0.07,1.49
1052549,RMA #PL8B6ID8,32965946,ALANA NILES (K1V2S9ALA),7.92387E+11,2026-06-08,2026-06-08,1,0,Restock,0.25,0.01,0.26
1052549,RMA #PL8B6ID8,32965946,ALANA NILES (K1V2S9ALA),7.92387E+11,2026-06-08,2026-06-08,1,0,Storage,0.05,0,0.05
1052552,RMA #44PDWG2M,33000269,KATERINE AUBRY-HEBERT (J4B0G5KAT),6.00664E+15,2026-06-08,2026-06-08,0,0,Service Center Labor,1.42,0.07,1.49
1052552,RMA #44PDWG2M,33000269,KATERINE AUBRY-HEBERT (J4B0G5KAT),6.00664E+15,2026-06-08,2026-06-08,1,0,Returns,2.07,0.1,2.17
1052552,RMA #44PDWG2M,33000269,KATERINE AUBRY-HEBERT (J4B0G5KAT),6.00664E+15,2026-06-08,2026-06-08,1,0,Restock,0.25,0.01,0.26
1052552,RMA #44PDWG2M,33000269,KATERINE AUBRY-HEBERT (J4B0G5KAT),6.00664E+15,2026-06-08,2026-06-08,1,0,Storage,0.05,0,0.05
1052554,RMA #E199E0MD,33019517,JANET KARCZ (N8S3E1JAN),6.00664E+15,2026-06-08,2026-06-08,0,0,Service Center Labor,1.42,0.07,1.49
1052554,RMA #E199E0MD,33019517,JANET KARCZ (N8S3E1JAN),6.00664E+15,2026-06-08,2026-06-08,1,0,Returns,2.07,0.1,2.17
1052554,RMA #E199E0MD,33019517,JANET KARCZ (N8S3E1JAN),6.00664E+15,2026-06-08,2026-06-08,1,0,Restock,0.25,0.01,0.26
1052554,RMA #E199E0MD,33019517,JANET KARCZ (N8S3E1JAN),6.00664E+15,2026-06-08,2026-06-08,1,0,Storage,0.05,0,0.05
1052558,RMA #K86J9ZST,32982786,KELLY BRADSTREET (V8Z1A4KEL),7.92391E+11,2026-06-08,2026-06-08,1,0,Restock,0.25,0.01,0.26
1052558,RMA #K86J9ZST,32982786,KELLY BRADSTREET (V8Z1A4KEL),7.92391E+11,2026-06-08,2026-06-08,1,0,Returns,2.07,0.1,2.17
1052558,RMA #K86J9ZST,32982786,KELLY BRADSTREET (V8Z1A4KEL),7.92391E+11,2026-06-08,2026-06-08,0,0,Service Center Labor,1.42,0.07,1.49
1052558,RMA #K86J9ZST,32982786,KELLY BRADSTREET (V8Z1A4KEL),7.92391E+11,2026-06-08,2026-06-08,1,0,Storage,0.05,0,0.05
1052559,RMA #WGFVDV69,32969550,HAYLEY VOORT (L5G0C2HAY),6.00664E+15,2026-06-08,2026-06-08,0,0,Service Center Labor,2.36,0.12,2.48
1052559,RMA #WGFVDV69,32969550,HAYLEY VOORT (L5G0C2HAY),6.00664E+15,2026-06-08,2026-06-08,2,0,Returns,2.74,0.14,2.88
1052559,RMA #WGFVDV69,32969550,HAYLEY VOORT (L5G0C2HAY),6.00664E+15,2026-06-08,2026-06-08,2,0,Restock,0.5,0.03,0.53
1052559,RMA #WGFVDV69,32969550,HAYLEY VOORT (L5G0C2HAY),6.00664E+15,2026-06-08,2026-06-08,2,0,Storage,0.1,0.01,0.11
1052560,RMA #WSLMZ9Z5,33007531,CELESTE PANG (T2T2C4CEL),6.00664E+15,2026-06-08,2026-06-08,2,0,Restock,0.5,0.03,0.53
1052560,RMA #WSLMZ9Z5,33007531,CELESTE PANG (T2T2C4CEL),6.00664E+15,2026-06-08,2026-06-08,0,0,Service Center Labor,2.36,0.12,2.48
1052560,RMA #WSLMZ9Z5,33007531,CELESTE PANG (T2T2C4CEL),6.00664E+15,2026-06-08,2026-06-08,2,0,Returns,2.74,0.14,2.88
1052560,RMA #WSLMZ9Z5,33007531,CELESTE PANG (T2T2C4CEL),6.00664E+15,2026-06-08,2026-06-08,2,0,Storage,0.1,0.01,0.11
1052567,RMA #4E4JUG5K,32998533,JOSEE IAVICOLI (J5L2M3JOS),6.00664E+15,2026-06-08,2026-06-08,2,0,Returns,2.74,0.14,2.88
1052567,RMA #4E4JUG5K,32998533,JOSEE IAVICOLI (J5L2M3JOS),6.00664E+15,2026-06-08,2026-06-08,2,0,Restock,0.5,0.03,0.53
1052567,RMA #4E4JUG5K,32998533,JOSEE IAVICOLI (J5L2M3JOS),6.00664E+15,2026-06-08,2026-06-08,0,0,Service Center Labor,2.36,0.12,2.48
1052567,RMA #4E4JUG5K,32998533,JOSEE IAVICOLI (J5L2M3JOS),6.00664E+15,2026-06-08,2026-06-08,2,0,Storage,0.1,0.01,0.11
1052569,RMA #3BG1SBBT,33002939,VICTORIA POON (V5N0C4VIC),7.92392E+11,2026-06-08,2026-06-08,1,0,Restock,0.25,0.01,0.26
1052569,RMA #3BG1SBBT,33002939,VICTORIA POON (V5N0C4VIC),7.92392E+11,2026-06-08,2026-06-08,1,0,Returns,2.07,0.1,2.17
1052569,RMA #3BG1SBBT,33002939,VICTORIA POON (V5N0C4VIC),7.92392E+11,2026-06-08,2026-06-08,0,0,Service Center Labor,1.42,0.07,1.49
1052569,RMA #3BG1SBBT,33002939,VICTORIA POON (V5N0C4VIC),7.92392E+11,2026-06-08,2026-06-08,1,0,Storage,0.05,0,0.05
1052571,RMA #KA8VCUOC,33028020,ISABEL ATCHISON (N6K3B5ISA),6.00664E+15,2026-06-08,2026-06-08,3,0,Returns,3.41,0.17,3.58
1052571,RMA #KA8VCUOC,33028020,ISABEL ATCHISON (N6K3B5ISA),6.00664E+15,2026-06-08,2026-06-08,0,0,Service Center Labor,2.36,0.12,2.48
1052571,RMA #KA8VCUOC,33028020,ISABEL ATCHISON (N6K3B5ISA),6.00664E+15,2026-06-08,2026-06-08,3,0,Restock,0.75,0.04,0.79
1052571,RMA #KA8VCUOC,33028020,ISABEL ATCHISON (N6K3B5ISA),6.00664E+15,2026-06-08,2026-06-08,3,0,Storage,0.15,0.01,0.16
1052576,RMA #S3A1TKIH,33017174,STEPHANIE BEAN (K4A3S3STE),6.00664E+15,2026-06-08,2026-06-08,1,0,Restock,0.25,0.01,0.26
1052576,RMA #S3A1TKIH,33017174,STEPHANIE BEAN (K4A3S3STE),6.00664E+15,2026-06-08,2026-06-08,1,0,Returns,2.07,0.1,2.17
1052576,RMA #S3A1TKIH,33017174,STEPHANIE BEAN (K4A3S3STE),6.00664E+15,2026-06-08,2026-06-08,0,0,Service Center Labor,1.42,0.07,1.49
1052576,RMA #S3A1TKIH,33017174,STEPHANIE BEAN (K4A3S3STE),6.00664E+15,2026-06-08,2026-06-08,1,0,Storage,0.05,0,0.05
1052579,RMA #7NM9AR79,33054785,ALICIA AAUNDERS (V1Z2C1ALI),6.00664E+15,2026-06-08,2026-06-08,2,0,Restock,0.5,0.03,0.53
1052579,RMA #7NM9AR79,33054785,ALICIA AAUNDERS (V1Z2C1ALI),6.00664E+15,2026-06-08,2026-06-08,2,0,Returns,2.74,0.14,2.88
1052579,RMA #7NM9AR79,33054785,ALICIA AAUNDERS (V1Z2C1ALI),6.00664E+15,2026-06-08,2026-06-08,0,0,Service Center Labor,2.36,0.12,2.48
1052579,RMA #7NM9AR79,33054785,ALICIA AAUNDERS (V1Z2C1ALI),6.00664E+15,2026-06-08,2026-06-08,2,0,Storage,0.1,0.01,0.11
1052584,RMA #D8GBXNO5,33019121,MONICA KOLOMIC (R3V1T5MON),6.00664E+15,2026-06-08,2026-06-08,1,0,Returns,2.07,0.1,2.17
1052584,RMA #D8GBXNO5,33019121,MONICA KOLOMIC (R3V1T5MON),6.00664E+15,2026-06-08,2026-06-08,0,0,Service Center Labor,1.42,0.07,1.49
1052584,RMA #D8GBXNO5,33019121,MONICA KOLOMIC (R3V1T5MON),6.00664E+15,2026-06-08,2026-06-08,1,0,Restock,0.25,0.01,0.26
1052584,RMA #D8GBXNO5,33019121,MONICA KOLOMIC (R3V1T5MON),6.00664E+15,2026-06-08,2026-06-08,1,0,Storage,0.05,0,0.05
1052587,RMA #54GO3ZYO,33010080,JULIE DEHIN (J3L6S8JUL),6.00664E+15,2026-06-08,2026-06-08,1,0,Shop Supplies,0.16,0.01,0.17
1052587,RMA #54GO3ZYO,33010080,JULIE DEHIN (J3L6S8JUL),6.00664E+15,2026-06-08,2026-06-08,3,0,Returns,3.41,0.17,3.58
1052587,RMA #54GO3ZYO,33010080,JULIE DEHIN (J3L6S8JUL),6.00664E+15,2026-06-08,2026-06-08,0,0,Service Center Labor,3.78,0.19,3.97
1052587,RMA #54GO3ZYO,33010080,JULIE DEHIN (J3L6S8JUL),6.00664E+15,2026-06-08,2026-06-08,3,0,Restock,0.75,0.04,0.79
1052587,RMA #54GO3ZYO,33010080,JULIE DEHIN (J3L6S8JUL),6.00664E+15,2026-06-08,2026-06-08,3,0,Storage,0.15,0.01,0.16
1052591,RMA #W6FCIXN4,33047923,TAMI JEMSON (V4V2A5TAM),6.00664E+15,2026-06-08,2026-06-08,1,0,Restock,0.25,0.01,0.26
1052591,RMA #W6FCIXN4,33047923,TAMI JEMSON (V4V2A5TAM),6.00664E+15,2026-06-08,2026-06-08,0,0,Service Center Labor,1.42,0.07,1.49
1052591,RMA #W6FCIXN4,33047923,TAMI JEMSON (V4V2A5TAM),6.00664E+15,2026-06-08,2026-06-08,1,0,Returns,2.07,0.1,2.17
1052591,RMA #W6FCIXN4,33047923,TAMI JEMSON (V4V2A5TAM),6.00664E+15,2026-06-08,2026-06-08,1,0,Storage,0.05,0,0.05
1052657,RMA #64V1K03M,32977069,KEVIN SZUBIAK (H2S2B5KEV),6.00664E+15,2026-06-08,2026-06-08,1,0,Returns,2.07,0.1,2.17
1052657,RMA #64V1K03M,32977069,KEVIN SZUBIAK (H2S2B5KEV),6.00664E+15,2026-06-08,2026-06-08,0,0,Service Center Labor,1.42,0.07,1.49
1052657,RMA #64V1K03M,32977069,KEVIN SZUBIAK (H2S2B5KEV),6.00664E+15,2026-06-08,2026-06-08,1,0,Restock,0.25,0.01,0.26
1052657,RMA #64V1K03M,32977069,KEVIN SZUBIAK (H2S2B5KEV),6.00664E+15,2026-06-08,2026-06-08,1,0,Storage,0.05,0,0.05
1052661,RMA #S2SGSSVO,33027830,ISABEL ATCHISON (N6K3B5ISA),7.924E+11,2026-06-08,2026-06-08,0,0,Service Center Labor,1.42,0.07,1.49
1052661,RMA #S2SGSSVO,33027830,ISABEL ATCHISON (N6K3B5ISA),7.924E+11,2026-06-08,2026-06-08,2,0,Returns,2.74,0.14,2.88
1052661,RMA #S2SGSSVO,33027830,ISABEL ATCHISON (N6K3B5ISA),7.924E+11,2026-06-08,2026-06-08,2,0,Restock,0.5,0.03,0.53
1052661,RMA #S2SGSSVO,33027830,ISABEL ATCHISON (N6K3B5ISA),7.924E+11,2026-06-08,2026-06-08,2,0,Storage,0.1,0.01,0.11
1052679,RMA #THK8CBAU,32914769,KATRINA PEACHEY (T5R4J5KAT),7.92375E+11,2026-06-08,2026-06-08,1,0,Restock,0.25,0.01,0.26
1052679,RMA #THK8CBAU,32914769,KATRINA PEACHEY (T5R4J5KAT),7.92375E+11,2026-06-08,2026-06-08,1,0,Returns,2.07,0.1,2.17
1052679,RMA #THK8CBAU,32914769,KATRINA PEACHEY (T5R4J5KAT),7.92375E+11,2026-06-08,2026-06-08,0,0,Service Center Labor,1.42,0.07,1.49
1052679,RMA #THK8CBAU,32914769,KATRINA PEACHEY (T5R4J5KAT),7.92375E+11,2026-06-08,2026-06-08,1,0,Storage,0.05,0,0.05
1052680,RMA #F1QA7D3F,33010084,EMMA FOGARTY (T4C0G9EMM),6.00664E+15,2026-06-08,2026-06-08,1,0,Returns,2.07,0.1,2.17
1052680,RMA #F1QA7D3F,33010084,EMMA FOGARTY (T4C0G9EMM),6.00664E+15,2026-06-08,2026-06-08,0,0,Service Center Labor,1.42,0.07,1.49
1052680,RMA #F1QA7D3F,33010084,EMMA FOGARTY (T4C0G9EMM),6.00664E+15,2026-06-08,2026-06-08,1,0,Restock,0.25,0.01,0.26
1052680,RMA #F1QA7D3F,33010084,EMMA FOGARTY (T4C0G9EMM),6.00664E+15,2026-06-08,2026-06-08,1,0,Storage,0.05,0,0.05
1052685,RMA #66FXKL2K,33028221,PAUL NACCACHE (G1T1N3PAU),7.924E+11,2026-06-08,2026-06-08,1,0,Returns,2.07,0.1,2.17
1052685,RMA #66FXKL2K,33028221,PAUL NACCACHE (G1T1N3PAU),7.924E+11,2026-06-08,2026-06-08,1,0,Restock,0.25,0.01,0.26
1052685,RMA #66FXKL2K,33028221,PAUL NACCACHE (G1T1N3PAU),7.924E+11,2026-06-08,2026-06-08,0,0,Service Center Labor,1.42,0.07,1.49
1052685,RMA #66FXKL2K,33028221,PAUL NACCACHE (G1T1N3PAU),7.924E+11,2026-06-08,2026-06-08,1,0,Storage,0.05,0,0.05
1052687,RMA #K96PBFZE,32982179,NATHAN ECDERMOTT (T0M0S0NAT),6.00664E+15,2026-06-08,2026-06-08,0,0,Service Center Labor,1.42,0.07,1.49
1052687,RMA #K96PBFZE,32982179,NATHAN ECDERMOTT (T0M0S0NAT),6.00664E+15,2026-06-08,2026-06-08,1,0,Returns,2.07,0.1,2.17
1052687,RMA #K96PBFZE,32982179,NATHAN ECDERMOTT (T0M0S0NAT),6.00664E+15,2026-06-08,2026-06-08,1,0,Restock,0.25,0.01,0.26
1052687,RMA #K96PBFZE,32982179,NATHAN ECDERMOTT (T0M0S0NAT),6.00664E+15,2026-06-08,2026-06-08,1,0,Storage,0.05,0,0.05
1052691,RMA #LEWNW2DL,33014651,AMY ANDERSON (V0H1Z1AMY),7.92396E+11,2026-06-08,2026-06-08,2,0,Returns,2.74,0.14,2.88
1052691,RMA #LEWNW2DL,33014651,AMY ANDERSON (V0H1Z1AMY),7.92396E+11,2026-06-08,2026-06-08,0,0,Service Center Labor,2.36,0.12,2.48
1052691,RMA #LEWNW2DL,33014651,AMY ANDERSON (V0H1Z1AMY),7.92396E+11,2026-06-08,2026-06-08,2,0,Restock,0.5,0.03,0.53
1052691,RMA #LEWNW2DL,33014651,AMY ANDERSON (V0H1Z1AMY),7.92396E+11,2026-06-08,2026-06-08,2,0,Storage,0.1,0.01,0.11
1052693,RMA #BVZFEB3M,32970259,ALEX ZACHARIAS (V3B4G2ALE),6.00664E+15,2026-06-08,2026-06-08,1,0,Returns,2.07,0.1,2.17
1052693,RMA #BVZFEB3M,32970259,ALEX ZACHARIAS (V3B4G2ALE),6.00664E+15,2026-06-08,2026-06-08,0,0,Service Center Labor,1.42,0.07,1.49
1052693,RMA #BVZFEB3M,32970259,ALEX ZACHARIAS (V3B4G2ALE),6.00664E+15,2026-06-08,2026-06-08,1,0,Restock,0.25,0.01,0.26
1052693,RMA #BVZFEB3M,32970259,ALEX ZACHARIAS (V3B4G2ALE),6.00664E+15,2026-06-08,2026-06-08,1,0,Storage,0.05,0,0.05
1052694,RMA #K8FPZES0,32999661,JENNIFER SURRETTE (B4A1X6JEN),6.00664E+15,2026-06-08,2026-06-08,1,0,Returns,2.07,0.1,2.17
1052694,RMA #K8FPZES0,32999661,JENNIFER SURRETTE (B4A1X6JEN),6.00664E+15,2026-06-08,2026-06-08,0,0,Service Center Labor,1.42,0.07,1.49
1052694,RMA #K8FPZES0,32999661,JENNIFER SURRETTE (B4A1X6JEN),6.00664E+15,2026-06-08,2026-06-08,1,0,Restock,0.25,0.01,0.26
1052694,RMA #K8FPZES0,32999661,JENNIFER SURRETTE (B4A1X6JEN),6.00664E+15,2026-06-08,2026-06-08,1,0,Storage,0.05,0,0.05
1052695,RMA #ZQL4MA5A,33010701,ANIQUE SALA (R3M0J4ANI),6.00664E+15,2026-06-08,2026-06-08,1,0,Returns,2.07,0.1,2.17
1052695,RMA #ZQL4MA5A,33010701,ANIQUE SALA (R3M0J4ANI),6.00664E+15,2026-06-08,2026-06-08,1,0,Restock,0.25,0.01,0.26
1052695,RMA #ZQL4MA5A,33010701,ANIQUE SALA (R3M0J4ANI),6.00664E+15,2026-06-08,2026-06-08,0,0,Service Center Labor,1.42,0.07,1.49
1052695,RMA #ZQL4MA5A,33010701,ANIQUE SALA (R3M0J4ANI),6.00664E+15,2026-06-08,2026-06-08,1,0,Storage,0.05,0,0.05
1052696,RMA #RJVRVXVV,33000474,KAT SOLBERG (V6H2M2KAT),7.92392E+11,2026-06-08,2026-06-08,1,0,Shop Supplies,0.16,0.01,0.17
1052696,RMA #RJVRVXVV,33000474,KAT SOLBERG (V6H2M2KAT),7.92392E+11,2026-06-08,2026-06-08,1,0,Returns,2.07,0.1,2.17
1052696,RMA #RJVRVXVV,33000474,KAT SOLBERG (V6H2M2KAT),7.92392E+11,2026-06-08,2026-06-08,1,0,Restock,0.25,0.01,0.26
1052696,RMA #RJVRVXVV,33000474,KAT SOLBERG (V6H2M2KAT),7.92392E+11,2026-06-08,2026-06-08,0,0,Service Center Labor,1.42,0.07,1.49
1052696,RMA #RJVRVXVV,33000474,KAT SOLBERG (V6H2M2KAT),7.92392E+11,2026-06-08,2026-06-08,1,0,Storage,0.05,0,0.05
1052697,RMA #KH215SRI,32977265,CHRISTINA BRIERE (J0P1B0CHR),6.00664E+15,2026-06-08,2026-06-08,0,0,Service Center Labor,1.42,0.07,1.49
1052697,RMA #KH215SRI,32977265,CHRISTINA BRIERE (J0P1B0CHR),6.00664E+15,2026-06-08,2026-06-08,1,0,Returns,2.07,0.1,2.17
1052697,RMA #KH215SRI,32977265,CHRISTINA BRIERE (J0P1B0CHR),6.00664E+15,2026-06-08,2026-06-08,1,0,Restock,0.25,0.01,0.26
1052697,RMA #KH215SRI,32977265,CHRISTINA BRIERE (J0P1B0CHR),6.00664E+15,2026-06-08,2026-06-08,1,0,Storage,0.05,0,0.05
1052700,RMA #YXPLOOM6,33011213,SHANNON BASISTY (T4H1K3SHA),6.00664E+15,2026-06-08,2026-06-08,0,0,Service Center Labor,1.42,0.07,1.49
1052700,RMA #YXPLOOM6,33011213,SHANNON BASISTY (T4H1K3SHA),6.00664E+15,2026-06-08,2026-06-08,1,0,Returns,2.07,0.1,2.17
1052700,RMA #YXPLOOM6,33011213,SHANNON BASISTY (T4H1K3SHA),6.00664E+15,2026-06-08,2026-06-08,1,0,Restock,0.25,0.01,0.26
1052700,RMA #YXPLOOM6,33011213,SHANNON BASISTY (T4H1K3SHA),6.00664E+15,2026-06-08,2026-06-08,1,0,Storage,0.05,0,0.05
1052763,RMA #SN80C5TZ,32920481,KEITH WILLAMSON (N8X4E8KEI),6.00664E+15,2026-06-09,2026-06-09,2,0,Restock,0.5,0.03,0.53
1052763,RMA #SN80C5TZ,32920481,KEITH WILLAMSON (N8X4E8KEI),6.00664E+15,2026-06-09,2026-06-09,1,0,Shop Supplies,0.16,0.01,0.17
1052763,RMA #SN80C5TZ,32920481,KEITH WILLAMSON (N8X4E8KEI),6.00664E+15,2026-06-09,2026-06-09,0,0,Service Center Labor,2.36,0.12,2.48
1052763,RMA #SN80C5TZ,32920481,KEITH WILLAMSON (N8X4E8KEI),6.00664E+15,2026-06-09,2026-06-09,2,0,Returns,2.74,0.14,2.88
1052763,RMA #SN80C5TZ,32920481,KEITH WILLAMSON (N8X4E8KEI),6.00664E+15,2026-06-09,2026-06-09,2,0,Storage,0.1,0.01,0.11
1052767,RMA #3RRGPOP0,32960699,JOSEE VAN BUUREN (T2X3W4JOS),6.00664E+15,2026-06-09,2026-06-09,1,0,Shop Supplies,0.16,0.01,0.17
1052767,RMA #3RRGPOP0,32960699,JOSEE VAN BUUREN (T2X3W4JOS),6.00664E+15,2026-06-09,2026-06-09,6,0,Restock,1.5,0.08,1.58
1052767,RMA #3RRGPOP0,32960699,JOSEE VAN BUUREN (T2X3W4JOS),6.00664E+15,2026-06-09,2026-06-09,0,0,Service Center Labor,3.78,0.19,3.97
1052767,RMA #3RRGPOP0,32960699,JOSEE VAN BUUREN (T2X3W4JOS),6.00664E+15,2026-06-09,2026-06-09,6,0,Returns,5.42,0.27,5.69
1052767,RMA #3RRGPOP0,32960699,JOSEE VAN BUUREN (T2X3W4JOS),6.00664E+15,2026-06-09,2026-06-09,6,0,Storage,0.3,0.02,0.32
1052771,RMA #IBXB4V8Q,32895931,TANYA GRAHAM (N6P1E3TAN),6.00664E+15,2026-06-09,2026-06-09,1,0,Returns,2.07,0.1,2.17
1052771,RMA #IBXB4V8Q,32895931,TANYA GRAHAM (N6P1E3TAN),6.00664E+15,2026-06-09,2026-06-09,1,0,Restock,0.25,0.01,0.26
1052771,RMA #IBXB4V8Q,32895931,TANYA GRAHAM (N6P1E3TAN),6.00664E+15,2026-06-09,2026-06-09,0,0,Service Center Labor,1.42,0.07,1.49
1052771,RMA #IBXB4V8Q,32895931,TANYA GRAHAM (N6P1E3TAN),6.00664E+15,2026-06-09,2026-06-09,1,0,Storage,0.05,0,0.05
1052778,RMA #49Z9BJGX,33033921,KEVAN COYLE (V8V3E4KEV),6.00664E+15,2026-06-09,2026-06-09,0,0,Service Center Labor,2.36,0.12,2.48
1052778,RMA #49Z9BJGX,33033921,KEVAN COYLE (V8V3E4KEV),6.00664E+15,2026-06-09,2026-06-09,3,0,Restock,0.75,0.04,0.79
1052778,RMA #49Z9BJGX,33033921,KEVAN COYLE (V8V3E4KEV),6.00664E+15,2026-06-09,2026-06-09,3,0,Returns,3.41,0.17,3.58
1052778,RMA #49Z9BJGX,33033921,KEVAN COYLE (V8V3E4KEV),6.00664E+15,2026-06-09,2026-06-09,3,0,Storage,0.15,0.01,0.16
1052801,RMA #ZLPEHXL9,32965426,AMANDA SEGUIN (L2H0G6AMA),6.00664E+15,2026-06-09,2026-06-09,2,0,Restock,0.5,0.03,0.53
1052801,RMA #ZLPEHXL9,32965426,AMANDA SEGUIN (L2H0G6AMA),6.00664E+15,2026-06-09,2026-06-09,0,0,Service Center Labor,2.36,0.12,2.48
1052801,RMA #ZLPEHXL9,32965426,AMANDA SEGUIN (L2H0G6AMA),6.00664E+15,2026-06-09,2026-06-09,1,0,Shop Supplies,0.11,0.01,0.12
1052801,RMA #ZLPEHXL9,32965426,AMANDA SEGUIN (L2H0G6AMA),6.00664E+15,2026-06-09,2026-06-09,2,0,Returns,2.74,0.14,2.88
1052801,RMA #ZLPEHXL9,32965426,AMANDA SEGUIN (L2H0G6AMA),6.00664E+15,2026-06-09,2026-06-09,2,0,Storage,0.1,0.01,0.11
1052813,RMA #1K4N3Y12,32932788,MARIE-EVE FERLAND (G9H0L6MAR),7.92379E+11,2026-06-09,2026-06-09,0,0,Service Center Labor,2.36,0.12,2.48
1052813,RMA #1K4N3Y12,32932788,MARIE-EVE FERLAND (G9H0L6MAR),7.92379E+11,2026-06-09,2026-06-09,3,0,Returns,3.41,0.17,3.58
1052813,RMA #1K4N3Y12,32932788,MARIE-EVE FERLAND (G9H0L6MAR),7.92379E+11,2026-06-09,2026-06-09,3,0,Restock,0.75,0.04,0.79
1052813,RMA #1K4N3Y12,32932788,MARIE-EVE FERLAND (G9H0L6MAR),7.92379E+11,2026-06-09,2026-06-09,3,0,Storage,0.15,0.01,0.16
1052817,RMA #YBKOIDJS,33008658,ERIN KELLY (L1B0T9ERI),6.00664E+15,2026-06-09,2026-06-09,1,0,Returns,2.07,0.1,2.17
1052817,RMA #YBKOIDJS,33008658,ERIN KELLY (L1B0T9ERI),6.00664E+15,2026-06-09,2026-06-09,0,0,Service Center Labor,1.42,0.07,1.49
1052817,RMA #YBKOIDJS,33008658,ERIN KELLY (L1B0T9ERI),6.00664E+15,2026-06-09,2026-06-09,1,0,Restock,0.25,0.01,0.26
1052817,RMA #YBKOIDJS,33008658,ERIN KELLY (L1B0T9ERI),6.00664E+15,2026-06-09,2026-06-09,1,0,Storage,0.05,0,0.05
1052837,RMA #66E5BEP3,32979857,SHANNON MCCALLUM (S4X0E9SHA),6.00664E+15,2026-06-09,2026-06-09,1,0,Returns,2.07,0.1,2.17
1052837,RMA #66E5BEP3,32979857,SHANNON MCCALLUM (S4X0E9SHA),6.00664E+15,2026-06-09,2026-06-09,0,0,Service Center Labor,1.42,0.07,1.49
1052837,RMA #66E5BEP3,32979857,SHANNON MCCALLUM (S4X0E9SHA),6.00664E+15,2026-06-09,2026-06-09,1,0,Restock,0.25,0.01,0.26
1052837,RMA #66E5BEP3,32979857,SHANNON MCCALLUM (S4X0E9SHA),6.00664E+15,2026-06-09,2026-06-09,1,0,Storage,0.05,0,0.05
1052842,RMA #5HZ7W7G5,32970260,ANDREA PLESKO (N6A0A5AND),6.00664E+15,2026-06-09,2026-06-09,1,0,Returns,2.07,0.1,2.17
1052842,RMA #5HZ7W7G5,32970260,ANDREA PLESKO (N6A0A5AND),6.00664E+15,2026-06-09,2026-06-09,0,0,Service Center Labor,1.42,0.07,1.49
1052842,RMA #5HZ7W7G5,32970260,ANDREA PLESKO (N6A0A5AND),6.00664E+15,2026-06-09,2026-06-09,1,0,Restock,0.25,0.01,0.26
1052842,RMA #5HZ7W7G5,32970260,ANDREA PLESKO (N6A0A5AND),6.00664E+15,2026-06-09,2026-06-09,1,0,Storage,0.05,0,0.05
1052843,RMA #H0MRD7HG,33010899,SHANNON BASISTY (T4H1K3SHA),6.00664E+15,2026-06-09,2026-06-09,1,0,Returns,2.07,0.1,2.17
1052843,RMA #H0MRD7HG,33010899,SHANNON BASISTY (T4H1K3SHA),6.00664E+15,2026-06-09,2026-06-09,1,0,Restock,0.25,0.01,0.26
1052843,RMA #H0MRD7HG,33010899,SHANNON BASISTY (T4H1K3SHA),6.00664E+15,2026-06-09,2026-06-09,0,0,Service Center Labor,1.42,0.07,1.49
1052843,RMA #H0MRD7HG,33010899,SHANNON BASISTY (T4H1K3SHA),6.00664E+15,2026-06-09,2026-06-09,1,0,Storage,0.05,0,0.05
1052846,RMA #DLJKQRMR,33004136,MEI-LING PAK (K2S2A4MEI),7.92393E+11,2026-06-09,2026-06-09,1,0,Shop Supplies,0.16,0.01,0.17
1052846,RMA #DLJKQRMR,33004136,MEI-LING PAK (K2S2A4MEI),7.92393E+11,2026-06-09,2026-06-09,1,0,Returns,2.07,0.1,2.17
1052846,RMA #DLJKQRMR,33004136,MEI-LING PAK (K2S2A4MEI),7.92393E+11,2026-06-09,2026-06-09,1,0,Restock,0.25,0.01,0.26
1052846,RMA #DLJKQRMR,33004136,MEI-LING PAK (K2S2A4MEI),7.92393E+11,2026-06-09,2026-06-09,0,0,Service Center Labor,1.42,0.07,1.49
1052846,RMA #DLJKQRMR,33004136,MEI-LING PAK (K2S2A4MEI),7.92393E+11,2026-06-09,2026-06-09,1,0,Storage,0.05,0,0.05
1052863,RMA #KVL25KY2,33037360,KRISTIN  KELM (V2R5T8KRI),6.00664E+15,2026-06-09,2026-06-09,0,0,Service Center Labor,1.42,0.07,1.49
1052863,RMA #KVL25KY2,33037360,KRISTIN  KELM (V2R5T8KRI),6.00664E+15,2026-06-09,2026-06-09,1,0,Returns,2.07,0.1,2.17
1052863,RMA #KVL25KY2,33037360,KRISTIN  KELM (V2R5T8KRI),6.00664E+15,2026-06-09,2026-06-09,1,0,Restock,0.25,0.01,0.26
1052863,RMA #KVL25KY2,33037360,KRISTIN  KELM (V2R5T8KRI),6.00664E+15,2026-06-09,2026-06-09,1,0,Storage,0.05,0,0.05
1052867,RMA #HA25B718,32979349,LAURENCE REID LANGEVIN (J0P1B0LAU),7.9239E+11,2026-06-09,2026-06-09,0,0,Service Center Labor,1.42,0.07,1.49
1052867,RMA #HA25B718,32979349,LAURENCE REID LANGEVIN (J0P1B0LAU),7.9239E+11,2026-06-09,2026-06-09,1,0,Returns,2.07,0.1,2.17
1052867,RMA #HA25B718,32979349,LAURENCE REID LANGEVIN (J0P1B0LAU),7.9239E+11,2026-06-09,2026-06-09,1,0,Restock,0.25,0.01,0.26
1052867,RMA #HA25B718,32979349,LAURENCE REID LANGEVIN (J0P1B0LAU),7.9239E+11,2026-06-09,2026-06-09,1,0,Storage,0.05,0,0.05
1052919,RMA #U52KVULA,33018291,SARINA RAJABALLY (L1T3R5SAB),6.00664E+15,2026-06-09,2026-06-09,3,0,Restock,0.75,0.04,0.79
1052919,RMA #U52KVULA,33018291,SARINA RAJABALLY (L1T3R5SAB),6.00664E+15,2026-06-09,2026-06-09,0,0,Service Center Labor,2.36,0.12,2.48
1052919,RMA #U52KVULA,33018291,SARINA RAJABALLY (L1T3R5SAB),6.00664E+15,2026-06-09,2026-06-09,3,0,Returns,3.41,0.17,3.58
1052919,RMA #U52KVULA,33018291,SARINA RAJABALLY (L1T3R5SAB),6.00664E+15,2026-06-09,2026-06-09,3,0,Storage,0.15,0.01,0.16
1052920,RMA #C2NQYLFS,32938708,MARIE-LYSE BEAUDIN (J1N1L3MAR),6.00664E+15,2026-06-09,2026-06-09,2,0,Restock,0.5,0.03,0.53
1052920,RMA #C2NQYLFS,32938708,MARIE-LYSE BEAUDIN (J1N1L3MAR),6.00664E+15,2026-06-09,2026-06-09,0,0,Service Center Labor,2.36,0.12,2.48
1052920,RMA #C2NQYLFS,32938708,MARIE-LYSE BEAUDIN (J1N1L3MAR),6.00664E+15,2026-06-09,2026-06-09,2,0,Returns,2.74,0.14,2.88
1052920,RMA #C2NQYLFS,32938708,MARIE-LYSE BEAUDIN (J1N1L3MAR),6.00664E+15,2026-06-09,2026-06-09,2,0,Storage,0.1,0.01,0.11
1052923,RMA #FEEIZALD,32986983,KRISTI WINTERTON (B3A3J6KRI),6.00664E+15,2026-06-09,2026-06-09,0,0,Service Center Labor,1.42,0.07,1.49
1052923,RMA #FEEIZALD,32986983,KRISTI WINTERTON (B3A3J6KRI),6.00664E+15,2026-06-09,2026-06-09,1,0,Restock,0.25,0.01,0.26
1052923,RMA #FEEIZALD,32986983,KRISTI WINTERTON (B3A3J6KRI),6.00664E+15,2026-06-09,2026-06-09,1,0,Returns,2.07,0.1,2.17
1052923,RMA #FEEIZALD,32986983,KRISTI WINTERTON (B3A3J6KRI),6.00664E+15,2026-06-09,2026-06-09,1,0,Storage,0.05,0,0.05
1052925,RMA #CRX637QZ,33001336,SILVIA DOMINGUEZ (G3A1C1SIL),6.00664E+15,2026-06-09,2026-06-09,2,0,Restock,0.5,0.03,0.53
1052925,RMA #CRX637QZ,33001336,SILVIA DOMINGUEZ (G3A1C1SIL),6.00664E+15,2026-06-09,2026-06-09,2,0,Returns,2.74,0.14,2.88
1052925,RMA #CRX637QZ,33001336,SILVIA DOMINGUEZ (G3A1C1SIL),6.00664E+15,2026-06-09,2026-06-09,0,0,Service Center Labor,2.36,0.12,2.48
1052925,RMA #CRX637QZ,33001336,SILVIA DOMINGUEZ (G3A1C1SIL),6.00664E+15,2026-06-09,2026-06-09,2,0,Storage,0.1,0.01,0.11
1052929,RMA #LI11MVPG,32994101,BIEN CHU (V7L4W5BIE),6.00664E+15,2026-06-09,2026-06-09,1,0,Restock,0.25,0.01,0.26
1052929,RMA #LI11MVPG,32994101,BIEN CHU (V7L4W5BIE),6.00664E+15,2026-06-09,2026-06-09,1,0,Returns,2.07,0.1,2.17
1052929,RMA #LI11MVPG,32994101,BIEN CHU (V7L4W5BIE),6.00664E+15,2026-06-09,2026-06-09,0,0,Service Center Labor,1.42,0.07,1.49
1052929,RMA #LI11MVPG,32994101,BIEN CHU (V7L4W5BIE),6.00664E+15,2026-06-09,2026-06-09,1,0,Storage,0.05,0,0.05
1052932,RMA #Z30JGYIM,33008868,ERIN BROWN (N9B3R9ERI),6.00664E+15,2026-06-09,2026-06-09,0,0,Service Center Labor,1.42,0.07,1.49
1052932,RMA #Z30JGYIM,33008868,ERIN BROWN (N9B3R9ERI),6.00664E+15,2026-06-09,2026-06-09,1,0,Returns,2.07,0.1,2.17
1052932,RMA #Z30JGYIM,33008868,ERIN BROWN (N9B3R9ERI),6.00664E+15,2026-06-09,2026-06-09,1,0,Restock,0.25,0.01,0.26
1052932,RMA #Z30JGYIM,33008868,ERIN BROWN (N9B3R9ERI),6.00664E+15,2026-06-09,2026-06-09,1,0,Storage,0.05,0,0.05
1052935,RMA #8CPAGTE5,32911294,DARCY GERHART (M5T2N4DAR),6.00664E+15,2026-06-09,2026-06-09,0,0,Service Center Labor,2.36,0.12,2.48
1052935,RMA #8CPAGTE5,32911294,DARCY GERHART (M5T2N4DAR),6.00664E+15,2026-06-09,2026-06-09,2,0,Restock,0.5,0.03,0.53
1052935,RMA #8CPAGTE5,32911294,DARCY GERHART (M5T2N4DAR),6.00664E+15,2026-06-09,2026-06-09,2,0,Returns,2.74,0.14,2.88
1052935,RMA #8CPAGTE5,32911294,DARCY GERHART (M5T2N4DAR),6.00664E+15,2026-06-09,2026-06-09,2,0,Storage,0.1,0.01,0.11
1052936,RMA #RK0R96YZ,33040678,LACEY EDMUNDS (T4T1V8LAC),6.00664E+15,2026-06-09,2026-06-09,0,0,Service Center Labor,1.42,0.07,1.49
1052936,RMA #RK0R96YZ,33040678,LACEY EDMUNDS (T4T1V8LAC),6.00664E+15,2026-06-09,2026-06-09,2,0,Restock,0.5,0.03,0.53
1052936,RMA #RK0R96YZ,33040678,LACEY EDMUNDS (T4T1V8LAC),6.00664E+15,2026-06-09,2026-06-09,2,0,Returns,2.74,0.14,2.88
1052936,RMA #RK0R96YZ,33040678,LACEY EDMUNDS (T4T1V8LAC),6.00664E+15,2026-06-09,2026-06-09,2,0,Storage,0.1,0.01,0.11
1052947,RMA #0OJMUERZ,33003339,NATHALIE JUTEAU (J3V3B6NAT),6.00664E+15,2026-06-09,2026-06-09,1,0,Restock,0.25,0.01,0.26
1052947,RMA #0OJMUERZ,33003339,NATHALIE JUTEAU (J3V3B6NAT),6.00664E+15,2026-06-09,2026-06-09,1,0,Returns,2.07,0.1,2.17
1052947,RMA #0OJMUERZ,33003339,NATHALIE JUTEAU (J3V3B6NAT),6.00664E+15,2026-06-09,2026-06-09,0,0,Service Center Labor,1.42,0.07,1.49
1052947,RMA #0OJMUERZ,33003339,NATHALIE JUTEAU (J3V3B6NAT),6.00664E+15,2026-06-09,2026-06-09,1,0,Storage,0.05,0,0.05
1052948,RMA #8L7ZCGJ1,33012641,TZU LAI (V5J3W9TZU),6.00664E+15,2026-06-09,2026-06-09,0,0,Service Center Labor,2.36,0.12,2.48
1052948,RMA #8L7ZCGJ1,33012641,TZU LAI (V5J3W9TZU),6.00664E+15,2026-06-09,2026-06-09,2,0,Restock,0.5,0.03,0.53
1052948,RMA #8L7ZCGJ1,33012641,TZU LAI (V5J3W9TZU),6.00664E+15,2026-06-09,2026-06-09,2,0,Returns,2.74,0.14,2.88
1052948,RMA #8L7ZCGJ1,33012641,TZU LAI (V5J3W9TZU),6.00664E+15,2026-06-09,2026-06-09,2,0,Storage,0.1,0.01,0.11
1052951,RMA #5HKNW1BN,32990284,MADELEINE BEAUDOIN (G0K1P0MAD),6.00664E+15,2026-06-09,2026-06-09,2,0,Shop Supplies,0.22,0.01,0.23
1052951,RMA #5HKNW1BN,32990284,MADELEINE BEAUDOIN (G0K1P0MAD),6.00664E+15,2026-06-09,2026-06-09,2,0,Restock,0.5,0.03,0.53
1052951,RMA #5HKNW1BN,32990284,MADELEINE BEAUDOIN (G0K1P0MAD),6.00664E+15,2026-06-09,2026-06-09,2,0,Returns,2.74,0.14,2.88
1052951,RMA #5HKNW1BN,32990284,MADELEINE BEAUDOIN (G0K1P0MAD),6.00664E+15,2026-06-09,2026-06-09,0,0,Service Center Labor,2.36,0.12,2.48
1052951,RMA #5HKNW1BN,32990284,MADELEINE BEAUDOIN (G0K1P0MAD),6.00664E+15,2026-06-09,2026-06-09,2,0,Storage,0.1,0.01,0.11
1052952,RMA #16E3OBZ8,32988788,CLAUDE BEAUDOIN (J1E4K9CLA),6.00664E+15,2026-06-09,2026-06-09,1,0,Restock,0.25,0.01,0.26
1052952,RMA #16E3OBZ8,32988788,CLAUDE BEAUDOIN (J1E4K9CLA),6.00664E+15,2026-06-09,2026-06-09,1,0,Returns,2.07,0.1,2.17
1052952,RMA #16E3OBZ8,32988788,CLAUDE BEAUDOIN (J1E4K9CLA),6.00664E+15,2026-06-09,2026-06-09,0,0,Service Center Labor,1.42,0.07,1.49
1052952,RMA #16E3OBZ8,32988788,CLAUDE BEAUDOIN (J1E4K9CLA),6.00664E+15,2026-06-09,2026-06-09,1,0,Storage,0.05,0,0.05
1052954,RMA #S41DQP93,33007946,HOWARD THWAITES (V8C2N1HOW),6.00664E+15,2026-06-09,2026-06-09,1,0,Returns,2.07,0.1,2.17
1052954,RMA #S41DQP93,33007946,HOWARD THWAITES (V8C2N1HOW),6.00664E+15,2026-06-09,2026-06-09,1,0,Restock,0.25,0.01,0.26
1052954,RMA #S41DQP93,33007946,HOWARD THWAITES (V8C2N1HOW),6.00664E+15,2026-06-09,2026-06-09,0,0,Service Center Labor,1.42,0.07,1.49
1052954,RMA #S41DQP93,33007946,HOWARD THWAITES (V8C2N1HOW),6.00664E+15,2026-06-09,2026-06-09,1,0,Storage,0.05,0,0.05
1052957,RMA #9K2L0KTJ,33064206,ALISON CAIRNS (V8M1V1ALI),6.00664E+15,2026-06-09,2026-06-09,2,0,Returns,2.74,0.14,2.88
1052957,RMA #9K2L0KTJ,33064206,ALISON CAIRNS (V8M1V1ALI),6.00664E+15,2026-06-09,2026-06-09,0,0,Service Center Labor,2.36,0.12,2.48
1052957,RMA #9K2L0KTJ,33064206,ALISON CAIRNS (V8M1V1ALI),6.00664E+15,2026-06-09,2026-06-09,2,0,Restock,0.5,0.03,0.53
1052957,RMA #9K2L0KTJ,33064206,ALISON CAIRNS (V8M1V1ALI),6.00664E+15,2026-06-09,2026-06-09,2,0,Storage,0.1,0.01,0.11
1052976,RMA #M3KPVWJY,32967494,FRANCESCA NICHOLSON (V5L2T1FRA),6.00664E+15,2026-06-09,2026-06-09,1,0,Restock,0.25,0.01,0.26
1052976,RMA #M3KPVWJY,32967494,FRANCESCA NICHOLSON (V5L2T1FRA),6.00664E+15,2026-06-09,2026-06-09,1,0,Returns,2.07,0.1,2.17
1052976,RMA #M3KPVWJY,32967494,FRANCESCA NICHOLSON (V5L2T1FRA),6.00664E+15,2026-06-09,2026-06-09,0,0,Service Center Labor,1.42,0.07,1.49
1052976,RMA #M3KPVWJY,32967494,FRANCESCA NICHOLSON (V5L2T1FRA),6.00664E+15,2026-06-09,2026-06-09,1,0,Storage,0.05,0,0.05
1052981,RMA #EWNFB2IE,33020649,SUZY IAEVENS (R1N0H4SUZ),6.00664E+15,2026-06-09,2026-06-09,2,0,Returns,2.74,0.14,2.88
1052981,RMA #EWNFB2IE,33020649,SUZY IAEVENS (R1N0H4SUZ),6.00664E+15,2026-06-09,2026-06-09,0,0,Service Center Labor,2.36,0.12,2.48
1052981,RMA #EWNFB2IE,33020649,SUZY IAEVENS (R1N0H4SUZ),6.00664E+15,2026-06-09,2026-06-09,2,0,Restock,0.5,0.03,0.53
1052981,RMA #EWNFB2IE,33020649,SUZY IAEVENS (R1N0H4SUZ),6.00664E+15,2026-06-09,2026-06-09,2,0,Storage,0.1,0.01,0.11
1052983,RMA #0E04Y9VN,32940389,ERIC GENDRON (G9N2P8ÉRI),7.92381E+11,2026-06-09,2026-06-09,1,0,Restock,0.25,0.01,0.26
1052983,RMA #0E04Y9VN,32940389,ERIC GENDRON (G9N2P8ÉRI),7.92381E+11,2026-06-09,2026-06-09,1,0,Returns,2.07,0.1,2.17
1052983,RMA #0E04Y9VN,32940389,ERIC GENDRON (G9N2P8ÉRI),7.92381E+11,2026-06-09,2026-06-09,0,0,Service Center Labor,1.42,0.07,1.49
1052983,RMA #0E04Y9VN,32940389,ERIC GENDRON (G9N2P8ÉRI),7.92381E+11,2026-06-09,2026-06-09,1,0,Storage,0.05,0,0.05
1052988,RMA #P1TGFGC0,33013349,LAURA UNGER (V2R0L4LAU),6.00664E+15,2026-06-09,2026-06-09,1,0,Returns,2.07,0.1,2.17
1052988,RMA #P1TGFGC0,33013349,LAURA UNGER (V2R0L4LAU),6.00664E+15,2026-06-09,2026-06-09,1,0,Shop Supplies,0.16,0.01,0.17
1052988,RMA #P1TGFGC0,33013349,LAURA UNGER (V2R0L4LAU),6.00664E+15,2026-06-09,2026-06-09,0,0,Service Center Labor,1.42,0.07,1.49
1052988,RMA #P1TGFGC0,33013349,LAURA UNGER (V2R0L4LAU),6.00664E+15,2026-06-09,2026-06-09,1,0,Restock,0.25,0.01,0.26
1052988,RMA #P1TGFGC0,33013349,LAURA UNGER (V2R0L4LAU),6.00664E+15,2026-06-09,2026-06-09,1,0,Storage,0.05,0,0.05
1052991,RMA #BBUJC0V9,33040223,SHERYL PLETT (R0A0X0SHE),6.00664E+15,2026-06-09,2026-06-09,5,0,Returns,4.75,0.24,4.99
1052991,RMA #BBUJC0V9,33040223,SHERYL PLETT (R0A0X0SHE),6.00664E+15,2026-06-09,2026-06-09,5,0,Restock,1.25,0.06,1.31
1052991,RMA #BBUJC0V9,33040223,SHERYL PLETT (R0A0X0SHE),6.00664E+15,2026-06-09,2026-06-09,0,0,Service Center Labor,3.78,0.19,3.97
1052991,RMA #BBUJC0V9,33040223,SHERYL PLETT (R0A0X0SHE),6.00664E+15,2026-06-09,2026-06-09,5,0,Storage,0.25,0.01,0.26
1052994,RMA #TMBFXMGQ,32949395,CRAIG BRYAN (L4M3H6CRA),6.00664E+15,2026-06-09,2026-06-09,0,0,Service Center Labor,3.78,0.19,3.97
1052994,RMA #TMBFXMGQ,32949395,CRAIG BRYAN (L4M3H6CRA),6.00664E+15,2026-06-09,2026-06-09,5,0,Restock,1.25,0.06,1.31
1052994,RMA #TMBFXMGQ,32949395,CRAIG BRYAN (L4M3H6CRA),6.00664E+15,2026-06-09,2026-06-09,5,0,Returns,4.75,0.24,4.99
1052994,RMA #TMBFXMGQ,32949395,CRAIG BRYAN (L4M3H6CRA),6.00664E+15,2026-06-09,2026-06-09,5,0,Storage,0.25,0.01,0.26
1053004,RMA #0GBKQNGW,33000275,CHRISTY MATTAUSCH (L9T5Z7CHR),6.00664E+15,2026-06-09,2026-06-09,1,0,Restock,0.25,0.01,0.26
1053004,RMA #0GBKQNGW,33000275,CHRISTY MATTAUSCH (L9T5Z7CHR),6.00664E+15,2026-06-09,2026-06-09,1,0,Returns,2.07,0.1,2.17
1053004,RMA #0GBKQNGW,33000275,CHRISTY MATTAUSCH (L9T5Z7CHR),6.00664E+15,2026-06-09,2026-06-09,0,0,Service Center Labor,1.42,0.07,1.49
1053004,RMA #0GBKQNGW,33000275,CHRISTY MATTAUSCH (L9T5Z7CHR),6.00664E+15,2026-06-09,2026-06-09,1,0,Storage,0.05,0,0.05
1053019,RMA #YXKUOQ2X,33028735,LAUREN BIRCH (V3H0J4LAU),6.00664E+15,2026-06-09,2026-06-09,0,0,Service Center Labor,0.95,0.05,1
1053019,RMA #YXKUOQ2X,33028735,LAUREN BIRCH (V3H0J4LAU),6.00664E+15,2026-06-09,2026-06-09,1,0,Returns,2.07,0.1,2.17
1053019,RMA #YXKUOQ2X,33028735,LAUREN BIRCH (V3H0J4LAU),6.00664E+15,2026-06-09,2026-06-09,1,0,Restock,0.25,0.01,0.26
1053019,RMA #YXKUOQ2X,33028735,LAUREN BIRCH (V3H0J4LAU),6.00664E+15,2026-06-09,2026-06-09,1,0,Storage,0.05,0,0.05
1053020,RMA #2KKEX093,33028734,LAREN BIRCH (V3H0J4LAU),6.00664E+15,2026-06-09,2026-06-09,0,0,Service Center Labor,0.95,0.05,1
1053020,RMA #2KKEX093,33028734,LAREN BIRCH (V3H0J4LAU),6.00664E+15,2026-06-09,2026-06-09,1,0,Restock,0.25,0.01,0.26
1053020,RMA #2KKEX093,33028734,LAREN BIRCH (V3H0J4LAU),6.00664E+15,2026-06-09,2026-06-09,1,0,Returns,2.07,0.1,2.17
1053020,RMA #2KKEX093,33028734,LAREN BIRCH (V3H0J4LAU),6.00664E+15,2026-06-09,2026-06-09,1,0,Storage,0.05,0,0.05
1053027,RMA #07Z0TM68,33004231,GREG BATES (L1V6R1GRE),6.00664E+15,2026-06-09,2026-06-09,2,0,Restock,0.5,0.03,0.53
1053027,RMA #07Z0TM68,33004231,GREG BATES (L1V6R1GRE),6.00664E+15,2026-06-09,2026-06-09,0,0,Service Center Labor,2.36,0.12,2.48
1053027,RMA #07Z0TM68,33004231,GREG BATES (L1V6R1GRE),6.00664E+15,2026-06-09,2026-06-09,2,0,Returns,2.74,0.14,2.88
1053027,RMA #07Z0TM68,33004231,GREG BATES (L1V6R1GRE),6.00664E+15,2026-06-09,2026-06-09,2,0,Storage,0.1,0.01,0.11
1053368,RMA #D1KOSOAC,33048022,JEAN-FRANCOIS DESCHENES (H1Y0C9JEA),7.92407E+11,2026-06-10,2026-06-10,1,0,Restock,0.25,0.01,0.26
1053368,RMA #D1KOSOAC,33048022,JEAN-FRANCOIS DESCHENES (H1Y0C9JEA),7.92407E+11,2026-06-10,2026-06-10,0,0,Service Center Labor,1.42,0.07,1.49
1053368,RMA #D1KOSOAC,33048022,JEAN-FRANCOIS DESCHENES (H1Y0C9JEA),7.92407E+11,2026-06-10,2026-06-10,1,0,Returns,2.07,0.1,2.17
1053368,RMA #D1KOSOAC,33048022,JEAN-FRANCOIS DESCHENES (H1Y0C9JEA),7.92407E+11,2026-06-10,2026-06-10,1,0,Storage,0.05,0,0.05
1053373,RMA #8PLGD1X3,33046421,THIRZA BOYCHUK (K1S2H6THI),7.92406E+11,2026-06-10,2026-06-10,0,0,Service Center Labor,1.42,0.07,1.49
1053373,RMA #8PLGD1X3,33046421,THIRZA BOYCHUK (K1S2H6THI),7.92406E+11,2026-06-10,2026-06-10,1,0,Restock,0.25,0.01,0.26
1053373,RMA #8PLGD1X3,33046421,THIRZA BOYCHUK (K1S2H6THI),7.92406E+11,2026-06-10,2026-06-10,1,0,Returns,2.07,0.1,2.17
1053373,RMA #8PLGD1X3,33046421,THIRZA BOYCHUK (K1S2H6THI),7.92406E+11,2026-06-10,2026-06-10,1,0,Storage,0.05,0,0.05
1053376,RMA #FMXUQQ77,32959780,PATRICIA MARTEL (L3C4T9PAT),7.92386E+11,2026-06-10,2026-06-10,1,0,Returns,2.07,0.1,2.17
1053376,RMA #FMXUQQ77,32959780,PATRICIA MARTEL (L3C4T9PAT),7.92386E+11,2026-06-10,2026-06-10,1,0,Restock,0.25,0.01,0.26
1053376,RMA #FMXUQQ77,32959780,PATRICIA MARTEL (L3C4T9PAT),7.92386E+11,2026-06-10,2026-06-10,0,0,Service Center Labor,1.42,0.07,1.49
1053376,RMA #FMXUQQ77,32959780,PATRICIA MARTEL (L3C4T9PAT),7.92386E+11,2026-06-10,2026-06-10,1,0,Storage,0.05,0,0.05
1053377,RMA #51ID4I45,33033723,VIVCTORIA CALAFUT (M5S2X1VIC),7.92403E+11,2026-06-10,2026-06-10,3,0,Returns,3.41,0.17,3.58
1053377,RMA #51ID4I45,33033723,VIVCTORIA CALAFUT (M5S2X1VIC),7.92403E+11,2026-06-10,2026-06-10,3,0,Restock,0.75,0.04,0.79
1053377,RMA #51ID4I45,33033723,VIVCTORIA CALAFUT (M5S2X1VIC),7.92403E+11,2026-06-10,2026-06-10,0,0,Service Center Labor,2.36,0.12,2.48
1053377,RMA #51ID4I45,33033723,VIVCTORIA CALAFUT (M5S2X1VIC),7.92403E+11,2026-06-10,2026-06-10,3,0,Storage,0.15,0.01,0.16
1053382,RMA #V9AU6JI3,32971186,KEVIN JONES (L7P4T1KEV),7.92389E+11,2026-06-10,2026-06-10,1,0,Returns,2.07,0.1,2.17
1053382,RMA #V9AU6JI3,32971186,KEVIN JONES (L7P4T1KEV),7.92389E+11,2026-06-10,2026-06-10,0,0,Service Center Labor,1.42,0.07,1.49
1053382,RMA #V9AU6JI3,32971186,KEVIN JONES (L7P4T1KEV),7.92389E+11,2026-06-10,2026-06-10,1,0,Restock,0.25,0.01,0.26
1053382,RMA #V9AU6JI3,32971186,KEVIN JONES (L7P4T1KEV),7.92389E+11,2026-06-10,2026-06-10,1,0,Storage,0.05,0,0.05
1053389,RMA #SDURWQW2,32970478,ERIN NAGY (N6H3V6ERI),7.92389E+11,2026-06-10,2026-06-10,1,0,Returns,2.07,0.1,2.17
1053389,RMA #SDURWQW2,32970478,ERIN NAGY (N6H3V6ERI),7.92389E+11,2026-06-10,2026-06-10,0,0,Service Center Labor,1.42,0.07,1.49
1053389,RMA #SDURWQW2,32970478,ERIN NAGY (N6H3V6ERI),7.92389E+11,2026-06-10,2026-06-10,1,0,Restock,0.25,0.01,0.26
1053389,RMA #SDURWQW2,32970478,ERIN NAGY (N6H3V6ERI),7.92389E+11,2026-06-10,2026-06-10,1,0,Storage,0.05,0,0.05
1053391,RMA #5CTVY57Z,33054694,CURTIS FREEMAN (C1N4J9CUR),7.92408E+11,2026-06-10,2026-06-10,3,0,Returns,3.41,0.17,3.58
1053391,RMA #5CTVY57Z,33054694,CURTIS FREEMAN (C1N4J9CUR),7.92408E+11,2026-06-10,2026-06-10,0,0,Service Center Labor,2.36,0.12,2.48
1053391,RMA #5CTVY57Z,33054694,CURTIS FREEMAN (C1N4J9CUR),7.92408E+11,2026-06-10,2026-06-10,3,0,Restock,0.75,0.04,0.79
1053391,RMA #5CTVY57Z,33054694,CURTIS FREEMAN (C1N4J9CUR),7.92408E+11,2026-06-10,2026-06-10,3,0,Storage,0.15,0.01,0.16
1053396,RMA #NLPMFCVW,33043095,KARONLIN KONARSKI (M9W5K3KAR),7.92406E+11,2026-06-10,2026-06-10,2,0,Restock,0.5,0.03,0.53
1053396,RMA #NLPMFCVW,33043095,KARONLIN KONARSKI (M9W5K3KAR),7.92406E+11,2026-06-10,2026-06-10,2,0,Returns,2.74,0.14,2.88
1053396,RMA #NLPMFCVW,33043095,KARONLIN KONARSKI (M9W5K3KAR),7.92406E+11,2026-06-10,2026-06-10,0,0,Service Center Labor,1.42,0.07,1.49
1053396,RMA #NLPMFCVW,33043095,KARONLIN KONARSKI (M9W5K3KAR),7.92406E+11,2026-06-10,2026-06-10,2,0,Storage,0.1,0.01,0.11
1053406,RMA #SDA5AJ0H,32985391,JOSHUA HILDEBRAND (N1T1X2JOS),7.92391E+11,2026-06-10,2026-06-10,3,0,Restock,0.75,0.04,0.79
1053406,RMA #SDA5AJ0H,32985391,JOSHUA HILDEBRAND (N1T1X2JOS),7.92391E+11,2026-06-10,2026-06-10,3,0,Returns,3.41,0.17,3.58
1053406,RMA #SDA5AJ0H,32985391,JOSHUA HILDEBRAND (N1T1X2JOS),7.92391E+11,2026-06-10,2026-06-10,0,0,Service Center Labor,1.42,0.07,1.49
1053406,RMA #SDA5AJ0H,32985391,JOSHUA HILDEBRAND (N1T1X2JOS),7.92391E+11,2026-06-10,2026-06-10,3,0,Storage,0.15,0.01,0.16
1053423,RMA #LFFOH9Y8,33013453,LISA BENOIT (K2H1G4LIS),6.00664E+15,2026-06-10,2026-06-10,0,0,Service Center Labor,1.42,0.07,1.49
1053423,RMA #LFFOH9Y8,33013453,LISA BENOIT (K2H1G4LIS),6.00664E+15,2026-06-10,2026-06-10,1,0,Restock,0.25,0.01,0.26
1053423,RMA #LFFOH9Y8,33013453,LISA BENOIT (K2H1G4LIS),6.00664E+15,2026-06-10,2026-06-10,1,0,Returns,2.07,0.1,2.17
1053423,RMA #LFFOH9Y8,33013453,LISA BENOIT (K2H1G4LIS),6.00664E+15,2026-06-10,2026-06-10,1,0,Storage,0.05,0,0.05
1053425,RMA #EVGUND14,33020337,CARMEN BUDIWSKI (R2M5M7CAR),6.00664E+15,2026-06-10,2026-06-10,2,0,Restock,0.5,0.02,0.52
1053425,RMA #EVGUND14,33020337,CARMEN BUDIWSKI (R2M5M7CAR),6.00664E+15,2026-06-10,2026-06-10,2,0,Returns,2.74,0.13,2.87
1053425,RMA #EVGUND14,33020337,CARMEN BUDIWSKI (R2M5M7CAR),6.00664E+15,2026-06-10,2026-06-10,0,0,Service Center Labor,1.42,0.07,1.49
1053425,RMA #EVGUND14,33020337,CARMEN BUDIWSKI (R2M5M7CAR),6.00664E+15,2026-06-10,2026-06-10,2,0,Storage,0.1,0,0.1
1053433,RMA #FW2ODMLG,33023667,JULIE TREMBLAY (H2G2R2JUL),6.00664E+15,2026-06-10,2026-06-10,0,0,Service Center Labor,1.42,0.07,1.49
1053433,RMA #FW2ODMLG,33023667,JULIE TREMBLAY (H2G2R2JUL),6.00664E+15,2026-06-10,2026-06-10,1,0,Returns,2.07,0.1,2.17
1053433,RMA #FW2ODMLG,33023667,JULIE TREMBLAY (H2G2R2JUL),6.00664E+15,2026-06-10,2026-06-10,1,0,Restock,0.25,0.01,0.26
1053433,RMA #FW2ODMLG,33023667,JULIE TREMBLAY (H2G2R2JUL),6.00664E+15,2026-06-10,2026-06-10,1,0,Storage,0.05,0,0.05
1053434,RMA #HK7FX9W9,33064305,PATRICIA DIMOND (L7G3C1PAT),6.00664E+15,2026-06-10,2026-06-10,0,0,Service Center Labor,1.42,0.07,1.49
1053434,RMA #HK7FX9W9,33064305,PATRICIA DIMOND (L7G3C1PAT),6.00664E+15,2026-06-10,2026-06-10,1,0,Returns,2.07,0.1,2.17
1053434,RMA #HK7FX9W9,33064305,PATRICIA DIMOND (L7G3C1PAT),6.00664E+15,2026-06-10,2026-06-10,1,0,Restock,0.25,0.01,0.26
1053434,RMA #HK7FX9W9,33064305,PATRICIA DIMOND (L7G3C1PAT),6.00664E+15,2026-06-10,2026-06-10,1,0,Storage,0.05,0,0.05
1053435,RMA #BPEL19HJ,33029174,NATASJA PARLEE (V6A2E4NAT),6.00664E+15,2026-06-10,2026-06-10,1,0,Restock,0.25,0.01,0.26
1053435,RMA #BPEL19HJ,33029174,NATASJA PARLEE (V6A2E4NAT),6.00664E+15,2026-06-10,2026-06-10,1,0,Returns,2.07,0.1,2.17
1053435,RMA #BPEL19HJ,33029174,NATASJA PARLEE (V6A2E4NAT),6.00664E+15,2026-06-10,2026-06-10,0,0,Service Center Labor,1.42,0.07,1.49
1053435,RMA #BPEL19HJ,33029174,NATASJA PARLEE (V6A2E4NAT),6.00664E+15,2026-06-10,2026-06-10,1,0,Storage,0.05,0,0.05
1053437,RMA #CYH9OW1M,33029262,NATSJA PARLEE (V6A2E4NAT),6.00664E+15,2026-06-10,2026-06-10,1,0,Restock,0.25,0.01,0.26
1053437,RMA #CYH9OW1M,33029262,NATSJA PARLEE (V6A2E4NAT),6.00664E+15,2026-06-10,2026-06-10,0,0,Service Center Labor,1.42,0.07,1.49
1053437,RMA #CYH9OW1M,33029262,NATSJA PARLEE (V6A2E4NAT),6.00664E+15,2026-06-10,2026-06-10,1,0,Returns,2.07,0.1,2.17
1053437,RMA #CYH9OW1M,33029262,NATSJA PARLEE (V6A2E4NAT),6.00664E+15,2026-06-10,2026-06-10,1,0,Storage,0.05,0,0.05
1053439,RMA #XV76739R,32904944,GIANCARIO MARCELLI (L7L0A5GIA),6.00664E+15,2026-06-10,2026-06-10,0,0,Service Center Labor,2.36,0.12,2.48
1053439,RMA #XV76739R,32904944,GIANCARIO MARCELLI (L7L0A5GIA),6.00664E+15,2026-06-10,2026-06-10,4,0,Restock,1,0.05,1.05
1053439,RMA #XV76739R,32904944,GIANCARIO MARCELLI (L7L0A5GIA),6.00664E+15,2026-06-10,2026-06-10,4,0,Returns,4.08,0.2,4.28
1053439,RMA #XV76739R,32904944,GIANCARIO MARCELLI (L7L0A5GIA),6.00664E+15,2026-06-10,2026-06-10,4,0,Storage,0.2,0.01,0.21
1053442,RMA #F397TP0C,32949409,ISABELLA MARTINEZ (V5S0K2ISA),6.00664E+15,2026-06-10,2026-06-10,1,0,Restock,0.25,0.01,0.26
1053442,RMA #F397TP0C,32949409,ISABELLA MARTINEZ (V5S0K2ISA),6.00664E+15,2026-06-10,2026-06-10,0,0,Service Center Labor,1.42,0.07,1.49
1053442,RMA #F397TP0C,32949409,ISABELLA MARTINEZ (V5S0K2ISA),6.00664E+15,2026-06-10,2026-06-10,1,0,Returns,2.07,0.1,2.17
1053442,RMA #F397TP0C,32949409,ISABELLA MARTINEZ (V5S0K2ISA),6.00664E+15,2026-06-10,2026-06-10,1,0,Storage,0.05,0,0.05
1053444,RMA #1FQRUDZM,32977693,ASHLEY JASPERS-FAYER (L9W2G3ASH),6.00664E+15,2026-06-10,2026-06-10,0,0,Service Center Labor,1.42,0.07,1.49
1053444,RMA #1FQRUDZM,32977693,ASHLEY JASPERS-FAYER (L9W2G3ASH),6.00664E+15,2026-06-10,2026-06-10,1,0,Returns,2.07,0.1,2.17
1053444,RMA #1FQRUDZM,32977693,ASHLEY JASPERS-FAYER (L9W2G3ASH),6.00664E+15,2026-06-10,2026-06-10,1,0,Restock,0.25,0.01,0.26
1053444,RMA #1FQRUDZM,32977693,ASHLEY JASPERS-FAYER (L9W2G3ASH),6.00664E+15,2026-06-10,2026-06-10,1,0,Storage,0.05,0,0.05
1053448,RMA #WM8F08GA,33047922,AMBER WILKINS (V0R1K5AMB),6.00664E+15,2026-06-10,2026-06-10,2,0,Restock,0.5,0.03,0.53
1053448,RMA #WM8F08GA,33047922,AMBER WILKINS (V0R1K5AMB),6.00664E+15,2026-06-10,2026-06-10,2,0,Returns,2.74,0.14,2.88
1053448,RMA #WM8F08GA,33047922,AMBER WILKINS (V0R1K5AMB),6.00664E+15,2026-06-10,2026-06-10,0,0,Service Center Labor,1.42,0.07,1.49
1053448,RMA #WM8F08GA,33047922,AMBER WILKINS (V0R1K5AMB),6.00664E+15,2026-06-10,2026-06-10,2,0,Storage,0.1,0.01,0.11
1053450,RMA #TIXB7MBI,33021268,MARGUERITA BAKKER (V8R5L3MAR),6.00664E+15,2026-06-10,2026-06-10,1,0,Returns,2.07,0.1,2.17
1053450,RMA #TIXB7MBI,33021268,MARGUERITA BAKKER (V8R5L3MAR),6.00664E+15,2026-06-10,2026-06-10,1,0,Restock,0.25,0.01,0.26
1053450,RMA #TIXB7MBI,33021268,MARGUERITA BAKKER (V8R5L3MAR),6.00664E+15,2026-06-10,2026-06-10,0,0,Service Center Labor,1.42,0.07,1.49
1053450,RMA #TIXB7MBI,33021268,MARGUERITA BAKKER (V8R5L3MAR),6.00664E+15,2026-06-10,2026-06-10,1,0,Storage,0.05,0,0.05
1053581,RMA #RG96FCBH,33051626,NASEEBA MOOSA (S0K2A0NAS),7.92407E+11,2026-06-11,2026-06-11,1,0,Restock,0.25,0.01,0.26
1053581,RMA #RG96FCBH,33051626,NASEEBA MOOSA (S0K2A0NAS),7.92407E+11,2026-06-11,2026-06-11,1,0,Returns,2.07,0.1,2.17
1053581,RMA #RG96FCBH,33051626,NASEEBA MOOSA (S0K2A0NAS),7.92407E+11,2026-06-11,2026-06-11,0,0,Service Center Labor,1.42,0.07,1.49
1053581,RMA #RG96FCBH,33051626,NASEEBA MOOSA (S0K2A0NAS),7.92407E+11,2026-06-11,2026-06-11,1,0,Storage,0.05,0,0.05
1053582,RMA #GQIOKZKO,32965940,ANNA NAVROTA (M3J2S8ANN),7.92387E+11,2026-06-11,2026-06-11,2,0,Restock,0.5,0.03,0.53
1053582,RMA #GQIOKZKO,32965940,ANNA NAVROTA (M3J2S8ANN),7.92387E+11,2026-06-11,2026-06-11,2,0,Returns,2.74,0.14,2.88
1053582,RMA #GQIOKZKO,32965940,ANNA NAVROTA (M3J2S8ANN),7.92387E+11,2026-06-11,2026-06-11,0,0,Service Center Labor,2.36,0.12,2.48
1053582,RMA #GQIOKZKO,32965940,ANNA NAVROTA (M3J2S8ANN),7.92387E+11,2026-06-11,2026-06-11,2,0,Storage,0.1,0.01,0.11
1053584,RMA #DD76KWTH,32910261,ANGELA PRICE (M4L2C1ANG),7.92374E+11,2026-06-11,2026-06-11,0,0,Service Center Labor,2.36,0.12,2.48
1053584,RMA #DD76KWTH,32910261,ANGELA PRICE (M4L2C1ANG),7.92374E+11,2026-06-11,2026-06-11,2,0,Restock,0.5,0.03,0.53
1053584,RMA #DD76KWTH,32910261,ANGELA PRICE (M4L2C1ANG),7.92374E+11,2026-06-11,2026-06-11,2,0,Returns,2.74,0.14,2.88
1053584,RMA #DD76KWTH,32910261,ANGELA PRICE (M4L2C1ANG),7.92374E+11,2026-06-11,2026-06-11,2,0,Storage,0.1,0.01,0.11
1053588,RMA #AVYNSD3X,33049018,CLAUDIA RANCOURT (G0M1Y0CLA),7.92407E+11,2026-06-11,2026-06-11,1,0,Returns,2.07,0.1,2.17
1053588,RMA #AVYNSD3X,33049018,CLAUDIA RANCOURT (G0M1Y0CLA),7.92407E+11,2026-06-11,2026-06-11,1,0,Restock,0.25,0.01,0.26
1053588,RMA #AVYNSD3X,33049018,CLAUDIA RANCOURT (G0M1Y0CLA),7.92407E+11,2026-06-11,2026-06-11,0,0,Service Center Labor,1.42,0.07,1.49
1053588,RMA #AVYNSD3X,33049018,CLAUDIA RANCOURT (G0M1Y0CLA),7.92407E+11,2026-06-11,2026-06-11,1,0,Storage,0.05,0,0.05
1053591,RMA #H07B47DE,33038104,STEPHANIE CHAMPAGNE (J7P5P5STÉ),7.92405E+11,2026-06-11,2026-06-11,0,0,Service Center Labor,1.42,0.07,1.49
1053591,RMA #H07B47DE,33038104,STEPHANIE CHAMPAGNE (J7P5P5STÉ),7.92405E+11,2026-06-11,2026-06-11,1,0,Returns,2.07,0.1,2.17
1053591,RMA #H07B47DE,33038104,STEPHANIE CHAMPAGNE (J7P5P5STÉ),7.92405E+11,2026-06-11,2026-06-11,1,0,Restock,0.25,0.01,0.26
1053591,RMA #H07B47DE,33038104,STEPHANIE CHAMPAGNE (J7P5P5STÉ),7.92405E+11,2026-06-11,2026-06-11,1,0,Storage,0.05,0,0.05
1053598,RMA #8ISAQFIQ,33037163,ROB MILLING5TON (L3J0R7ROB),6.00664E+15,2026-06-11,2026-06-11,2,0,Returns,2.74,0.14,2.88
1053598,RMA #8ISAQFIQ,33037163,ROB MILLING5TON (L3J0R7ROB),6.00664E+15,2026-06-11,2026-06-11,2,0,Restock,0.5,0.03,0.53
1053598,RMA #8ISAQFIQ,33037163,ROB MILLING5TON (L3J0R7ROB),6.00664E+15,2026-06-11,2026-06-11,0,0,Service Center Labor,2.36,0.12,2.48
1053598,RMA #8ISAQFIQ,33037163,ROB MILLING5TON (L3J0R7ROB),6.00664E+15,2026-06-11,2026-06-11,2,0,Storage,0.1,0.01,0.11
1053623,RMA #BNNVL63Z,33047210,JO ROCKWELL (N4G4G8JO),7.92407E+11,2026-06-11,2026-06-11,1,0,Returns,2.07,0.1,2.17
1053623,RMA #BNNVL63Z,33047210,JO ROCKWELL (N4G4G8JO),7.92407E+11,2026-06-11,2026-06-11,1,0,Restock,0.25,0.01,0.26
1053623,RMA #BNNVL63Z,33047210,JO ROCKWELL (N4G4G8JO),7.92407E+11,2026-06-11,2026-06-11,0,0,Service Center Labor,1.42,0.07,1.49
1053623,RMA #BNNVL63Z,33047210,JO ROCKWELL (N4G4G8JO),7.92407E+11,2026-06-11,2026-06-11,1,0,Storage,0.05,0,0.05
1053636,RMA #33S4JOQO,32999369,BRYAN POMEROY (L3C1P8BRY),7.92392E+11,2026-06-11,2026-06-11,1,0,Returns,2.07,0.1,2.17
1053636,RMA #33S4JOQO,32999369,BRYAN POMEROY (L3C1P8BRY),7.92392E+11,2026-06-11,2026-06-11,1,0,Restock,0.25,0.01,0.26
1053636,RMA #33S4JOQO,32999369,BRYAN POMEROY (L3C1P8BRY),7.92392E+11,2026-06-11,2026-06-11,0,0,Service Center Labor,1.42,0.07,1.49
1053636,RMA #33S4JOQO,32999369,BRYAN POMEROY (L3C1P8BRY),7.92392E+11,2026-06-11,2026-06-11,1,0,Storage,0.05,0,0.05
1053641,RMA #TO7Z5NYM,33002932,CHELSEA BELLMORE (K2C2C4CHE),7.92392E+11,2026-06-11,2026-06-11,1,0,Returns,2.07,0.1,2.17
1053641,RMA #TO7Z5NYM,33002932,CHELSEA BELLMORE (K2C2C4CHE),7.92392E+11,2026-06-11,2026-06-11,0,0,Service Center Labor,1.42,0.07,1.49
1053641,RMA #TO7Z5NYM,33002932,CHELSEA BELLMORE (K2C2C4CHE),7.92392E+11,2026-06-11,2026-06-11,1,0,Restock,0.25,0.01,0.26
1053641,RMA #TO7Z5NYM,33002932,CHELSEA BELLMORE (K2C2C4CHE),7.92392E+11,2026-06-11,2026-06-11,1,0,Storage,0.05,0,0.05
1053643,RMA #RKBSGDRQ,33037665,KARINE FORTIM (K8A6W7KAR),7.92404E+11,2026-06-11,2026-06-11,1,0,Restock,0.25,0.01,0.26
1053643,RMA #RKBSGDRQ,33037665,KARINE FORTIM (K8A6W7KAR),7.92404E+11,2026-06-11,2026-06-11,0,0,Service Center Labor,1.42,0.07,1.49
1053643,RMA #RKBSGDRQ,33037665,KARINE FORTIM (K8A6W7KAR),7.92404E+11,2026-06-11,2026-06-11,1,0,Returns,2.07,0.1,2.17
1053643,RMA #RKBSGDRQ,33037665,KARINE FORTIM (K8A6W7KAR),7.92404E+11,2026-06-11,2026-06-11,1,0,Storage,0.05,0,0.05
1053658,RMA90921,32959461,WALL STREET CLOTHING (V9L1V8WAL),6.00664E+15,2026-06-11,2026-06-11,7,0,Restock,1.75,0.09,1.84
1053658,RMA90921,32959461,WALL STREET CLOTHING (V9L1V8WAL),6.00664E+15,2026-06-11,2026-06-11,0,0,Service Center Labor,3.78,0.19,3.97
1053658,RMA90921,32959461,WALL STREET CLOTHING (V9L1V8WAL),6.00664E+15,2026-06-11,2026-06-11,7,0,Returns,6.09,0.3,6.39
1053658,RMA90921,32959461,WALL STREET CLOTHING (V9L1V8WAL),6.00664E+15,2026-06-11,2026-06-11,7,0,Storage,0.35,0.02,0.37
1053666,RMA #WNP736GE,33066027,TALAYNA ZACHARIAS (T1J5B1TAL),6.00664E+15,2026-06-11,2026-06-11,5,0,Restock,1.25,0.06,1.31
1053666,RMA #WNP736GE,33066027,TALAYNA ZACHARIAS (T1J5B1TAL),6.00664E+15,2026-06-11,2026-06-11,5,0,Returns,4.75,0.24,4.99
1053666,RMA #WNP736GE,33066027,TALAYNA ZACHARIAS (T1J5B1TAL),6.00664E+15,2026-06-11,2026-06-11,0,0,Service Center Labor,1.42,0.07,1.49
1053666,RMA #WNP736GE,33066027,TALAYNA ZACHARIAS (T1J5B1TAL),6.00664E+15,2026-06-11,2026-06-11,5,0,Storage,0.25,0.01,0.26
1053674,RMA #OFG43413,33066563,STEPH OSTLUNE (T3N0G5STE),6.00664E+15,2026-06-11,2026-06-11,1,0,Restock,0.25,0.01,0.26
1053674,RMA #OFG43413,33066563,STEPH OSTLUNE (T3N0G5STE),6.00664E+15,2026-06-11,2026-06-11,0,0,Service Center Labor,1.42,0.07,1.49
1053674,RMA #OFG43413,33066563,STEPH OSTLUNE (T3N0G5STE),6.00664E+15,2026-06-11,2026-06-11,1,0,Returns,2.07,0.1,2.17
1053674,RMA #OFG43413,33066563,STEPH OSTLUNE (T3N0G5STE),6.00664E+15,2026-06-11,2026-06-11,1,0,Storage,0.05,0,0.05
1053678,RMA #WY5922VK,33066662,STEPH OSTLUND (T3N0G5STE),6.00664E+15,2026-06-11,2026-06-11,2,0,Restock,0.5,0.03,0.53
1053678,RMA #WY5922VK,33066662,STEPH OSTLUND (T3N0G5STE),6.00664E+15,2026-06-11,2026-06-11,0,0,Service Center Labor,2.36,0.12,2.48
1053678,RMA #WY5922VK,33066662,STEPH OSTLUND (T3N0G5STE),6.00664E+15,2026-06-11,2026-06-11,2,0,Returns,2.74,0.14,2.88
1053678,RMA #WY5922VK,33066662,STEPH OSTLUND (T3N0G5STE),6.00664E+15,2026-06-11,2026-06-11,2,0,Storage,0.1,0.01,0.11
1053680,RMA #S8BUJ4SB,33062648,JANICE PETRICH (T8N6K6JAN),6.00664E+15,2026-06-11,2026-06-11,1,0,Returns,2.07,0.1,2.17
1053680,RMA #S8BUJ4SB,33062648,JANICE PETRICH (T8N6K6JAN),6.00664E+15,2026-06-11,2026-06-11,1,0,Restock,0.25,0.01,0.26
1053680,RMA #S8BUJ4SB,33062648,JANICE PETRICH (T8N6K6JAN),6.00664E+15,2026-06-11,2026-06-11,0,0,Service Center Labor,1.42,0.07,1.49
1053680,RMA #S8BUJ4SB,33062648,JANICE PETRICH (T8N6K6JAN),6.00664E+15,2026-06-11,2026-06-11,1,0,Storage,0.05,0,0.05
1053777,RMA #YSSVWULJ,33029872,CORRINE ARCHAMBAULT (H1W2P3COR),6.00664E+15,2026-06-11,2026-06-11,1,0,Restock,0.25,0.01,0.26
1053777,RMA #YSSVWULJ,33029872,CORRINE ARCHAMBAULT (H1W2P3COR),6.00664E+15,2026-06-11,2026-06-11,0,0,Service Center Labor,1.42,0.07,1.49
1053777,RMA #YSSVWULJ,33029872,CORRINE ARCHAMBAULT (H1W2P3COR),6.00664E+15,2026-06-11,2026-06-11,1,0,Returns,2.07,0.1,2.17
1053777,RMA #YSSVWULJ,33029872,CORRINE ARCHAMBAULT (H1W2P3COR),6.00664E+15,2026-06-11,2026-06-11,1,0,Storage,0.05,0,0.05
1053778,RMA #TCF8Q1KO,32964222,JESSICA CARLIN (V8B0Y8JES),6.00664E+15,2026-06-11,2026-06-11,3,0,Returns,3.41,0.17,3.58
1053778,RMA #TCF8Q1KO,32964222,JESSICA CARLIN (V8B0Y8JES),6.00664E+15,2026-06-11,2026-06-11,3,0,Restock,0.75,0.04,0.79
1053778,RMA #TCF8Q1KO,32964222,JESSICA CARLIN (V8B0Y8JES),6.00664E+15,2026-06-11,2026-06-11,0,0,Service Center Labor,2.36,0.12,2.48
1053778,RMA #TCF8Q1KO,32964222,JESSICA CARLIN (V8B0Y8JES),6.00664E+15,2026-06-11,2026-06-11,3,0,Storage,0.15,0.01,0.16
1053779,RMA #GSA5SSMW,33043396,TANYA KYI (V6R1W4TAN),6.00664E+15,2026-06-11,2026-06-11,1,0,Restock,0.25,0.01,0.26
1053779,RMA #GSA5SSMW,33043396,TANYA KYI (V6R1W4TAN),6.00664E+15,2026-06-11,2026-06-11,0,0,Service Center Labor,1.42,0.07,1.49
1053779,RMA #GSA5SSMW,33043396,TANYA KYI (V6R1W4TAN),6.00664E+15,2026-06-11,2026-06-11,1,0,Returns,2.07,0.1,2.17
1053779,RMA #GSA5SSMW,33043396,TANYA KYI (V6R1W4TAN),6.00664E+15,2026-06-11,2026-06-11,1,0,Storage,0.05,0,0.05
1053781,RMA #Y98NR0G4,33029578,AMY WILSON (N0B1M0AMY),6.00664E+15,2026-06-11,2026-06-11,3,0,Restock,0.75,0.04,0.79
1053781,RMA #Y98NR0G4,33029578,AMY WILSON (N0B1M0AMY),6.00664E+15,2026-06-11,2026-06-11,3,0,Returns,3.41,0.17,3.58
1053781,RMA #Y98NR0G4,33029578,AMY WILSON (N0B1M0AMY),6.00664E+15,2026-06-11,2026-06-11,0,0,Service Center Labor,2.36,0.12,2.48
1053781,RMA #Y98NR0G4,33029578,AMY WILSON (N0B1M0AMY),6.00664E+15,2026-06-11,2026-06-11,3,0,Storage,0.15,0.01,0.16
1053783,RMA #RG0TINUK,33021079,MARYLUC HARNOIS (G8W1Y5PIE),6.00664E+15,2026-06-11,2026-06-11,1,0,Restock,0.25,0.01,0.26
1053783,RMA #RG0TINUK,33021079,MARYLUC HARNOIS (G8W1Y5PIE),6.00664E+15,2026-06-11,2026-06-11,0,0,Service Center Labor,1.42,0.07,1.49
1053783,RMA #RG0TINUK,33021079,MARYLUC HARNOIS (G8W1Y5PIE),6.00664E+15,2026-06-11,2026-06-11,1,0,Returns,2.07,0.1,2.17
1053783,RMA #RG0TINUK,33021079,MARYLUC HARNOIS (G8W1Y5PIE),6.00664E+15,2026-06-11,2026-06-11,1,0,Storage,0.05,0,0.05
1053785,RMA #L43G9PRX,32970481,LANIE SULLIVAN (V9Y3V7LAN),6.00664E+15,2026-06-11,2026-06-11,1,0,Returns,2.07,0.1,2.17
1053785,RMA #L43G9PRX,32970481,LANIE SULLIVAN (V9Y3V7LAN),6.00664E+15,2026-06-11,2026-06-11,1,0,Restock,0.25,0.01,0.26
1053785,RMA #L43G9PRX,32970481,LANIE SULLIVAN (V9Y3V7LAN),6.00664E+15,2026-06-11,2026-06-11,0,0,Service Center Labor,1.42,0.07,1.49
1053785,RMA #L43G9PRX,32970481,LANIE SULLIVAN (V9Y3V7LAN),6.00664E+15,2026-06-11,2026-06-11,1,0,Storage,0.05,0,0.05
1053786,RMA #SBDPCWLO,33051633,JOANNA ARNOLDUSSEN (T0L0Z0JOA),6.00664E+15,2026-06-11,2026-06-11,1,0,Restock,0.25,0.01,0.26
1053786,RMA #SBDPCWLO,33051633,JOANNA ARNOLDUSSEN (T0L0Z0JOA),6.00664E+15,2026-06-11,2026-06-11,0,0,Service Center Labor,1.42,0.07,1.49
1053786,RMA #SBDPCWLO,33051633,JOANNA ARNOLDUSSEN (T0L0Z0JOA),6.00664E+15,2026-06-11,2026-06-11,1,0,Returns,2.07,0.1,2.17
1053786,RMA #SBDPCWLO,33051633,JOANNA ARNOLDUSSEN (T0L0Z0JOA),6.00664E+15,2026-06-11,2026-06-11,1,0,Storage,0.05,0,0.05
1053787,RMA #J6ZYE1DL,33064095,CAROL CLARKE (V9N9X7CAR),6.00664E+15,2026-06-11,2026-06-11,2,0,Returns,2.74,0.14,2.88
1053787,RMA #J6ZYE1DL,33064095,CAROL CLARKE (V9N9X7CAR),6.00664E+15,2026-06-11,2026-06-11,0,0,Service Center Labor,2.36,0.12,2.48
1053787,RMA #J6ZYE1DL,33064095,CAROL CLARKE (V9N9X7CAR),6.00664E+15,2026-06-11,2026-06-11,2,0,Restock,0.5,0.03,0.53
1053787,RMA #J6ZYE1DL,33064095,CAROL CLARKE (V9N9X7CAR),6.00664E+15,2026-06-11,2026-06-11,2,0,Shop Supplies,0.32,0.02,0.34
1053787,RMA #J6ZYE1DL,33064095,CAROL CLARKE (V9N9X7CAR),6.00664E+15,2026-06-11,2026-06-11,2,0,Storage,0.1,0.01,0.11
1053790,RMA #HUO7A66U,33012642,MARIE-MICHELLE OUELLETTE (J0A1A0MAR),6.00664E+15,2026-06-11,2026-06-11,1,0,Returns,2.07,0.1,2.17
1053790,RMA #HUO7A66U,33012642,MARIE-MICHELLE OUELLETTE (J0A1A0MAR),6.00664E+15,2026-06-11,2026-06-11,0,0,Service Center Labor,1.42,0.07,1.49
1053790,RMA #HUO7A66U,33012642,MARIE-MICHELLE OUELLETTE (J0A1A0MAR),6.00664E+15,2026-06-11,2026-06-11,1,0,Restock,0.25,0.01,0.26
1053790,RMA #HUO7A66U,33012642,MARIE-MICHELLE OUELLETTE (J0A1A0MAR),6.00664E+15,2026-06-11,2026-06-11,1,0,Storage,0.05,0,0.05
1053792,RMA #1XP9M91J,33056079,MORGAN GLOVER (T6R3A2MOR),6.00664E+15,2026-06-11,2026-06-11,1,0,Restock,0.25,0.01,0.26
1053792,RMA #1XP9M91J,33056079,MORGAN GLOVER (T6R3A2MOR),6.00664E+15,2026-06-11,2026-06-11,1,0,Returns,2.07,0.1,2.17
1053792,RMA #1XP9M91J,33056079,MORGAN GLOVER (T6R3A2MOR),6.00664E+15,2026-06-11,2026-06-11,0,0,Service Center Labor,1.42,0.07,1.49
1053792,RMA #1XP9M91J,33056079,MORGAN GLOVER (T6R3A2MOR),6.00664E+15,2026-06-11,2026-06-11,1,0,Storage,0.05,0,0.05
1054195,RMA #65WS5WTV,33098782,KATE HEWITT (S4T6W2KAT),6.00664E+15,2026-06-12,2026-06-12,2,0,Returns,2.74,0.14,2.88
1054195,RMA #65WS5WTV,33098782,KATE HEWITT (S4T6W2KAT),6.00664E+15,2026-06-12,2026-06-12,0,0,Service Center Labor,2.36,0.12,2.48
1054195,RMA #65WS5WTV,33098782,KATE HEWITT (S4T6W2KAT),6.00664E+15,2026-06-12,2026-06-12,2,0,Restock,0.5,0.03,0.53
1054195,RMA #65WS5WTV,33098782,KATE HEWITT (S4T6W2KAT),6.00664E+15,2026-06-12,2026-06-12,2,0,Storage,0.1,0.01,0.11
1054204,RMA #SQH6B4L1,33135550,MELISSA BLACKWELL (V6Z3B8MEL),6.00664E+15,2026-06-12,2026-06-12,1,0,Returns,2.07,0.1,2.17
1054204,RMA #SQH6B4L1,33135550,MELISSA BLACKWELL (V6Z3B8MEL),6.00664E+15,2026-06-12,2026-06-12,0,0,Service Center Labor,1.42,0.07,1.49
1054204,RMA #SQH6B4L1,33135550,MELISSA BLACKWELL (V6Z3B8MEL),6.00664E+15,2026-06-12,2026-06-12,1,0,Restock,0.25,0.01,0.26
1054204,RMA #SQH6B4L1,33135550,MELISSA BLACKWELL (V6Z3B8MEL),6.00664E+15,2026-06-12,2026-06-12,1,0,Storage,0.05,0,0.05
1054207,RMA #OSFINQWX,33069479,NATHAN MCDEREMOTT (T4A1K2TAR),6.00664E+15,2026-06-12,2026-06-12,4,0,Restock,1,0.05,1.05
1054207,RMA #OSFINQWX,33069479,NATHAN MCDEREMOTT (T4A1K2TAR),6.00664E+15,2026-06-12,2026-06-12,4,0,Returns,4.08,0.2,4.28
1054207,RMA #OSFINQWX,33069479,NATHAN MCDEREMOTT (T4A1K2TAR),6.00664E+15,2026-06-12,2026-06-12,0,0,Service Center Labor,3.78,0.19,3.97
1054207,RMA #OSFINQWX,33069479,NATHAN MCDEREMOTT (T4A1K2TAR),6.00664E+15,2026-06-12,2026-06-12,4,0,Storage,0.2,0.01,0.21
1054211,RMA #SZPJ68Z0,33054972,CANDACE SCHEUER (T8H1P5CAN),6.00664E+15,2026-06-12,2026-06-12,1,0,Restock,0.25,0.01,0.26
1054211,RMA #SZPJ68Z0,33054972,CANDACE SCHEUER (T8H1P5CAN),6.00664E+15,2026-06-12,2026-06-12,1,0,Returns,2.07,0.1,2.17
1054211,RMA #SZPJ68Z0,33054972,CANDACE SCHEUER (T8H1P5CAN),6.00664E+15,2026-06-12,2026-06-12,0,0,Service Center Labor,1.42,0.07,1.49
1054211,RMA #SZPJ68Z0,33054972,CANDACE SCHEUER (T8H1P5CAN),6.00664E+15,2026-06-12,2026-06-12,1,0,Storage,0.05,0,0.05
1054212,RMA #OAHSU2OA,33063299,SHARON MOSIUK (R7B3H9SHA),7.9241E+11,2026-06-12,2026-06-12,0,0,Service Center Labor,2.36,0.12,2.48
1054212,RMA #OAHSU2OA,33063299,SHARON MOSIUK (R7B3H9SHA),7.9241E+11,2026-06-12,2026-06-12,2,0,Restock,0.5,0.03,0.53
1054212,RMA #OAHSU2OA,33063299,SHARON MOSIUK (R7B3H9SHA),7.9241E+11,2026-06-12,2026-06-12,2,0,Returns,2.74,0.14,2.88
1054212,RMA #OAHSU2OA,33063299,SHARON MOSIUK (R7B3H9SHA),7.9241E+11,2026-06-12,2026-06-12,2,0,Storage,0.1,0.01,0.11
1054223,RMA #QKCG6WZ9,33014248,LINDSAY VANSIKLE (N3T5L9LIN),7.92396E+11,2026-06-12,2026-06-12,2,0,Restock,0.5,0.03,0.53
1054223,RMA #QKCG6WZ9,33014248,LINDSAY VANSIKLE (N3T5L9LIN),7.92396E+11,2026-06-12,2026-06-12,0,0,Service Center Labor,2.36,0.12,2.48
1054223,RMA #QKCG6WZ9,33014248,LINDSAY VANSIKLE (N3T5L9LIN),7.92396E+11,2026-06-12,2026-06-12,2,0,Returns,2.74,0.14,2.88
1054223,RMA #QKCG6WZ9,33014248,LINDSAY VANSIKLE (N3T5L9LIN),7.92396E+11,2026-06-12,2026-06-12,2,0,Storage,0.1,0.01,0.11
1054225,RMA #BDQ89ZT9,33057489,COLLEEN FAN (S9A3Z3COL),6.00664E+15,2026-06-12,2026-06-12,1,0,Restock,0.25,0.01,0.26
1054225,RMA #BDQ89ZT9,33057489,COLLEEN FAN (S9A3Z3COL),6.00664E+15,2026-06-12,2026-06-12,1,0,Returns,2.07,0.1,2.17
1054225,RMA #BDQ89ZT9,33057489,COLLEEN FAN (S9A3Z3COL),6.00664E+15,2026-06-12,2026-06-12,0,0,Service Center Labor,1.42,0.07,1.49
1054225,RMA #BDQ89ZT9,33057489,COLLEEN FAN (S9A3Z3COL),6.00664E+15,2026-06-12,2026-06-12,1,0,Storage,0.05,0,0.05
1054227,RMA #ZWIF7KO9,33014648,AIMEE YAMAZAKI (V6H2V9AIM),6.00664E+15,2026-06-12,2026-06-12,2,0,Restock,0.5,0.03,0.53
1054227,RMA #ZWIF7KO9,33014648,AIMEE YAMAZAKI (V6H2V9AIM),6.00664E+15,2026-06-12,2026-06-12,2,0,Returns,2.74,0.14,2.88
1054227,RMA #ZWIF7KO9,33014648,AIMEE YAMAZAKI (V6H2V9AIM),6.00664E+15,2026-06-12,2026-06-12,0,0,Service Center Labor,2.36,0.12,2.48
1054227,RMA #ZWIF7KO9,33014648,AIMEE YAMAZAKI (V6H2V9AIM),6.00664E+15,2026-06-12,2026-06-12,2,0,Storage,0.1,0.01,0.11
1054228,RMA #MRWSFL1O,33032863,KARLEEN MCDOWELL (P0P1M0KAR),6.00664E+15,2026-06-12,2026-06-12,0,0,Service Center Labor,1.42,0.07,1.49
1054228,RMA #MRWSFL1O,33032863,KARLEEN MCDOWELL (P0P1M0KAR),6.00664E+15,2026-06-12,2026-06-12,1,0,Restock,0.25,0.01,0.26
1054228,RMA #MRWSFL1O,33032863,KARLEEN MCDOWELL (P0P1M0KAR),6.00664E+15,2026-06-12,2026-06-12,1,0,Returns,2.07,0.1,2.17
1054228,RMA #MRWSFL1O,33032863,KARLEEN MCDOWELL (P0P1M0KAR),6.00664E+15,2026-06-12,2026-06-12,1,0,Storage,0.05,0,0.05
1054247,RMA #HNY2HCQ4,33069480,HAMZA HASAN (V5H3S6HAM),7.92412E+11,2026-06-12,2026-06-12,1,0,Restock,0.25,0.01,0.26
1054247,RMA #HNY2HCQ4,33069480,HAMZA HASAN (V5H3S6HAM),7.92412E+11,2026-06-12,2026-06-12,1,0,Returns,2.07,0.1,2.17
1054247,RMA #HNY2HCQ4,33069480,HAMZA HASAN (V5H3S6HAM),7.92412E+11,2026-06-12,2026-06-12,0,0,Service Center Labor,1.42,0.07,1.49
1054247,RMA #HNY2HCQ4,33069480,HAMZA HASAN (V5H3S6HAM),7.92412E+11,2026-06-12,2026-06-12,1,0,Storage,0.05,0,0.05
1054254,RMA #UMHLVTVP,32785065,KRISTINA BURT (T2C5V3KRI),6.00664E+15,2026-06-12,2026-06-12,6,0,Restock,1.5,0.08,1.58
1054254,RMA #UMHLVTVP,32785065,KRISTINA BURT (T2C5V3KRI),6.00664E+15,2026-06-12,2026-06-12,6,0,Returns,5.42,0.27,5.69
1054254,RMA #UMHLVTVP,32785065,KRISTINA BURT (T2C5V3KRI),6.00664E+15,2026-06-12,2026-06-12,0,0,Service Center Labor,3.78,0.19,3.97
1054254,RMA #UMHLVTVP,32785065,KRISTINA BURT (T2C5V3KRI),6.00664E+15,2026-06-12,2026-06-12,6,0,Storage,0.3,0.02,0.32
1054258,RMA #ZQ3Z1D75,33035323,AMY AZAROFF (V6A2C5AMY),6.00664E+15,2026-06-12,2026-06-12,0,0,Service Center Labor,2.36,0.12,2.48
1054258,RMA #ZQ3Z1D75,33035323,AMY AZAROFF (V6A2C5AMY),6.00664E+15,2026-06-12,2026-06-12,2,0,Restock,0.5,0.03,0.53
1054258,RMA #ZQ3Z1D75,33035323,AMY AZAROFF (V6A2C5AMY),6.00664E+15,2026-06-12,2026-06-12,2,0,Returns,2.74,0.14,2.88
1054258,RMA #ZQ3Z1D75,33035323,AMY AZAROFF (V6A2C5AMY),6.00664E+15,2026-06-12,2026-06-12,2,0,Storage,0.1,0.01,0.11
1054259,RMA #FVQFIAG0,33048124,LENA FREEMAN (V3H0A5LEN),6.00664E+15,2026-06-12,2026-06-12,5,0,Returns,4.75,0.24,4.99
1054259,RMA #FVQFIAG0,33048124,LENA FREEMAN (V3H0A5LEN),6.00664E+15,2026-06-12,2026-06-12,5,0,Restock,1.25,0.06,1.31
1054259,RMA #FVQFIAG0,33048124,LENA FREEMAN (V3H0A5LEN),6.00664E+15,2026-06-12,2026-06-12,0,0,Service Center Labor,3.78,0.19,3.97
1054259,RMA #FVQFIAG0,33048124,LENA FREEMAN (V3H0A5LEN),6.00664E+15,2026-06-12,2026-06-12,5,0,Storage,0.25,0.01,0.26
1054339,RMA #0VXT8NFH,33064306,SANDRA MCAULEY (N5A6C1SAN),6.00664E+15,2026-06-15,2026-06-15,0,0,Service Center Labor,2.36,0.12,2.48
1054339,RMA #0VXT8NFH,33064306,SANDRA MCAULEY (N5A6C1SAN),6.00664E+15,2026-06-15,2026-06-15,2,0,Returns,2.74,0.14,2.88
1054339,RMA #0VXT8NFH,33064306,SANDRA MCAULEY (N5A6C1SAN),6.00664E+15,2026-06-15,2026-06-15,2,0,Restock,0.5,0.03,0.53
1054339,RMA #0VXT8NFH,33064306,SANDRA MCAULEY (N5A6C1SAN),6.00664E+15,2026-06-15,2026-06-15,2,0,Storage,0.1,0.01,0.11
1054342,RMA #1Q3LHGDM,33040231,MELISSA BLACKWELL (V6Z3B8MEL),7.92405E+11,2026-06-15,2026-06-15,1,0,Restock,0.25,0.01,0.26
1054342,RMA #1Q3LHGDM,33040231,MELISSA BLACKWELL (V6Z3B8MEL),7.92405E+11,2026-06-15,2026-06-15,0,0,Service Center Labor,1.42,0.07,1.49
1054342,RMA #1Q3LHGDM,33040231,MELISSA BLACKWELL (V6Z3B8MEL),7.92405E+11,2026-06-15,2026-06-15,1,0,Returns,2.07,0.1,2.17
1054342,RMA #1Q3LHGDM,33040231,MELISSA BLACKWELL (V6Z3B8MEL),7.92405E+11,2026-06-15,2026-06-15,1,0,Storage,0.05,0,0.05
1054357,RMA #9ZVLQ6U7,33032766,SOPHIE L HOMME (V0R2Z0SOP),6.00664E+15,2026-06-15,2026-06-15,0,0,Service Center Labor,3.78,0.19,3.97
1054357,RMA #9ZVLQ6U7,33032766,SOPHIE L HOMME (V0R2Z0SOP),6.00664E+15,2026-06-15,2026-06-15,3,0,Returns,3.41,0.17,3.58
1054357,RMA #9ZVLQ6U7,33032766,SOPHIE L HOMME (V0R2Z0SOP),6.00664E+15,2026-06-15,2026-06-15,3,0,Restock,0.75,0.04,0.79
1054357,RMA #9ZVLQ6U7,33032766,SOPHIE L HOMME (V0R2Z0SOP),6.00664E+15,2026-06-15,2026-06-15,3,0,Storage,0.15,0.01,0.16
1054363,RMA #R1KL2GKD,33067063,SHANNON BASISTY (T4H1K3SHA),7.92412E+11,2026-06-15,2026-06-15,1,0,Returns,2.07,0.1,2.17
1054363,RMA #R1KL2GKD,33067063,SHANNON BASISTY (T4H1K3SHA),7.92412E+11,2026-06-15,2026-06-15,1,0,Restock,0.25,0.01,0.26
1054363,RMA #R1KL2GKD,33067063,SHANNON BASISTY (T4H1K3SHA),7.92412E+11,2026-06-15,2026-06-15,0,0,Service Center Labor,1.42,0.07,1.49
1054363,RMA #R1KL2GKD,33067063,SHANNON BASISTY (T4H1K3SHA),7.92412E+11,2026-06-15,2026-06-15,1,0,Storage,0.05,0,0.05
1054366,RMA #JPK9XOEB,33056793,AIMEE COUTU (R7B3B4AIM),6.00664E+15,2026-06-15,2026-06-15,0,0,Service Center Labor,2.36,0.12,2.48
1054366,RMA #JPK9XOEB,33056793,AIMEE COUTU (R7B3B4AIM),6.00664E+15,2026-06-15,2026-06-15,2,0,Returns,2.74,0.14,2.88
1054366,RMA #JPK9XOEB,33056793,AIMEE COUTU (R7B3B4AIM),6.00664E+15,2026-06-15,2026-06-15,2,0,Restock,0.5,0.03,0.53
1054366,RMA #JPK9XOEB,33056793,AIMEE COUTU (R7B3B4AIM),6.00664E+15,2026-06-15,2026-06-15,2,0,Storage,0.1,0.01,0.11
1054368,RMA #F3XO8MW2,33037792,MORIANA KACHMARSKY (K1R5M2MOR),6.00664E+15,2026-06-15,2026-06-15,1,0,Returns,2.07,0.1,2.17
1054368,RMA #F3XO8MW2,33037792,MORIANA KACHMARSKY (K1R5M2MOR),6.00664E+15,2026-06-15,2026-06-15,1,0,Restock,0.25,0.01,0.26
1054368,RMA #F3XO8MW2,33037792,MORIANA KACHMARSKY (K1R5M2MOR),6.00664E+15,2026-06-15,2026-06-15,0,0,Service Center Labor,1.42,0.07,1.49
1054368,RMA #F3XO8MW2,33037792,MORIANA KACHMARSKY (K1R5M2MOR),6.00664E+15,2026-06-15,2026-06-15,1,0,Storage,0.05,0,0.05
1054373,RMA #84G5UTSG,33087015,LORNA ALSIP (V2Z1Y6LOR),7.92419E+11,2026-06-15,2026-06-15,0,0,Service Center Labor,1.42,0.07,1.49
1054373,RMA #84G5UTSG,33087015,LORNA ALSIP (V2Z1Y6LOR),7.92419E+11,2026-06-15,2026-06-15,1,0,Restock,0.25,0.01,0.26
1054373,RMA #84G5UTSG,33087015,LORNA ALSIP (V2Z1Y6LOR),7.92419E+11,2026-06-15,2026-06-15,1,0,Returns,2.07,0.1,2.17
1054373,RMA #84G5UTSG,33087015,LORNA ALSIP (V2Z1Y6LOR),7.92419E+11,2026-06-15,2026-06-15,1,0,Storage,0.05,0,0.05
1054379,RMA #L54Q2N9M,33061591,MELANIE VAN WYK (N4S7V6MEL),6.00664E+15,2026-06-15,2026-06-15,2,0,Restock,0.5,0.02,0.52
1054379,RMA #L54Q2N9M,33061591,MELANIE VAN WYK (N4S7V6MEL),6.00664E+15,2026-06-15,2026-06-15,2,0,Returns,2.74,0.13,2.87
1054379,RMA #L54Q2N9M,33061591,MELANIE VAN WYK (N4S7V6MEL),6.00664E+15,2026-06-15,2026-06-15,0,0,Service Center Labor,1.42,0.07,1.49
1054379,RMA #L54Q2N9M,33061591,MELANIE VAN WYK (N4S7V6MEL),6.00664E+15,2026-06-15,2026-06-15,2,0,Storage,0.1,0,0.1
1054387,RMA #3MLQZJC2,33065717,KYLA HANHAM (V8N5R6KYL),6.00664E+15,2026-06-15,2026-06-15,1,0,Returns,2.07,0.1,2.17
1054387,RMA #3MLQZJC2,33065717,KYLA HANHAM (V8N5R6KYL),6.00664E+15,2026-06-15,2026-06-15,0,0,Service Center Labor,1.42,0.07,1.49
1054387,RMA #3MLQZJC2,33065717,KYLA HANHAM (V8N5R6KYL),6.00664E+15,2026-06-15,2026-06-15,1,0,Restock,0.25,0.01,0.26
1054387,RMA #3MLQZJC2,33065717,KYLA HANHAM (V8N5R6KYL),6.00664E+15,2026-06-15,2026-06-15,1,0,Storage,0.05,0,0.05
1054389,RMA #TL83DBEJ,33077102,ARTI ARJUN (V8S2T7ART),6.00664E+15,2026-06-15,2026-06-15,0,0,Service Center Labor,1.42,0.07,1.49
1054389,RMA #TL83DBEJ,33077102,ARTI ARJUN (V8S2T7ART),6.00664E+15,2026-06-15,2026-06-15,1,0,Restock,0.25,0.01,0.26
1054389,RMA #TL83DBEJ,33077102,ARTI ARJUN (V8S2T7ART),6.00664E+15,2026-06-15,2026-06-15,1,0,Returns,2.07,0.1,2.17
1054389,RMA #TL83DBEJ,33077102,ARTI ARJUN (V8S2T7ART),6.00664E+15,2026-06-15,2026-06-15,1,0,Storage,0.05,0,0.05
1054394,RMA #LWRVXZ5S,33043397,MEGHAN HALYK (T2T4A4MEG),6.00664E+15,2026-06-15,2026-06-15,2,0,Returns,2.74,0.14,2.88
1054394,RMA #LWRVXZ5S,33043397,MEGHAN HALYK (T2T4A4MEG),6.00664E+15,2026-06-15,2026-06-15,2,0,Restock,0.5,0.03,0.53
1054394,RMA #LWRVXZ5S,33043397,MEGHAN HALYK (T2T4A4MEG),6.00664E+15,2026-06-15,2026-06-15,0,0,Service Center Labor,2.36,0.12,2.48
1054394,RMA #LWRVXZ5S,33043397,MEGHAN HALYK (T2T4A4MEG),6.00664E+15,2026-06-15,2026-06-15,2,0,Storage,0.1,0.01,0.11
1054423,RMA #0RHTIZV5,33040581,KRISTEN ENGLISH (A1A2H8KRI),7.92405E+11,2026-06-15,2026-06-15,1,0,Restock,0.25,0.01,0.26
1054423,RMA #0RHTIZV5,33040581,KRISTEN ENGLISH (A1A2H8KRI),7.92405E+11,2026-06-15,2026-06-15,0,0,Service Center Labor,1.42,0.07,1.49
1054423,RMA #0RHTIZV5,33040581,KRISTEN ENGLISH (A1A2H8KRI),7.92405E+11,2026-06-15,2026-06-15,1,0,Returns,2.07,0.1,2.17
1054423,RMA #0RHTIZV5,33040581,KRISTEN ENGLISH (A1A2H8KRI),7.92405E+11,2026-06-15,2026-06-15,1,0,Storage,0.05,0,0.05
1054425,RMA #GQIDELO9,32893130,ERIN GIRARD (V8M1S6ERI),6.00664E+15,2026-06-15,2026-06-15,1,0,Restock,0.25,0.01,0.26
1054425,RMA #GQIDELO9,32893130,ERIN GIRARD (V8M1S6ERI),6.00664E+15,2026-06-15,2026-06-15,0,0,Service Center Labor,1.42,0.07,1.49
1054425,RMA #GQIDELO9,32893130,ERIN GIRARD (V8M1S6ERI),6.00664E+15,2026-06-15,2026-06-15,1,0,Returns,2.07,0.1,2.17
1054425,RMA #GQIDELO9,32893130,ERIN GIRARD (V8M1S6ERI),6.00664E+15,2026-06-15,2026-06-15,1,0,Storage,0.05,0,0.05
1054428,RMA #Z2M0EBYK,33030808,GENEVIEVE DOYON (J8Y2N9GEN),6.00664E+15,2026-06-15,2026-06-15,0,0,Service Center Labor,3.78,0.19,3.97
1054428,RMA #Z2M0EBYK,33030808,GENEVIEVE DOYON (J8Y2N9GEN),6.00664E+15,2026-06-15,2026-06-15,4,0,Returns,4.08,0.2,4.28
1054428,RMA #Z2M0EBYK,33030808,GENEVIEVE DOYON (J8Y2N9GEN),6.00664E+15,2026-06-15,2026-06-15,4,0,Restock,1,0.05,1.05
1054428,RMA #Z2M0EBYK,33030808,GENEVIEVE DOYON (J8Y2N9GEN),6.00664E+15,2026-06-15,2026-06-15,4,0,Storage,0.2,0.01,0.21
1054435,RMA #H96DHRDT,33073416,KATELYN FITZSIMMMONS (S0K2T2KAT),7.92413E+11,2026-06-15,2026-06-15,2,0,Restock,0.5,0.03,0.53
1054435,RMA #H96DHRDT,33073416,KATELYN FITZSIMMMONS (S0K2T2KAT),7.92413E+11,2026-06-15,2026-06-15,0,0,Service Center Labor,2.36,0.12,2.48
1054435,RMA #H96DHRDT,33073416,KATELYN FITZSIMMMONS (S0K2T2KAT),7.92413E+11,2026-06-15,2026-06-15,2,0,Returns,2.74,0.14,2.88
1054435,RMA #H96DHRDT,33073416,KATELYN FITZSIMMMONS (S0K2T2KAT),7.92413E+11,2026-06-15,2026-06-15,2,0,Storage,0.1,0.01,0.11
1054451,RMA #56GSUBYY,33131436,REBECCA HRUDKO (T8V3J3REB),6.00664E+15,2026-06-15,2026-06-15,4,0,Restock,1,0.05,1.05
1054451,RMA #56GSUBYY,33131436,REBECCA HRUDKO (T8V3J3REB),6.00664E+15,2026-06-15,2026-06-15,4,0,Returns,4.08,0.2,4.28
1054451,RMA #56GSUBYY,33131436,REBECCA HRUDKO (T8V3J3REB),6.00664E+15,2026-06-15,2026-06-15,0,0,Service Center Labor,2.36,0.12,2.48
1054451,RMA #56GSUBYY,33131436,REBECCA HRUDKO (T8V3J3REB),6.00664E+15,2026-06-15,2026-06-15,4,0,Storage,0.2,0.01,0.21
1054460,RMA #M7LSAG69,33034529,RANDY SPELT (T0C0J0RAN),6.00664E+15,2026-06-15,2026-06-15,0,0,Service Center Labor,2.36,0.12,2.48
1054460,RMA #M7LSAG69,33034529,RANDY SPELT (T0C0J0RAN),6.00664E+15,2026-06-15,2026-06-15,2,0,Restock,0.5,0.03,0.53
1054460,RMA #M7LSAG69,33034529,RANDY SPELT (T0C0J0RAN),6.00664E+15,2026-06-15,2026-06-15,2,0,Returns,2.74,0.14,2.88
1054460,RMA #M7LSAG69,33034529,RANDY SPELT (T0C0J0RAN),6.00664E+15,2026-06-15,2026-06-15,2,0,Storage,0.1,0.01,0.11
1054469,RMA #KKQHZJJQ,33126468,MAIA MERCURE (V9S1E5MAÏ),6.00664E+15,2026-06-15,2026-06-15,1,0,Restock,0.25,0.01,0.26
1054469,RMA #KKQHZJJQ,33126468,MAIA MERCURE (V9S1E5MAÏ),6.00664E+15,2026-06-15,2026-06-15,0,0,Service Center Labor,1.42,0.07,1.49
1054469,RMA #KKQHZJJQ,33126468,MAIA MERCURE (V9S1E5MAÏ),6.00664E+15,2026-06-15,2026-06-15,1,0,Returns,2.07,0.1,2.17
1054469,RMA #KKQHZJJQ,33126468,MAIA MERCURE (V9S1E5MAÏ),6.00664E+15,2026-06-15,2026-06-15,1,0,Storage,0.05,0,0.05
1054471,RMA #W5BV2GR1,33062887,DEBRA FLOOD (V9A1R7DEB),7.9241E+11,2026-06-15,2026-06-15,0,0,Service Center Labor,1.42,0.07,1.49
1054471,RMA #W5BV2GR1,33062887,DEBRA FLOOD (V9A1R7DEB),7.9241E+11,2026-06-15,2026-06-15,1,0,Returns,2.07,0.1,2.17
1054471,RMA #W5BV2GR1,33062887,DEBRA FLOOD (V9A1R7DEB),7.9241E+11,2026-06-15,2026-06-15,1,0,Restock,0.25,0.01,0.26
1054471,RMA #W5BV2GR1,33062887,DEBRA FLOOD (V9A1R7DEB),7.9241E+11,2026-06-15,2026-06-15,1,0,Storage,0.05,0,0.05
1054474,RMA #JYAISU0U,33034721,CELIA HUI (T6B2B6CEL),7.92403E+11,2026-06-15,2026-06-15,1,0,Restock,0.25,0.01,0.26
1054474,RMA #JYAISU0U,33034721,CELIA HUI (T6B2B6CEL),7.92403E+11,2026-06-15,2026-06-15,0,0,Service Center Labor,1.42,0.07,1.49
1054474,RMA #JYAISU0U,33034721,CELIA HUI (T6B2B6CEL),7.92403E+11,2026-06-15,2026-06-15,1,0,Returns,2.07,0.1,2.17
1054474,RMA #JYAISU0U,33034721,CELIA HUI (T6B2B6CEL),7.92403E+11,2026-06-15,2026-06-15,1,0,Storage,0.05,0,0.05
1054475,RMA #15XXP6SO,33059889,SUZIE REYDA (T0H0E0SUZ),7.92408E+11,2026-06-15,2026-06-15,2,0,Restock,0.5,0.03,0.53
1054475,RMA #15XXP6SO,33059889,SUZIE REYDA (T0H0E0SUZ),7.92408E+11,2026-06-15,2026-06-15,2,0,Returns,2.74,0.14,2.88
1054475,RMA #15XXP6SO,33059889,SUZIE REYDA (T0H0E0SUZ),7.92408E+11,2026-06-15,2026-06-15,0,0,Service Center Labor,2.36,0.12,2.48
1054475,RMA #15XXP6SO,33059889,SUZIE REYDA (T0H0E0SUZ),7.92408E+11,2026-06-15,2026-06-15,2,0,Storage,0.1,0.01,0.11
1054480,RMA #EVG0M2YL,33034729,SIERRA SNELL (L0L2J0SIE),6.00664E+15,2026-06-15,2026-06-15,2,0,Returns,2.74,0.14,2.88
1054480,RMA #EVG0M2YL,33034729,SIERRA SNELL (L0L2J0SIE),6.00664E+15,2026-06-15,2026-06-15,2,0,Restock,0.5,0.03,0.53
1054480,RMA #EVG0M2YL,33034729,SIERRA SNELL (L0L2J0SIE),6.00664E+15,2026-06-15,2026-06-15,0,0,Service Center Labor,2.36,0.12,2.48
1054480,RMA #EVG0M2YL,33034729,SIERRA SNELL (L0L2J0SIE),6.00664E+15,2026-06-15,2026-06-15,2,0,Storage,0.1,0.01,0.11
1054494,RMA #92TUIOH0,33128394,KRISTI MAZUTINEC (T0K2E0KRI),6.00664E+15,2026-06-15,2026-06-15,4,0,Returns,4.08,0.2,4.28
1054494,RMA #92TUIOH0,33128394,KRISTI MAZUTINEC (T0K2E0KRI),6.00664E+15,2026-06-15,2026-06-15,4,0,Restock,1,0.05,1.05
1054494,RMA #92TUIOH0,33128394,KRISTI MAZUTINEC (T0K2E0KRI),6.00664E+15,2026-06-15,2026-06-15,0,0,Service Center Labor,3.78,0.19,3.97
1054494,RMA #92TUIOH0,33128394,KRISTI MAZUTINEC (T0K2E0KRI),6.00664E+15,2026-06-15,2026-06-15,4,0,Storage,0.2,0.01,0.21
1054500,RMA #VIXKLWJ1,33127584,BERNARDETTE SOARES (V8P4P9BER),6.00664E+15,2026-06-15,2026-06-15,0,0,Service Center Labor,1.42,0.07,1.49
1054500,RMA #VIXKLWJ1,33127584,BERNARDETTE SOARES (V8P4P9BER),6.00664E+15,2026-06-15,2026-06-15,1,0,Returns,2.07,0.1,2.17
1054500,RMA #VIXKLWJ1,33127584,BERNARDETTE SOARES (V8P4P9BER),6.00664E+15,2026-06-15,2026-06-15,1,0,Restock,0.25,0.01,0.26
1054500,RMA #VIXKLWJ1,33127584,BERNARDETTE SOARES (V8P4P9BER),6.00664E+15,2026-06-15,2026-06-15,1,0,Storage,0.05,0,0.05
1054507,RMA #HXTQZWB9,32976655,ERIC DESJARDINS (K1K1C2ERI),7.9239E+11,2026-06-15,2026-06-15,1,0,Returns,2.07,0.1,2.17
1054507,RMA #HXTQZWB9,32976655,ERIC DESJARDINS (K1K1C2ERI),7.9239E+11,2026-06-15,2026-06-15,0,0,Service Center Labor,1.42,0.07,1.49
1054507,RMA #HXTQZWB9,32976655,ERIC DESJARDINS (K1K1C2ERI),7.9239E+11,2026-06-15,2026-06-15,1,0,Restock,0.25,0.01,0.26
1054507,RMA #HXTQZWB9,32976655,ERIC DESJARDINS (K1K1C2ERI),7.9239E+11,2026-06-15,2026-06-15,1,0,Storage,0.05,0,0.05
1054510,RMA #R243IETC,33068879,JANET STANHOPE (V9K1A3JAN),7.92412E+11,2026-06-15,2026-06-15,1,0,Returns,2.07,0.1,2.17
1054510,RMA #R243IETC,33068879,JANET STANHOPE (V9K1A3JAN),7.92412E+11,2026-06-15,2026-06-15,1,0,Restock,0.25,0.01,0.26
1054510,RMA #R243IETC,33068879,JANET STANHOPE (V9K1A3JAN),7.92412E+11,2026-06-15,2026-06-15,0,0,Service Center Labor,1.42,0.07,1.49
1054510,RMA #R243IETC,33068879,JANET STANHOPE (V9K1A3JAN),7.92412E+11,2026-06-15,2026-06-15,1,0,Storage,0.05,0,0.05
1054512,RMA #I2DXI2AL,33035321,DAVID HILTON (T8X0P6DAV),7.92403E+11,2026-06-15,2026-06-15,0,0,Service Center Labor,1.42,0.07,1.49
1054512,RMA #I2DXI2AL,33035321,DAVID HILTON (T8X0P6DAV),7.92403E+11,2026-06-15,2026-06-15,1,0,Restock,0.25,0.01,0.26
1054512,RMA #I2DXI2AL,33035321,DAVID HILTON (T8X0P6DAV),7.92403E+11,2026-06-15,2026-06-15,1,0,Returns,2.07,0.1,2.17
1054512,RMA #I2DXI2AL,33035321,DAVID HILTON (T8X0P6DAV),7.92403E+11,2026-06-15,2026-06-15,1,0,Storage,0.05,0,0.05
1054515,RMA #VM8NRVLP,33110092,MONICA BULAS (T1W2Y9MON),6.00664E+15,2026-06-15,2026-06-15,0,0,Service Center Labor,1.42,0.07,1.49
1054515,RMA #VM8NRVLP,33110092,MONICA BULAS (T1W2Y9MON),6.00664E+15,2026-06-15,2026-06-15,1,0,Returns,2.07,0.1,2.17
1054515,RMA #VM8NRVLP,33110092,MONICA BULAS (T1W2Y9MON),6.00664E+15,2026-06-15,2026-06-15,1,0,Restock,0.25,0.01,0.26
1054515,RMA #VM8NRVLP,33110092,MONICA BULAS (T1W2Y9MON),6.00664E+15,2026-06-15,2026-06-15,1,0,Storage,0.05,0,0.05
1054523,RMA #QIOYHE58,33059785,LACEY THOMPSON (T5Z0C3LAC),7.92408E+11,2026-06-15,2026-06-15,1,0,Restock,0.25,0.01,0.26
1054523,RMA #QIOYHE58,33059785,LACEY THOMPSON (T5Z0C3LAC),7.92408E+11,2026-06-15,2026-06-15,0,0,Service Center Labor,1.42,0.07,1.49
1054523,RMA #QIOYHE58,33059785,LACEY THOMPSON (T5Z0C3LAC),7.92408E+11,2026-06-15,2026-06-15,1,0,Returns,2.07,0.1,2.17
1054523,RMA #QIOYHE58,33059785,LACEY THOMPSON (T5Z0C3LAC),7.92408E+11,2026-06-15,2026-06-15,1,0,Storage,0.05,0,0.05
1054526,RMA #OSUARCU8,33027827,DAMIEN MONTAMAT-SIOTTE (H4H1L8DAM),7.924E+11,2026-06-15,2026-06-15,1,0,Returns,2.07,0.1,2.17
1054526,RMA #OSUARCU8,33027827,DAMIEN MONTAMAT-SIOTTE (H4H1L8DAM),7.924E+11,2026-06-15,2026-06-15,1,0,Restock,0.25,0.01,0.26
1054526,RMA #OSUARCU8,33027827,DAMIEN MONTAMAT-SIOTTE (H4H1L8DAM),7.924E+11,2026-06-15,2026-06-15,0,0,Service Center Labor,1.42,0.07,1.49
1054526,RMA #OSUARCU8,33027827,DAMIEN MONTAMAT-SIOTTE (H4H1L8DAM),7.924E+11,2026-06-15,2026-06-15,1,0,Storage,0.05,0,0.05
1054530,RMA #H94W86Z3,33074011,DEAN EICHORN (V1M1T3DEA),6.00664E+15,2026-06-15,2026-06-15,1,0,Restock,0.25,0.01,0.26
1054530,RMA #H94W86Z3,33074011,DEAN EICHORN (V1M1T3DEA),6.00664E+15,2026-06-15,2026-06-15,1,0,Returns,2.07,0.1,2.17
1054530,RMA #H94W86Z3,33074011,DEAN EICHORN (V1M1T3DEA),6.00664E+15,2026-06-15,2026-06-15,0,0,Service Center Labor,1.42,0.07,1.49
1054530,RMA #H94W86Z3,33074011,DEAN EICHORN (V1M1T3DEA),6.00664E+15,2026-06-15,2026-06-15,1,0,Storage,0.05,0,0.05
1054536,RMA #WLQ2J8XR,33076603,JUSTYNA ORLOW (R2G1V1JUS),6.00664E+15,2026-06-15,2026-06-15,5,0,Returns,4.75,0.24,4.99
1054536,RMA #WLQ2J8XR,33076603,JUSTYNA ORLOW (R2G1V1JUS),6.00664E+15,2026-06-15,2026-06-15,5,0,Restock,1.25,0.06,1.31
1054536,RMA #WLQ2J8XR,33076603,JUSTYNA ORLOW (R2G1V1JUS),6.00664E+15,2026-06-15,2026-06-15,0,0,Service Center Labor,3.78,0.19,3.97
1054536,RMA #WLQ2J8XR,33076603,JUSTYNA ORLOW (R2G1V1JUS),6.00664E+15,2026-06-15,2026-06-15,5,0,Storage,0.25,0.01,0.26
1054572,RMA #HD2E3L6K,33020252,ANNIE MOORE (V9A1T2ISA),6.00664E+15,2026-06-15,2026-06-15,4,0,Restock,1,0.05,1.05
1054572,RMA #HD2E3L6K,33020252,ANNIE MOORE (V9A1T2ISA),6.00664E+15,2026-06-15,2026-06-15,0,0,Service Center Labor,3.78,0.19,3.97
1054572,RMA #HD2E3L6K,33020252,ANNIE MOORE (V9A1T2ISA),6.00664E+15,2026-06-15,2026-06-15,4,0,Returns,4.08,0.2,4.28
1054572,RMA #HD2E3L6K,33020252,ANNIE MOORE (V9A1T2ISA),6.00664E+15,2026-06-15,2026-06-15,4,0,Storage,0.2,0.01,0.21
1054576,RMA #YYSGS2KT,33120834,HEATHER LEWIS (V8B0G4HEA),6.00664E+15,2026-06-15,2026-06-15,0,0,Service Center Labor,1.42,0.07,1.49
1054576,RMA #YYSGS2KT,33120834,HEATHER LEWIS (V8B0G4HEA),6.00664E+15,2026-06-15,2026-06-15,1,0,Returns,2.07,0.1,2.17
1054576,RMA #YYSGS2KT,33120834,HEATHER LEWIS (V8B0G4HEA),6.00664E+15,2026-06-15,2026-06-15,1,0,Restock,0.25,0.01,0.26
1054576,RMA #YYSGS2KT,33120834,HEATHER LEWIS (V8B0G4HEA),6.00664E+15,2026-06-15,2026-06-15,1,0,Storage,0.05,0,0.05
1054579,RMA #NQLLKRA6,33079996,ARIANE CARON-DUSSAULT (G1L2R2ARI),6.00664E+15,2026-06-15,2026-06-15,0,0,Service Center Labor,2.36,0.12,2.48
1054579,RMA #NQLLKRA6,33079996,ARIANE CARON-DUSSAULT (G1L2R2ARI),6.00664E+15,2026-06-15,2026-06-15,2,0,Restock,0.5,0.03,0.53
1054579,RMA #NQLLKRA6,33079996,ARIANE CARON-DUSSAULT (G1L2R2ARI),6.00664E+15,2026-06-15,2026-06-15,2,0,Returns,2.74,0.14,2.88
1054579,RMA #NQLLKRA6,33079996,ARIANE CARON-DUSSAULT (G1L2R2ARI),6.00664E+15,2026-06-15,2026-06-15,2,0,Storage,0.1,0.01,0.11
1054584,RMA #5ZNGMSWL,33030696,JULIE QUENNEVILLE (H3H1V2JUL),6.00664E+15,2026-06-15,2026-06-15,2,0,Returns,2.74,0.14,2.88
1054584,RMA #5ZNGMSWL,33030696,JULIE QUENNEVILLE (H3H1V2JUL),6.00664E+15,2026-06-15,2026-06-15,2,0,Restock,0.5,0.03,0.53
1054584,RMA #5ZNGMSWL,33030696,JULIE QUENNEVILLE (H3H1V2JUL),6.00664E+15,2026-06-15,2026-06-15,0,0,Service Center Labor,1.42,0.07,1.49
1054584,RMA #5ZNGMSWL,33030696,JULIE QUENNEVILLE (H3H1V2JUL),6.00664E+15,2026-06-15,2026-06-15,2,0,Storage,0.1,0.01,0.11
1054589,RMA #LFEJVQ73,32962817,DANIEL OSTROWSKI (N0N1E0DAN),6.00664E+15,2026-06-15,2026-06-15,1,0,Restock,0.25,0.01,0.26
1054589,RMA #LFEJVQ73,32962817,DANIEL OSTROWSKI (N0N1E0DAN),6.00664E+15,2026-06-15,2026-06-15,1,0,Returns,2.07,0.1,2.17
1054589,RMA #LFEJVQ73,32962817,DANIEL OSTROWSKI (N0N1E0DAN),6.00664E+15,2026-06-15,2026-06-15,0,0,Service Center Labor,1.42,0.07,1.49
1054589,RMA #LFEJVQ73,32962817,DANIEL OSTROWSKI (N0N1E0DAN),6.00664E+15,2026-06-15,2026-06-15,1,0,Storage,0.05,0,0.05
1054600,RMA #EE9JELDB,32997812,CRYSTAL MARCEAU (H1T3L6CRY),6.00664E+15,2026-06-15,2026-06-15,0,0,Service Center Labor,1.42,0.07,1.49
1054600,RMA #EE9JELDB,32997812,CRYSTAL MARCEAU (H1T3L6CRY),6.00664E+15,2026-06-15,2026-06-15,1,0,Restock,0.25,0.01,0.26
1054600,RMA #EE9JELDB,32997812,CRYSTAL MARCEAU (H1T3L6CRY),6.00664E+15,2026-06-15,2026-06-15,1,0,Returns,2.07,0.1,2.17
1054600,RMA #EE9JELDB,32997812,CRYSTAL MARCEAU (H1T3L6CRY),6.00664E+15,2026-06-15,2026-06-15,1,0,Storage,0.05,0,0.05
1054607,RMA #PR094ECE,33038088,SABRIANNE DERAPS (G4R2R2SAB),6.00664E+15,2026-06-15,2026-06-15,1,0,Returns,2.07,0.1,2.17
1054607,RMA #PR094ECE,33038088,SABRIANNE DERAPS (G4R2R2SAB),6.00664E+15,2026-06-15,2026-06-15,1,0,Restock,0.25,0.01,0.26
1054607,RMA #PR094ECE,33038088,SABRIANNE DERAPS (G4R2R2SAB),6.00664E+15,2026-06-15,2026-06-15,0,0,Service Center Labor,1.42,0.07,1.49
1054607,RMA #PR094ECE,33038088,SABRIANNE DERAPS (G4R2R2SAB),6.00664E+15,2026-06-15,2026-06-15,1,0,Storage,0.05,0,0.05
1054608,RMA #6KWPP3SK,33069176,SHERRY BECKSTEAD (S7K4M5SHE),6.00664E+15,2026-06-15,2026-06-15,1,0,Restock,0.25,0.01,0.26
1054608,RMA #6KWPP3SK,33069176,SHERRY BECKSTEAD (S7K4M5SHE),6.00664E+15,2026-06-15,2026-06-15,1,0,Returns,2.07,0.1,2.17
1054608,RMA #6KWPP3SK,33069176,SHERRY BECKSTEAD (S7K4M5SHE),6.00664E+15,2026-06-15,2026-06-15,0,0,Service Center Labor,1.42,0.07,1.49
1054608,RMA #6KWPP3SK,33069176,SHERRY BECKSTEAD (S7K4M5SHE),6.00664E+15,2026-06-15,2026-06-15,1,0,Storage,0.05,0,0.05
1054609,RMA #U7ZFGT7R,33046402,JOSEE GIBSON (J6N1L5JOS),6.00664E+15,2026-06-15,2026-06-15,1,0,Returns,2.07,0.1,2.17
1054609,RMA #U7ZFGT7R,33046402,JOSEE GIBSON (J6N1L5JOS),6.00664E+15,2026-06-15,2026-06-15,1,0,Restock,0.25,0.01,0.26
1054609,RMA #U7ZFGT7R,33046402,JOSEE GIBSON (J6N1L5JOS),6.00664E+15,2026-06-15,2026-06-15,0,0,Service Center Labor,1.42,0.07,1.49
1054609,RMA #U7ZFGT7R,33046402,JOSEE GIBSON (J6N1L5JOS),6.00664E+15,2026-06-15,2026-06-15,1,0,Storage,0.05,0,0.05
1054611,RMA #O2HYWVOO,33064215,KARIN FRIESEN (R2K0M7KAR),6.00664E+15,2026-06-15,2026-06-15,0,0,Service Center Labor,1.42,0.07,1.49
1054611,RMA #O2HYWVOO,33064215,KARIN FRIESEN (R2K0M7KAR),6.00664E+15,2026-06-15,2026-06-15,1,0,Restock,0.25,0.01,0.26
1054611,RMA #O2HYWVOO,33064215,KARIN FRIESEN (R2K0M7KAR),6.00664E+15,2026-06-15,2026-06-15,1,0,Returns,2.07,0.1,2.17
1054611,RMA #O2HYWVOO,33064215,KARIN FRIESEN (R2K0M7KAR),6.00664E+15,2026-06-15,2026-06-15,1,0,Storage,0.05,0,0.05
1054614,RMA #YGQDM762,33101806,JENNIFER ATTEMA (V1Y0G2JEN),6.00664E+15,2026-06-15,2026-06-15,0,0,Service Center Labor,2.36,0.12,2.48
1054614,RMA #YGQDM762,33101806,JENNIFER ATTEMA (V1Y0G2JEN),6.00664E+15,2026-06-15,2026-06-15,2,0,Restock,0.5,0.03,0.53
1054614,RMA #YGQDM762,33101806,JENNIFER ATTEMA (V1Y0G2JEN),6.00664E+15,2026-06-15,2026-06-15,2,0,Returns,2.74,0.14,2.88
1054614,RMA #YGQDM762,33101806,JENNIFER ATTEMA (V1Y0G2JEN),6.00664E+15,2026-06-15,2026-06-15,2,0,Storage,0.1,0.01,0.11
1054620,RMA #I67CX9MP,33088744,REGAN GRILL (V9K2P1REG),6.00664E+15,2026-06-15,2026-06-15,0,0,Service Center Labor,1.42,0.07,1.49
1054620,RMA #I67CX9MP,33088744,REGAN GRILL (V9K2P1REG),6.00664E+15,2026-06-15,2026-06-15,1,0,Restock,0.25,0.01,0.26
1054620,RMA #I67CX9MP,33088744,REGAN GRILL (V9K2P1REG),6.00664E+15,2026-06-15,2026-06-15,1,0,Returns,2.07,0.1,2.17
1054620,RMA #I67CX9MP,33088744,REGAN GRILL (V9K2P1REG),6.00664E+15,2026-06-15,2026-06-15,1,0,Storage,0.05,0,0.05
1054625,RMA #EFZKCEED,33094874,GLENN NEILSON (V1S1R7GLE),6.00664E+15,2026-06-15,2026-06-15,2,0,Returns,2.74,0.14,2.88
1054625,RMA #EFZKCEED,33094874,GLENN NEILSON (V1S1R7GLE),6.00664E+15,2026-06-15,2026-06-15,2,0,Restock,0.5,0.03,0.53
1054625,RMA #EFZKCEED,33094874,GLENN NEILSON (V1S1R7GLE),6.00664E+15,2026-06-15,2026-06-15,0,0,Service Center Labor,2.36,0.12,2.48
1054625,RMA #EFZKCEED,33094874,GLENN NEILSON (V1S1R7GLE),6.00664E+15,2026-06-15,2026-06-15,2,0,Storage,0.1,0.01,0.11
Inbound Shipment,Client Ref 1,Client Ref 2,Shipped From,BOL Number,,,,,Service,,,
1011039,,,,87098291,2026-05-26,2026-06-08,25,0,Inbound Pallets,390,19.5,409.5
1011039,,,,87098291,2026-05-26,2026-06-08,16077,0,Inbound Freight,10097.61,504.88,10602.49
Shipment,Client Ref 1,Client Ref 2,Customer,BOL Number,,,,,Service,,,
14788513,IF4041461801,33003883,V6B1B2MAK - MAKE GASTOWN,LSHP49274359,2026-05-26,2026-06-01,1,4282.5,Outbound Shipment Materials,0.6,0.07,0.67
14788513,IF4041461801,33003883,V6B1B2MAK - MAKE GASTOWN,LSHP49274359,2026-05-26,2026-06-01,154,4282.5,Outbound Freight,29.17,1.46,30.63
14785410,IF4041456015,32829612,A2N1J3COA - COAST CLOTHING,LSHP49184054,2026-05-25,2026-06-01,5,1337,Outbound Shipment Materials,4.65,0.56,5.21
14785410,IF4041456015,32829612,A2N1J3COA - COAST CLOTHING,LSHP49184054,2026-05-25,2026-06-01,36,1337,Outbound Freight,35.34,5.3,40.64
14790244,IF4041461922,33009061,V7B1W2HUD - Hudson Grp VANCOUVER INT'L AIRPORT,LSHP49276643,2026-05-26,2026-06-01,3,2610,Outbound Shipment Materials,3.23,0.39,3.62
14790244,IF4041461922,33009061,V7B1W2HUD - Hudson Grp VANCOUVER INT'L AIRPORT,LSHP49276643,2026-05-26,2026-06-01,116,2610,Outbound Freight,20.19,1.01,21.2
14784943,IF4041456010,32829609,N0B2N0CHA - CHANGE LIFESTYLE & APPAREL,1Z2VW7552099533677,2026-05-25,2026-06-01,5,1483,Outbound Shipment Materials,4.65,0.56,5.21
14784943,IF4041456010,32829609,N0B2N0CHA - CHANGE LIFESTYLE & APPAREL,1Z2VW7552099533677,2026-05-25,2026-06-01,49,1483,Outbound Freight,23.69,3.08,26.77
14784944,IF4041456013,32829611,B0E1N0CAP - CAPER GYM AND FITNESS INC dba THE CENTRA,8.72266E+11,2026-05-25,2026-06-01,114,3351.5,Outbound Freight,47.02,6.58,53.6
14784944,IF4041456013,32829611,B0E1N0CAP - CAPER GYM AND FITNESS INC dba THE CENTRA,8.72266E+11,2026-05-25,2026-06-01,9,3351.5,Outbound Shipment Materials,9.3,1.12,10.42
14784945,IF4041456016,32829613,R7A1G6STR - STREAM N WOOD,5.20556E+11,2026-05-25,2026-06-01,4,1172,Outbound Shipment Materials,4.06,0.48,4.54
14784945,IF4041456016,32829613,R7A1G6STR - STREAM N WOOD,5.20556E+11,2026-05-25,2026-06-01,40,1172,Outbound Freight,20.02,1,21.02
14784946,IF4041456019,32829616,V0R1M0WAB - WABISABI BOARDWEAR,5.20565E+11,2026-05-25,2026-06-01,48,1710,Outbound Freight,24.84,1.24,26.08
14784946,IF4041456019,32829616,V0R1M0WAB - WABISABI BOARDWEAR,5.20565E+11,2026-05-25,2026-06-01,5,1710,Outbound Shipment Materials,4.65,0.56,5.21
14784947,IF4041457569,32874941,V0R2G0SWO - SWORDFERN BOUTIQUE,5.20565E+11,2026-05-25,2026-06-01,12,4935.5,Outbound Shipment Materials,12.23,1.47,13.7
14784947,IF4041457569,32874941,V0R2G0SWO - SWORDFERN BOUTIQUE,5.20565E+11,2026-05-25,2026-06-01,140,4935.5,Outbound Freight,39.01,1.95,40.96
14793508,IF4041462113,33020843,B0S1A0CRO - CROWN & ANCHOR ELEVATED LIVING,4.00747E+15,2026-05-27,2026-06-01,2,135,Outbound Shipment Materials,1.78,0.21,1.99
14793508,IF4041462113,33020843,B0S1A0CRO - CROWN & ANCHOR ELEVATED LIVING,4.00747E+15,2026-05-27,2026-06-01,6,135,Outbound Freight,19.1,2.67,21.77
14799487,MEC Order Pick Up and Re-Labelling,,V3Z1A5MEC - MEC Western Distribution Centre,19888503,2026-05-29,2026-06-02,1,0,Manual BOL,12,0.6,12.6
14799487,MEC Order Pick Up and Re-Labelling,,V3Z1A5MEC - MEC Western Distribution Centre,19888503,2026-05-29,2026-06-02,32,0,EDI Labels,32,1.6,33.6
14799487,MEC Order Pick Up and Re-Labelling,,V3Z1A5MEC - MEC Western Distribution Centre,19888503,2026-05-29,2026-06-02,1,0,Pallet Prep,20.25,1.01,21.26
14799487,MEC Order Pick Up and Re-Labelling,,V3Z1A5MEC - MEC Western Distribution Centre,19888503,2026-05-29,2026-06-02,0,0,Outbound Freight,151.17,7.56,158.73
14790245,IF4041461799,33003881,V7R4J1CAP - CAPILANO TRADING POST,19888514,2026-05-26,2026-06-02,39,24596,Outbound Shipment Materials,39.3,4.72,44.02
14790245,IF4041461799,33003881,V7R4J1CAP - CAPILANO TRADING POST,19888514,2026-05-26,2026-06-02,1,24596,Pallet Prep,10.5,0.53,11.03
14790245,IF4041461799,33003881,V7R4J1CAP - CAPILANO TRADING POST,19888514,2026-05-26,2026-06-02,1,24596,Manual BOL,12,0.6,12.6
14790245,IF4041461799,33003881,V7R4J1CAP - CAPILANO TRADING POST,19888514,2026-05-26,2026-06-02,920,24596,Outbound Freight,156.67,7.83,164.5
14796622,IF4041461803,33003884,V7R4K9GRO - GROUSE MOUNTAIN RESORTS LTD.,LSHP49355241,2026-05-28,2026-06-02,13,4749,Outbound Shipment Materials,13.36,1.61,14.97
14796622,IF4041461803,33003884,V7R4K9GRO - GROUSE MOUNTAIN RESORTS LTD.,LSHP49355241,2026-05-28,2026-06-02,184,4749,Outbound Freight,26.93,1.35,28.28
14796629,IF4041462095,33019921,UNIT100MEC - MEC Kelowna,LSHP49327813,2026-05-28,2026-06-02,100,1750,Outbound Freight,17.91,0.9,18.81
14796629,IF4041462095,33019921,UNIT100MEC - MEC Kelowna,LSHP49327813,2026-05-28,2026-06-02,4,1750,Outbound Shipment Materials,4.36,0.53,4.89
14788514,IF4041461798,33003880,V8B0B6SEA - SEA TO SKY GONDOLA,1100292,2026-05-26,2026-06-02,1,20533,Pallet Prep,10.5,0.53,11.03
14788514,IF4041461798,33003880,V8B0B6SEA - SEA TO SKY GONDOLA,1100292,2026-05-26,2026-06-02,1,20533,Manual BOL,12,0.6,12.6
14788514,IF4041461798,33003880,V8B0B6SEA - SEA TO SKY GONDOLA,1100292,2026-05-26,2026-06-02,44,20533,Outbound Shipment Materials,43.51,5.23,48.74
14788514,IF4041461798,33003880,V8B0B6SEA - SEA TO SKY GONDOLA,1100292,2026-05-26,2026-06-02,645,20533,Outbound Freight,358.25,17.91,376.16
14796607,IF4041462122,33021257,V8B0H2THE - THE SQUAMISH STORE,4.00747E+15,2026-05-28,2026-06-02,4,2250,Outbound Shipment Materials,4.36,0.53,4.89
14796607,IF4041462122,33021257,V8B0H2THE - THE SQUAMISH STORE,4.00747E+15,2026-05-28,2026-06-02,100,2250,Outbound Freight,25.47,1.27,26.74
14796608,IF4041462238,33028726,V1T2B6VAL - Valhalla Pure Outfitters Inc,5.20567E+11,2026-05-28,2026-06-02,3,58.1,Outbound Shipment Materials,2.79,0.34,3.13
14796608,IF4041462238,33028726,V1T2B6VAL - Valhalla Pure Outfitters Inc,5.20567E+11,2026-05-28,2026-06-02,1,58.1,Outbound Freight,1.25,0.06,1.31
14796645,IF4041462002,33013329,K1V9B4961 - 9613 Paradies Ottawa,5.20567E+11,2026-05-28,2026-06-02,6,1264,EDI Labels,6,0.3,6.3
14796645,IF4041462002,33013329,K1V9B4961 - 9613 Paradies Ottawa,5.20567E+11,2026-05-28,2026-06-02,16,1264,Outbound Shipment Materials,15.87,1.9,17.77
14796645,IF4041462002,33013329,K1V9B4961 - 9613 Paradies Ottawa,5.20567E+11,2026-05-28,2026-06-02,52,1264,Outbound Freight,31.38,3.76,35.14
14796646,IF4041462003,33013330,T9E0V978 - 9785 Paradies Edmonton,5.20567E+11,2026-05-28,2026-06-02,5,866,EDI Labels,5,0.25,5.25
14796646,IF4041462003,33013330,T9E0V978 - 9785 Paradies Edmonton,5.20567E+11,2026-05-28,2026-06-02,11,866,Outbound Shipment Materials,11.06,1.32,12.38
14796646,IF4041462003,33013330,T9E0V978 - 9785 Paradies Edmonton,5.20567E+11,2026-05-28,2026-06-02,36,866,Outbound Freight,25.75,1.29,27.04
14796647,IF4041462004,33013331,T2E3B9940 - 9403 Paradies Calgary,5.20567E+11,2026-05-28,2026-06-02,83,2012.5,Outbound Freight,34.69,1.73,36.42
14796647,IF4041462004,33013331,T2E3B9940 - 9403 Paradies Calgary,5.20567E+11,2026-05-28,2026-06-02,19,2012.5,Outbound Shipment Materials,18.71,2.25,20.96
14796647,IF4041462004,33013331,T2E3B9940 - 9403 Paradies Calgary,5.20567E+11,2026-05-28,2026-06-02,6,2012.5,EDI Labels,6,0.3,6.3
14797863,IF4041462322,33033302,N0B2N0CHA - CHANGE LIFESTYLE & APPAREL,4.00747E+15,2026-05-29,2026-06-03,13,317.3,Outbound Freight,15.76,2.05,17.81
14797863,IF4041462322,33033302,N0B2N0CHA - CHANGE LIFESTYLE & APPAREL,4.00747E+15,2026-05-29,2026-06-03,3,317.3,Outbound Shipment Materials,2.93,0.36,3.29
14808547,IF4041462849,33058786,V1T2B6VAL - Valhalla Pure Outfitters Inc,5.20569E+11,2026-06-01,2026-06-03,2,60.6,Outbound Shipment Materials,1.78,0.21,1.99
14808547,IF4041462849,33058786,V1T2B6VAL - Valhalla Pure Outfitters Inc,5.20569E+11,2026-06-01,2026-06-03,1,60.6,Outbound Freight,1.25,0.06,1.31
14796686,IF4041461800,33003882,T0L1E0MOR - Moraine Lake / Cap group,16920482,2026-05-28,2026-06-03,1,47173,Manual BOL,12,0.6,12.6
14796686,IF4041461800,33003882,T0L1E0MOR - Moraine Lake / Cap group,16920482,2026-05-28,2026-06-03,113,47173,Outbound Shipment Materials,112.95,13.56,126.51
14796686,IF4041461800,33003882,T0L1E0MOR - Moraine Lake / Cap group,16920482,2026-05-28,2026-06-03,1801,47173,Outbound Freight,426.28,21.31,447.59
14796686,IF4041461800,33003882,T0L1E0MOR - Moraine Lake / Cap group,16920482,2026-05-28,2026-06-03,2,47173,Pallet Prep,21,1.05,22.05
14813492,IF4041462450,Consolidated Shipment,"L5T1A7LID - LIDS CANADA, INC.",1100294,2026-06-03,2026-06-04,26,41805,Outbound Shipment Materials,25.5,3.07,28.57
14813492,IF4041462450,Consolidated Shipment,"L5T1A7LID - LIDS CANADA, INC.",1100294,2026-06-03,2026-06-04,1,41805,Pallet Prep,10.5,0.53,11.03
14813492,IF4041462450,Consolidated Shipment,"L5T1A7LID - LIDS CANADA, INC.",1100294,2026-06-03,2026-06-04,1,41805,Outbound Freight,24,1.2,25.2
14808545,IF4041462847,33058784,V0K2E0OUT - OUTLAW FASHIONS (FCJ ENTERPRISES LTD),LSHP49417379,2026-06-01,2026-06-04,55,1443.75,Outbound Freight,24.2,1.21,25.41
14808545,IF4041462847,33058784,V0K2E0OUT - OUTLAW FASHIONS (FCJ ENTERPRISES LTD),LSHP49417379,2026-06-01,2026-06-04,5,1443.75,Outbound Shipment Materials,4.65,0.56,5.21
14808546,IF4041462848,33058785,V6H3S4MAK - MAKE,LSHP49414442,2026-06-01,2026-06-04,5,690.5,Outbound Shipment Materials,4.65,0.56,5.21
14808546,IF4041462848,33058785,V6H3S4MAK - MAKE,LSHP49414442,2026-06-01,2026-06-04,19,690.5,Outbound Freight,13.59,0.68,14.27
14841001,IF4041462848,2026_06_12C,V6H3S4MAK - MAKE,LSHP49414442,2026-06-12,2026-06-05,0,0,Outbound Freight,15.47,0.77,16.24
14809609,IF4041462979,33066125,V6A2E4TEN - tentree,LSHP49494241,2026-06-01,2026-06-08,0,0,Outbound Shipment Materials,0.3,0.04,0.34
14809609,IF4041462979,33066125,V6A2E4TEN - tentree,LSHP49494241,2026-06-01,2026-06-08,1,0,Outbound Freight,92.4,4.62,97.02
14817422,IF4041463284,33084824,V0J2N0LOC - LOCAL SUPPLY CO,LSHP49494229,2026-06-04,2026-06-08,1,0,Outbound Freight,126.81,6.34,133.15
14817422,IF4041463284,33084824,V0J2N0LOC - LOCAL SUPPLY CO,LSHP49494229,2026-06-04,2026-06-08,0,0,Outbound Shipment Materials,0.3,0.04,0.34
14813389,IF4041463186,33079666,V0R2Z0HAB - HABIT CLOTHING,4.00747E+15,2026-06-03,2026-06-08,0,78,Outbound Shipment Materials,0.48,0.05,0.53
14813389,IF4041463186,33079666,V0R2Z0HAB - HABIT CLOTHING,4.00747E+15,2026-06-03,2026-06-08,2,78,Outbound Freight,22.92,1.15,24.07
14813661,IF4041462997,33067162,V0R2G0SWO - SWORDFERN BOUTIQUE,4.00747E+15,2026-06-03,2026-06-08,3,122.5,Outbound Shipment Materials,2.79,0.34,3.13
14813661,IF4041462997,33067162,V0R2G0SWO - SWORDFERN BOUTIQUE,4.00747E+15,2026-06-03,2026-06-08,5,122.5,Outbound Freight,22.76,1.14,23.9
14828832,Re-Route,,V6A2E4TEN - tentree,4.00747E+15,2026-06-08,2026-06-08,0,0,Outbound Freight,8.62,0.43,9.05
14829091,IF4041463185,Consolidated Shipment,V1T2B6VAL - Valhalla Pure Outfitters Inc,5.20576E+11,2026-06-08,2026-06-08,1,206.2,Outbound Shipment Materials,0.96,0.12,1.08
14829091,IF4041463185,Consolidated Shipment,V1T2B6VAL - Valhalla Pure Outfitters Inc,5.20576E+11,2026-06-08,2026-06-08,2,206.2,Outbound Freight,2.5,0.13,2.63
14809608,IF4041462960,33064809,N0G2V0HIS - HIS STYLE,KEL3259793,2026-06-01,2026-06-08,3,0,Outbound Freight,280.79,36.5,317.29
14809608,IF4041462960,33064809,N0G2V0HIS - HIS STYLE,KEL3259793,2026-06-01,2026-06-08,1,0,Shop Supplies,44,2.2,46.2
14809608,IF4041462960,33064809,N0G2V0HIS - HIS STYLE,KEL3259793,2026-06-01,2026-06-08,1,0,Outbound Shipment Materials,0.9,0.11,1.01
14809608,IF4041462960,33064809,N0G2V0HIS - HIS STYLE,KEL3259793,2026-06-01,2026-06-08,1,0,Manual BOL,12,0.6,12.6
14809608,IF4041462960,33064809,N0G2V0HIS - HIS STYLE,KEL3259793,2026-06-01,2026-06-08,1,0,Pallet Prep,10.5,0.53,11.03
14815705,IF4041463334,33087215,E5B1A8MY - MY SPACE GIFT SHOP,3.81911E+11,2026-06-04,2026-06-09,34,1286,Outbound Freight,44.72,6.71,51.43
14815705,IF4041463334,33087215,E5B1A8MY - MY SPACE GIFT SHOP,3.81911E+11,2026-06-04,2026-06-09,5,1286,Outbound Shipment Materials,4.65,0.56,5.21
14815707,IF4041463341,33087519,B0E1N0CAP - CAPER GYM AND FITNESS INC dba THE CENTRA,8.72851E+11,2026-06-04,2026-06-09,2,82.5,Outbound Shipment Materials,1.78,0.21,1.99
14815707,IF4041463341,33087519,B0E1N0CAP - CAPER GYM AND FITNESS INC dba THE CENTRA,8.72851E+11,2026-06-04,2026-06-09,3,82.5,Outbound Freight,25.54,3.58,29.12
14815704,IF4041463330,33087014,V6B1B2MAK - MAKE GASTOWN,4.00747E+15,2026-06-04,2026-06-09,0,765,Outbound Shipment Materials,0.3,0.04,0.34
14815704,IF4041463330,33087014,V6B1B2MAK - MAKE GASTOWN,4.00747E+15,2026-06-04,2026-06-09,34,765,Outbound Freight,9.64,0.48,10.12
14815706,IF4041463340,33087418,S0G3N0MCP - MCPHAIL TRAVEL,5.20577E+11,2026-06-04,2026-06-09,1,22.5,Outbound Freight,13.79,0.69,14.48
14815706,IF4041463340,33087418,S0G3N0MCP - MCPHAIL TRAVEL,5.20577E+11,2026-06-04,2026-06-09,2,22.5,Outbound Shipment Materials,1.78,0.21,1.99
14849197,IF4041461799,Adjustment,V7R4J1CAP - CAPILANO TRADING POST,19888514,2026-06-15,2026-06-10,0,0,Outbound Freight,46.55,2.33,48.88
14832645,IF4041464285,33136161,V4L1N6CRA - Craig Caplan,LSHP49559800,2026-06-09,2026-06-10,60,2700,Outbound Freight,14.58,0.73,15.31
14832645,IF4041464285,33136161,V4L1N6CRA - Craig Caplan,LSHP49559800,2026-06-09,2026-06-10,7,2700,Outbound Shipment Materials,7.12,0.86,7.98
14815702,IF4041463327,33087011,V6H3S4MAK - MAKE,LSHP49533422,2026-06-04,2026-06-10,19,4207.5,Outbound Shipment Materials,18.6,2.23,20.83
14815702,IF4041463327,33087011,V6H3S4MAK - MAKE,LSHP49533422,2026-06-04,2026-06-10,142,4207.5,Outbound Freight,34.83,1.74,36.57
14815703,IF4041463329,33087013,T4V1P9THE - THE TRENDY WALRUS,LSHP49533575,2026-06-04,2026-06-10,49,1776.8,Outbound Freight,29.43,1.47,30.9
14815703,IF4041463329,33087013,T4V1P9THE - THE TRENDY WALRUS,LSHP49533575,2026-06-04,2026-06-10,17,1776.8,Outbound Shipment Materials,17.17,2.06,19.23
14816037,IF4041461808,33003886,K7L1B5TRA - TRAILHEAD KINGSTON,LSHP49563140,2026-06-04,2026-06-10,37,1495.5,Outbound Freight,27.95,3.63,31.58
14816037,IF4041461808,33003886,K7L1B5TRA - TRAILHEAD KINGSTON,LSHP49563140,2026-06-04,2026-06-10,7,1495.5,Outbound Shipment Materials,7.12,0.86,7.98
14817421,IF4041463283,33084823,N0H2C0682 - 682565 ONTARIO INC.,LSHP49532195,2026-06-04,2026-06-10,5,0,Outbound Freight,226.41,29.43,255.84
14817421,IF4041463283,33084823,N0H2C0682 - 682565 ONTARIO INC.,LSHP49532195,2026-06-04,2026-06-10,5,0,Outbound Shipment Materials,5.25,0.63,5.88
14832644,IF4041464301,33136772,V0A1H0TOP - TOP NOTCH,LSHP49566185,2026-06-09,2026-06-10,4,411.4,Outbound Shipment Materials,4.06,0.48,4.54
14832644,IF4041464301,33136772,V0A1H0TOP - TOP NOTCH,LSHP49566185,2026-06-09,2026-06-10,17,411.4,Outbound Freight,20.38,1.02,21.4
14828516,IF4041464108,33125850,V6B1B2MAK - MAKE GASTOWN,4.00747E+15,2026-06-08,2026-06-10,15,337.5,Outbound Freight,8.29,0.41,8.7
14828516,IF4041464108,33125850,V6B1B2MAK - MAKE GASTOWN,4.00747E+15,2026-06-08,2026-06-10,3,337.5,Outbound Shipment Materials,2.93,0.36,3.29
14831072,IF4041464188,33130417,V1T2B6VAL - Valhalla Pure Outfitters Inc,5.2058E+11,2026-06-09,2026-06-10,3,269,Outbound Shipment Materials,2.93,0.36,3.29
14831072,IF4041464188,33130417,V1T2B6VAL - Valhalla Pure Outfitters Inc,5.2058E+11,2026-06-09,2026-06-10,1,269,Outbound Freight,1.25,0.06,1.31
14834752,IF4041464440,33144376,V6J1L6EXP - EXPOSURE CLOTHING,4.00747E+15,2026-06-10,2026-06-10,4,439.5,Outbound Shipment Materials,4.06,0.48,4.54
14834752,IF4041464440,33144376,V6J1L6EXP - EXPOSURE CLOTHING,4.00747E+15,2026-06-10,2026-06-10,15,439.5,Outbound Freight,10.35,0.52,10.87
14834753,IF4041464442,33144377,L9H1T7ADV - ADVENTURE ATTIC,4.00747E+15,2026-06-10,2026-06-10,12,332.5,Outbound Freight,14.3,1.86,16.16
14834753,IF4041464442,33144377,L9H1T7ADV - ADVENTURE ATTIC,4.00747E+15,2026-06-10,2026-06-10,3,332.5,Outbound Shipment Materials,2.93,0.36,3.29
14831073,IF4041464187,33130416,K0L1C0MAC - MACK ATTACK OUTDOORS,8.72919E+11,2026-06-09,2026-06-11,3,99,Outbound Shipment Materials,2.79,0.34,3.13
14831073,IF4041464187,33130416,K0L1C0MAC - MACK ATTACK OUTDOORS,8.72919E+11,2026-06-09,2026-06-11,5,99,Outbound Freight,16.3,2.12,18.42
14834757,IF4041462130,33021460,V0R2L0MAL - MALAHAT SKYWALK,1Z2VW7552099069125,2026-06-10,2026-06-15,610,18525,Outbound Freight,251.17,12.56,263.73
14834757,IF4041462130,33021460,V0R2L0MAL - MALAHAT SKYWALK,1Z2VW7552099069125,2026-06-10,2026-06-15,42,18525,Outbound Shipment Materials,41.6,4.99,46.59
14834757,IF4041462130,33021460,V0R2L0MAL - MALAHAT SKYWALK,1Z2VW7552099069125,2026-06-10,2026-06-15,1,18525,Manual BOL,12,0.6,12.6
14834757,IF4041462130,33021460,V0R2L0MAL - MALAHAT SKYWALK,1Z2VW7552099069125,2026-06-10,2026-06-15,1,18525,Pallet Prep,10.5,0.53,11.03
14838825,IF4041464640,33154214,L5T1X6TEN - tentree LAKEHEAD,1Z2VW7552092335215,2026-06-11,2026-06-15,24,1111,Outbound Freight,31.63,4.11,35.74
14838825,IF4041464640,33154214,L5T1X6TEN - tentree LAKEHEAD,1Z2VW7552092335215,2026-06-11,2026-06-15,12,1111,Outbound Shipment Materials,11.61,1.39,13
14838823,IF4041464638,33154212,B5A1E7EVE - EVERY BLOOMIN THING,4.00747E+15,2026-06-11,2026-06-15,7,308,Outbound Freight,16.96,2.37,19.33
14838823,IF4041464638,33154212,B5A1E7EVE - EVERY BLOOMIN THING,4.00747E+15,2026-06-11,2026-06-15,3,308,Outbound Shipment Materials,2.79,0.34,3.13
14838824,IF4041464639,33154213,G5R3C4SPO - SPORT SELECT LE ROI,4.00747E+15,2026-06-11,2026-06-15,53,1632,Outbound Freight,32.68,1.63,34.31
14838824,IF4041464639,33154213,G5R3C4SPO - SPORT SELECT LE ROI,4.00747E+15,2026-06-11,2026-06-15,5,1632,Outbound Shipment Materials,4.65,0.56,5.21
14850988,IF4041464509,Consolidated Shipment,V1T2B6VAL - Valhalla Pure Outfitters Inc,5.20587E+11,2026-06-15,2026-06-15,3,114.3,Outbound Freight,11.54,0.58,12.12
14850988,IF4041464509,Consolidated Shipment,V1T2B6VAL - Valhalla Pure Outfitters Inc,5.20587E+11,2026-06-15,2026-06-15,1,114.3,Outbound Shipment Materials,0.73,0.09,0.82
Work Order,Client Ref 1,Client Ref 2,Parent Document,PO Number,,,,,Service,,,
3929950,,,,,2026-06-01,2026-06-01,1,0,Administration Fee,250,12.5,262.5
3929958,,,,,2026-06-01,2026-06-01,1,0,Systems Maintenance,500,25,525
3930462,IF4041462002,33013329,4500810509,4500810509,2026-06-01,2026-06-01,52,0,Shop Supplies,0.52,0.03,0.55
3930462,IF4041462002,33013329,4500810509,4500810509,2026-06-01,2026-06-01,1,0,Warehouse Labour,47.25,2.36,49.61
3930464,IF4041462003,33013330,4500810510,4500810510,2026-06-01,2026-06-01,1,0,Warehouse Labour,47.25,2.36,49.61
3930464,IF4041462003,33013330,4500810510,4500810510,2026-06-01,2026-06-01,36,0,Shop Supplies,0.36,0.02,0.38
3930466,IF4041462004,33013331,4500810508,4500810508,2026-06-01,2026-06-01,83,0,Shop Supplies,0.83,0.04,0.87
3930466,IF4041462004,33013331,4500810508,4500810508,2026-06-01,2026-06-01,1,0,Warehouse Labour,47.25,2.36,49.61
3930311,FO-038E4E13,IF4041450747,,,2026-06-01,2026-06-02,215,0,Repackaging,38.7,1.94,40.64
3928187,IF4041462003,33013330,4500810510,4500810510,2026-05-27,2026-06-02,0,0,Tagging,11.81,0.59,12.4
3928186,IF4041462002,33013329,4500810509,4500810509,2026-05-27,2026-06-02,0,0,Tagging,15.59,0.78,16.37
3928188,IF4041462004,33013331,4500810508,4500810508,2026-05-27,2026-06-02,1,0,Tagging,27.41,1.37,28.78
3929328,IF4041462450,33040874,2P000026167,2P000026167,2026-05-29,2026-06-02,5,0,Tagging,236.25,11.81,248.06
3930909,IF4041462450,33040874,2P000026167,2P000026167,2026-06-02,2026-06-02,806,0,Shop Supplies,8.06,0.4,8.46
3930909,IF4041462450,33040874,2P000026167,2P000026167,2026-06-02,2026-06-02,1,0,Warehouse Labour,47.25,2.36,49.61
3929329,IF4041462451,33040875,2P000026167,2P000026167,2026-05-29,2026-06-02,3,0,Tagging,153.56,7.68,161.24
3930912,IF4041462451,33040875,2P000026167,2P000026167,2026-06-02,2026-06-02,500,0,Shop Supplies,5,0.25,5.25
3930912,IF4041462451,33040875,2P000026167,2P000026167,2026-06-02,2026-06-02,1,0,Warehouse Labour,47.25,2.36,49.61
3930999,IF4041462452,33040876,2P000026167,2P000026167,2026-06-02,2026-06-02,552,0,Shop Supplies,5.52,0.28,5.8
3930999,IF4041462452,33040876,2P000026167,2P000026167,2026-06-02,2026-06-02,1,0,Warehouse Labour,47.25,2.36,49.61
3929330,IF4041462452,33040876,2P000026167,2P000026167,2026-05-29,2026-06-02,4,0,Tagging,165.38,8.27,173.65
3931085,CC 06-02-2026,,,,2026-06-02,2026-06-02,0,0,Cycle Count,11.81,0.59,12.4
3930966,FO-77FE29AC,IF4041450746,,,2026-06-02,2026-06-03,49,0,Repackaging,8.82,0.44,9.26
3931042,FO-038E4E13,IF4041450747,,,2026-06-02,2026-06-03,16,0,Repackaging,2.88,0.14,3.02
3931429,Applying SSCC Labels,LIDS,,,2026-06-03,2026-06-03,0,0,Vendor Compliance,23.63,1.18,24.81
3931431,Creating SSCC labels,LIDS,,,2026-06-03,2026-06-03,1,0,Data Entry Labour,47.25,2.36,49.61
3931520,FO-77FE29AC,IF4041450746,,,2026-06-03,2026-06-04,195,0,Repackaging,35.1,1.76,36.86
3931504,FO-877C6056,IF4041450745,,,2026-06-03,2026-06-04,26,0,Repackaging,4.68,0.23,4.91
3932123,CC 06-04-2026,,,,2026-06-04,2026-06-04,3,0,Cycle Count,153.56,7.68,161.24
3932152,FO-77FE29AC,IF4041450746,,,2026-06-04,2026-06-05,5,0,Repackaging,0.9,0.05,0.95
3932077,FO-877C6056,IF4041450745,,,2026-06-04,2026-06-05,13,0,Repackaging,2.34,0.12,2.46
3932417,Strap Removal,BOL# 1545674,,,2026-06-05,2026-06-05,74,0,Warehouse Labour,18.5,0.93,19.43
3932370,PO04734,31604622,,,2026-06-05,2026-06-06,35,0,Repackaging,6.3,0.32,6.62
3933255,BOL# 1009301 & 1011039,,,,2026-06-08,2026-06-08,5,0,Warehouse Labour,236.25,11.81,248.06
3928274,FO-ABAE8824,IF4041450744,,,2026-05-27,2026-06-08,0,0,Tagging,9.45,0.47,9.92
3930234,FO-038E4E13,IF4041450747,,,2026-06-01,2026-06-08,0,0,Tagging,9.45,0.47,9.92
3931418,FO-77FE29AC,IF4041450746,,,2026-06-03,2026-06-08,0,0,Tagging,9.45,0.47,9.92
3928545,FO-6C3926DD,IF4041450743,,,2026-05-28,2026-06-08,0,0,Tagging,9.45,0.47,9.92
3927819,,,,,2026-05-26,2026-06-08,0,0,Tagging,9.45,0.47,9.92
3932266,IF4041463470,33095071,740753,740753,2026-06-05,2026-06-09,227,0,Shop Supplies,2.27,0.11,2.38
3932266,IF4041463470,33095071,740753,740753,2026-06-05,2026-06-09,1,0,Warehouse Labour,47.25,2.36,49.61
3932265,IF4041463470,33095071,740753,740753,2026-06-05,2026-06-10,2,0,Tagging,94.5,4.73,99.23
3934307,IF4041463470,33095071,740753,740753,2026-06-10,2026-06-10,0,0,Data Entry Labour,11.81,0.59,12.4
3934308,IF4041463470,33095071,740753,740753,2026-06-10,2026-06-10,0,0,Vendor Compliance,11.81,0.59,12.4
3934790,CC 06-11-2026,,,,2026-06-11,2026-06-11,2,0,Cycle Count,94.5,4.73,99.23
3935601,Tagging,06.12.26,,,2026-06-12,2026-06-12,1,0,Tagging,47.25,2.36,49.61
"Thursday, June 18, 2026",,,,,,,,,,,,
