OrderID,Client Ref 1,Client Ref 2,Customer,PO Number,Doc. Date,Completed,Units,Value,Service,Charges,Taxes,Inv. Amt
16677589,IF4041464781,33162763,R9A1L2KIC - KICK IT SPORTS,OCNKickIt10TreeSummer25,2026-06-12,2026-07-02,1,3723,Order Processing,2,0.1,2.1
16677589,IF4041464781,33162763,R9A1L2KIC - KICK IT SPORTS,OCNKickIt10TreeSummer25,2026-06-12,2026-07-02,102,3723,Order NonMasterPack,51,2.55,53.55
16726039,IF4041468141,33317079,V1T2B6VAL - Valhalla Pure Outfitters Inc,TEN260626-2,2026-06-29,2026-07-02,3,142,Order NonMasterPack,1.5,0.08,1.58
16726039,IF4041468141,33317079,V1T2B6VAL - Valhalla Pure Outfitters Inc,TEN260626-2,2026-06-29,2026-07-02,1,142,Order Processing,2,0.1,2.1
16726037,IF4041468139,33317077,V1T2B6VAL - Valhalla Pure Outfitters Inc,TEN260626,2026-06-29,2026-07-02,1,49,Order Processing,2,0.1,2.1
16726037,IF4041468139,33317077,V1T2B6VAL - Valhalla Pure Outfitters Inc,TEN260626,2026-06-29,2026-07-02,1,49,Order NonMasterPack,0.5,0.03,0.53
16688241,IF4041465334,33188407,V0G1S0VAL - Valhalla Pure Outfitters-04,Womens-July-TEN-SS26,2026-06-16,2026-07-02,23,923,Order NonMasterPack,11.5,0.58,12.08
16688241,IF4041465334,33188407,V0G1S0VAL - Valhalla Pure Outfitters-04,Womens-July-TEN-SS26,2026-06-16,2026-07-02,1,923,Order Processing,2,0.1,2.1
16691968,IF4041465632,33206064,V0G1S0VAL - Valhalla Pure Outfitters-04,Mens-July-TEN-SS26,2026-06-17,2026-07-02,9,331.5,Order NonMasterPack,4.5,0.23,4.73
16691968,IF4041465632,33206064,V0G1S0VAL - Valhalla Pure Outfitters-04,Mens-July-TEN-SS26,2026-06-17,2026-07-02,1,331.5,Order Processing,2,0.1,2.1
16726042,IF4041468144,33317082,V1P1T4BIG - BIG WHITE SKI RESORT LTD.,2505,2026-06-29,2026-07-02,101,3863,Order NonMasterPack,50.5,2.53,53.03
16726042,IF4041468144,33317082,V1P1T4BIG - BIG WHITE SKI RESORT LTD.,2505,2026-06-29,2026-07-02,1,3863,Order Processing,2,0.1,2.1
16726041,IF4041468143,33317081,S7N1A9OUT - OUTTER LIMITS,062826 tent,2026-06-29,2026-07-02,1,105.5,Order Processing,2,0.1,2.1
16726041,IF4041468143,33317081,S7N1A9OUT - OUTTER LIMITS,062826 tent,2026-06-29,2026-07-02,3,105.5,Order NonMasterPack,1.5,0.08,1.58
16741641,IF4041469102,33349235,V8B0H2THE - THE SQUAMISH STORE,ASAP0701,2026-07-02,2026-07-06,1,260,Order Processing,2,0.1,2.1
16741641,IF4041469102,33349235,V8B0H2THE - THE SQUAMISH STORE,ASAP0701,2026-07-02,2026-07-06,9,260,Order NonMasterPack,4.5,0.23,4.73
16726040,IF4041468142,33317080,V0J1Z0CHI - CHIAS DREAM CLOSET,rack,2026-06-29,2026-07-07,3,0,Handling,13.2,0.66,13.86
16726040,IF4041468142,33317080,V0J1Z0CHI - CHIAS DREAM CLOSET,rack,2026-06-29,2026-07-07,1,0,Order Processing,2,0.1,2.1
16741229,IF4041468457,33329456,V1T2B6VAL - Valhalla Pure Outfitters Inc,TEN260629,2026-07-02,2026-07-07,4,125.5,Order NonMasterPack,2,0.1,2.1
16741229,IF4041468457,33329456,V1T2B6VAL - Valhalla Pure Outfitters Inc,TEN260629,2026-07-02,2026-07-07,1,125.5,Order Processing,2,0.1,2.1
16741253,IF4041468465,33329873,V1T2B6VAL - Valhalla Pure Outfitters Inc,TEN260630,2026-07-02,2026-07-07,1,42.5,Order Processing,2,0.1,2.1
16741253,IF4041468465,33329873,V1T2B6VAL - Valhalla Pure Outfitters Inc,TEN260630,2026-07-02,2026-07-07,2,42.5,Order NonMasterPack,1,0.05,1.05
16745297,IF4041469216,33352231,V1T2B6VAL - Valhalla Pure Outfitters Inc,TEN260702,2026-07-03,2026-07-07,3,105.5,Order NonMasterPack,1.5,0.08,1.58
16745297,IF4041469216,33352231,V1T2B6VAL - Valhalla Pure Outfitters Inc,TEN260702,2026-07-03,2026-07-07,1,105.5,Order Processing,2,0.1,2.1
16742472,IF4041469150,33351004,J6E3H4KOI - KOIA VETEMENTS,1,2026-07-02,2026-07-08,1,509,Order Processing,2,0.1,2.1
16742472,IF4041469150,33351004,J6E3H4KOI - KOIA VETEMENTS,1,2026-07-02,2026-07-08,11,509,Order NonMasterPack,5.5,0.28,5.78
16745300,IF4041469220,33352332,V1G2C1GRI - GRIFFIN SOURCE FOR SPORTS,glenn,2026-07-03,2026-07-08,8,0,Handling,19.8,0.99,20.79
16745300,IF4041469220,33352332,V1G2C1GRI - GRIFFIN SOURCE FOR SPORTS,glenn,2026-07-03,2026-07-08,1,0,Order Processing,2,0.1,2.1
16765965,IF4041470306,33394703,M4E3L3KEL - KELLY HOLMES,Van Vista Samples,2026-07-07,2026-07-09,1,429.5,Order Processing,2,0.1,2.1
16765965,IF4041470306,33394703,M4E3L3KEL - KELLY HOLMES,Van Vista Samples,2026-07-07,2026-07-09,16,429.5,Order NonMasterPack,8,0.4,8.4
16741272,IF4041468486,33329992,S9X1Y2MAR - MARTODAMS,TENTR-F26-LDY,2026-07-02,2026-07-09,31,898,Order NonMasterPack,15.5,0.78,16.28
16741272,IF4041468486,33329992,S9X1Y2MAR - MARTODAMS,TENTR-F26-LDY,2026-07-02,2026-07-09,1,898,Order Processing,2,0.1,2.1
16710693,IF4041466385,33250388,N0H2R0BLU - BLUE HERON COMPANY  NET SHED,TentreeF26,2026-06-23,2026-07-09,17,554.5,Order NonMasterPack,8.5,0.43,8.93
16710693,IF4041466385,33250388,N0H2R0BLU - BLUE HERON COMPANY  NET SHED,TentreeF26,2026-06-23,2026-07-09,1,554.5,Order Processing,2,0.1,2.1
16741248,IF4041468507,33330013,K7V1R3SCO - SCOTT'S SHOE STORE,FW26,2026-07-02,2026-07-09,1,1214,Order Processing,2,0.1,2.1
16741248,IF4041468507,33330013,K7V1R3SCO - SCOTT'S SHOE STORE,FW26,2026-07-02,2026-07-09,38,1214,Order NonMasterPack,19,0.95,19.95
16741273,IF4041468495,33330002,G0A4B0BOU - BOUTIQUE POINT DE VUE,Fall 2026,2026-07-02,2026-07-09,49,2280,Order NonMasterPack,24.5,1.23,25.73
16741273,IF4041468495,33330002,G0A4B0BOU - BOUTIQUE POINT DE VUE,Fall 2026,2026-07-02,2026-07-09,1,2280,Order Processing,2,0.1,2.1
16733154,IF4041468434,33328496,E3B1B2THE - THE RADICAL EDGE,FALL26A,2026-06-30,2026-07-09,1,5585.5,Order Processing,2,0.1,2.1
16733154,IF4041468434,33328496,E3B1B2THE - THE RADICAL EDGE,FALL26A,2026-06-30,2026-07-09,147,5585.5,Order NonMasterPack,73.5,3.68,77.18
16745299,IF4041469219,33352056,J7R4Z3SPO - SPORTS EXPERTS - ATMOSPHERE,4266162-864,2026-07-03,2026-07-09,1,1156.5,Order Processing,2,0.1,2.1
16745299,IF4041469219,33352056,J7R4Z3SPO - SPORTS EXPERTS - ATMOSPHERE,4266162-864,2026-07-03,2026-07-09,43,1156.5,Order NonMasterPack,21.5,1.08,22.58
16745273,IF4041469186,33352032,J7R4Z3SPO - SPORTS EXPERTS - ATMOSPHERE,4266196-864,2026-07-03,2026-07-09,3,87,Order NonMasterPack,1.5,0.08,1.58
16745273,IF4041469186,33352032,J7R4Z3SPO - SPORTS EXPERTS - ATMOSPHERE,4266196-864,2026-07-03,2026-07-09,1,87,Order Processing,2,0.1,2.1
16745286,IF4041469202,33352045,J7R4Z3SPO - SPORTS EXPERTS - ATMOSPHERE,remplacement annulation,2026-07-03,2026-07-09,1,264,Order Processing,2,0.1,2.1
16745286,IF4041469202,33352045,J7R4Z3SPO - SPORTS EXPERTS - ATMOSPHERE,remplacement annulation,2026-07-03,2026-07-09,6,264,Order NonMasterPack,3,0.15,3.15
16745274,IF4041469187,33352033,E1X1G5SPO - SPORTS EXPERTS 646,4266196-646,2026-07-03,2026-07-09,1,103,Order Processing,2,0.1,2.1
16745274,IF4041469187,33352033,E1X1G5SPO - SPORTS EXPERTS 646,4266196-646,2026-07-03,2026-07-09,4,103,Order NonMasterPack,2,0.1,2.1
16745301,IF4041469221,33352057,E1X1G5SPO - SPORTS EXPERTS 646,4266162-646,2026-07-03,2026-07-09,67,1819.5,Order NonMasterPack,33.5,1.68,35.18
16745301,IF4041469221,33352057,E1X1G5SPO - SPORTS EXPERTS 646,4266162-646,2026-07-03,2026-07-09,1,1819.5,Order Processing,2,0.1,2.1
16745287,IF4041469203,33352046,E1X1G5SPO - SPORTS EXPERTS 646,4266158-646,2026-07-03,2026-07-09,15,540,Order NonMasterPack,7.5,0.38,7.88
16745287,IF4041469203,33352046,E1X1G5SPO - SPORTS EXPERTS 646,4266158-646,2026-07-03,2026-07-09,1,540,Order Processing,2,0.1,2.1
16745279,IF4041469194,33352038,E1X1G5SPO - SPORTS EXPERTS 646,4266611-646,2026-07-03,2026-07-09,66,1272.5,Order NonMasterPack,33,1.65,34.65
16745279,IF4041469194,33352038,E1X1G5SPO - SPORTS EXPERTS 646,4266611-646,2026-07-03,2026-07-09,1,1272.5,Order Processing,2,0.1,2.1
16745289,IF4041469205,33352048,J2G8K1SPO - Sports Experts 410,4266162-410,2026-07-03,2026-07-09,1,1060.5,Order Processing,2,0.1,2.1
16745289,IF4041469205,33352048,J2G8K1SPO - Sports Experts 410,4266162-410,2026-07-03,2026-07-09,33,1060.5,Order NonMasterPack,16.5,0.83,17.33
16745290,IF4041469206,33352049,G7H5N6SPO - SPORTS EXPERTS - ATMOSPHERE,4266162-698,2026-07-03,2026-07-09,1,2210.5,Order Processing,2,0.1,2.1
16745290,IF4041469206,33352049,G7H5N6SPO - SPORTS EXPERTS - ATMOSPHERE,4266162-698,2026-07-03,2026-07-09,73,2210.5,Order NonMasterPack,36.5,1.83,38.33
16745295,IF4041469213,33352053,J8E0P3SPO - SPORTS EXPERTS - ATMOSPHERE,4266162-870,2026-07-03,2026-07-09,1,2810,Order Processing,2,0.1,2.1
16745295,IF4041469213,33352053,J8E0P3SPO - SPORTS EXPERTS - ATMOSPHERE,4266162-870,2026-07-03,2026-07-09,76,2810,Order NonMasterPack,38,1.9,39.9
16745309,IF4041469238,33352650,B4P1E1WIL - WILD LILY,TENTREE FW26-1,2026-07-03,2026-07-09,1,414,Order Processing,2,0.1,2.1
16745309,IF4041469238,33352650,B4P1E1WIL - WILD LILY,TENTREE FW26-1,2026-07-03,2026-07-09,11,414,Order NonMasterPack,5.5,0.28,5.78
16745304,IF4041469227,33352060,J9P1W1SKI - Ski & Vélo Plein Air,4266162-847,2026-07-03,2026-07-09,1,848,Order Processing,2,0.1,2.1
16745304,IF4041469227,33352060,J9P1W1SKI - Ski & Vélo Plein Air,4266162-847,2026-07-03,2026-07-09,31,848,Order NonMasterPack,15.5,0.78,16.28
16745296,IF4041469215,33352054,J9P1W1SKI - Ski & Vélo Plein Air,4266158-847,2026-07-03,2026-07-09,1,294,Order Processing,2,0.1,2.1
16745296,IF4041469215,33352054,J9P1W1SKI - Ski & Vélo Plein Air,4266158-847,2026-07-03,2026-07-09,6,294,Order NonMasterPack,3,0.15,3.15
16759453,IF4041470054,33384935,N0H2G0MIK - MIKE GRAHAM dba THE CABANA,SAUBLE-JULY3,2026-07-06,2026-07-09,38,1053.2,Order NonMasterPack,19,0.95,19.95
16759453,IF4041470054,33384935,N0H2G0MIK - MIKE GRAHAM dba THE CABANA,SAUBLE-JULY3,2026-07-06,2026-07-09,1,1053.2,Order Processing,2,0.1,2.1
16765151,IF4041470288,33394152,A2N1H9BYR - BYRNES' SHOES AND SPORTSWEAR LTD.,Byrnes10TreeFW1,2026-07-07,2026-07-09,52,1466.5,Order NonMasterPack,26,1.3,27.3
16765151,IF4041470288,33394152,A2N1H9BYR - BYRNES' SHOES AND SPORTSWEAR LTD.,Byrnes10TreeFW1,2026-07-07,2026-07-09,1,1466.5,Order Processing,2,0.1,2.1
16710698,IF4041466375,33250378,V3K6V7BEL - BELOW THE BELT - COQUITLAM,R16115,2026-06-23,2026-07-09,54,999,Order NonMasterPack,27,1.35,28.35
16710698,IF4041466375,33250378,V3K6V7BEL - BELOW THE BELT - COQUITLAM,R16115,2026-06-23,2026-07-09,1,999,Order Processing,2,0.1,2.1
16691969,IF4041465633,33206065,A2H2N2GEO - GEORGES MOUNTAIN VILLAGE,Swap -FW-26/27,2026-06-17,2026-07-09,1,90,Order Processing,2,0.1,2.1
16691969,IF4041465633,33206065,A2H2N2GEO - GEORGES MOUNTAIN VILLAGE,Swap -FW-26/27,2026-06-17,2026-07-09,6,90,Order NonMasterPack,3,0.15,3.15
16711472,IF4041466661,33259148,B0E1N0CAP - CAPER GYM AND FITNESS INC dba THE CENTRA,Swap - July,2026-06-23,2026-07-09,1,132,Order Processing,2,0.1,2.1
16711472,IF4041466661,33259148,B0E1N0CAP - CAPER GYM AND FITNESS INC dba THE CENTRA,Swap - July,2026-06-23,2026-07-09,3,132,Order NonMasterPack,1.5,0.08,1.58
16711501,IF4041466704,33259377,N0M1T0ARC - ARCHIES SURF SHOP,Tentree Fall 2026 Order,2026-06-23,2026-07-09,91,3543,Order NonMasterPack,45.5,2.28,47.78
16711501,IF4041466704,33259377,N0M1T0ARC - ARCHIES SURF SHOP,Tentree Fall 2026 Order,2026-06-23,2026-07-09,1,3543,Order Processing,2,0.1,2.1
16711812,IF4041466720,33259781,NLA0EOUT - OUTPORT BOUTIQUE,F26 - Swap,2026-06-23,2026-07-09,1,264,Order Processing,2,0.1,2.1
16711812,IF4041466720,33259781,NLA0EOUT - OUTPORT BOUTIQUE,F26 - Swap,2026-06-23,2026-07-09,6,264,Order NonMasterPack,3,0.15,3.15
16733137,IF4041468416,33328478,N0A1N0THE - THE SURF SHOP,Fall 2026,2026-06-30,2026-07-09,90,3272,Order NonMasterPack,45,2.25,47.25
16733137,IF4041468416,33328478,N0A1N0THE - THE SURF SHOP,Fall 2026,2026-06-30,2026-07-09,1,3272,Order Processing,2,0.1,2.1
16733139,IF4041468419,33328481,B0E1N0CAP - CAPER GYM AND FITNESS INC dba THE CENTRA,July,2026-06-30,2026-07-09,162,4585.5,Order NonMasterPack,81,4.05,85.05
16733139,IF4041468419,33328481,B0E1N0CAP - CAPER GYM AND FITNESS INC dba THE CENTRA,July,2026-06-30,2026-07-09,1,4585.5,Order Processing,2,0.1,2.1
16741246,IF4041468536,33330552,H7L5Z6A/S - A/S Les Boutiques Tremblant,MA-33569-A,2026-07-02,2026-07-09,1,3756,Order Processing,2,0.1,2.1
16741246,IF4041468536,33330552,H7L5Z6A/S - A/S Les Boutiques Tremblant,MA-33569-A,2026-07-02,2026-07-09,76,3756,Order NonMasterPack,38,1.9,39.9
16741252,IF4041468506,33330012,N4N1N9DEN - DENIM BAR,Fall26,2026-07-02,2026-07-09,1,1537.5,Order Processing,2,0.1,2.1
16741252,IF4041468506,33330012,N4N1N9DEN - DENIM BAR,Fall26,2026-07-02,2026-07-09,40,1537.5,Order NonMasterPack,20,1,21
16741267,IF4041468512,33330019,B5A1E7EVE - EVERY BLOOMIN THING,KN112725A,2026-07-02,2026-07-09,1,2232,Order Processing,2,0.1,2.1
16741267,IF4041468512,33330019,B5A1E7EVE - EVERY BLOOMIN THING,KN112725A,2026-07-02,2026-07-09,72,2232,Order NonMasterPack,36,1.8,37.8
16741270,IF4041468505,33330011,L4G3H7ST - ST ANDREW'S COLLEGE,579,2026-07-02,2026-07-09,1,2547,Order Processing,2,0.1,2.1
16741270,IF4041468505,33330011,L4G3H7ST - ST ANDREW'S COLLEGE,579,2026-07-02,2026-07-09,43,2547,Order NonMasterPack,21.5,1.08,22.58
16741276,IF4041468539,33330555,V8L1X8SID - SIDNEY PIER AND PATH,3,2026-07-02,2026-07-09,160,6047,Order NonMasterPack,80,4,84
16741276,IF4041468539,33330555,V8L1X8SID - SIDNEY PIER AND PATH,3,2026-07-02,2026-07-09,1,6047,Order Processing,2,0.1,2.1
16741509,IF4041469101,33349229,NLA0EOUT - OUTPORT BOUTIQUE,1,2026-07-02,2026-07-09,1,1683,Order Processing,2,0.1,2.1
16741509,IF4041469101,33349229,NLA0EOUT - OUTPORT BOUTIQUE,1,2026-07-02,2026-07-09,49,1683,Order NonMasterPack,24.5,1.23,25.73
16733155,IF4041468435,33328497,A2H2N2GEO - GEORGES MOUNTAIN VILLAGE,FW-26/27,2026-06-30,2026-07-09,1,6774,Order Processing,2,0.1,2.1
16733155,IF4041468435,33328497,A2H2N2GEO - GEORGES MOUNTAIN VILLAGE,FW-26/27,2026-06-30,2026-07-09,154,6774,Order NonMasterPack,77,3.85,80.85
16741254,IF4041468535,33330551,H7L5Z6A/S - A/S Les Boutiques Tremblant,MA-33570-A,2026-07-02,2026-07-09,1,2544,Order Processing,2,0.1,2.1
16741254,IF4041468535,33330551,H7L5Z6A/S - A/S Les Boutiques Tremblant,MA-33570-A,2026-07-02,2026-07-09,46,2544,Order NonMasterPack,23,1.15,24.15
16742471,IF4041469146,33350994,V8L1X8SID - SIDNEY PIER AND PATH,1,2026-07-02,2026-07-09,1,5814,Order Processing,2,0.1,2.1
16742471,IF4041469146,33350994,V8L1X8SID - SIDNEY PIER AND PATH,1,2026-07-02,2026-07-09,2,5814,Order Master Pack Carton,4,0.2,4.2
16742471,IF4041469146,33350994,V8L1X8SID - SIDNEY PIER AND PATH,1,2026-07-02,2026-07-09,94,5814,Order NonMasterPack,47,2.35,49.35
16745305,IF4041469228,33352061,J1X2A9SPO - SPORTS EXPERTS 468 (NORMANDIN),4266162-468,2026-07-03,2026-07-09,1,2255,Order Processing,2,0.1,2.1
16745305,IF4041469228,33352061,J1X2A9SPO - SPORTS EXPERTS 468 (NORMANDIN),4266162-468,2026-07-03,2026-07-09,73,2255,Order NonMasterPack,36.5,1.83,38.33
16745267,IF4041469180,33352026,J1X2A9SPO - SPORTS EXPERTS 468 (NORMANDIN),4266196-468,2026-07-03,2026-07-09,1,631,Order Processing,2,0.1,2.1
16745267,IF4041469180,33352026,J1X2A9SPO - SPORTS EXPERTS 468 (NORMANDIN),4266196-468,2026-07-03,2026-07-09,24,631,Order NonMasterPack,12,0.6,12.6
16745277,IF4041469192,33352036,J1X2A9SPO - SPORTS EXPERTS 468 (NORMANDIN),4266611-468,2026-07-03,2026-07-09,1,360,Order Processing,2,0.1,2.1
16745277,IF4041469192,33352036,J1X2A9SPO - SPORTS EXPERTS 468 (NORMANDIN),4266611-468,2026-07-03,2026-07-09,18,360,Order NonMasterPack,9,0.45,9.45
16745270,IF4041469183,33352029,G0C1J0SPO - SPORTS EXPERTS 677,4266196-677,2026-07-03,2026-07-09,8,232,Order NonMasterPack,4,0.2,4.2
16745270,IF4041469183,33352029,G0C1J0SPO - SPORTS EXPERTS 677,4266196-677,2026-07-03,2026-07-09,1,232,Order Processing,2,0.1,2.1
16745288,IF4041469204,33352047,J1L1C9SPO - SPORTS EXPERTS - ATMOSPHERE,4266162-796,2026-07-03,2026-07-09,1,2503,Order Processing,2,0.1,2.1
16745288,IF4041469204,33352047,J1L1C9SPO - SPORTS EXPERTS - ATMOSPHERE,4266162-796,2026-07-03,2026-07-09,69,2503,Order NonMasterPack,34.5,1.73,36.23
16745271,IF4041469184,33352030,J1L1C9SPO - SPORTS EXPERTS - ATMOSPHERE,4266196-796,2026-07-03,2026-07-09,4,116,Order NonMasterPack,2,0.1,2.1
16745271,IF4041469184,33352030,J1L1C9SPO - SPORTS EXPERTS - ATMOSPHERE,4266196-796,2026-07-03,2026-07-09,1,116,Order Processing,2,0.1,2.1
16745292,IF4041469209,33352051,J2K3G8SPO - SPORTS EXPERTS 479,4266162-479,2026-07-03,2026-07-09,56,1715,Order NonMasterPack,28,1.4,29.4
16745292,IF4041469209,33352051,J2K3G8SPO - SPORTS EXPERTS 479,4266162-479,2026-07-03,2026-07-09,1,1715,Order Processing,2,0.1,2.1
16745278,IF4041469193,33352037,J2K3G8SPO - SPORTS EXPERTS 479,4266611-479,2026-07-03,2026-07-09,18,360,Order NonMasterPack,9,0.45,9.45
16745278,IF4041469193,33352037,J2K3G8SPO - SPORTS EXPERTS 479,4266611-479,2026-07-03,2026-07-09,1,360,Order Processing,2,0.1,2.1
16745272,IF4041469185,33352031,J2K3G8SPO - SPORTS EXPERTS 479,4266196-479,2026-07-03,2026-07-09,24,631,Order NonMasterPack,12,0.6,12.6
16745272,IF4041469185,33352031,J2K3G8SPO - SPORTS EXPERTS 479,4266196-479,2026-07-03,2026-07-09,1,631,Order Processing,2,0.1,2.1
16745282,IF4041469197,33352041,J9X6H7SPO - SPORTS EXPERTS,4266611-849,2026-07-03,2026-07-09,1,262.5,Order Processing,2,0.1,2.1
16745282,IF4041469197,33352041,J9X6H7SPO - SPORTS EXPERTS,4266611-849,2026-07-03,2026-07-09,15,262.5,Order NonMasterPack,7.5,0.38,7.88
16745284,IF4041469200,33352043,J6W3Z5SPO - SPORTS EXPERTS - ATMOSPHERE,remplacement annulation,2026-07-03,2026-07-09,1,378,Order Processing,2,0.1,2.1
16745284,IF4041469200,33352043,J6W3Z5SPO - SPORTS EXPERTS - ATMOSPHERE,remplacement annulation,2026-07-03,2026-07-09,7,378,Order NonMasterPack,3.5,0.18,3.68
16745291,IF4041469208,33352050,J6W3Z5SPO - SPORTS EXPERTS - ATMOSPHERE,4266162-851,2026-07-03,2026-07-09,1,2810,Order Processing,2,0.1,2.1
16745291,IF4041469208,33352050,J6W3Z5SPO - SPORTS EXPERTS - ATMOSPHERE,4266162-851,2026-07-03,2026-07-09,76,2810,Order NonMasterPack,38,1.9,39.9
16745298,IF4041469217,33352055,J2S4Z5SPO - SPORTS EXPERTS,4266162-536,2026-07-03,2026-07-09,157,4970,Order NonMasterPack,78.5,3.93,82.43
16745298,IF4041469217,33352055,J2S4Z5SPO - SPORTS EXPERTS,4266162-536,2026-07-03,2026-07-09,1,4970,Order Processing,2,0.1,2.1
16745302,IF4041469223,33352058,H9R5J1CEN - Centre Fairview Pointe-Claire,4266162-586,2026-07-03,2026-07-09,1,2469.5,Order Processing,2,0.1,2.1
16745302,IF4041469223,33352058,H9R5J1CEN - Centre Fairview Pointe-Claire,4266162-586,2026-07-03,2026-07-09,75,2469.5,Order NonMasterPack,37.5,1.88,39.38
16733130,IF4041468407,33328469,P9A1H4MCT - MCTAGGARTS SOURCE FOR SPORTS,L260814,2026-06-30,2026-07-09,89,2809,Order NonMasterPack,44.5,2.23,46.73
16733130,IF4041468407,33328469,P9A1H4MCT - MCTAGGARTS SOURCE FOR SPORTS,L260814,2026-06-30,2026-07-09,1,2809,Order Processing,2,0.1,2.1
16741222,IF4041468510,33330015,E3V3S9JES - JESSOMES SOURCE FOR SPORTS,FW26-TENTREE,2026-07-02,2026-07-09,74,2594.5,Order NonMasterPack,37,1.85,38.85
16741222,IF4041468510,33330015,E3V3S9JES - JESSOMES SOURCE FOR SPORTS,FW26-TENTREE,2026-07-02,2026-07-09,1,2594.5,Order Processing,2,0.1,2.1
16745268,IF4041469181,33352027,G4X2A9CAR - Carrefour Gaspé,4266196-681,2026-07-03,2026-07-09,1,348,Order Processing,2,0.1,2.1
16745268,IF4041469181,33352027,G4X2A9CAR - Carrefour Gaspé,4266196-681,2026-07-03,2026-07-09,12,348,Order NonMasterPack,6,0.3,6.3
16745269,IF4041469182,33352028,J6T1A9SPO - Sports Experts,4266196-454,2026-07-03,2026-07-09,4,123,Order NonMasterPack,2,0.1,2.1
16745269,IF4041469182,33352028,J6T1A9SPO - Sports Experts,4266196-454,2026-07-03,2026-07-09,1,123,Order Processing,2,0.1,2.1
16745275,IF4041469189,33352034,J9T4B2SPO - SPORTS EXPERTS,4266196-855,2026-07-03,2026-07-09,1,174,Order Processing,2,0.1,2.1
16745275,IF4041469189,33352034,J9T4B2SPO - SPORTS EXPERTS,4266196-855,2026-07-03,2026-07-09,6,174,Order NonMasterPack,3,0.15,3.15
16745281,IF4041469196,33352040,J9T4B2SPO - SPORTS EXPERTS,4266611-855,2026-07-03,2026-07-09,1,262.5,Order Processing,2,0.1,2.1
16745281,IF4041469196,33352040,J9T4B2SPO - SPORTS EXPERTS,4266611-855,2026-07-03,2026-07-09,15,262.5,Order NonMasterPack,7.5,0.38,7.88
16745276,IF4041469190,33352035,E3V1T9SPO - SPORTS EXPERTS,4266196-482,2026-07-03,2026-07-09,17,434.5,Order NonMasterPack,8.5,0.43,8.93
16745276,IF4041469190,33352035,E3V1T9SPO - SPORTS EXPERTS,4266196-482,2026-07-03,2026-07-09,1,434.5,Order Processing,2,0.1,2.1
16745280,IF4041469195,33352039,E3V1T9SPO - SPORTS EXPERTS,4266611-482,2026-07-03,2026-07-09,1,577.5,Order Processing,2,0.1,2.1
16745280,IF4041469195,33352039,E3V1T9SPO - SPORTS EXPERTS,4266611-482,2026-07-03,2026-07-09,27,577.5,Order NonMasterPack,13.5,0.68,14.18
16745283,IF4041469198,33352042,J9P1W1SKI - Ski & Vélo Plein Air,remplacement annulation,2026-07-03,2026-07-09,12,708,Order NonMasterPack,6,0.3,6.3
16745283,IF4041469198,33352042,J9P1W1SKI - Ski & Vélo Plein Air,remplacement annulation,2026-07-03,2026-07-09,1,708,Order Processing,2,0.1,2.1
16745307,IF4041469231,33352063,Y1A2B4COA - COAST MOUNTAIN - Sports Experts #770,3050147,2026-07-03,2026-07-09,1,649,Order Processing,2,0.1,2.1
16745307,IF4041469231,33352063,Y1A2B4COA - COAST MOUNTAIN - Sports Experts #770,3050147,2026-07-03,2026-07-09,11,649,Order NonMasterPack,5.5,0.28,5.78
16746173,IF4041469390,33359352,A2N1H9BYR - BYRNES' SHOES AND SPORTSWEAR LTD.,Byrnes10TreeFW1 - Swap,2026-07-03,2026-07-09,1,354,Order Processing,2,0.1,2.1
16746173,IF4041469390,33359352,A2N1H9BYR - BYRNES' SHOES AND SPORTSWEAR LTD.,Byrnes10TreeFW1 - Swap,2026-07-03,2026-07-09,6,354,Order NonMasterPack,3,0.15,3.15
16745306,IF4041469230,33352062,Y1A2B4COA - COAST MOUNTAIN - Sports Experts #770,3050147,2026-07-03,2026-07-09,141,3899.5,Order NonMasterPack,70.5,3.53,74.03
16745306,IF4041469230,33352062,Y1A2B4COA - COAST MOUNTAIN - Sports Experts #770,3050147,2026-07-03,2026-07-09,1,3899.5,Order Processing,2,0.1,2.1
16745285,IF4041469201,33352044,J8E0P3SPO - SPORTS EXPERTS - ATMOSPHERE,remplacement annulation,2026-07-03,2026-07-09,1,216,Order Processing,2,0.1,2.1
16745285,IF4041469201,33352044,J8E0P3SPO - SPORTS EXPERTS - ATMOSPHERE,remplacement annulation,2026-07-03,2026-07-09,4,216,Order NonMasterPack,2,0.1,2.1
16759450,IF4041470051,33384932,V1T2B6VAL - Valhalla Pure Outfitters Inc,TEN260706,2026-07-06,2026-07-09,2,64.8,Order NonMasterPack,1,0.05,1.05
16759450,IF4041470051,33384932,V1T2B6VAL - Valhalla Pure Outfitters Inc,TEN260706,2026-07-06,2026-07-09,1,64.8,Order Processing,2,0.1,2.1
16759050,IF4041469980,33383443,V9L1V8WAL - WALL STREET CLOTHING,June122026fill20off,2026-07-06,2026-07-09,13,561,Order NonMasterPack,6.5,0.33,6.83
16759050,IF4041469980,33383443,V9L1V8WAL - WALL STREET CLOTHING,June122026fill20off,2026-07-06,2026-07-09,1,561,Order Processing,2,0.1,2.1
16741224,IF4041468523,33330129,G3A0P5LAT - LATULIPPE DISTRIBUTION CENTER,132345,2026-07-02,2026-07-09,1,1720,Order Processing,2,0.1,2.1
16741224,IF4041468523,33330129,G3A0P5LAT - LATULIPPE DISTRIBUTION CENTER,132345,2026-07-02,2026-07-09,58,1720,Order NonMasterPack,29,1.45,30.45
16733107,IF4041468386,33328348,G3A0P5LAT - LATULIPPE DISTRIBUTION CENTER,132343,2026-06-30,2026-07-09,9,551,Order NonMasterPack,4.5,0.23,4.73
16733107,IF4041468386,33328348,G3A0P5LAT - LATULIPPE DISTRIBUTION CENTER,132343,2026-06-30,2026-07-09,1,551,Order Processing,2,0.1,2.1
16733108,IF4041468388,33328349,G3A0P5LAT - LATULIPPE DISTRIBUTION CENTER,132344,2026-06-30,2026-07-09,9,551,Order NonMasterPack,4.5,0.23,4.73
16733108,IF4041468388,33328349,G3A0P5LAT - LATULIPPE DISTRIBUTION CENTER,132344,2026-06-30,2026-07-09,1,551,Order Processing,2,0.1,2.1
16733142,IF4041468422,33328484,G3A0P5LAT - LATULIPPE DISTRIBUTION CENTER,132344,2026-06-30,2026-07-09,79,2582,Order NonMasterPack,39.5,1.98,41.48
16733142,IF4041468422,33328484,G3A0P5LAT - LATULIPPE DISTRIBUTION CENTER,132344,2026-06-30,2026-07-09,1,2582,Order Processing,2,0.1,2.1
16733145,IF4041468425,33328488,G3A0P5LAT - LATULIPPE DISTRIBUTION CENTER,132343,2026-06-30,2026-07-09,87,2860,Order NonMasterPack,43.5,2.18,45.68
16733145,IF4041468425,33328488,G3A0P5LAT - LATULIPPE DISTRIBUTION CENTER,132343,2026-06-30,2026-07-09,1,2860,Order Processing,2,0.1,2.1
16710682,IF4041466368,33250373,G3A0P5LAT - LATULIPPE DISTRIBUTION CENTER,132345,2026-06-23,2026-07-09,5,295,Order NonMasterPack,2.5,0.13,2.63
16710682,IF4041466368,33250373,G3A0P5LAT - LATULIPPE DISTRIBUTION CENTER,132345,2026-06-23,2026-07-09,1,295,Order Processing,2,0.1,2.1
16710681,IF4041466381,33250384,V0R2Z0TOF - TOFINO FISHING AND TRADING,1TENF26,2026-06-23,2026-07-10,1,1047.5,Order Processing,2,0.1,2.1
16710681,IF4041466381,33250384,V0R2Z0TOF - TOFINO FISHING AND TRADING,1TENF26,2026-06-23,2026-07-10,44,1047.5,Order NonMasterPack,22,1.1,23.1
16691971,IF4041465638,33206070,V1E1B4HAR - HARTTY CLOTHING,TenF26A,2026-06-17,2026-07-10,18,792,Order NonMasterPack,9,0.45,9.45
16691971,IF4041465638,33206070,V1E1B4HAR - HARTTY CLOTHING,TenF26A,2026-06-17,2026-07-10,1,792,Order Processing,2,0.1,2.1
16691973,IF4041465640,33206072,V9Y8E9LAC - LACE IT UP aka JAYS MENS WEAR,TTHatsFA1,2026-06-17,2026-07-10,1,450,Order Processing,2,0.1,2.1
16691973,IF4041465640,33206072,V9Y8E9LAC - LACE IT UP aka JAYS MENS WEAR,TTHatsFA1,2026-06-17,2026-07-10,20,450,Order NonMasterPack,10,0.5,10.5
16710677,IF4041466374,33250377,T9M0C4TNT - TNT CLOTHING,fall1,2026-06-23,2026-07-10,1,675,Order Processing,2,0.1,2.1
16710677,IF4041466374,33250377,T9M0C4TNT - TNT CLOTHING,fall1,2026-06-23,2026-07-10,30,675,Order NonMasterPack,15,0.75,15.75
16710685,IF4041466380,33250383,R6W0L8TIM - TIME-OUT SPORTS EXCELLENCE,FA26D1,2026-06-23,2026-07-10,49,1231,Order NonMasterPack,24.5,1.23,25.73
16710685,IF4041466380,33250383,R6W0L8TIM - TIME-OUT SPORTS EXCELLENCE,FA26D1,2026-06-23,2026-07-10,1,1231,Order Processing,2,0.1,2.1
16710687,IF4041466379,33250382,T8V3B1THE - The Drop Rideshop,TenMen7-15-26,2026-06-23,2026-07-10,1,5708.5,Order Processing,2,0.1,2.1
16710687,IF4041466379,33250382,T8V3B1THE - The Drop Rideshop,TenMen7-15-26,2026-06-23,2026-07-10,1,5708.5,Order Master Pack Carton,2,0.1,2.1
16710687,IF4041466379,33250382,T8V3B1THE - The Drop Rideshop,TenMen7-15-26,2026-06-23,2026-07-10,185,5708.5,Order NonMasterPack,92.5,4.63,97.13
16710694,IF4041466384,33250387,T0L1E0WIL - WILSON MOUNTAIN SPORTS LTD.,10T726M,2026-06-23,2026-07-10,204,5452,Order NonMasterPack,102,5.1,107.1
16710694,IF4041466384,33250387,T0L1E0WIL - WILSON MOUNTAIN SPORTS LTD.,10T726M,2026-06-23,2026-07-10,1,5452,Order Processing,2,0.1,2.1
16710697,IF4041466376,33250379,V7M3M7VAL - VALHALLA PURE OUTFITTERS,35-TEN-FW26-12112025-1,2026-06-23,2026-07-10,1,1695,Order Processing,2,0.1,2.1
16710697,IF4041466376,33250379,V7M3M7VAL - VALHALLA PURE OUTFITTERS,35-TEN-FW26-12112025-1,2026-06-23,2026-07-10,39,1695,Order NonMasterPack,19.5,0.98,20.48
16711471,IF4041466660,33259147,V5J3G6CAN - CANADA GARDENWORKS LTD dba GARDENWORKS,FW26 tentree womens,2026-06-23,2026-07-10,1,3168,Order Processing,2,0.1,2.1
16711471,IF4041466660,33259147,V5J3G6CAN - CANADA GARDENWORKS LTD dba GARDENWORKS,FW26 tentree womens,2026-06-23,2026-07-10,72,3168,Order NonMasterPack,36,1.8,37.8
16711473,IF4041466662,33259149,V0G1R0TOU - TOUCH OF FASHION,fall 1,2026-06-23,2026-07-10,1,1722.5,Order Processing,2,0.1,2.1
16711473,IF4041466662,33259149,V0G1R0TOU - TOUCH OF FASHION,fall 1,2026-06-23,2026-07-10,63,1722.5,Order NonMasterPack,31.5,1.58,33.08
16711475,IF4041466664,33259150,T7A1S4254 - 2545501 Alberta Ltd. dba Eigthy Eight Cl,FALL26oneof2,2026-06-23,2026-07-10,1,1556.5,Order Processing,2,0.1,2.1
16711475,IF4041466664,33259150,T7A1S4254 - 2545501 Alberta Ltd. dba Eigthy Eight Cl,FALL26oneof2,2026-06-23,2026-07-10,49,1556.5,Order NonMasterPack,24.5,1.23,25.73
16711479,IF4041466669,33259155,T7P2J8A&M - A&M CLOTHING AND SHOES,Men's Fall 26,2026-06-23,2026-07-10,1,2291,Order Processing,2,0.1,2.1
16711479,IF4041466669,33259155,T7P2J8A&M - A&M CLOTHING AND SHOES,Men's Fall 26,2026-06-23,2026-07-10,80,2291,Order NonMasterPack,40,2,42
16711480,IF4041466682,33259257,T0L2H0KAN - KANANASKIS OUTFITTERS LTD,Mns Early,2026-06-23,2026-07-10,1,540.5,Order Processing,2,0.1,2.1
16711480,IF4041466682,33259257,T0L2H0KAN - KANANASKIS OUTFITTERS LTD,Mns Early,2026-06-23,2026-07-10,18,540.5,Order NonMasterPack,9,0.45,9.45
16711481,IF4041466683,33259256,J7C3V6PER - PERFORMANCE SPORTS EXTREMES INC dba PRFO,TEN1MEN1808426,2026-06-23,2026-07-10,1,787.5,Order Processing,2,0.1,2.1
16711481,IF4041466683,33259256,J7C3V6PER - PERFORMANCE SPORTS EXTREMES INC dba PRFO,TEN1MEN1808426,2026-06-23,2026-07-10,35,787.5,Order NonMasterPack,17.5,0.88,18.38
16711487,IF4041466689,33259262,V0J3A0CAL - CALIFORNIA DREAMIN,del 1,2026-06-23,2026-07-10,103,2929,Order NonMasterPack,51.5,2.58,54.08
16711487,IF4041466689,33259262,V0J3A0CAL - CALIFORNIA DREAMIN,del 1,2026-06-23,2026-07-10,1,2929,Order Processing,2,0.1,2.1
16711811,IF4041466721,33259782,B2H2P6PIC - PICTOU MANAGEMENT LTD dba MINERS APPAREL,TENTREE FW26,2026-06-23,2026-07-10,15,529.5,Order NonMasterPack,7.5,0.38,7.88
16711811,IF4041466721,33259782,B2H2P6PIC - PICTOU MANAGEMENT LTD dba MINERS APPAREL,TENTREE FW26,2026-06-23,2026-07-10,1,529.5,Order Processing,2,0.1,2.1
16733117,IF4041468392,33328353,V0A1H0TOP - TOP NOTCH,TTreeFall26,2026-06-30,2026-07-10,1,4364,Order Processing,2,0.1,2.1
16733117,IF4041468392,33328353,V0A1H0TOP - TOP NOTCH,TTreeFall26,2026-06-30,2026-07-10,121,4364,Order NonMasterPack,60.5,3.03,63.53
16733128,IF4041468405,33328467,V0B1M0EDG - EDGE OF THE WORLD BOARD SHOP,F26EOW,2026-06-30,2026-07-10,1,11398.5,Order Processing,2,0.1,2.1
16733128,IF4041468405,33328467,V0B1M0EDG - EDGE OF THE WORLD BOARD SHOP,F26EOW,2026-06-30,2026-07-10,399,11398.5,Order NonMasterPack,199.5,9.98,209.48
16733131,IF4041468409,33328472,V5J3G6CAN - CANADA GARDENWORKS LTD dba GARDENWORKS,FW26 tentree womens,2026-06-30,2026-07-10,153,4668,Order NonMasterPack,76.5,3.83,80.33
16733131,IF4041468409,33328472,V5J3G6CAN - CANADA GARDENWORKS LTD dba GARDENWORKS,FW26 tentree womens,2026-06-30,2026-07-10,1,4668,Order Processing,2,0.1,2.1
16733132,IF4041468411,33328471,V1E1B4HAR - HARTTY CLOTHING,TenF26A,2026-06-30,2026-07-10,1,6671,Order Processing,2,0.1,2.1
16733132,IF4041468411,33328471,V1E1B4HAR - HARTTY CLOTHING,TenF26A,2026-06-30,2026-07-10,213,6671,Order NonMasterPack,106.5,5.33,111.83
16733133,IF4041468412,33328474,T4V1N2THE - THE TRENDY WALRUS,FW26,2026-06-30,2026-07-10,104,4643,Order NonMasterPack,52,2.6,54.6
16733133,IF4041468412,33328474,T4V1N2THE - THE TRENDY WALRUS,FW26,2026-06-30,2026-07-10,1,4643,Order Processing,2,0.1,2.1
16733135,IF4041468414,33328476,V5J3G6CAN - CANADA GARDENWORKS LTD dba GARDENWORKS,FW26 tentree mens,2026-06-30,2026-07-10,330,10399.5,Order NonMasterPack,165,8.25,173.25
16733135,IF4041468414,33328476,V5J3G6CAN - CANADA GARDENWORKS LTD dba GARDENWORKS,FW26 tentree mens,2026-06-30,2026-07-10,1,10399.5,Order Processing,2,0.1,2.1
16733136,IF4041468415,33328477,N0H2C0MIK - MIKE GRAHAM dba THE CABANA,PORT-SUMMER,2026-06-30,2026-07-10,1,652.5,Order Processing,2,0.1,2.1
16733136,IF4041468415,33328477,N0H2C0MIK - MIKE GRAHAM dba THE CABANA,PORT-SUMMER,2026-06-30,2026-07-10,29,652.5,Order NonMasterPack,14.5,0.73,15.23
16733144,IF4041468424,33328485,A5A1L8MER - MERCERS MARINE EQUIPMENT LTD.,F26 Mercers,2026-06-30,2026-07-10,138,3678,Order NonMasterPack,69,3.45,72.45
16733144,IF4041468424,33328485,A5A1L8MER - MERCERS MARINE EQUIPMENT LTD.,F26 Mercers,2026-06-30,2026-07-10,1,3678,Order Processing,2,0.1,2.1
16741225,IF4041468514,33330021,G4Z1J8SPI - SPIN SPORT,FA26-TEN-MEN,2026-07-02,2026-07-10,1,1999.5,Order Processing,2,0.1,2.1
16741225,IF4041468514,33330021,G4Z1J8SPI - SPIN SPORT,FA26-TEN-MEN,2026-07-02,2026-07-10,56,1999.5,Order NonMasterPack,28,1.4,29.4
16741238,IF4041468513,33330020,G4Z1J8SPI - SPIN SPORT,FA26-TEN-WOMEN,2026-07-02,2026-07-10,40,1060,Order NonMasterPack,20,1,21
16741238,IF4041468513,33330020,G4Z1J8SPI - SPIN SPORT,FA26-TEN-WOMEN,2026-07-02,2026-07-10,1,1060,Order Processing,2,0.1,2.1
16741234,IF4041468511,33330016,V0R1K0XS - XS IV CHEMAINUS  BEYOND THE USUAL,BTU FAWI 2026 Del 1,2026-07-02,2026-07-10,66,1978,Order NonMasterPack,33,1.65,34.65
16741234,IF4041468511,33330016,V0R1K0XS - XS IV CHEMAINUS  BEYOND THE USUAL,BTU FAWI 2026 Del 1,2026-07-02,2026-07-10,1,1978,Order Processing,2,0.1,2.1
16741236,IF4041468453,33329248,N0H2G0MIK - MIKE GRAHAM dba THE CABANA,SAUBLE-SUMMER,2026-07-02,2026-07-10,1,465,Order Processing,2,0.1,2.1
16741236,IF4041468453,33329248,N0H2G0MIK - MIKE GRAHAM dba THE CABANA,SAUBLE-SUMMER,2026-07-02,2026-07-10,20,465,Order NonMasterPack,10,0.5,10.5
16741243,IF4041468490,33329996,S9V0A1BOA - BOARDOM,fall26tentree,2026-07-02,2026-07-10,1,1823,Order Processing,2,0.1,2.1
16741243,IF4041468490,33329996,S9V0A1BOA - BOARDOM,fall26tentree,2026-07-02,2026-07-10,58,1823,Order NonMasterPack,29,1.45,30.45
16741257,IF4041468519,33330126,V8J1P2HOM - HOMEWORK,fall26-delivery 1,2026-07-02,2026-07-10,47,1952,Order NonMasterPack,23.5,1.18,24.68
16741257,IF4041468519,33330126,V8J1P2HOM - HOMEWORK,fall26-delivery 1,2026-07-02,2026-07-10,1,1952,Order Processing,2,0.1,2.1
16741261,IF4041468469,33329877,V0J1Z0CHI - CHIAS DREAM CLOSET,Fall26,2026-07-02,2026-07-10,1,1437,Order Processing,2,0.1,2.1
16741261,IF4041468469,33329877,V0J1Z0CHI - CHIAS DREAM CLOSET,Fall26,2026-07-02,2026-07-10,44,1437,Order NonMasterPack,22,1.1,23.1
16741263,IF4041468482,33329988,T4L2L1DER - DEROWIN HOLDINGS LTD,FW26,2026-07-02,2026-07-10,1,912,Order Processing,2,0.1,2.1
16741263,IF4041468482,33329988,T4L2L1DER - DEROWIN HOLDINGS LTD,FW26,2026-07-02,2026-07-10,29,912,Order NonMasterPack,14.5,0.73,15.23
16741274,IF4041468509,33330014,V1R4C2JJS - JJS FASHIONS,10TREE-MW1-FW,2026-07-02,2026-07-10,1,1387,Order Processing,2,0.1,2.1
16741274,IF4041468509,33330014,V1R4C2JJS - JJS FASHIONS,10TREE-MW1-FW,2026-07-02,2026-07-10,60,1387,Order NonMasterPack,30,1.5,31.5
16733150,IF4041468430,33328492,T0E1E0RAN - RANSOM,Fall26.1,2026-06-30,2026-07-10,98,3170,Order NonMasterPack,49,2.45,51.45
16733150,IF4041468430,33328492,T0E1E0RAN - RANSOM,Fall26.1,2026-06-30,2026-07-10,1,3170,Order Processing,2,0.1,2.1
16768271,IF4041470528,33404269,V9K1S7COV - COVET BOUTIQUE,1234,2026-07-08,2026-07-10,66,2233.9,Order NonMasterPack,33,1.65,34.65
16768271,IF4041470528,33404269,V9K1S7COV - COVET BOUTIQUE,1234,2026-07-08,2026-07-10,1,2233.9,Order Processing,2,0.1,2.1
16770897,IF4041470866,33414514,J8E1C5 - LES BOUTIQUES TREMBLANT,Tremblant GWP,2026-07-09,2026-07-10,50,1125,Order NonMasterPack,25,1.25,26.25
16770897,IF4041470866,33414514,J8E1C5 - LES BOUTIQUES TREMBLANT,Tremblant GWP,2026-07-09,2026-07-10,1,1125,Order Processing,2,0.1,2.1
16710691,IF4041466386,33250389,P5N2W8MOO - MOONBEAM COUNTRY STORE,F26 del1,2026-06-23,2026-07-10,1,3051.5,Order Processing,2,0.1,2.1
16710691,IF4041466386,33250389,P5N2W8MOO - MOONBEAM COUNTRY STORE,F26 del1,2026-06-23,2026-07-10,92,3051.5,Order NonMasterPack,46,2.3,48.3
16733124,IF4041468400,33328463,R7N1J2507 - 5077070 MANITOBA LTD. dba PARKLAND SOURC,TENTREE-FA26,2026-06-30,2026-07-10,96,3101,Order NonMasterPack,48,2.4,50.4
16733124,IF4041468400,33328463,R7N1J2507 - 5077070 MANITOBA LTD. dba PARKLAND SOURC,TENTREE-FA26,2026-06-30,2026-07-10,1,3101,Order Processing,2,0.1,2.1
16733126,IF4041468402,33328464,S0J3G0BOU - BOUTIQUE NORTH,JUL15FW,2026-06-30,2026-07-10,103,2752,Order NonMasterPack,51.5,2.58,54.08
16733126,IF4041468402,33328464,S0J3G0BOU - BOUTIQUE NORTH,JUL15FW,2026-06-30,2026-07-10,1,2752,Order Processing,2,0.1,2.1
16733147,IF4041468427,33328489,K7G1E8STE - STEEL STYLE GARAGE,TT26-1,2026-06-30,2026-07-10,1,1820,Order Processing,2,0.1,2.1
16733147,IF4041468427,33328489,K7G1E8STE - STEEL STYLE GARAGE,TT26-1,2026-06-30,2026-07-10,53,1820,Order NonMasterPack,26.5,1.33,27.83
16733149,IF4041468429,33328491,H7L5Z6A/S - A/S Les Boutiques Tremblant,MA-33571-B,2026-06-30,2026-07-10,40,965,Order NonMasterPack,20,1,21
16733149,IF4041468429,33328491,H7L5Z6A/S - A/S Les Boutiques Tremblant,MA-33571-B,2026-06-30,2026-07-10,1,965,Order Processing,2,0.1,2.1
16741220,IF4041468537,33330553,G6P4A2SIG - SIGNE POUR LUI INC.,Fall 2026,2026-07-02,2026-07-10,68,2514,Order NonMasterPack,34,1.7,35.7
16741220,IF4041468537,33330553,G6P4A2SIG - SIGNE POUR LUI INC.,Fall 2026,2026-07-02,2026-07-10,1,2514,Order Processing,2,0.1,2.1
16741239,IF4041468501,33330007,P5N2W8MOO - MOONBEAM COUNTRY STORE,F26 del 2,2026-07-02,2026-07-10,41,1243,Order NonMasterPack,20.5,1.03,21.53
16741239,IF4041468501,33330007,P5N2W8MOO - MOONBEAM COUNTRY STORE,F26 del 2,2026-07-02,2026-07-10,1,1243,Order Processing,2,0.1,2.1
16741262,IF4041468502,33330008,P5N2W8MOO - MOONBEAM COUNTRY STORE,F26 del 3,2026-07-02,2026-07-10,1,1070,Order Processing,2,0.1,2.1
16741262,IF4041468502,33330008,P5N2W8MOO - MOONBEAM COUNTRY STORE,F26 del 3,2026-07-02,2026-07-10,22,1070,Order NonMasterPack,11,0.55,11.55
16691972,IF4041465639,33206071,J7K3B7LIL - LILY VOGUE,remplacement annulation,2026-06-17,2026-07-10,1,157.5,Order Processing,2,0.1,2.1
16691972,IF4041465639,33206071,J7K3B7LIL - LILY VOGUE,remplacement annulation,2026-06-17,2026-07-10,7,157.5,Order NonMasterPack,3.5,0.18,3.68
16698121,IF4041465802,33214864,V8L1X7COT - COTTONS AND BLUES,add to FW26 del 1 sub,2026-06-19,2026-07-10,10,440,Order NonMasterPack,5,0.25,5.25
16698121,IF4041465802,33214864,V8L1X7COT - COTTONS AND BLUES,add to FW26 del 1 sub,2026-06-19,2026-07-10,1,440,Order Processing,2,0.1,2.1
16698130,IF4041465914,33222429,V9W8C9SPI - SPINNERS SPORTS CAMPBELL RIVER,10HAT071526,2026-06-19,2026-07-10,1,945,Order Processing,2,0.1,2.1
16698130,IF4041465914,33222429,V9W8C9SPI - SPINNERS SPORTS CAMPBELL RIVER,10HAT071526,2026-06-19,2026-07-10,42,945,Order NonMasterPack,21,1.05,22.05
16710680,IF4041466377,33250380,V9W8C9SPI - SPINNERS SPORTS CAMPBELL RIVER,10TMEN070126,2026-06-23,2026-07-10,1,1619,Order Processing,2,0.1,2.1
16710680,IF4041466377,33250380,V9W8C9SPI - SPINNERS SPORTS CAMPBELL RIVER,10TMEN070126,2026-06-23,2026-07-10,71,1619,Order NonMasterPack,35.5,1.78,37.28
16710689,IF4041466387,33250390,B0W2Z0LA - LA CACHETTE,Tentree FW26 - Mens,2026-06-23,2026-07-10,1,1209.5,Order Processing,2,0.1,2.1
16710689,IF4041466387,33250390,B0W2Z0LA - LA CACHETTE,Tentree FW26 - Mens,2026-06-23,2026-07-10,51,1209.5,Order NonMasterPack,25.5,1.28,26.78
16710695,IF4041466371,33250374,V0B1M0EDG - EDGE OF THE WORLD BOARD SHOP,W27TENTREEADDITIONS,2026-06-23,2026-07-10,69,1701,Order NonMasterPack,34.5,1.73,36.23
16710695,IF4041466371,33250374,V0B1M0EDG - EDGE OF THE WORLD BOARD SHOP,W27TENTREEADDITIONS,2026-06-23,2026-07-10,1,1701,Order Processing,2,0.1,2.1
16711477,IF4041466667,33259153,J2S3J1BOU - BOUTIQUE MV dba M&V,commande perso,2026-06-23,2026-07-10,5,245,Order NonMasterPack,2.5,0.13,2.63
16711477,IF4041466667,33259153,J2S3J1BOU - BOUTIQUE MV dba M&V,commande perso,2026-06-23,2026-07-10,1,245,Order Processing,2,0.1,2.1
16711494,IF4041466697,33259367,P9A1H4MCT - MCTAGGARTS SOURCE FOR SPORTS,M-TET-FW26,2026-06-23,2026-07-10,1,6044,Order Processing,2,0.1,2.1
16711494,IF4041466697,33259367,P9A1H4MCT - MCTAGGARTS SOURCE FOR SPORTS,M-TET-FW26,2026-06-23,2026-07-10,180,6044,Order NonMasterPack,90,4.5,94.5
16711496,IF4041466699,33259372,V7M2J5NOR - NORTH SHORE SKI AND BOARD,PBMJULY15,2026-06-23,2026-07-10,22,652.5,Order NonMasterPack,11,0.55,11.55
16711496,IF4041466699,33259372,V7M2J5NOR - NORTH SHORE SKI AND BOARD,PBMJULY15,2026-06-23,2026-07-10,1,652.5,Order Processing,2,0.1,2.1
16733119,IF4041468393,33328354,V1K1B8WOR - WORK N PLAY CLOTHING CO,39010,2026-06-30,2026-07-10,1,4885.5,Order Processing,2,0.1,2.1
16733119,IF4041468393,33328354,V1K1B8WOR - WORK N PLAY CLOTHING CO,39010,2026-06-30,2026-07-10,149,4885.5,Order NonMasterPack,74.5,3.73,78.23
16733122,IF4041468398,33328460,V0X1W0WOR - WORK N PLAY CLOTHING CO,Fall 2026,2026-06-30,2026-07-10,145,4279.5,Order NonMasterPack,72.5,3.63,76.13
16733122,IF4041468398,33328460,V0X1W0WOR - WORK N PLAY CLOTHING CO,Fall 2026,2026-06-30,2026-07-10,1,4279.5,Order Processing,2,0.1,2.1
16733123,IF4041468399,33328461,V9W8C9SPI - SPINNERS SPORTS CAMPBELL RIVER,10TWOMEN071526,2026-06-30,2026-07-10,1,2891,Order Processing,2,0.1,2.1
16733123,IF4041468399,33328461,V9W8C9SPI - SPINNERS SPORTS CAMPBELL RIVER,10TWOMEN071526,2026-06-30,2026-07-10,118,2891,Order NonMasterPack,59,2.95,61.95
16733125,IF4041468401,33328462,T0H2H0LA - LA CRETE SOURCE FOR SPORTS,GKFA26,2026-06-30,2026-07-10,378,11489.5,Order NonMasterPack,189,9.45,198.45
16733125,IF4041468401,33328462,T0H2H0LA - LA CRETE SOURCE FOR SPORTS,GKFA26,2026-06-30,2026-07-10,1,11489.5,Order Processing,2,0.1,2.1
16733134,IF4041468413,33328475,V0H1H0CRE - CREATIVE CUSTOM EMBROIDERY dba WORK N PL,Fall26,2026-06-30,2026-07-10,1,2408,Order Processing,2,0.1,2.1
16733134,IF4041468413,33328475,V0H1H0CRE - CREATIVE CUSTOM EMBROIDERY dba WORK N PL,Fall26,2026-06-30,2026-07-10,97,2408,Order NonMasterPack,48.5,2.43,50.93
16741241,IF4041468496,33330001,T1R1A042 - 42 STREET,Ten Tree FA26,2026-07-02,2026-07-10,1,1799.5,Order Processing,2,0.1,2.1
16741241,IF4041468496,33330001,T1R1A042 - 42 STREET,Ten Tree FA26,2026-07-02,2026-07-10,65,1799.5,Order NonMasterPack,32.5,1.63,34.13
16741249,IF4041468538,33330554,V0N2E0MAT - MATTIE GILDENHUY,f26-1,2026-07-02,2026-07-10,49,2435,Order NonMasterPack,24.5,1.23,25.73
16741249,IF4041468538,33330554,V0N2E0MAT - MATTIE GILDENHUY,f26-1,2026-07-02,2026-07-10,1,2435,Order Processing,2,0.1,2.1
16741258,IF4041468521,33330128,R9A1S4FUN - FUNKY THREADZ,TenTreeF1xFTz,2026-07-02,2026-07-10,1,816,Order Processing,2,0.1,2.1
16741258,IF4041468521,33330128,R9A1S4FUN - FUNKY THREADZ,TenTreeF1xFTz,2026-07-02,2026-07-10,19,816,Order NonMasterPack,9.5,0.48,9.98
16741275,IF4041468517,33330125,V8W1X5BLA - BLACKSAND PROPERTIES LTD. dba MERCHANT Q,MQTTsum0987,2026-07-02,2026-07-10,41,1672,Order NonMasterPack,20.5,1.03,21.53
16741275,IF4041468517,33330125,V8W1X5BLA - BLACKSAND PROPERTIES LTD. dba MERCHANT Q,MQTTsum0987,2026-07-02,2026-07-10,1,1672,Order Processing,2,0.1,2.1
16741646,IF4041469111,33349243,V3Z1G6ART - ART KNAPP SURREY,fall 26 july,2026-07-02,2026-07-10,19,427.5,Order NonMasterPack,9.5,0.48,9.98
16741646,IF4041469111,33349243,V3Z1G6ART - ART KNAPP SURREY,fall 26 july,2026-07-02,2026-07-10,1,427.5,Order Processing,2,0.1,2.1
16771667,IF4041470868,33414515,V6A2E4NED - Neda Kasraee,Australia Trip,2026-07-09,2026-07-10,1,581.12,Order Processing,2,0.1,2.1
16771667,IF4041470868,33414515,V6A2E4NED - Neda Kasraee,Australia Trip,2026-07-09,2026-07-10,27,581.12,Order NonMasterPack,13.5,0.68,14.18
16733146,IF4041468426,33328487,G0C2B0RHE - RHEAL PITRE A FILS LTEE,VN-150726,2026-06-30,2026-07-11,1,4336.5,Order Processing,2,0.1,2.1
16733146,IF4041468426,33328487,G0C2B0RHE - RHEAL PITRE A FILS LTEE,VN-150726,2026-06-30,2026-07-11,137,4336.5,Order NonMasterPack,68.5,3.43,71.93
16741223,IF4041468474,33329882,V0A1K0THE - THE INSIDE EDGE SPORTS STORE LTD,20260715,2026-07-02,2026-07-13,1,969.5,Order Processing,2,0.1,2.1
16741223,IF4041468474,33329882,V0A1K0THE - THE INSIDE EDGE SPORTS STORE LTD,20260715,2026-07-02,2026-07-13,36,969.5,Order Restocking,9,0.45,9.45
16741223,IF4041468474,33329882,V0A1K0THE - THE INSIDE EDGE SPORTS STORE LTD,20260715,2026-07-02,2026-07-13,36,969.5,Order NonMasterPack,18,0.9,18.9
16770986,IF4041470893,33415331,V0A1H0TOP - TOP NOTCH,7826,2026-07-09,2026-07-13,36,1128.2,Order NonMasterPack,18,0.9,18.9
16770986,IF4041470893,33415331,V0A1H0TOP - TOP NOTCH,7826,2026-07-09,2026-07-13,1,1128.2,Order Processing,2,0.1,2.1
16741227,IF4041468483,33329989,T4R1N9EDG - EDGE CLOTHING,10TreeFa26Wom_715,2026-07-02,2026-07-13,1,904.5,Order Processing,2,0.1,2.1
16741227,IF4041468483,33329989,T4R1N9EDG - EDGE CLOTHING,10TreeFa26Wom_715,2026-07-02,2026-07-13,29,904.5,Order NonMasterPack,14.5,0.73,15.23
16770983,IF4041470890,33415328,V1T2B6VAL - Valhalla Pure Outfitters Inc,TEN260708,2026-07-09,2026-07-13,4,93.75,Order NonMasterPack,2,0.1,2.1
16770983,IF4041470890,33415328,V1T2B6VAL - Valhalla Pure Outfitters Inc,TEN260708,2026-07-09,2026-07-13,1,93.75,Order Processing,2,0.1,2.1
16770984,IF4041470891,33415329,V6H3S4MAK - MAKE,12797-JBO,2026-07-09,2026-07-13,1,1165,Order Processing,2,0.1,2.1
16770984,IF4041470891,33415329,V6H3S4MAK - MAKE,12797-JBO,2026-07-09,2026-07-13,47,1165,Order NonMasterPack,23.5,1.18,24.68
16770985,IF4041470892,33415330,V6B1B2MAK - MAKE GASTOWN,12798,2026-07-09,2026-07-13,15,337.5,Order NonMasterPack,7.5,0.38,7.88
16770985,IF4041470892,33415330,V6B1B2MAK - MAKE GASTOWN,12798,2026-07-09,2026-07-13,1,337.5,Order Processing,2,0.1,2.1
16774076,IF4041471277,33428161,V0N2R0THE - THE CLOTHES INN,erikaandlegging,2026-07-10,2026-07-13,1,1079.2,Order Processing,2,0.1,2.1
16774076,IF4041471277,33428161,V0N2R0THE - THE CLOTHES INN,erikaandlegging,2026-07-10,2026-07-13,27,1079.2,Order NonMasterPack,13.5,0.68,14.18
16760747,IF4041469210,33352052,G0C1J0SPO - SPORTS EXPERTS 677,4266158-677,2026-07-06,2026-07-14,1,759,Order Processing,2,0.1,2.1
16760747,IF4041469210,33352052,G0C1J0SPO - SPORTS EXPERTS 677,4266158-677,2026-07-06,2026-07-14,16,759,Order NonMasterPack,8,0.4,8.4
16770892,IF4041470872,33414718,V8L1X8SID - SIDNEY PIER AND PATH,Fixtures,2026-07-09,2026-07-14,6,0,Handling,11,0.55,11.55
16770892,IF4041470872,33414718,V8L1X8SID - SIDNEY PIER AND PATH,Fixtures,2026-07-09,2026-07-14,1,0,Order Processing,2,0.1,2.1
16770893,IF4041470873,33414719,V7P1B5CAN - CANADA GARDENWORKS LTD dba GARDENWORKS,Aframe for North Shore,2026-07-09,2026-07-14,1,0,Order Processing,2,0.1,2.1
16770893,IF4041470873,33414719,V7P1B5CAN - CANADA GARDENWORKS LTD dba GARDENWORKS,Aframe for North Shore,2026-07-09,2026-07-14,1,0,Handling,4.4,0.22,4.62
16770894,IF4041470875,33414720,V8R1C7CAN - CANADA GARDENWORKS LTD dba GARDENWORKS,Aframe for Oak Bay,2026-07-09,2026-07-14,1,0,Handling,4.4,0.22,4.62
16770894,IF4041470875,33414720,V8R1C7CAN - CANADA GARDENWORKS LTD dba GARDENWORKS,Aframe for Oak Bay,2026-07-09,2026-07-14,1,0,Order Processing,2,0.1,2.1
16741266,IF4041468461,33329466,G4T1E3QUI - QUINCAILLERIE TURBO INC,1013T,2026-07-02,2026-07-14,1,2385,Order Processing,2,0.1,2.1
16741266,IF4041468461,33329466,G4T1E3QUI - QUINCAILLERIE TURBO INC,1013T,2026-07-02,2026-07-14,93,2385,Order NonMasterPack,46.5,2.33,48.83
16741268,IF4041468460,33329467,G4T1E3QUI - QUINCAILLERIE TURBO INC,1012T,2026-07-02,2026-07-14,1,1773.5,Order Processing,2,0.1,2.1
16741268,IF4041468460,33329467,G4T1E3QUI - QUINCAILLERIE TURBO INC,1012T,2026-07-02,2026-07-14,74,1773.5,Order NonMasterPack,37,1.85,38.85
16720142,IF4041467530,33290127,V3Z1A5MEC - MEC Western Distribution Centre,742287,2026-06-26,2026-07-15,209,8151,Order NonMasterPack,104.5,5.23,109.73
16720142,IF4041467530,33290127,V3Z1A5MEC - MEC Western Distribution Centre,742287,2026-06-26,2026-07-15,1,8151,Order Processing,2,0.1,2.1
16720141,IF4041467529,33290126,V3Z1A5MEC - MEC Western Distribution Centre,742286,2026-06-26,2026-07-15,76,1710,Order NonMasterPack,38,1.9,39.9
16720141,IF4041467529,33290126,V3Z1A5MEC - MEC Western Distribution Centre,742286,2026-06-26,2026-07-15,1,1710,Order Processing,2,0.1,2.1
16720143,IF4041467531,33290128,V3Z1A5MEC - MEC Western Distribution Centre,742291,2026-06-26,2026-07-15,1,5676,Order Processing,2,0.1,2.1
16720143,IF4041467531,33290128,V3Z1A5MEC - MEC Western Distribution Centre,742291,2026-06-26,2026-07-15,129,5676,Order NonMasterPack,64.5,3.23,67.73
16726038,IF4041468140,33317078,V3Z1A5MEC - MEC Western Distribution Centre,742288,2026-06-29,2026-07-15,1,1666,Order Processing,2,0.1,2.1
16726038,IF4041468140,33317078,V3Z1A5MEC - MEC Western Distribution Centre,742288,2026-06-29,2026-07-15,49,1666,Order NonMasterPack,24.5,1.23,25.73
16720144,IF4041467532,33290129,V3Z1A5MEC - MEC Western Distribution Centre,742285,2026-06-26,2026-07-15,1,3375,Order Processing,2,0.1,2.1
16720144,IF4041467532,33290129,V3Z1A5MEC - MEC Western Distribution Centre,742285,2026-06-26,2026-07-15,150,3375,Order NonMasterPack,75,3.75,78.75
16720145,IF4041467533,33290130,V3Z1A5MEC - MEC Western Distribution Centre,741828,2026-06-26,2026-07-15,2015,74565,Order NonMasterPack,1007.5,50.38,1057.88
16720145,IF4041467533,33290130,V3Z1A5MEC - MEC Western Distribution Centre,741828,2026-06-26,2026-07-15,1,74565,Order Master Pack Carton,2,0.1,2.1
16720145,IF4041467533,33290130,V3Z1A5MEC - MEC Western Distribution Centre,741828,2026-06-26,2026-07-15,1,74565,Order Processing,2,0.1,2.1
16769198,IF4041470667,33406811,V8L1X7COT - COTTONS AND BLUES,tentree Del 1,2026-07-08,2026-07-15,1,1666,Order Processing,2,0.1,2.1
16769198,IF4041470667,33406811,V8L1X7COT - COTTONS AND BLUES,tentree Del 1,2026-07-08,2026-07-15,34,1666,Order NonMasterPack,17,0.85,17.85
16769198,IF4041470667,33406811,V8L1X7COT - COTTONS AND BLUES,tentree Del 1,2026-07-08,2026-07-15,34,1666,Order Restocking,8.5,0.43,8.93
16774104,IF4041471306,33428192,S9X1Y2MAR - MARTODAMS,TENTR-F26-LDY,2026-07-10,2026-07-15,1,1565,Order Processing,2,0.1,2.1
16774104,IF4041471306,33428192,S9X1Y2MAR - MARTODAMS,TENTR-F26-LDY,2026-07-10,2026-07-15,35,1565,Order NonMasterPack,17.5,0.88,18.38
16774110,IF4041471312,33428198,S9X1Y2MAR - MARTODAMS,TENTR-F26-MEN,2026-07-10,2026-07-15,1,1720,Order Processing,2,0.1,2.1
16774110,IF4041471312,33428198,S9X1Y2MAR - MARTODAMS,TENTR-F26-MEN,2026-07-10,2026-07-15,40,1720,Order NonMasterPack,20,1,21
16733127,IF4041468403,33328465,S9X1Y2MAR - MARTODAMS,TENTR-F26-MEN,2026-06-30,2026-07-15,138,3619,Order NonMasterPack,69,3.45,72.45
16733127,IF4041468403,33328465,S9X1Y2MAR - MARTODAMS,TENTR-F26-MEN,2026-06-30,2026-07-15,1,3619,Order Processing,2,0.1,2.1
16710678,IF4041466372,33250375,B3B1S1CLE - CLEVE'S SOURCE FOR SPORTS,138062 - SWAPS FOR F26 DROPPED COLORS,2026-06-23,2026-07-15,16,1584,Order NonMasterPack,8,0.4,8.4
16710678,IF4041466372,33250375,B3B1S1CLE - CLEVE'S SOURCE FOR SPORTS,138062 - SWAPS FOR F26 DROPPED COLORS,2026-06-23,2026-07-15,1,1584,Order Processing,2,0.1,2.1
16710679,IF4041466383,33250386,S7N4L3UNI - UNIVERSITY OF SASKATCHEWAN - RETAIL SERV,253016,2026-06-23,2026-07-15,2,10645.5,Order Master Pack Carton,4,0.2,4.2
16710679,IF4041466383,33250386,S7N4L3UNI - UNIVERSITY OF SASKATCHEWAN - RETAIL SERV,253016,2026-06-23,2026-07-15,1,10645.5,Order Processing,2,0.1,2.1
16710679,IF4041466383,33250386,S7N4L3UNI - UNIVERSITY OF SASKATCHEWAN - RETAIL SERV,253016,2026-06-23,2026-07-15,268,10645.5,Order NonMasterPack,134,6.7,140.7
16710683,IF4041466367,33250372,V0A1H0TOP - TOP NOTCH,TTreeFall26,2026-06-23,2026-07-15,1,216,Order Processing,2,0.1,2.1
16710683,IF4041466367,33250372,V0A1H0TOP - TOP NOTCH,TTreeFall26,2026-06-23,2026-07-15,4,216,Order NonMasterPack,2,0.1,2.1
16711474,IF4041466663,33259151,T8V3B1THE - The Drop Rideshop,TenWmn7-15-26,2026-06-23,2026-07-15,1,814.5,Order Processing,2,0.1,2.1
16711474,IF4041466663,33259151,T8V3B1THE - The Drop Rideshop,TenWmn7-15-26,2026-06-23,2026-07-15,27,814.5,Order NonMasterPack,13.5,0.68,14.18
16711478,IF4041466668,33259154,S9V0T6HOT - HOT PEPPERS,fall 1,2026-06-23,2026-07-15,48,1175.5,Order NonMasterPack,24,1.2,25.2
16711478,IF4041466668,33259154,S9V0T6HOT - HOT PEPPERS,fall 1,2026-06-23,2026-07-15,1,1175.5,Order Processing,2,0.1,2.1
16711482,IF4041466684,33259258,T0L2H0KAN - KANANASKIS OUTFITTERS LTD,Wms Early,2026-06-23,2026-07-15,1,336,Order Processing,2,0.1,2.1
16711482,IF4041466684,33259258,T0L2H0KAN - KANANASKIS OUTFITTERS LTD,Wms Early,2026-06-23,2026-07-15,12,336,Order NonMasterPack,6,0.3,6.3
16711485,IF4041466687,33259261,T0A3A2ATH - ATHLETIC ALLEY MAGNET SHOES,Men's- Fall 2026,2026-06-23,2026-07-15,1,1241,Order Master Pack Carton,2,0.1,2.1
16711485,IF4041466687,33259261,T0A3A2ATH - ATHLETIC ALLEY MAGNET SHOES,Men's- Fall 2026,2026-06-23,2026-07-15,35,1241,Order NonMasterPack,17.5,0.88,18.38
16711485,IF4041466687,33259261,T0A3A2ATH - ATHLETIC ALLEY MAGNET SHOES,Men's- Fall 2026,2026-06-23,2026-07-15,1,1241,Order Processing,2,0.1,2.1
16711486,IF4041466688,33259263,R0C1B0HP - HP TERGESENS,222,2026-06-23,2026-07-15,1,1124,Order Processing,2,0.1,2.1
16711486,IF4041466688,33259263,R0C1B0HP - HP TERGESENS,222,2026-06-23,2026-07-15,35,1124,Order NonMasterPack,17.5,0.88,18.38
16711490,IF4041466693,33259366,P1H2B8REF - REFLECTIONS OF MUSKOKA,FW26 July 15 ship tentree (order 1of3),2026-06-23,2026-07-15,90,2070.5,Order NonMasterPack,45,2.25,47.25
16711490,IF4041466693,33259366,P1H2B8REF - REFLECTIONS OF MUSKOKA,FW26 July 15 ship tentree (order 1of3),2026-06-23,2026-07-15,1,2070.5,Order Processing,2,0.1,2.1
16711492,IF4041466695,33259369,A5A1L8MER - MERCERS MARINE EQUIPMENT LTD.,F26 mercers add on,2026-06-23,2026-07-15,1,442,Order Processing,2,0.1,2.1
16711492,IF4041466695,33259369,A5A1L8MER - MERCERS MARINE EQUIPMENT LTD.,F26 mercers add on,2026-06-23,2026-07-15,12,442,Order NonMasterPack,6,0.3,6.3
16711495,IF4041466698,33259371,J1L3A6MOM - MOMO SPORTS SHERBROOKE,TENTREEMAFW26-SH,2026-06-23,2026-07-15,66,1737,Order NonMasterPack,33,1.65,34.65
16711495,IF4041466698,33259371,J1L3A6MOM - MOMO SPORTS SHERBROOKE,TENTREEMAFW26-SH,2026-06-23,2026-07-15,1,1737,Order Processing,2,0.1,2.1
16711497,IF4041466700,33259373,A0G3A0BLU - BLUE RIDGE INC.,TENTREE FW26,2026-06-23,2026-07-15,37,994.5,Order NonMasterPack,18.5,0.93,19.43
16711497,IF4041466700,33259373,A0G3A0BLU - BLUE RIDGE INC.,TENTREE FW26,2026-06-23,2026-07-15,1,994.5,Order Processing,2,0.1,2.1
16711499,IF4041466702,33259375,G9X1K9LE - LE PIONNIER,fall26men,2026-06-23,2026-07-15,1,466.5,Order Processing,2,0.1,2.1
16711499,IF4041466702,33259375,G9X1K9LE - LE PIONNIER,fall26men,2026-06-23,2026-07-15,11,466.5,Order NonMasterPack,5.5,0.28,5.78
16733129,IF4041468406,33328468,T0C2L0JOH - JOHNS MENSWEAR,FA/HO26,2026-06-30,2026-07-15,161,4312,Order NonMasterPack,80.5,4.03,84.53
16733129,IF4041468406,33328468,T0C2L0JOH - JOHNS MENSWEAR,FA/HO26,2026-06-30,2026-07-15,1,4312,Order Processing,2,0.1,2.1
16733140,IF4041468420,33328483,G9X1K9LE - LE PIONNIER,fall26women,2026-06-30,2026-07-15,17,647.5,Order NonMasterPack,8.5,0.43,8.93
16733140,IF4041468420,33328483,G9X1K9LE - LE PIONNIER,fall26women,2026-06-30,2026-07-15,1,647.5,Order Processing,2,0.1,2.1
16733143,IF4041468423,33328486,T7N1A2JOH - JOHNS MENS AND BOYS WEAR,1112025FA26JOH,2026-06-30,2026-07-15,1,3577.5,Order Processing,2,0.1,2.1
16733143,IF4041468423,33328486,T7N1A2JOH - JOHNS MENS AND BOYS WEAR,1112025FA26JOH,2026-06-30,2026-07-15,83,3577.5,Order NonMasterPack,41.5,2.08,43.58
16741230,IF4041468471,33329879,N0H2C0682 - 682565 ONTARIO INC.,tentree FW26 Mens,2026-07-02,2026-07-15,41,1598,Order NonMasterPack,20.5,1.03,21.53
16741230,IF4041468471,33329879,N0H2C0682 - 682565 ONTARIO INC.,tentree FW26 Mens,2026-07-02,2026-07-15,1,1598,Order Processing,2,0.1,2.1
16741219,IF4041468473,33329881,N0H2C0682 - 682565 ONTARIO INC.,tentree FW26 Ladies,2026-07-02,2026-07-15,17,1698,Order NonMasterPack,8.5,0.43,8.93
16741219,IF4041468473,33329881,N0H2C0682 - 682565 ONTARIO INC.,tentree FW26 Ladies,2026-07-02,2026-07-15,1,1698,Order Processing,2,0.1,2.1
16741221,IF4041468499,33330005,T5V0A1 - LA DEE DAH,Fall 2026,2026-07-02,2026-07-15,9,265,Order NonMasterPack,4.5,0.23,4.73
16741221,IF4041468499,33330005,T5V0A1 - LA DEE DAH,Fall 2026,2026-07-02,2026-07-15,1,265,Order Processing,2,0.1,2.1
16741226,IF4041468515,33330023,B0T1W0LOC - LOCKE'S SPORTING AND OUTDOOR ADVENTURE,Fall 2026 #1,2026-07-02,2026-07-15,1,2557.5,Order Processing,2,0.1,2.1
16741226,IF4041468515,33330023,B0T1W0LOC - LOCKE'S SPORTING AND OUTDOOR ADVENTURE,Fall 2026 #1,2026-07-02,2026-07-15,56,2557.5,Order NonMasterPack,28,1.4,29.4
16741228,IF4041468520,33330127,V7M2J5NOR - NORTH SHORE SKI AND BOARD,PBWJULY15,2026-07-02,2026-07-15,1,991,Order Processing,2,0.1,2.1
16741228,IF4041468520,33330127,V7M2J5NOR - NORTH SHORE SKI AND BOARD,PBWJULY15,2026-07-02,2026-07-15,24,991,Order NonMasterPack,12,0.6,12.6
16741240,IF4041468500,33330006,T0A3A2ATH - ATHLETIC ALLEY MAGNET SHOES,Ladies- Fall 2026,2026-07-02,2026-07-15,1,636,Order Processing,2,0.1,2.1
16741240,IF4041468500,33330006,T0A3A2ATH - ATHLETIC ALLEY MAGNET SHOES,Ladies- Fall 2026,2026-07-02,2026-07-15,13,636,Order NonMasterPack,6.5,0.33,6.83
16741245,IF4041468498,33330004,T0L1E0WIL - WILSON MOUNTAIN SPORTS LTD.,10T726W,2026-07-02,2026-07-15,48,1980,Order NonMasterPack,24,1.2,25.2
16741245,IF4041468498,33330004,T0L1E0WIL - WILSON MOUNTAIN SPORTS LTD.,10T726W,2026-07-02,2026-07-15,1,1980,Order Processing,2,0.1,2.1
16741250,IF4041468518,33330124,V0K2E0OUT - OUTLAW FASHIONS (FCJ ENTERPRISES LTD),FW/M26,2026-07-02,2026-07-15,1,1830.5,Order Processing,2,0.1,2.1
16741250,IF4041468518,33330124,V0K2E0OUT - OUTLAW FASHIONS (FCJ ENTERPRISES LTD),FW/M26,2026-07-02,2026-07-15,58,1830.5,Order NonMasterPack,29,1.45,30.45
16741256,IF4041468503,33330009,R0C1B0HP - HP TERGESENS,TEN TREE W1,2026-07-02,2026-07-15,17,1048,Order NonMasterPack,8.5,0.43,8.93
16741256,IF4041468503,33330009,R0C1B0HP - HP TERGESENS,TEN TREE W1,2026-07-02,2026-07-15,1,1048,Order Processing,2,0.1,2.1
16741265,IF4041468492,33329998,T7P2J8A&M - A&M CLOTHING AND SHOES,Women's Fall 26,2026-07-02,2026-07-15,27,813,Order NonMasterPack,13.5,0.68,14.18
16741265,IF4041468492,33329998,T7P2J8A&M - A&M CLOTHING AND SHOES,Women's Fall 26,2026-07-02,2026-07-15,1,813,Order Processing,2,0.1,2.1
16741269,IF4041468522,33330130,T2K1J7CAL - CALGARY WINTER CLUB,49412,2026-07-02,2026-07-15,24,1177,Order NonMasterPack,12,0.6,12.6
16741269,IF4041468522,33330130,T2K1J7CAL - CALGARY WINTER CLUB,49412,2026-07-02,2026-07-15,1,1177,Order Processing,2,0.1,2.1
16733152,IF4041468433,33328495,T1W2B6VAL - VALHALLA PURE OUTFITTERS - CANMORE,14-TTIjul15mens&accessories,2026-06-30,2026-07-15,378,11501,Order NonMasterPack,189,9.45,198.45
16733152,IF4041468433,33328495,T1W2B6VAL - VALHALLA PURE OUTFITTERS - CANMORE,14-TTIjul15mens&accessories,2026-06-30,2026-07-15,1,11501,Order Processing,2,0.1,2.1
16733151,IF4041468432,33328494,T1W2B6VAL - VALHALLA PURE OUTFITTERS - CANMORE,14-TTIjul15wmns,2026-06-30,2026-07-15,1,4324.5,Order Processing,2,0.1,2.1
16733151,IF4041468432,33328494,T1W2B6VAL - VALHALLA PURE OUTFITTERS - CANMORE,14-TTIjul15wmns,2026-06-30,2026-07-15,113,4324.5,Order NonMasterPack,56.5,2.83,59.33
16741255,IF4041468504,33330010,L4G3H7ST - ST ANDREW'S COLLEGE,276,2026-07-02,2026-07-15,1,492,Order Processing,2,0.1,2.1
16741255,IF4041468504,33330010,L4G3H7ST - ST ANDREW'S COLLEGE,276,2026-07-02,2026-07-15,8,492,Order NonMasterPack,4,0.2,4.2
16745303,IF4041469225,33352059,T1W1P4SPO - SPORTS EXPERTS,4266162-792,2026-07-03,2026-07-15,36,810,Order NonMasterPack,18,0.9,18.9
16745303,IF4041469225,33352059,T1W1P4SPO - SPORTS EXPERTS,4266162-792,2026-07-03,2026-07-15,1,810,Order Processing,2,0.1,2.1
16746285,IF4041469408,33359366,V2A5A4FRE - FREE RIDE PENTICTON,PenTenTreeFa26,2026-07-03,2026-07-15,6,135,Order NonMasterPack,3,0.15,3.15
16746285,IF4041469408,33359366,V2A5A4FRE - FREE RIDE PENTICTON,PenTenTreeFa26,2026-07-03,2026-07-15,1,135,Order Processing,2,0.1,2.1
16746284,IF4041469407,33359365,V2A5A4FRE - FREE RIDE PENTICTON,PenWmTentreeFa26,2026-07-03,2026-07-15,4,196,Order NonMasterPack,2,0.1,2.1
16746284,IF4041469407,33359365,V2A5A4FRE - FREE RIDE PENTICTON,PenWmTentreeFa26,2026-07-03,2026-07-15,1,196,Order Processing,2,0.1,2.1
16768273,IF4041470530,33404271,T7N1A2JOH - JOHNS MENS AND BOYS WEAR,1112025FA26JOH,2026-07-08,2026-07-15,17,873,Order NonMasterPack,8.5,0.43,8.93
16768273,IF4041470530,33404271,T7N1A2JOH - JOHNS MENS AND BOYS WEAR,1112025FA26JOH,2026-07-08,2026-07-15,1,873,Order Processing,2,0.1,2.1
16768275,IF4041470532,33404272,T1W2B6VAL - VALHALLA PURE OUTFITTERS - CANMORE,14-TTIjul15wmns,2026-07-08,2026-07-15,1,3819,Order Processing,2,0.1,2.1
16768275,IF4041470532,33404272,T1W2B6VAL - VALHALLA PURE OUTFITTERS - CANMORE,14-TTIjul15wmns,2026-07-08,2026-07-15,71,3819,Order NonMasterPack,35.5,1.78,37.28
16768869,IF4041470578,33405279,T8V4C2SPO - SPORTS EXPERTS,RE260025GP,2026-07-08,2026-07-15,139,5893,Order NonMasterPack,69.5,3.48,72.98
16768869,IF4041470578,33405279,T8V4C2SPO - SPORTS EXPERTS,RE260025GP,2026-07-08,2026-07-15,1,5893,Order Processing,2,0.1,2.1
16768871,IF4041470580,33405281,J6T1A9SPO - Sports Experts,4266162-454,2026-07-08,2026-07-15,1,2600,Order Processing,2,0.1,2.1
16768871,IF4041470580,33405281,J6T1A9SPO - Sports Experts,4266162-454,2026-07-08,2026-07-15,70,2600,Order NonMasterPack,35,1.75,36.75
16768873,IF4041470582,33405283,J0R1R6SPO - SPORTS EXPERTS - ATMOSPHERE,4266162-834,2026-07-08,2026-07-15,1,2067.5,Order Processing,2,0.1,2.1
16768873,IF4041470582,33405283,J0R1R6SPO - SPORTS EXPERTS - ATMOSPHERE,4266162-834,2026-07-08,2026-07-15,57,2067.5,Order NonMasterPack,28.5,1.43,29.93
16768872,IF4041470581,33405282,J1X2A9SPO - SPORTS EXPERTS 468 (NORMANDIN),4266158-468,2026-07-08,2026-07-15,42,1698.5,Order NonMasterPack,21,1.05,22.05
16768872,IF4041470581,33405282,J1X2A9SPO - SPORTS EXPERTS 468 (NORMANDIN),4266158-468,2026-07-08,2026-07-15,1,1698.5,Order Processing,2,0.1,2.1
16768875,IF4041470584,33405285,J7Y3S7SPO - SPORTS EXPERTS - ATMOSPHERE,4266162-877,2026-07-08,2026-07-15,87,3090,Order NonMasterPack,43.5,2.18,45.68
16768875,IF4041470584,33405285,J7Y3S7SPO - SPORTS EXPERTS - ATMOSPHERE,4266162-877,2026-07-08,2026-07-15,1,3090,Order Processing,2,0.1,2.1
16768877,IF4041470586,33405287,J1L1C9SPO - SPORTS EXPERTS - ATMOSPHERE,4266158-796,2026-07-08,2026-07-15,67,3418,Order NonMasterPack,33.5,1.68,35.18
16768877,IF4041470586,33405287,J1L1C9SPO - SPORTS EXPERTS - ATMOSPHERE,4266158-796,2026-07-08,2026-07-15,1,3418,Order Processing,2,0.1,2.1
16768879,IF4041470590,33405289,J2C6Y7PRO - Promenades Drummondville,4266162-861,2026-07-08,2026-07-15,1,2324,Order Processing,2,0.1,2.1
16768879,IF4041470590,33405289,J2C6Y7PRO - Promenades Drummondville,4266162-861,2026-07-08,2026-07-15,56,2324,Order NonMasterPack,28,1.4,29.4
16768880,IF4041470592,33405290,V1J5Z2ERN - Ernies Sports Experts,4266162-615,2026-07-08,2026-07-15,75,3339,Order NonMasterPack,37.5,1.88,39.38
16768880,IF4041470592,33405290,V1J5Z2ERN - Ernies Sports Experts,4266162-615,2026-07-08,2026-07-15,1,3339,Order Processing,2,0.1,2.1
16774019,IF4041471213,33428104,T0E1E0RAN - RANSOM,Fall26.1,2026-07-10,2026-07-15,26,1372,Order NonMasterPack,13,0.65,13.65
16774019,IF4041471213,33428104,T0E1E0RAN - RANSOM,Fall26.1,2026-07-10,2026-07-15,1,1372,Order Master Pack Carton,2,0.1,2.1
16774019,IF4041471213,33428104,T0E1E0RAN - RANSOM,Fall26.1,2026-07-10,2026-07-15,1,1372,Order Processing,2,0.1,2.1
16774021,IF4041471216,33428107,T1W2B6VAL - VALHALLA PURE OUTFITTERS - CANMORE,14-TTIjul15wmns,2026-07-10,2026-07-15,1,923,Order Processing,2,0.1,2.1
16774021,IF4041471216,33428107,T1W2B6VAL - VALHALLA PURE OUTFITTERS - CANMORE,14-TTIjul15wmns,2026-07-10,2026-07-15,22,923,Order NonMasterPack,11,0.55,11.55
16774022,IF4041471217,33428106,E3B1B2THE - THE RADICAL EDGE,FALL26A,2026-07-10,2026-07-15,64,3127,Order NonMasterPack,32,1.6,33.6
16774022,IF4041471217,33428106,E3B1B2THE - THE RADICAL EDGE,FALL26A,2026-07-10,2026-07-15,1,3127,Order Processing,2,0.1,2.1
16774023,IF4041471218,33428108,T1W2B6VAL - VALHALLA PURE OUTFITTERS - CANMORE,14-TTIjul15mens&accessories,2026-07-10,2026-07-15,65,2849,Order NonMasterPack,32.5,1.63,34.13
16774023,IF4041471218,33428108,T1W2B6VAL - VALHALLA PURE OUTFITTERS - CANMORE,14-TTIjul15mens&accessories,2026-07-10,2026-07-15,1,2849,Order Processing,2,0.1,2.1
16774029,IF4041471225,33428114,G9X1K9LE - LE PIONNIER,fall26women,2026-07-10,2026-07-15,1,411,Order Processing,2,0.1,2.1
16774029,IF4041471225,33428114,G9X1K9LE - LE PIONNIER,fall26women,2026-07-10,2026-07-15,9,411,Order NonMasterPack,4.5,0.23,4.73
16774030,IF4041471226,33428115,G9X1K9LE - LE PIONNIER,fall26men,2026-07-10,2026-07-15,1,195,Order Processing,2,0.1,2.1
16774030,IF4041471226,33428115,G9X1K9LE - LE PIONNIER,fall26men,2026-07-10,2026-07-15,5,195,Order NonMasterPack,2.5,0.13,2.63
16774034,IF4041471230,33428119,V8W1X5BLA - BLACKSAND PROPERTIES LTD. dba MERCHANT Q,MQTTsum0987,2026-07-10,2026-07-15,30,1420,Order NonMasterPack,15,0.75,15.75
16774034,IF4041471230,33428119,V8W1X5BLA - BLACKSAND PROPERTIES LTD. dba MERCHANT Q,MQTTsum0987,2026-07-10,2026-07-15,1,1420,Order Processing,2,0.1,2.1
16774035,IF4041471231,33428120,T7N1A2JOH - JOHNS MENS AND BOYS WEAR,1112025FA26JOH,2026-07-10,2026-07-15,1,561,Order Processing,2,0.1,2.1
16774035,IF4041471231,33428120,T7N1A2JOH - JOHNS MENS AND BOYS WEAR,1112025FA26JOH,2026-07-10,2026-07-15,14,561,Order NonMasterPack,7,0.35,7.35
16774037,IF4041471233,33428122,G4Z1J8SPI - SPIN SPORT,FA26-TEN-WOMEN,2026-07-10,2026-07-15,25,1265,Order NonMasterPack,12.5,0.63,13.13
16774037,IF4041471233,33428122,G4Z1J8SPI - SPIN SPORT,FA26-TEN-WOMEN,2026-07-10,2026-07-15,1,1265,Order Processing,2,0.1,2.1
16774038,IF4041471234,33428123,G4Z1J8SPI - SPIN SPORT,FA26-TEN-MEN,2026-07-10,2026-07-15,1,1421,Order Processing,2,0.1,2.1
16774038,IF4041471234,33428123,G4Z1J8SPI - SPIN SPORT,FA26-TEN-MEN,2026-07-10,2026-07-15,29,1421,Order NonMasterPack,14.5,0.73,15.23
16774039,IF4041471235,33428124,V0K2E0OUT - OUTLAW FASHIONS (FCJ ENTERPRISES LTD),FW/M26,2026-07-10,2026-07-15,27,1298,Order NonMasterPack,13.5,0.68,14.18
16774039,IF4041471235,33428124,V0K2E0OUT - OUTLAW FASHIONS (FCJ ENTERPRISES LTD),FW/M26,2026-07-10,2026-07-15,1,1298,Order Processing,2,0.1,2.1
16774043,IF4041471239,33428128,B2H2P6PIC - PICTOU MANAGEMENT LTD dba MINERS APPAREL,TENTREE FW26,2026-07-10,2026-07-15,8,367,Order NonMasterPack,4,0.2,4.2
16774043,IF4041471239,33428128,B2H2P6PIC - PICTOU MANAGEMENT LTD dba MINERS APPAREL,TENTREE FW26,2026-07-10,2026-07-15,1,367,Order Processing,2,0.1,2.1
16774044,IF4041471240,33428129,B3B1S1CLE - CLEVE'S SOURCE FOR SPORTS,138062,2026-07-10,2026-07-15,96,4864,Order NonMasterPack,48,2.4,50.4
16774044,IF4041471240,33428129,B3B1S1CLE - CLEVE'S SOURCE FOR SPORTS,138062,2026-07-10,2026-07-15,1,4864,Order Processing,2,0.1,2.1
16774047,IF4041471243,33428132,A5A1L8MER - MERCERS MARINE EQUIPMENT LTD.,F26 mercers add on,2026-07-10,2026-07-15,8,492,Order NonMasterPack,4,0.2,4.2
16774047,IF4041471243,33428132,A5A1L8MER - MERCERS MARINE EQUIPMENT LTD.,F26 mercers add on,2026-07-10,2026-07-15,1,492,Order Processing,2,0.1,2.1
16774048,IF4041471244,33428133,A0G3A0BLU - BLUE RIDGE INC.,TENTREE FW26,2026-07-10,2026-07-15,1,1523,Order Processing,2,0.1,2.1
16774048,IF4041471244,33428133,A0G3A0BLU - BLUE RIDGE INC.,TENTREE FW26,2026-07-10,2026-07-15,32,1523,Order NonMasterPack,16,0.8,16.8
16774050,IF4041471246,33428135,V1R4C2JJS - JJS FASHIONS,10TREE-MW1-FW,2026-07-10,2026-07-15,11,512.5,Order NonMasterPack,5.5,0.28,5.78
16774050,IF4041471246,33428135,V1R4C2JJS - JJS FASHIONS,10TREE-MW1-FW,2026-07-10,2026-07-15,1,512.5,Order Processing,2,0.1,2.1
16774052,IF4041471248,33428137,V0R1K0XS - XS IV CHEMAINUS  BEYOND THE USUAL,BTU FAWI 2026 Del 1,2026-07-10,2026-07-15,1,412,Order Processing,2,0.1,2.1
16774052,IF4041471248,33428137,V0R1K0XS - XS IV CHEMAINUS  BEYOND THE USUAL,BTU FAWI 2026 Del 1,2026-07-10,2026-07-15,8,412,Order NonMasterPack,4,0.2,4.2
16774053,IF4041471249,33428138,L4G3H7ST - ST ANDREW'S COLLEGE,276,2026-07-10,2026-07-15,1,354,Order Processing,2,0.1,2.1
16774053,IF4041471249,33428138,L4G3H7ST - ST ANDREW'S COLLEGE,276,2026-07-10,2026-07-15,6,354,Order NonMasterPack,3,0.15,3.15
16774055,IF4041471251,33428140,N0H2G0MIK - MIKE GRAHAM dba THE CABANA,SAUBLE-SUMMER,2026-07-10,2026-07-15,10,433.5,Order NonMasterPack,5,0.25,5.25
16774055,IF4041471251,33428140,N0H2G0MIK - MIKE GRAHAM dba THE CABANA,SAUBLE-SUMMER,2026-07-10,2026-07-15,1,433.5,Order Processing,2,0.1,2.1
16774056,IF4041471252,33428142,V8A5K9ARM - ARMITAGE MENS WEAR,120325,2026-07-10,2026-07-15,32,1262,Order NonMasterPack,16,0.8,16.8
16774056,IF4041471252,33428142,V8A5K9ARM - ARMITAGE MENS WEAR,120325,2026-07-10,2026-07-15,1,1262,Order Processing,2,0.1,2.1
16774060,IF4041471256,33428144,N0A1N0THE - THE SURF SHOP,Fall 2026,2026-07-10,2026-07-15,100,4881,Order NonMasterPack,50,2.5,52.5
16774060,IF4041471256,33428144,N0A1N0THE - THE SURF SHOP,Fall 2026,2026-07-10,2026-07-15,1,4881,Order Processing,2,0.1,2.1
16774063,IF4041471260,33428148,V5J3G6CAN - CANADA GARDENWORKS LTD dba GARDENWORKS,FW26 tentree mens,2026-07-10,2026-07-15,1,2858,Order Processing,2,0.1,2.1
16774063,IF4041471260,33428148,V5J3G6CAN - CANADA GARDENWORKS LTD dba GARDENWORKS,FW26 tentree mens,2026-07-10,2026-07-15,72,2858,Order NonMasterPack,36,1.8,37.8
16774064,IF4041471262,33428149,R0C1B0HP - HP TERGESENS,TEN TREE W1,2026-07-10,2026-07-15,18,1017,Order NonMasterPack,9,0.45,9.45
16774064,IF4041471262,33428149,R0C1B0HP - HP TERGESENS,TEN TREE W1,2026-07-10,2026-07-15,1,1017,Order Processing,2,0.1,2.1
16774066,IF4041471264,33428153,R0C1B0HP - HP TERGESENS,222,2026-07-10,2026-07-15,1,343,Order Processing,2,0.1,2.1
16774066,IF4041471264,33428153,R0C1B0HP - HP TERGESENS,222,2026-07-10,2026-07-15,7,343,Order NonMasterPack,3.5,0.18,3.68
16774069,IF4041471267,33428151,V5J3G6CAN - CANADA GARDENWORKS LTD dba GARDENWORKS,FW26 tentree womens,2026-07-10,2026-07-15,178,8432,Order NonMasterPack,89,4.45,93.45
16774069,IF4041471267,33428151,V5J3G6CAN - CANADA GARDENWORKS LTD dba GARDENWORKS,FW26 tentree womens,2026-07-10,2026-07-15,1,8432,Order Processing,2,0.1,2.1
16774075,IF4041471273,33428160,V1E1B4HAR - HARTTY CLOTHING,TenF26A,2026-07-10,2026-07-15,1,2724,Order Processing,2,0.1,2.1
16774075,IF4041471273,33428160,V1E1B4HAR - HARTTY CLOTHING,TenF26A,2026-07-10,2026-07-15,61,2724,Order NonMasterPack,30.5,1.53,32.03
16774081,IF4041471282,33428166,V0J1Z0CHI - CHIAS DREAM CLOSET,Fall26,2026-07-10,2026-07-15,1,1260,Order Processing,2,0.1,2.1
16774081,IF4041471282,33428166,V0J1Z0CHI - CHIAS DREAM CLOSET,Fall26,2026-07-10,2026-07-15,25,1260,Order NonMasterPack,12.5,0.63,13.13
16774084,IF4041471285,33428169,V0G1R0TOU - TOUCH OF FASHION,fall 1,2026-07-10,2026-07-15,16,724,Order NonMasterPack,8,0.4,8.4
16774084,IF4041471285,33428169,V0G1R0TOU - TOUCH OF FASHION,fall 1,2026-07-10,2026-07-15,1,724,Order Processing,2,0.1,2.1
16774085,IF4041471286,33428170,V2A5A4FRE - FREE RIDE PENTICTON,PenTenTreeFa26,2026-07-10,2026-07-15,1,220,Order Processing,2,0.1,2.1
16774085,IF4041471286,33428170,V2A5A4FRE - FREE RIDE PENTICTON,PenTenTreeFa26,2026-07-10,2026-07-15,5,220,Order NonMasterPack,2.5,0.13,2.63
16774086,IF4041471287,33428171,V1Z4C9FRE - FREE RIDE,WSWmTentreeFa26,2026-07-10,2026-07-15,1,449,Order Processing,2,0.1,2.1
16774086,IF4041471287,33428171,V1Z4C9FRE - FREE RIDE,WSWmTentreeFa26,2026-07-10,2026-07-15,11,449,Order NonMasterPack,5.5,0.28,5.78
16774087,IF4041471288,33428172,T2E7V6THE - THE CALGARY ZOOLOGICAL SOCIETY,10335,2026-07-10,2026-07-15,42,1910,Order NonMasterPack,21,1.05,22.05
16774087,IF4041471288,33428172,T2E7V6THE - THE CALGARY ZOOLOGICAL SOCIETY,10335,2026-07-10,2026-07-15,1,1910,Order Processing,2,0.1,2.1
16774088,IF4041471289,33428173,V2A5A4FRE - FREE RIDE PENTICTON,PenWmTentreeFa26,2026-07-10,2026-07-15,1,618,Order Processing,2,0.1,2.1
16774088,IF4041471289,33428173,V2A5A4FRE - FREE RIDE PENTICTON,PenWmTentreeFa26,2026-07-10,2026-07-15,12,618,Order NonMasterPack,6,0.3,6.3
16774089,IF4041471290,33428174,N0H2C0682 - 682565 ONTARIO INC.,tentree FW26 Ladies,2026-07-10,2026-07-15,1,1735,Order Processing,2,0.1,2.1
16774089,IF4041471290,33428174,N0H2C0682 - 682565 ONTARIO INC.,tentree FW26 Ladies,2026-07-10,2026-07-15,35,1735,Order NonMasterPack,17.5,0.88,18.38
16774092,IF4041471293,33428175,N0H2C0682 - 682565 ONTARIO INC.,tentree FW26 Mens,2026-07-10,2026-07-15,32,1408,Order NonMasterPack,16,0.8,16.8
16774092,IF4041471293,33428175,N0H2C0682 - 682565 ONTARIO INC.,tentree FW26 Mens,2026-07-10,2026-07-15,1,1408,Order Processing,2,0.1,2.1
16774093,IF4041471294,33428178,J7K3B7LIL - LILY VOGUE,Fall 2026,2026-07-10,2026-07-15,21,1064,Order NonMasterPack,10.5,0.53,11.03
16774093,IF4041471294,33428178,J7K3B7LIL - LILY VOGUE,Fall 2026,2026-07-10,2026-07-15,1,1064,Order Processing,2,0.1,2.1
16774095,IF4041471296,33428180,V0A1H0TOP - TOP NOTCH,TTreeFall26,2026-07-10,2026-07-15,47,2193,Order NonMasterPack,23.5,1.18,24.68
16774095,IF4041471296,33428180,V0A1H0TOP - TOP NOTCH,TTreeFall26,2026-07-10,2026-07-15,1,2193,Order Processing,2,0.1,2.1
16774096,IF4041471298,33428183,T8V3B1THE - The Drop Rideshop,TenWmn7-15-26,2026-07-10,2026-07-15,54,2691,Order NonMasterPack,27,1.35,28.35
16774096,IF4041471298,33428183,T8V3B1THE - The Drop Rideshop,TenWmn7-15-26,2026-07-10,2026-07-15,1,2691,Order Processing,2,0.1,2.1
16774097,IF4041471299,33428185,T8V3B1THE - The Drop Rideshop,TenMen7-15-26,2026-07-10,2026-07-15,1,1928,Order Processing,2,0.1,2.1
16774097,IF4041471299,33428185,T8V3B1THE - The Drop Rideshop,TenMen7-15-26,2026-07-10,2026-07-15,47,1928,Order NonMasterPack,23.5,1.18,24.68
16774105,IF4041471307,33428193,V0X1W0WOR - WORK N PLAY CLOTHING CO,Fall 2026,2026-07-10,2026-07-15,1,2488,Order Processing,2,0.1,2.1
16774105,IF4041471307,33428193,V0X1W0WOR - WORK N PLAY CLOTHING CO,Fall 2026,2026-07-10,2026-07-15,56,2488,Order NonMasterPack,28,1.4,29.4
16774108,IF4041471310,33428194,V1T5H7KAL - KALECO,Fall26,2026-07-10,2026-07-15,1,1265,Order Processing,2,0.1,2.1
16774108,IF4041471310,33428194,V1T5H7KAL - KALECO,Fall26,2026-07-10,2026-07-15,25,1265,Order NonMasterPack,12.5,0.63,13.13
16765966,IF4041470305,33394678,V6B1B2MAK - MAKE GASTOWN,11704-RET2-JBO,2026-07-07,2026-07-15,1,2797.5,Order Processing,2,0.1,2.1
16765966,IF4041470305,33394678,V6B1B2MAK - MAKE GASTOWN,11704-RET2-JBO,2026-07-07,2026-07-15,93,2797.5,Order NonMasterPack,46.5,2.33,48.83
16765967,IF4041470304,33394675,V5L1Y9MAK - MAKE VANCOUVER FULFILLMENT CENTRE,11689-JBO,2026-07-07,2026-07-15,139,4245,Order NonMasterPack,69.5,3.48,72.98
16765967,IF4041470304,33394675,V5L1Y9MAK - MAKE VANCOUVER FULFILLMENT CENTRE,11689-JBO,2026-07-07,2026-07-15,1,4245,Order Processing,2,0.1,2.1
16774405,IF4041471344,33429230,S9V0A1BOA - BOARDOM,fall26tentree,2026-07-10,2026-07-15,7,403,Order NonMasterPack,3.5,0.18,3.68
16774405,IF4041471344,33429230,S9V0A1BOA - BOARDOM,fall26tentree,2026-07-10,2026-07-15,1,403,Order Processing,2,0.1,2.1
16774407,IF4041471345,33429231,S9V0T6HOT - HOT PEPPERS,fall 1,2026-07-10,2026-07-15,16,664,Order NonMasterPack,8,0.4,8.4
16774407,IF4041471345,33429231,S9V0T6HOT - HOT PEPPERS,fall 1,2026-07-10,2026-07-15,1,664,Order Processing,2,0.1,2.1
16774408,IF4041471348,33429234,T7E1T7JEN - JENSENS LIFESTYLE CLOTHING,JULSHIP,2026-07-10,2026-07-15,26,1194,Order NonMasterPack,13,0.65,13.65
16774408,IF4041471348,33429234,T7E1T7JEN - JENSENS LIFESTYLE CLOTHING,JULSHIP,2026-07-10,2026-07-15,1,1194,Order Processing,2,0.1,2.1
16774410,IF4041471350,33429236,T7P2J8A&M - A&M CLOTHING AND SHOES,Men's Fall 26,2026-07-10,2026-07-15,5,210,Order NonMasterPack,2.5,0.13,2.63
16774410,IF4041471350,33429236,T7P2J8A&M - A&M CLOTHING AND SHOES,Men's Fall 26,2026-07-10,2026-07-15,1,210,Order Processing,2,0.1,2.1
16774411,IF4041471351,33429237,T7P2J8A&M - A&M CLOTHING AND SHOES,Women's Fall 26,2026-07-10,2026-07-15,24,1211,Order NonMasterPack,12,0.6,12.6
16774411,IF4041471351,33429237,T7P2J8A&M - A&M CLOTHING AND SHOES,Women's Fall 26,2026-07-10,2026-07-15,1,1211,Order Processing,2,0.1,2.1
16774412,IF4041471352,33429238,T0A2C0FOU - FOUR SEASONS,FSCfw26Jul15,2026-07-10,2026-07-15,5,245,Order NonMasterPack,2.5,0.13,2.63
16774412,IF4041471352,33429238,T0A2C0FOU - FOUR SEASONS,FSCfw26Jul15,2026-07-10,2026-07-15,1,245,Order Processing,2,0.1,2.1
16774413,IF4041471353,33429239,J2S3J1BOU - BOUTIQUE MV dba M&V,coll1,2026-07-10,2026-07-15,1,1392,Order Processing,2,0.1,2.1
16774413,IF4041471353,33429239,J2S3J1BOU - BOUTIQUE MV dba M&V,coll1,2026-07-10,2026-07-15,28,1392,Order NonMasterPack,14,0.7,14.7
16774415,IF4041471355,33429241,G0A4B0BOU - BOUTIQUE POINT DE VUE,Fall 2026,2026-07-10,2026-07-15,20,793,Order NonMasterPack,10,0.5,10.5
16774415,IF4041471355,33429241,G0A4B0BOU - BOUTIQUE POINT DE VUE,Fall 2026,2026-07-10,2026-07-15,1,793,Order Processing,2,0.1,2.1
16774416,IF4041471356,33429242,T0L1E0WIL - WILSON MOUNTAIN SPORTS LTD.,10T726W,2026-07-10,2026-07-15,31,1319,Order NonMasterPack,15.5,0.78,16.28
16774416,IF4041471356,33429242,T0L1E0WIL - WILSON MOUNTAIN SPORTS LTD.,10T726W,2026-07-10,2026-07-15,1,1319,Order Processing,2,0.1,2.1
16774417,IF4041471358,33429243,T5V0A1 - LA DEE DAH,Fall 2026,2026-07-10,2026-07-15,23,1097,Order NonMasterPack,11.5,0.58,12.08
16774417,IF4041471358,33429243,T5V0A1 - LA DEE DAH,Fall 2026,2026-07-10,2026-07-15,1,1097,Order Processing,2,0.1,2.1
16774418,IF4041471360,33429245,V0J3A0CAL - CALIFORNIA DREAMIN,del 1,2026-07-10,2026-07-15,33,1422,Order NonMasterPack,16.5,0.83,17.33
16774418,IF4041471360,33429245,V0J3A0CAL - CALIFORNIA DREAMIN,del 1,2026-07-10,2026-07-15,1,1422,Order Processing,2,0.1,2.1
16774420,IF4041471361,33429247,T0L2H0KAN - KANANASKIS OUTFITTERS LTD,Mns Early,2026-07-10,2026-07-15,1,147,Order Processing,2,0.1,2.1
16774420,IF4041471361,33429247,T0L2H0KAN - KANANASKIS OUTFITTERS LTD,Mns Early,2026-07-10,2026-07-15,3,147,Order NonMasterPack,1.5,0.08,1.58
16774421,IF4041471363,33429246,V0B1M0EDG - EDGE OF THE WORLD BOARD SHOP,F26EOW,2026-07-10,2026-07-15,1,6069,Order Processing,2,0.1,2.1
16774421,IF4041471363,33429246,V0B1M0EDG - EDGE OF THE WORLD BOARD SHOP,F26EOW,2026-07-10,2026-07-15,138,6069,Order NonMasterPack,69,3.45,72.45
16774423,IF4041471365,33429250,S7N4L3UNI - UNIVERSITY OF SASKATCHEWAN - RETAIL SERV,253016,2026-07-10,2026-07-15,1,6123,Order Master Pack Carton,2,0.1,2.1
16774423,IF4041471365,33429250,S7N4L3UNI - UNIVERSITY OF SASKATCHEWAN - RETAIL SERV,253016,2026-07-10,2026-07-15,1,6123,Order Processing,2,0.1,2.1
16774423,IF4041471365,33429250,S7N4L3UNI - UNIVERSITY OF SASKATCHEWAN - RETAIL SERV,253016,2026-07-10,2026-07-15,146,6123,Order NonMasterPack,73,3.65,76.65
16774424,IF4041471366,33429251,T0A3A2ATH - ATHLETIC ALLEY MAGNET SHOES,Men's- Fall 2026,2026-07-10,2026-07-15,14,661,Order NonMasterPack,7,0.35,7.35
16774424,IF4041471366,33429251,T0A3A2ATH - ATHLETIC ALLEY MAGNET SHOES,Men's- Fall 2026,2026-07-10,2026-07-15,1,661,Order Processing,2,0.1,2.1
16774425,IF4041471367,33429252,T0A3A2ATH - ATHLETIC ALLEY MAGNET SHOES,Ladies- Fall 2026,2026-07-10,2026-07-15,1,713,Order Processing,2,0.1,2.1
16774425,IF4041471367,33429252,T0A3A2ATH - ATHLETIC ALLEY MAGNET SHOES,Ladies- Fall 2026,2026-07-10,2026-07-15,17,713,Order NonMasterPack,8.5,0.43,8.93
16774428,IF4041471370,33429255,T4V1N2THE - THE TRENDY WALRUS,FW26,2026-07-10,2026-07-15,1,3528,Order Processing,2,0.1,2.1
16774428,IF4041471370,33429255,T4V1N2THE - THE TRENDY WALRUS,FW26,2026-07-10,2026-07-15,72,3528,Order NonMasterPack,36,1.8,37.8
16774429,IF4041471371,33429256,T0C2L0JOH - JOHNS MENSWEAR,FA/HO26,2026-07-10,2026-07-15,68,3055,Order NonMasterPack,34,1.7,35.7
16774429,IF4041471371,33429256,T0C2L0JOH - JOHNS MENSWEAR,FA/HO26,2026-07-10,2026-07-15,1,3055,Order Processing,2,0.1,2.1
16774432,IF4041471378,33429363,V8L1X8SID - SIDNEY PIER AND PATH,3,2026-07-10,2026-07-15,124,6596,Order NonMasterPack,62,3.1,65.1
16774432,IF4041471378,33429363,V8L1X8SID - SIDNEY PIER AND PATH,3,2026-07-10,2026-07-15,1,6596,Order Processing,2,0.1,2.1
16780234,IF4041472306,33459892,T7P2J8A&M - A&M CLOTHING AND SHOES,Women's Fall 26,2026-07-13,2026-07-15,9,381,Order NonMasterPack,4.5,0.23,4.73
16780234,IF4041472306,33459892,T7P2J8A&M - A&M CLOTHING AND SHOES,Women's Fall 26,2026-07-13,2026-07-15,1,381,Order Processing,2,0.1,2.1
16780238,IF4041472302,33459888,K7V1R3SCO - SCOTT'S SHOE STORE,FW26,2026-07-13,2026-07-15,1,884,Order Processing,2,0.1,2.1
16780238,IF4041472302,33459888,K7V1R3SCO - SCOTT'S SHOE STORE,FW26,2026-07-13,2026-07-15,16,884,Order NonMasterPack,8,0.4,8.4
16780239,IF4041472300,33459887,R0C1B0HP - HP TERGESENS,TEN TREE W1,2026-07-13,2026-07-15,1,1377,Order Processing,2,0.1,2.1
16780239,IF4041472300,33459887,R0C1B0HP - HP TERGESENS,TEN TREE W1,2026-07-13,2026-07-15,23,1377,Order NonMasterPack,11.5,0.58,12.08
16780240,IF4041472299,33459886,T2K1J7CAL - CALGARY WINTER CLUB,49412,2026-07-13,2026-07-15,10,665,Order NonMasterPack,5,0.25,5.25
16780240,IF4041472299,33459886,T2K1J7CAL - CALGARY WINTER CLUB,49412,2026-07-13,2026-07-15,1,665,Order Processing,2,0.1,2.1
16780241,IF4041472298,33459885,J7K3B7LIL - LILY VOGUE,Fall 2026,2026-07-13,2026-07-15,35,1785,Order NonMasterPack,17.5,0.88,18.38
16780241,IF4041472298,33459885,J7K3B7LIL - LILY VOGUE,Fall 2026,2026-07-13,2026-07-15,1,1785,Order Processing,2,0.1,2.1
16780242,IF4041472297,33459884,L4G3H7ST - ST ANDREW'S COLLEGE,276,2026-07-13,2026-07-15,1,756,Order Processing,2,0.1,2.1
16780242,IF4041472297,33459884,L4G3H7ST - ST ANDREW'S COLLEGE,276,2026-07-13,2026-07-15,9,756,Order NonMasterPack,4.5,0.23,4.73
16780243,IF4041472295,33459883,T5V0A1 - LA DEE DAH,Fall 2026,2026-07-13,2026-07-15,12,788,Order NonMasterPack,6,0.3,6.3
16780243,IF4041472295,33459883,T5V0A1 - LA DEE DAH,Fall 2026,2026-07-13,2026-07-15,1,788,Order Processing,2,0.1,2.1
16780246,IF4041472291,33459780,G6P4A2SIG - SIGNE POUR LUI INC.,Fall 2026,2026-07-13,2026-07-15,1,370,Order Processing,2,0.1,2.1
16780246,IF4041472291,33459780,G6P4A2SIG - SIGNE POUR LUI INC.,Fall 2026,2026-07-13,2026-07-15,5,370,Order NonMasterPack,2.5,0.13,2.63
16780247,IF4041472290,33459779,A5A1L8MER - MERCERS MARINE EQUIPMENT LTD.,F26 Mercers,2026-07-13,2026-07-15,1,772,Order Processing,2,0.1,2.1
16780247,IF4041472290,33459779,A5A1L8MER - MERCERS MARINE EQUIPMENT LTD.,F26 Mercers,2026-07-13,2026-07-15,13,772,Order NonMasterPack,6.5,0.33,6.83
16780248,IF4041472283,33459577,V0J3A0CAL - CALIFORNIA DREAMIN,del 1,2026-07-13,2026-07-15,1,351,Order Processing,2,0.1,2.1
16780248,IF4041472283,33459577,V0J3A0CAL - CALIFORNIA DREAMIN,del 1,2026-07-13,2026-07-15,9,351,Order NonMasterPack,4.5,0.23,4.73
16780249,IF4041472288,33459778,V0B1M0EDG - EDGE OF THE WORLD BOARD SHOP,F26EOW,2026-07-13,2026-07-15,1,2402,Order Processing,2,0.1,2.1
16780249,IF4041472288,33459778,V0B1M0EDG - EDGE OF THE WORLD BOARD SHOP,F26EOW,2026-07-13,2026-07-15,53,2402,Order NonMasterPack,26.5,1.33,27.83
16780273,IF4041472247,33458871,J2G8K1SPO - Sports Experts 410,4266158-410,2026-07-13,2026-07-15,1,1905,Order Processing,2,0.1,2.1
16780273,IF4041472247,33458871,J2G8K1SPO - Sports Experts 410,4266158-410,2026-07-13,2026-07-15,40,1905,Order NonMasterPack,20,1,21
16780285,IF4041471759,33441450,V1Z4C9FRE - FREE RIDE,WSWmTentreeH26,2026-07-13,2026-07-15,1,500,Order Processing,2,0.1,2.1
16780285,IF4041471759,33441450,V1Z4C9FRE - FREE RIDE,WSWmTentreeH26,2026-07-13,2026-07-15,10,500,Order NonMasterPack,5,0.25,5.25
16780286,IF4041471758,33441449,R3J3Y6THE - THE NORTH WEST COMPANY LP,185452,2026-07-13,2026-07-15,113,4641,Order NonMasterPack,56.5,2.83,59.33
16780286,IF4041471758,33441449,R3J3Y6THE - THE NORTH WEST COMPANY LP,185452,2026-07-13,2026-07-15,1,4641,Order Processing,2,0.1,2.1
16780286,IF4041471758,33441449,R3J3Y6THE - THE NORTH WEST COMPANY LP,185452,2026-07-13,2026-07-15,1,4641,Order Master Pack Carton,2,0.1,2.1
16781930,IF4041472366,33462062,V1G2C1GRI - GRIFFIN SOURCE FOR SPORTS,glenn,2026-07-13,2026-07-15,1,414.5,Order Processing,2,0.1,2.1
16781930,IF4041472366,33462062,V1G2C1GRI - GRIFFIN SOURCE FOR SPORTS,glenn,2026-07-13,2026-07-15,15,414.5,Order NonMasterPack,7.5,0.38,7.88
16781933,IF4041472394,33463040,V0A1K0THE - THE INSIDE EDGE SPORTS STORE LTD,20260715,2026-07-13,2026-07-15,1,1134.5,Order Processing,2,0.1,2.1
16781933,IF4041472394,33463040,V0A1K0THE - THE INSIDE EDGE SPORTS STORE LTD,20260715,2026-07-13,2026-07-15,36,1134.5,Order NonMasterPack,18,0.9,18.9
16781937,IF4041471292,33428177,V0A1K0THE - THE INSIDE EDGE SPORTS STORE LTD,20260715,2026-07-13,2026-07-15,9,371,Order NonMasterPack,4.5,0.23,4.73
16781937,IF4041471292,33428177,V0A1K0THE - THE INSIDE EDGE SPORTS STORE LTD,20260715,2026-07-13,2026-07-15,1,371,Order Processing,2,0.1,2.1
16784014,IF4041472509,33466787,V2A5A4FRE - FREE RIDE PENTICTON,PenWmTentreeH26,2026-07-14,2026-07-15,1,520,Order Processing,2,0.1,2.1
16784014,IF4041472509,33466787,V2A5A4FRE - FREE RIDE PENTICTON,PenWmTentreeH26,2026-07-14,2026-07-15,10,520,Order NonMasterPack,5,0.25,5.25
16784323,IF4041472689,33474140,N0H2C0682 - 682565 ONTARIO INC.,tentree FW26 Ladies,2026-07-14,2026-07-15,19,1231,Order NonMasterPack,9.5,0.48,9.98
16784323,IF4041472689,33474140,N0H2C0682 - 682565 ONTARIO INC.,tentree FW26 Ladies,2026-07-14,2026-07-15,1,1231,Order Processing,2,0.1,2.1
16711488,IF4041466690,33259264,V1C3R3GER - GERICK SPORTS,tentree fa261,2026-06-23,2026-07-15,1,771,Order Processing,2,0.1,2.1
16711488,IF4041466690,33259264,V1C3R3GER - GERICK SPORTS,tentree fa261,2026-06-23,2026-07-15,17,771,Order NonMasterPack,8.5,0.43,8.93
16711489,IF4041466691,33259265,V1C3R3GER - GERICK SPORTS,tentreefa261,2026-06-23,2026-07-15,46,1383,Order NonMasterPack,23,1.15,24.15
16711489,IF4041466691,33259265,V1C3R3GER - GERICK SPORTS,tentreefa261,2026-06-23,2026-07-15,1,1383,Order Processing,2,0.1,2.1
16733110,IF4041468389,33328350,T2E7V6THE - THE CALGARY ZOOLOGICAL SOCIETY,10335,2026-06-30,2026-07-15,1,4952,Order Processing,2,0.1,2.1
16733110,IF4041468389,33328350,T2E7V6THE - THE CALGARY ZOOLOGICAL SOCIETY,10335,2026-06-30,2026-07-15,177,4952,Order NonMasterPack,88.5,4.43,92.93
16733138,IF4041468418,33328480,V8A5K9ARM - ARMITAGE MENS WEAR,120325,2026-06-30,2026-07-15,1,3554,Order Processing,2,0.1,2.1
16733138,IF4041468418,33328480,V8A5K9ARM - ARMITAGE MENS WEAR,120325,2026-06-30,2026-07-15,105,3554,Order NonMasterPack,52.5,2.63,55.13
16733141,IF4041468421,33328482,B3B1S1CLE - CLEVE'S SOURCE FOR SPORTS,138062,2026-06-30,2026-07-15,160,5492,Order NonMasterPack,80,4,84
16733141,IF4041468421,33328482,B3B1S1CLE - CLEVE'S SOURCE FOR SPORTS,138062,2026-06-30,2026-07-15,1,5492,Order Processing,2,0.1,2.1
16733148,IF4041468428,33328490,H7L5Z6A/S - A/S Les Boutiques Tremblant,MA-33571-A,2026-06-30,2026-07-15,126,2430,Order NonMasterPack,63,3.15,66.15
16733148,IF4041468428,33328490,H7L5Z6A/S - A/S Les Boutiques Tremblant,MA-33571-A,2026-06-30,2026-07-15,1,2430,Order Processing,2,0.1,2.1
16768270,IF4041470527,33404268,K0K2T0THE - THE MERCHANT,1,2026-07-08,2026-07-15,1,2250.5,Order Processing,2,0.1,2.1
16768270,IF4041470527,33404268,K0K2T0THE - THE MERCHANT,1,2026-07-08,2026-07-15,73,2250.5,Order NonMasterPack,36.5,1.83,38.33
16768272,IF4041470529,33404270,T2K1J7CAL - CALGARY WINTER CLUB,49412,2026-07-08,2026-07-15,1,2762,Order Processing,2,0.1,2.1
16768272,IF4041470529,33404270,T2K1J7CAL - CALGARY WINTER CLUB,49412,2026-07-08,2026-07-15,48,2762,Order NonMasterPack,24,1.2,25.2
16768878,IF4041470587,33405288,J6A5N4SPO - SPORTS EXPERTS 529,4266162-529,2026-07-08,2026-07-15,1,1849.5,Order Processing,2,0.1,2.1
16768878,IF4041470587,33405288,J6A5N4SPO - SPORTS EXPERTS 529,4266162-529,2026-07-08,2026-07-15,42,1849.5,Order NonMasterPack,21,1.05,22.05
16768891,IF4041470606,33405301,J4Y0A5QUA - Quartier Dix-30,4266162-842,2026-07-08,2026-07-15,1,3657,Order Processing,2,0.1,2.1
16768891,IF4041470606,33405301,J4Y0A5QUA - Quartier Dix-30,4266162-842,2026-07-08,2026-07-15,102,3657,Order NonMasterPack,51,2.55,53.55
16774015,IF4041471208,33428000,H7L5Z6A/S - A/S Les Boutiques Tremblant,MA-33571-A,2026-07-10,2026-07-15,48,960,Order NonMasterPack,24,1.2,25.2
16774015,IF4041471208,33428000,H7L5Z6A/S - A/S Les Boutiques Tremblant,MA-33571-A,2026-07-10,2026-07-15,1,960,Order Processing,2,0.1,2.1
16774017,IF4041471210,33428101,H7L5Z6A/S - A/S Les Boutiques Tremblant,MA-33570-A,2026-07-10,2026-07-15,72,3768,Order NonMasterPack,36,1.8,37.8
16774017,IF4041471210,33428101,H7L5Z6A/S - A/S Les Boutiques Tremblant,MA-33570-A,2026-07-10,2026-07-15,1,3768,Order Processing,2,0.1,2.1
16774026,IF4041471222,33428110,G6P4A2SIG - SIGNE POUR LUI INC.,Fall 2026,2026-07-10,2026-07-15,1,912,Order Processing,2,0.1,2.1
16774026,IF4041471222,33428110,G6P4A2SIG - SIGNE POUR LUI INC.,Fall 2026,2026-07-10,2026-07-15,18,912,Order NonMasterPack,9,0.45,9.45
16774028,IF4041471224,33428113,T2K1J7CAL - CALGARY WINTER CLUB,49412,2026-07-10,2026-07-15,3,132,Order NonMasterPack,1.5,0.08,1.58
16774028,IF4041471224,33428113,T2K1J7CAL - CALGARY WINTER CLUB,49412,2026-07-10,2026-07-15,1,132,Order Processing,2,0.1,2.1
16774045,IF4041471241,33428130,B5A1E7EVE - EVERY BLOOMIN THING,KN112725A,2026-07-10,2026-07-15,1,1294,Order Processing,2,0.1,2.1
16774045,IF4041471241,33428130,B5A1E7EVE - EVERY BLOOMIN THING,KN112725A,2026-07-10,2026-07-15,26,1294,Order NonMasterPack,13,0.65,13.65
16774049,IF4041471245,33428134,G0C2B0RHE - RHEAL PITRE A FILS LTEE,VN-150726,2026-07-10,2026-07-15,1,2344,Order Processing,2,0.1,2.1
16774049,IF4041471245,33428134,G0C2B0RHE - RHEAL PITRE A FILS LTEE,VN-150726,2026-07-10,2026-07-15,51,2344,Order NonMasterPack,25.5,1.28,26.78
16774054,IF4041471250,33428139,L4G3H7ST - ST ANDREW'S COLLEGE,579,2026-07-10,2026-07-15,36,1989,Order NonMasterPack,18,0.9,18.9
16774054,IF4041471250,33428139,L4G3H7ST - ST ANDREW'S COLLEGE,579,2026-07-10,2026-07-15,1,1989,Order Processing,2,0.1,2.1
16774057,IF4041471253,33428141,A5A1L8MER - MERCERS MARINE EQUIPMENT LTD.,F26 Mercers,2026-07-10,2026-07-15,77,3762,Order NonMasterPack,38.5,1.93,40.43
16774057,IF4041471253,33428141,A5A1L8MER - MERCERS MARINE EQUIPMENT LTD.,F26 Mercers,2026-07-10,2026-07-15,1,3762,Order Processing,2,0.1,2.1
16774058,IF4041471254,33428143,K7V1R3SCO - SCOTT'S SHOE STORE,FW26,2026-07-10,2026-07-15,1,2657,Order Processing,2,0.1,2.1
16774058,IF4041471254,33428143,K7V1R3SCO - SCOTT'S SHOE STORE,FW26,2026-07-10,2026-07-15,53,2657,Order NonMasterPack,26.5,1.33,27.83
16774071,IF4041471269,33428155,N4N1N9DEN - DENIM BAR,Fall26,2026-07-10,2026-07-15,40,1910,Order NonMasterPack,20,1,21
16774071,IF4041471269,33428155,N4N1N9DEN - DENIM BAR,Fall26,2026-07-10,2026-07-15,1,1910,Order Processing,2,0.1,2.1
16774073,IF4041471271,33428157,P5N2W8MOO - MOONBEAM COUNTRY STORE,F26 del 3,2026-07-10,2026-07-15,73,3468,Order NonMasterPack,36.5,1.83,38.33
16774073,IF4041471271,33428157,P5N2W8MOO - MOONBEAM COUNTRY STORE,F26 del 3,2026-07-10,2026-07-15,1,3468,Order Processing,2,0.1,2.1
16691970,IF4041465636,33206068,V8B0G8VAL - VALHALLA PURE SQUAMISH,TTI-FW26-Acc-Sh1,2026-06-17,2026-07-15,1,742.5,Order Processing,2,0.1,2.1
16691970,IF4041465636,33206068,V8B0G8VAL - VALHALLA PURE SQUAMISH,TTI-FW26-Acc-Sh1,2026-06-17,2026-07-15,33,742.5,Order NonMasterPack,16.5,0.83,17.33
16710688,IF4041466382,33250385,T7E1T7JEN - JENSENS LIFESTYLE CLOTHING,JULSHIP,2026-06-23,2026-07-15,77,2116,Order NonMasterPack,38.5,1.93,40.43
16710688,IF4041466382,33250385,T7E1T7JEN - JENSENS LIFESTYLE CLOTHING,JULSHIP,2026-06-23,2026-07-15,1,2116,Order Processing,2,0.1,2.1
16710699,IF4041466378,33250381,V1N2M9MAL - MALLARDS SOURCE FOR SPORTS,Tentree Fw 1,2026-06-23,2026-07-15,50,1224,Order NonMasterPack,25,1.25,26.25
16710699,IF4041466378,33250381,V1N2M9MAL - MALLARDS SOURCE FOR SPORTS,Tentree Fw 1,2026-06-23,2026-07-15,1,1224,Order Processing,2,0.1,2.1
16710700,IF4041466373,33250376,A5A1L8MER - MERCERS MARINE EQUIPMENT LTD.,Swap - F26 Mercers,2026-06-23,2026-07-15,1,45,Order Processing,2,0.1,2.1
16710700,IF4041466373,33250376,A5A1L8MER - MERCERS MARINE EQUIPMENT LTD.,Swap - F26 Mercers,2026-06-23,2026-07-15,2,45,Order NonMasterPack,1,0.05,1.05
16711483,IF4041466685,33259259,S9A3W6FF2 - FF2,Ladiesfall,2026-06-23,2026-07-15,1,754.5,Order Processing,2,0.1,2.1
16711483,IF4041466685,33259259,S9A3W6FF2 - FF2,Ladiesfall,2026-06-23,2026-07-15,30,754.5,Order NonMasterPack,15,0.75,15.75
16711484,IF4041466686,33259260,S9A3W6FF2 - FF2,mensfall,2026-06-23,2026-07-15,29,737,Order NonMasterPack,14.5,0.73,15.23
16711484,IF4041466686,33259260,S9A3W6FF2 - FF2,mensfall,2026-06-23,2026-07-15,1,737,Order Processing,2,0.1,2.1
16711491,IF4041466694,33259368,V1T9H2WEA - WEARABOUTS - VERNON,VerF26S1,2026-06-23,2026-07-15,1,1125,Order Processing,2,0.1,2.1
16711491,IF4041466694,33259368,V1T9H2WEA - WEARABOUTS - VERNON,VerF26S1,2026-06-23,2026-07-15,50,1125,Order NonMasterPack,25,1.25,26.25
16711493,IF4041466696,33259370,V9Y8E9LAC - LACE IT UP aka JAYS MENS WEAR,TTMensFA1,2026-06-23,2026-07-15,1,90,Order Processing,2,0.1,2.1
16711493,IF4041466696,33259370,V9Y8E9LAC - LACE IT UP aka JAYS MENS WEAR,TTMensFA1,2026-06-23,2026-07-15,4,90,Order NonMasterPack,2,0.1,2.1
16733113,IF4041468390,33328351,V2G4T6CAR - CARIBOU SKI SOURCE FOR SPORTS,26-1040,2026-06-30,2026-07-15,112,2982,Order NonMasterPack,56,2.8,58.8
16733113,IF4041468390,33328351,V2G4T6CAR - CARIBOU SKI SOURCE FOR SPORTS,26-1040,2026-06-30,2026-07-15,1,2982,Order Processing,2,0.1,2.1
16741218,IF4041468493,33329999,J2S3J1BOU - BOUTIQUE MV dba M&V,coll1,2026-07-02,2026-07-15,1,2685,Order Processing,2,0.1,2.1
16741218,IF4041468493,33329999,J2S3J1BOU - BOUTIQUE MV dba M&V,coll1,2026-07-02,2026-07-15,74,2685,Order NonMasterPack,37,1.85,38.85
16741231,IF4041468487,33329993,R9A1L3KLE - KLEEN ALL THE PAS,F26TenTreeOCNKickIt,2026-07-02,2026-07-15,1,2562,Order Processing,2,0.1,2.1
16741231,IF4041468487,33329993,R9A1L3KLE - KLEEN ALL THE PAS,F26TenTreeOCNKickIt,2026-07-02,2026-07-15,67,2562,Order NonMasterPack,33.5,1.68,35.18
16741232,IF4041468485,33329991,V9K1S7COV - COVET BOUTIQUE,1234,2026-07-02,2026-07-15,25,1021,Order NonMasterPack,12.5,0.63,13.13
16741232,IF4041468485,33329991,V9K1S7COV - COVET BOUTIQUE,1234,2026-07-02,2026-07-15,1,1021,Order Processing,2,0.1,2.1
16741233,IF4041468516,33330022,V0R1X0NOR - NORTH ROAD SPORTS,10Tree-F26-1,2026-07-02,2026-07-15,78,1936,Order NonMasterPack,39,1.95,40.95
16741233,IF4041468516,33330022,V0R1X0NOR - NORTH ROAD SPORTS,10Tree-F26-1,2026-07-02,2026-07-15,1,1936,Order Processing,2,0.1,2.1
16741235,IF4041468491,33329997,V2J2M5PEA - PEARLS FASHION,TentreeF26ul,2026-07-02,2026-07-15,54,1543.5,Order NonMasterPack,27,1.35,28.35
16741235,IF4041468491,33329997,V2J2M5PEA - PEARLS FASHION,TentreeF26ul,2026-07-02,2026-07-15,1,1543.5,Order Processing,2,0.1,2.1
16741237,IF4041468470,33329878,V0N2J2ALL - ALLISON TAYLOR dba INIS TRADING CO,Fall Add-ons,2026-07-02,2026-07-15,22,544,Order NonMasterPack,11,0.55,11.55
16741237,IF4041468470,33329878,V0N2J2ALL - ALLISON TAYLOR dba INIS TRADING CO,Fall Add-ons,2026-07-02,2026-07-15,1,544,Order Processing,2,0.1,2.1
16741271,IF4041468488,33329994,V0N2J2ALL - ALLISON TAYLOR dba INIS TRADING CO,Fall 2026,2026-07-02,2026-07-15,1,1917,Order Processing,2,0.1,2.1
16741271,IF4041468488,33329994,V0N2J2ALL - ALLISON TAYLOR dba INIS TRADING CO,Fall 2026,2026-07-02,2026-07-15,68,1917,Order NonMasterPack,34,1.7,35.7
16741244,IF4041468497,33330003,R1A1V2KEY - KEYSTONE SOURCE FOR SPORTS,RM FALL26,2026-07-02,2026-07-15,1,1137,Order Processing,2,0.1,2.1
16741244,IF4041468497,33330003,R1A1V2KEY - KEYSTONE SOURCE FOR SPORTS,RM FALL26,2026-07-02,2026-07-15,25,1137,Order NonMasterPack,12.5,0.63,13.13
16741247,IF4041468472,33329880,J7K3B7LIL - LILY VOGUE,Fall 2026,2026-07-02,2026-07-15,14,581,Order NonMasterPack,7,0.35,7.35
16741247,IF4041468472,33329880,J7K3B7LIL - LILY VOGUE,Fall 2026,2026-07-02,2026-07-15,1,581,Order Processing,2,0.1,2.1
16741251,IF4041468484,33329990,V1T5H7KAL - KALECO,Fall26,2026-07-02,2026-07-15,21,644,Order NonMasterPack,10.5,0.53,11.03
16741251,IF4041468484,33329990,V1T5H7KAL - KALECO,Fall26,2026-07-02,2026-07-15,1,644,Order Processing,2,0.1,2.1
16741260,IF4041468494,33330000,T0A2C0FOU - FOUR SEASONS,FSCfw26Jul15,2026-07-02,2026-07-15,1,216,Order Processing,2,0.1,2.1
16741260,IF4041468494,33330000,T0A2C0FOU - FOUR SEASONS,FSCfw26Jul15,2026-07-02,2026-07-15,12,216,Order NonMasterPack,6,0.3,6.3
16760748,IF4041469232,33352064,Y1A2B4COA - COAST MOUNTAIN - Sports Experts #770,3050160,2026-07-06,2026-07-15,6,294,Order NonMasterPack,3,0.15,3.15
16760748,IF4041469232,33352064,Y1A2B4COA - COAST MOUNTAIN - Sports Experts #770,3050160,2026-07-06,2026-07-15,1,294,Order Processing,2,0.1,2.1
16768276,IF4041470533,33404273,A2H2N2GEO - GEORGES MOUNTAIN VILLAGE,FW-26/27,2026-07-08,2026-07-15,1,3469,Order Processing,2,0.1,2.1
16768276,IF4041470533,33404273,A2H2N2GEO - GEORGES MOUNTAIN VILLAGE,FW-26/27,2026-07-08,2026-07-15,72,3469,Order NonMasterPack,36,1.8,37.8
16768868,IF4041470577,33405278,J7R4Z3SPO - SPORTS EXPERTS - ATMOSPHERE,4266611-864,2026-07-08,2026-07-15,1,60,Order Processing,2,0.1,2.1
16768868,IF4041470577,33405278,J7R4Z3SPO - SPORTS EXPERTS - ATMOSPHERE,4266611-864,2026-07-08,2026-07-15,3,60,Order NonMasterPack,1.5,0.08,1.58
16768870,IF4041470579,33405280,J9X6H7SPO - SPORTS EXPERTS,remplacement annulation 4266162,2026-07-08,2026-07-15,7,413,Order NonMasterPack,3.5,0.18,3.68
16768870,IF4041470579,33405280,J9X6H7SPO - SPORTS EXPERTS,remplacement annulation 4266162,2026-07-08,2026-07-15,1,413,Order Processing,2,0.1,2.1
16768874,IF4041470583,33405284,H8N1X1SPO - SPORTS EXPERTS - ATMOSPHERE,4266158-590,2026-07-08,2026-07-15,1,852,Order Processing,2,0.1,2.1
16768874,IF4041470583,33405284,H8N1X1SPO - SPORTS EXPERTS - ATMOSPHERE,4266158-590,2026-07-08,2026-07-15,18,852,Order NonMasterPack,9,0.45,9.45
16768876,IF4041470585,33405286,H7P6C8SPO - SPORTS EXPERTS 3398,4266158-3398,2026-07-08,2026-07-15,3,157,Order NonMasterPack,1.5,0.08,1.58
16768876,IF4041470585,33405286,H7P6C8SPO - SPORTS EXPERTS 3398,4266158-3398,2026-07-08,2026-07-15,1,157,Order Processing,2,0.1,2.1
16768881,IF4041470594,33405291,E3V1T9SPO - SPORTS EXPERTS,4266162-482,2026-07-08,2026-07-15,66,2116,Order NonMasterPack,33,1.65,34.65
16768881,IF4041470594,33405291,E3V1T9SPO - SPORTS EXPERTS,4266162-482,2026-07-08,2026-07-15,1,2116,Order Processing,2,0.1,2.1
16768882,IF4041470595,33405292,G0C1E0SPO - SPORTS EXPERTS 674,4266162-674,2026-07-08,2026-07-15,64,2344.5,Order NonMasterPack,32,1.6,33.6
16768882,IF4041470595,33405292,G0C1E0SPO - SPORTS EXPERTS 674,4266162-674,2026-07-08,2026-07-15,1,2344.5,Order Processing,2,0.1,2.1
16768883,IF4041470596,33405293,J9A0C7PLA - Plateau des Grives,4266158-3307,2026-07-08,2026-07-15,28,1412,Order NonMasterPack,14,0.7,14.7
16768883,IF4041470596,33405293,J9A0C7PLA - Plateau des Grives,4266158-3307,2026-07-08,2026-07-15,1,1412,Order Processing,2,0.1,2.1
16768884,IF4041470597,33405294,J9T4B2SPO - SPORTS EXPERTS,4266162-855,2026-07-08,2026-07-15,1,1777.5,Order Processing,2,0.1,2.1
16768884,IF4041470597,33405294,J9T4B2SPO - SPORTS EXPERTS,4266162-855,2026-07-08,2026-07-15,57,1777.5,Order NonMasterPack,28.5,1.43,29.93
16773029,IF4041470958,33417477,S9A025ELE - ELEVEN65 CLOTHING CO,credit card,2026-07-10,2026-07-15,73,1854.5,Order NonMasterPack,36.5,1.83,38.33
16773029,IF4041470958,33417477,S9A025ELE - ELEVEN65 CLOTHING CO,credit card,2026-07-10,2026-07-15,1,1854.5,Order Processing,2,0.1,2.1
16774016,IF4041471209,33428102,V3Z1G6ART - ART KNAPP SURREY,fall 26 july,2026-07-10,2026-07-15,11,509,Order NonMasterPack,5.5,0.28,5.78
16774016,IF4041471209,33428102,V3Z1G6ART - ART KNAPP SURREY,fall 26 july,2026-07-10,2026-07-15,1,509,Order Processing,2,0.1,2.1
16774018,IF4041471212,33428103,K7G1E8STE - STEEL STYLE GARAGE,TT26-1,2026-07-10,2026-07-15,4,156,Order NonMasterPack,2,0.1,2.1
16774018,IF4041471212,33428103,K7G1E8STE - STEEL STYLE GARAGE,TT26-1,2026-07-10,2026-07-15,1,156,Order Processing,2,0.1,2.1
16774024,IF4041471219,33428109,V7M2J5NOR - NORTH SHORE SKI AND BOARD,PBMJULY15,2026-07-10,2026-07-15,1,392,Order Processing,2,0.1,2.1
16774024,IF4041471219,33428109,V7M2J5NOR - NORTH SHORE SKI AND BOARD,PBMJULY15,2026-07-10,2026-07-15,8,392,Order NonMasterPack,4,0.2,4.2
16774025,IF4041471221,33428111,V7M2J5NOR - NORTH SHORE SKI AND BOARD,PBWJULY15,2026-07-10,2026-07-15,1,312,Order Processing,2,0.1,2.1
16774025,IF4041471221,33428111,V7M2J5NOR - NORTH SHORE SKI AND BOARD,PBWJULY15,2026-07-10,2026-07-15,8,312,Order NonMasterPack,4,0.2,4.2
16774027,IF4041471223,33428112,R9A1S4FUN - FUNKY THREADZ,TenTreeF1xFTz,2026-07-10,2026-07-15,11,599,Order NonMasterPack,5.5,0.28,5.78
16774027,IF4041471223,33428112,R9A1S4FUN - FUNKY THREADZ,TenTreeF1xFTz,2026-07-10,2026-07-15,1,599,Order Processing,2,0.1,2.1
16774036,IF4041471232,33428121,V8J1P2HOM - HOMEWORK,fall26-delivery 1,2026-07-10,2026-07-15,1,80,Order Processing,2,0.1,2.1
16774036,IF4041471232,33428121,V8J1P2HOM - HOMEWORK,fall26-delivery 1,2026-07-10,2026-07-15,4,80,Order NonMasterPack,2,0.1,2.1
16774040,IF4041471236,33428125,V9Y8E9LAC - LACE IT UP aka JAYS MENS WEAR,TTMensFA1,2026-07-10,2026-07-15,1,220,Order Processing,2,0.1,2.1
16774040,IF4041471236,33428125,V9Y8E9LAC - LACE IT UP aka JAYS MENS WEAR,TTMensFA1,2026-07-10,2026-07-15,5,220,Order NonMasterPack,2.5,0.13,2.63
16774041,IF4041471237,33428126,B0W2Z0LA - LA CACHETTE,Tentree FW26 - Mens,2026-07-10,2026-07-15,1,176,Order Processing,2,0.1,2.1
16774041,IF4041471237,33428126,B0W2Z0LA - LA CACHETTE,Tentree FW26 - Mens,2026-07-10,2026-07-15,4,176,Order NonMasterPack,2,0.1,2.1
16774042,IF4041471238,33428127,N0M1T0ARC - ARCHIES SURF SHOP,Tentree Fall 2026 Order,2026-07-10,2026-07-15,1,1522,Order Processing,2,0.1,2.1
16774042,IF4041471238,33428127,N0M1T0ARC - ARCHIES SURF SHOP,Tentree Fall 2026 Order,2026-07-10,2026-07-15,28,1522,Order NonMasterPack,14,0.7,14.7
16774046,IF4041471242,33428131,B0E1N0CAP - CAPER GYM AND FITNESS INC dba THE CENTRA,July,2026-07-10,2026-07-15,23,699,Order NonMasterPack,11.5,0.58,12.08
16774046,IF4041471242,33428131,B0E1N0CAP - CAPER GYM AND FITNESS INC dba THE CENTRA,July,2026-07-10,2026-07-15,1,699,Order Processing,2,0.1,2.1
16774051,IF4041471247,33428136,V1T9H2WEA - WEARABOUTS - VERNON,VerF26S1,2026-07-10,2026-07-15,4,176,Order NonMasterPack,2,0.1,2.1
16774051,IF4041471247,33428136,V1T9H2WEA - WEARABOUTS - VERNON,VerF26S1,2026-07-10,2026-07-15,1,176,Order Processing,2,0.1,2.1
16774059,IF4041471255,33428145,V0H1H0CRE - CREATIVE CUSTOM EMBROIDERY dba WORK N PL,Fall26,2026-07-10,2026-07-15,15,585,Order NonMasterPack,7.5,0.38,7.88
16774059,IF4041471255,33428145,V0H1H0CRE - CREATIVE CUSTOM EMBROIDERY dba WORK N PL,Fall26,2026-07-10,2026-07-15,1,585,Order Processing,2,0.1,2.1
16774061,IF4041471257,33428146,E3V3S9JES - JESSOMES SOURCE FOR SPORTS,FW26-TENTREE,2026-07-10,2026-07-15,1,1365,Order Processing,2,0.1,2.1
16774061,IF4041471257,33428146,E3V3S9JES - JESSOMES SOURCE FOR SPORTS,FW26-TENTREE,2026-07-10,2026-07-15,29,1365,Order NonMasterPack,14.5,0.73,15.23
16774062,IF4041471259,33428147,P9A1H4MCT - MCTAGGARTS SOURCE FOR SPORTS,M-TET-FW26,2026-07-10,2026-07-15,74,3136,Order NonMasterPack,37,1.85,38.85
16774062,IF4041471259,33428147,P9A1H4MCT - MCTAGGARTS SOURCE FOR SPORTS,M-TET-FW26,2026-07-10,2026-07-15,1,3136,Order Processing,2,0.1,2.1
16774065,IF4041471263,33428152,V1C3R3GER - GERICK SPORTS,tentreefa261,2026-07-10,2026-07-15,6,279,Order NonMasterPack,3,0.15,3.15
16774065,IF4041471263,33428152,V1C3R3GER - GERICK SPORTS,tentreefa261,2026-07-10,2026-07-15,1,279,Order Processing,2,0.1,2.1
16774067,IF4041471265,33428154,V1C3R3GER - GERICK SPORTS,tentree fa261,2026-07-10,2026-07-15,1,899,Order Processing,2,0.1,2.1
16774067,IF4041471265,33428154,V1C3R3GER - GERICK SPORTS,tentree fa261,2026-07-10,2026-07-15,16,899,Order NonMasterPack,8,0.4,8.4
16774068,IF4041471266,33428150,P9A1H4MCT - MCTAGGARTS SOURCE FOR SPORTS,L260814,2026-07-10,2026-07-15,106,4635,Order NonMasterPack,53,2.65,55.65
16774068,IF4041471266,33428150,P9A1H4MCT - MCTAGGARTS SOURCE FOR SPORTS,L260814,2026-07-10,2026-07-15,1,4635,Order Processing,2,0.1,2.1
16774070,IF4041471268,33428156,P5N2W8MOO - MOONBEAM COUNTRY STORE,F26 del 2,2026-07-10,2026-07-15,23,1042,Order NonMasterPack,11.5,0.58,12.08
16774070,IF4041471268,33428156,P5N2W8MOO - MOONBEAM COUNTRY STORE,F26 del 2,2026-07-10,2026-07-15,1,1042,Order Processing,2,0.1,2.1
16774072,IF4041471270,33428158,P5N2W8MOO - MOONBEAM COUNTRY STORE,F26 del1,2026-07-10,2026-07-15,1,748,Order Processing,2,0.1,2.1
16774072,IF4041471270,33428158,P5N2W8MOO - MOONBEAM COUNTRY STORE,F26 del1,2026-07-10,2026-07-15,17,748,Order NonMasterPack,8.5,0.43,8.93
16774082,IF4041471283,33428167,V5J3G6CAN - CANADA GARDENWORKS LTD dba GARDENWORKS,FW26 tentree womens,2026-07-10,2026-07-15,1,264,Order Processing,2,0.1,2.1
16774082,IF4041471283,33428167,V5J3G6CAN - CANADA GARDENWORKS LTD dba GARDENWORKS,FW26 tentree womens,2026-07-10,2026-07-15,6,264,Order NonMasterPack,3,0.15,3.15
16774083,IF4041471284,33428168,B0E1N0CAP - CAPER GYM AND FITNESS INC dba THE CENTRA,Swap - July,2026-07-10,2026-07-15,1,352,Order Processing,2,0.1,2.1
16774083,IF4041471284,33428168,B0E1N0CAP - CAPER GYM AND FITNESS INC dba THE CENTRA,Swap - July,2026-07-10,2026-07-15,8,352,Order NonMasterPack,4,0.2,4.2
16774090,IF4041471291,33428176,T7A1S4254 - 2545501 Alberta Ltd. dba Eigthy Eight Cl,FALL26oneof2,2026-07-10,2026-07-15,1,156,Order Processing,2,0.1,2.1
16774090,IF4041471291,33428176,T7A1S4254 - 2545501 Alberta Ltd. dba Eigthy Eight Cl,FALL26oneof2,2026-07-10,2026-07-15,4,156,Order NonMasterPack,2,0.1,2.1
16774094,IF4041471295,33428179,V2G4T6CAR - CARIBOU SKI SOURCE FOR SPORTS,26-1040,2026-07-10,2026-07-15,9,391,Order NonMasterPack,4.5,0.23,4.73
16774094,IF4041471295,33428179,V2G4T6CAR - CARIBOU SKI SOURCE FOR SPORTS,26-1040,2026-07-10,2026-07-15,1,391,Order Processing,2,0.1,2.1
16774098,IF4041471300,33428186,V1K1B8WOR - WORK N PLAY CLOTHING CO,39010,2026-07-10,2026-07-15,1,1055,Order Processing,2,0.1,2.1
16774098,IF4041471300,33428186,V1K1B8WOR - WORK N PLAY CLOTHING CO,39010,2026-07-10,2026-07-15,25,1055,Order NonMasterPack,12.5,0.63,13.13
16774099,IF4041471301,33428188,G4T1E3QUI - QUINCAILLERIE TURBO INC,1013T,2026-07-10,2026-07-15,6,254,Order NonMasterPack,3,0.15,3.15
16774099,IF4041471301,33428188,G4T1E3QUI - QUINCAILLERIE TURBO INC,1013T,2026-07-10,2026-07-15,1,254,Order Processing,2,0.1,2.1
16774100,IF4041471302,33428187,G4T1E3QUI - QUINCAILLERIE TURBO INC,1012T,2026-07-10,2026-07-15,1,864,Order Processing,2,0.1,2.1
16774100,IF4041471302,33428187,G4T1E3QUI - QUINCAILLERIE TURBO INC,1012T,2026-07-10,2026-07-15,22,864,Order NonMasterPack,11,0.55,11.55
16774101,IF4041471303,33428189,V9W8C9SPI - SPINNERS SPORTS CAMPBELL RIVER,10TMEN070126,2026-07-10,2026-07-15,5,220,Order NonMasterPack,2.5,0.13,2.63
16774101,IF4041471303,33428189,V9W8C9SPI - SPINNERS SPORTS CAMPBELL RIVER,10TMEN070126,2026-07-10,2026-07-15,1,220,Order Processing,2,0.1,2.1
16774102,IF4041471304,33428190,R9A1L3KLE - KLEEN ALL THE PAS,F26TenTreeOCNKickIt,2026-07-10,2026-07-15,1,1271,Order Processing,2,0.1,2.1
16774102,IF4041471304,33428190,R9A1L3KLE - KLEEN ALL THE PAS,F26TenTreeOCNKickIt,2026-07-10,2026-07-15,29,1271,Order NonMasterPack,14.5,0.73,15.23
16774103,IF4041471305,33428191,V9W8C9SPI - SPINNERS SPORTS CAMPBELL RIVER,10TWOMEN071526,2026-07-10,2026-07-15,1,1236.5,Order Processing,2,0.1,2.1
16774103,IF4041471305,33428191,V9W8C9SPI - SPINNERS SPORTS CAMPBELL RIVER,10TWOMEN071526,2026-07-10,2026-07-15,27,1236.5,Order NonMasterPack,13.5,0.68,14.18
16774109,IF4041471311,33428197,V9K1S7COV - COVET BOUTIQUE,1234,2026-07-10,2026-07-15,1,957,Order Processing,2,0.1,2.1
16774109,IF4041471311,33428197,V9K1S7COV - COVET BOUTIQUE,1234,2026-07-10,2026-07-15,18,957,Order NonMasterPack,9,0.45,9.45
16774111,IF4041471313,33428200,R7N1J2507 - 5077070 MANITOBA LTD. dba PARKLAND SOURC,TENTREE-FA26,2026-07-10,2026-07-15,28,1212,Order NonMasterPack,14,0.7,14.7
16774111,IF4041471313,33428200,R7N1J2507 - 5077070 MANITOBA LTD. dba PARKLAND SOURC,TENTREE-FA26,2026-07-10,2026-07-15,1,1212,Order Processing,2,0.1,2.1
16774112,IF4041471314,33428199,V0N2J2ALL - ALLISON TAYLOR dba INIS TRADING CO,Fall 2026,2026-07-10,2026-07-15,1,1771,Order Processing,2,0.1,2.1
16774112,IF4041471314,33428199,V0N2J2ALL - ALLISON TAYLOR dba INIS TRADING CO,Fall 2026,2026-07-10,2026-07-15,39,1771,Order NonMasterPack,19.5,0.98,20.48
16774113,IF4041471315,33428201,T0H2H0LA - LA CRETE SOURCE FOR SPORTS,GKFA26,2026-07-10,2026-07-15,96,4107,Order NonMasterPack,48,2.4,50.4
16774113,IF4041471315,33428201,T0H2H0LA - LA CRETE SOURCE FOR SPORTS,GKFA26,2026-07-10,2026-07-15,1,4107,Order Processing,2,0.1,2.1
16774406,IF4041471346,33429232,J2S3J1BOU - BOUTIQUE MV dba M&V,commande perso,2026-07-10,2026-07-15,1,167,Order Processing,2,0.1,2.1
16774406,IF4041471346,33429232,J2S3J1BOU - BOUTIQUE MV dba M&V,commande perso,2026-07-10,2026-07-15,3,167,Order NonMasterPack,1.5,0.08,1.58
16774409,IF4041471349,33429235,V2J2M5PEA - PEARLS FASHION,TentreeF26ul,2026-07-10,2026-07-15,1,523,Order Processing,2,0.1,2.1
16774409,IF4041471349,33429235,V2J2M5PEA - PEARLS FASHION,TentreeF26ul,2026-07-10,2026-07-15,12,523,Order NonMasterPack,6,0.3,6.3
16774414,IF4041471354,33429240,T1R1A042 - 42 STREET,Ten Tree FA26,2026-07-10,2026-07-15,1,680,Order Processing,2,0.1,2.1
16774414,IF4041471354,33429240,T1R1A042 - 42 STREET,Ten Tree FA26,2026-07-10,2026-07-15,15,680,Order NonMasterPack,7.5,0.38,7.88
16774419,IF4041471362,33429248,R1A1V2KEY - KEYSTONE SOURCE FOR SPORTS,RM FALL26,2026-07-10,2026-07-15,13,507,Order NonMasterPack,6.5,0.33,6.83
16774419,IF4041471362,33429248,R1A1V2KEY - KEYSTONE SOURCE FOR SPORTS,RM FALL26,2026-07-10,2026-07-15,1,507,Order Processing,2,0.1,2.1
16774427,IF4041471369,33429254,S0J3G0BOU - BOUTIQUE NORTH,JUL15FW,2026-07-10,2026-07-15,1,925,Order Processing,2,0.1,2.1
16774427,IF4041471369,33429254,S0J3G0BOU - BOUTIQUE NORTH,JUL15FW,2026-07-10,2026-07-15,24,925,Order NonMasterPack,12,0.6,12.6
16780233,IF4041472308,33459893,V9K1S7COV - COVET BOUTIQUE,1234,2026-07-13,2026-07-15,5,420,Order NonMasterPack,2.5,0.13,2.63
16780233,IF4041472308,33459893,V9K1S7COV - COVET BOUTIQUE,1234,2026-07-13,2026-07-15,1,420,Order Processing,2,0.1,2.1
16780235,IF4041472305,33459891,R1A1V2KEY - KEYSTONE SOURCE FOR SPORTS,RM FALL26,2026-07-13,2026-07-15,1,845,Order Processing,2,0.1,2.1
16780235,IF4041472305,33459891,R1A1V2KEY - KEYSTONE SOURCE FOR SPORTS,RM FALL26,2026-07-13,2026-07-15,15,845,Order NonMasterPack,7.5,0.38,7.88
16780236,IF4041472304,33459890,V1T5H7KAL - KALECO,Fall26,2026-07-13,2026-07-15,1,156,Order Processing,2,0.1,2.1
16780236,IF4041472304,33459890,V1T5H7KAL - KALECO,Fall26,2026-07-13,2026-07-15,4,156,Order NonMasterPack,2,0.1,2.1
16780237,IF4041472303,33459889,V9Y8E9LAC - LACE IT UP aka JAYS MENS WEAR,TTMensFA1,2026-07-13,2026-07-15,4,176,Order NonMasterPack,2,0.1,2.1
16780237,IF4041472303,33459889,V9Y8E9LAC - LACE IT UP aka JAYS MENS WEAR,TTMensFA1,2026-07-13,2026-07-15,1,176,Order Processing,2,0.1,2.1
16780245,IF4041472292,33459781,T7P2J8A&M - A&M CLOTHING AND SHOES,Men's Fall 26,2026-07-13,2026-07-15,1,132,Order Processing,2,0.1,2.1
16780245,IF4041472292,33459781,T7P2J8A&M - A&M CLOTHING AND SHOES,Men's Fall 26,2026-07-13,2026-07-15,3,132,Order NonMasterPack,1.5,0.08,1.58
16780259,IF4041472262,33458945,J4Y0A5QUA - Quartier Dix-30,4266158-842,2026-07-13,2026-07-15,44,2061,Order NonMasterPack,22,1.1,23.1
16780259,IF4041472262,33458945,J4Y0A5QUA - Quartier Dix-30,4266158-842,2026-07-13,2026-07-15,1,2061,Order Processing,2,0.1,2.1
16780287,IF4041471440,33430928,V0N2E0MAT - MATTIE GILDENHUY,f26-1,2026-07-13,2026-07-15,1,960,Order Processing,2,0.1,2.1
16780287,IF4041471440,33430928,V0N2E0MAT - MATTIE GILDENHUY,f26-1,2026-07-13,2026-07-15,20,960,Order NonMasterPack,10,0.5,10.5
16774032,IF4041471228,33428117,G3A0P5LAT - LATULIPPE DISTRIBUTION CENTER,132343,2026-07-10,2026-07-15,1,1089,Order Processing,2,0.1,2.1
16774032,IF4041471228,33428117,G3A0P5LAT - LATULIPPE DISTRIBUTION CENTER,132343,2026-07-10,2026-07-15,27,1089,Order NonMasterPack,13.5,0.68,14.18
16774031,IF4041471227,33428116,G3A0P5LAT - LATULIPPE DISTRIBUTION CENTER,132345,2026-07-10,2026-07-15,19,727,Order NonMasterPack,9.5,0.48,9.98
16774031,IF4041471227,33428116,G3A0P5LAT - LATULIPPE DISTRIBUTION CENTER,132345,2026-07-10,2026-07-15,1,727,Order Processing,2,0.1,2.1
16774033,IF4041471229,33428118,G3A0P5LAT - LATULIPPE DISTRIBUTION CENTER,132344,2026-07-10,2026-07-15,1,893,Order Processing,2,0.1,2.1
16774033,IF4041471229,33428118,G3A0P5LAT - LATULIPPE DISTRIBUTION CENTER,132344,2026-07-10,2026-07-15,23,893,Order NonMasterPack,11.5,0.58,12.08
16784247,IF4041472660,33473816,K7L1B5TRA - TRAILHEAD KINGSTON,tshirt fill/BARBHUNTER,2026-07-14,2026-07-15,1,627.9,Order Processing,2,0.1,2.1
16784247,IF4041472660,33473816,K7L1B5TRA - TRAILHEAD KINGSTON,tshirt fill/BARBHUNTER,2026-07-14,2026-07-15,23,627.9,Order NonMasterPack,11.5,0.58,12.08
16784005,IF4041472503,33466004,P5N2W8MOO - MOONBEAM COUNTRY STORE,F26 del 2,2026-07-14,2026-07-15,10,715,Order NonMasterPack,5,0.25,5.25
16784005,IF4041472503,33466004,P5N2W8MOO - MOONBEAM COUNTRY STORE,F26 del 2,2026-07-14,2026-07-15,1,715,Order Processing,2,0.1,2.1
16784007,IF4041472499,33466000,H7L5Z6A/S - A/S Les Boutiques Tremblant,MA-33569-A,2026-07-14,2026-07-15,12,588,Order NonMasterPack,6,0.3,6.3
16784007,IF4041472499,33466000,H7L5Z6A/S - A/S Les Boutiques Tremblant,MA-33569-A,2026-07-14,2026-07-15,1,588,Order Processing,2,0.1,2.1
Receipt,Client Ref 1,Client Ref 2,Shipped From,BOL Number,,,,,Service,,,
1058767,FO-86C3903B - MEC Order,IF4041463627,,87192605,2026-06-26,2026-07-02,1,0,Receipt Processing,10,0.5,10.5
1058767,FO-86C3903B - MEC Order,IF4041463627,,87192605,2026-06-26,2026-07-02,3766,0,Receipt Mixed Carton Unit,677.88,33.89,711.77
1058767,FO-86C3903B - MEC Order,IF4041463627,,87192605,2026-06-26,2026-07-02,4202,0,Inbound Units Audit,756.36,37.82,794.18
1058767,FO-86C3903B - MEC Order,IF4041463627,,87192605,2026-06-26,2026-07-02,4443,0,Receiving,311.01,15.55,326.56
1058767,FO-86C3903B - MEC Order,IF4041463627,,87192605,2026-06-26,2026-07-02,4443,0,Storage,222.15,11.11,233.26
1059428,PO04763,32399780,,PW26/1003,2026-06-30,2026-07-04,5110,0,Receiving,357.7,17.89,375.59
1059428,PO04763,32399780,,PW26/1003,2026-06-30,2026-07-04,248,0,Inbound Units Audit,44.64,2.23,46.87
1059428,PO04763,32399780,,PW26/1003,2026-06-30,2026-07-04,1,0,Receipt Processing,10,0.5,10.5
1059428,PO04763,32399780,,PW26/1003,2026-06-30,2026-07-04,1097,0,Receipt Mixed Carton Unit,197.46,9.87,207.33
1059428,PO04763,32399780,,PW26/1003,2026-06-30,2026-07-04,5110,0,Storage,255.5,12.78,268.28
1058810,FO-3862AA18,IF4041461729,,87192605,2026-06-26,2026-07-04,1,0,Receipt Processing,10,0.5,10.5
1058810,FO-3862AA18,IF4041461729,,87192605,2026-06-26,2026-07-04,2294,0,Inbound Units Audit,412.92,20.65,433.57
1058810,FO-3862AA18,IF4041461729,,87192605,2026-06-26,2026-07-04,2432,0,Receiving,170.24,8.51,178.75
1058810,FO-3862AA18,IF4041461729,,87192605,2026-06-26,2026-07-04,1574,0,Receipt Mixed Carton Unit,283.32,14.17,297.49
1058810,FO-3862AA18,IF4041461729,,87192605,2026-06-26,2026-07-04,2432,0,Storage,121.6,6.08,127.68
1058807,FO-022B5C46,IF4041461730,,87192605,2026-06-26,2026-07-04,2048,0,Receipt Mixed Carton Unit,368.64,18.43,387.07
1058807,FO-022B5C46,IF4041461730,,87192605,2026-06-26,2026-07-04,2022,0,Inbound Units Audit,363.96,18.2,382.16
1058807,FO-022B5C46,IF4041461730,,87192605,2026-06-26,2026-07-04,2134,0,Receiving,149.38,7.47,156.85
1058807,FO-022B5C46,IF4041461730,,87192605,2026-06-26,2026-07-04,1,0,Receipt Processing,10,0.5,10.5
1058807,FO-022B5C46,IF4041461730,,87192605,2026-06-26,2026-07-04,2134,0,Storage,106.7,5.34,112.04
1058805,FO-0FA2AC73,IF4041461731,,87192605,2026-06-26,2026-07-04,117,0,Inbound Units Audit,21.06,1.05,22.11
1058805,FO-0FA2AC73,IF4041461731,,87192605,2026-06-26,2026-07-04,1,0,Receipt Processing,10,0.5,10.5
1058805,FO-0FA2AC73,IF4041461731,,87192605,2026-06-26,2026-07-04,137,0,Receiving,9.59,0.48,10.07
1058805,FO-0FA2AC73,IF4041461731,,87192605,2026-06-26,2026-07-04,81,0,Receipt Mixed Carton Unit,14.58,0.73,15.31
1058805,FO-0FA2AC73,IF4041461731,,87192605,2026-06-26,2026-07-04,137,0,Storage,6.85,0.34,7.19
1054390,PO04735,31604623,,CSNU9549774,2026-06-15,2026-07-07,7475,0,Receiving,523.25,26.16,549.41
1054390,PO04735,31604623,,CSNU9549774,2026-06-15,2026-07-07,2051,0,Receipt Mixed Carton Unit,369.18,18.46,387.64
1054390,PO04735,31604623,,CSNU9549774,2026-06-15,2026-07-07,1612,0,Inbound Units Audit,290.16,14.51,304.67
1054390,PO04735,31604623,,CSNU9549774,2026-06-15,2026-07-07,1,0,Receipt Processing,10,0.5,10.5
1054390,PO04735,31604623,,CSNU9549774,2026-06-15,2026-07-07,7475,0,Storage,373.75,18.69,392.44
1060622,PO04763,32399780,,CSNU9549774,2026-07-06,2026-07-07,946,0,Inbound Units Audit,170.28,8.51,178.79
1060622,PO04763,32399780,,CSNU9549774,2026-07-06,2026-07-07,1,0,Receipt Processing,10,0.5,10.5
1060622,PO04763,32399780,,CSNU9549774,2026-07-06,2026-07-07,11555,0,Receiving,808.85,40.44,849.29
1060622,PO04763,32399780,,CSNU9549774,2026-07-06,2026-07-07,2285,0,Receipt Mixed Carton Unit,411.3,20.57,431.87
1060622,PO04763,32399780,,CSNU9549774,2026-07-06,2026-07-07,11555,0,Storage,577.75,28.89,606.64
1061229,PO04758,32399775,,1602429,2026-07-07,2026-07-09,259,0,Inbound Units Audit,46.62,2.33,48.95
1061229,PO04758,32399775,,1602429,2026-07-07,2026-07-09,1617,0,Receipt Mixed Carton Unit,291.06,14.55,305.61
1061229,PO04758,32399775,,1602429,2026-07-07,2026-07-09,7276,0,Receiving,509.32,25.47,534.79
1061229,PO04758,32399775,,1602429,2026-07-07,2026-07-09,1,0,Receipt Processing,10,0.5,10.5
1061229,PO04758,32399775,,1602429,2026-07-07,2026-07-09,7276,0,Storage,363.8,18.19,381.99
1060707,PO04745,32262015,,FFAU3837673,2026-07-06,2026-07-09,1600,0,Receiving,112,5.6,117.6
1060707,PO04745,32262015,,FFAU3837673,2026-07-06,2026-07-09,92,0,Receipt Mixed Carton Unit,16.56,0.83,17.39
1060707,PO04745,32262015,,FFAU3837673,2026-07-06,2026-07-09,1,0,Receipt Processing,10,0.5,10.5
1060707,PO04745,32262015,,FFAU3837673,2026-07-06,2026-07-09,1600,0,Storage,80,4,84
1060706,PO04730,31604618,,FFAU3837673,2026-07-06,2026-07-10,1,0,Receipt Processing,10,0.5,10.5
1060706,PO04730,31604618,,FFAU3837673,2026-07-06,2026-07-10,282,0,Receiving,19.74,0.99,20.73
1060706,PO04730,31604618,,FFAU3837673,2026-07-06,2026-07-10,56,0,Inbound Units Audit,10.08,0.5,10.58
1060706,PO04730,31604618,,FFAU3837673,2026-07-06,2026-07-10,167,0,Receipt Mixed Carton Unit,30.06,1.5,31.56
1060706,PO04730,31604618,,FFAU3837673,2026-07-06,2026-07-10,282,0,Storage,14.1,0.71,14.81
1060709,PO04758,32399775,,FFAU3837673,2026-07-06,2026-07-10,5782,0,Receiving,404.74,20.24,424.98
1060709,PO04758,32399775,,FFAU3837673,2026-07-06,2026-07-10,1144,0,Receipt Mixed Carton Unit,205.92,10.3,216.22
1060709,PO04758,32399775,,FFAU3837673,2026-07-06,2026-07-10,79,0,Inbound Units Audit,14.22,0.71,14.93
1060709,PO04758,32399775,,FFAU3837673,2026-07-06,2026-07-10,1,0,Receipt Processing,10,0.5,10.5
1060709,PO04758,32399775,,FFAU3837673,2026-07-06,2026-07-10,5782,0,Storage,289.1,14.46,303.56
1061279,PO04763,32399780,,PW26-1005,2026-07-08,2026-07-10,54,0,Inbound Units Audit,9.72,0.49,10.21
1061279,PO04763,32399780,,PW26-1005,2026-07-08,2026-07-10,1,0,Receipt Processing,10,0.5,10.5
1061279,PO04763,32399780,,PW26-1005,2026-07-08,2026-07-10,367,0,Receipt Mixed Carton Unit,66.06,3.3,69.36
1061279,PO04763,32399780,,PW26-1005,2026-07-08,2026-07-10,1367,0,Receiving,95.69,4.78,100.47
1061279,PO04763,32399780,,PW26-1005,2026-07-08,2026-07-10,1367,0,Storage,68.35,3.42,71.77
1060704,PO04729,31604617,,1602429,2026-07-06,2026-07-10,10829,0,Receiving,758.03,37.9,795.93
1060704,PO04729,31604617,,1602429,2026-07-06,2026-07-10,3565,0,Receipt Mixed Carton Unit,641.7,32.09,673.79
1060704,PO04729,31604617,,1602429,2026-07-06,2026-07-10,111,0,Inbound Units Audit,19.98,1,20.98
1060704,PO04729,31604617,,1602429,2026-07-06,2026-07-10,1,0,Receipt Processing,10,0.5,10.5
1060704,PO04729,31604617,,1602429,2026-07-06,2026-07-10,10829,0,Storage,541.45,27.07,568.52
1060578,PO04760,32399777,,1637541,2026-07-06,2026-07-10,239,0,Receipt Mixed Carton Unit,43.02,2.15,45.17
1060578,PO04760,32399777,,1637541,2026-07-06,2026-07-10,391,0,Receiving,27.37,1.37,28.74
1060578,PO04760,32399777,,1637541,2026-07-06,2026-07-10,1,0,Receipt Processing,10,0.5,10.5
1060578,PO04760,32399777,,1637541,2026-07-06,2026-07-10,391,0,Storage,19.55,0.98,20.53
1060580,PO04732,31604620,,1637541,2026-07-06,2026-07-10,1,0,Receipt Processing,10,0.5,10.5
1060580,PO04732,31604620,,1637541,2026-07-06,2026-07-10,1694,0,Receiving,118.58,5.93,124.51
1060580,PO04732,31604620,,1637541,2026-07-06,2026-07-10,129,0,Receipt Mixed Carton Unit,23.22,1.16,24.38
1060580,PO04732,31604620,,1637541,2026-07-06,2026-07-10,29,0,Inbound Units Audit,5.22,0.26,5.48
1060580,PO04732,31604620,,1637541,2026-07-06,2026-07-10,1694,0,Storage,84.7,4.24,88.94
1062165,PO 04763,Unexpected,,PW26-1005,2026-07-10,2026-07-13,20,0,Receiving,1.4,0.07,1.47
1062165,PO 04763,Unexpected,,PW26-1005,2026-07-10,2026-07-13,1,0,Receipt Processing,10,0.5,10.5
1062165,PO 04763,Unexpected,,PW26-1005,2026-07-10,2026-07-13,20,0,Storage,1,0.05,1.05
1062174,PO 04729,Unexpected,,PW26-1005,2026-07-10,2026-07-13,55,0,Receiving,3.85,0.19,4.04
1062174,PO 04729,Unexpected,,PW26-1005,2026-07-10,2026-07-13,55,0,Receipt Mixed Carton Unit,9.9,0.5,10.4
1062174,PO 04729,Unexpected,,PW26-1005,2026-07-10,2026-07-13,44,0,Inbound Units Audit,7.92,0.4,8.32
1062174,PO 04729,Unexpected,,PW26-1005,2026-07-10,2026-07-13,1,0,Receipt Processing,10,0.5,10.5
1062174,PO 04729,Unexpected,,PW26-1005,2026-07-10,2026-07-13,55,0,Storage,2.75,0.14,2.89
1054571,Transfer Order 2,87105190 - Warehouse Sale Transfer,,87105190,2026-06-15,2026-07-13,5138,0,Inbound Units Audit,924.84,46.24,971.08
1054571,Transfer Order 2,87105190 - Warehouse Sale Transfer,,87105190,2026-06-15,2026-07-13,5445,0,Receiving,381.15,19.06,400.21
1054571,Transfer Order 2,87105190 - Warehouse Sale Transfer,,87105190,2026-06-15,2026-07-13,1,0,Receipt Processing,10,0.5,10.5
1054571,Transfer Order 2,87105190 - Warehouse Sale Transfer,,87105190,2026-06-15,2026-07-13,5430,0,Receipt Mixed Carton Unit,977.4,48.87,1026.27
1054571,Transfer Order 2,87105190 - Warehouse Sale Transfer,,87105190,2026-06-15,2026-07-13,5445,0,Storage,272.25,13.61,285.86
1062014,PO04722,31604610,,ECMU4602981,2026-07-10,2026-07-14,905,0,Receiving,63.35,3.17,66.52
1062014,PO04722,31604610,,ECMU4602981,2026-07-10,2026-07-14,1,0,Receipt Processing,10,0.5,10.5
1062014,PO04722,31604610,,ECMU4602981,2026-07-10,2026-07-14,57,0,Receipt Mixed Carton Unit,10.26,0.51,10.77
1062014,PO04722,31604610,,ECMU4602981,2026-07-10,2026-07-14,905,0,Storage,45.25,2.26,47.51
1062566,PO 04729,Unexpected items,,ECMU4602981,2026-07-14,2026-07-14,28,0,Receiving,1.96,0.1,2.06
1062566,PO 04729,Unexpected items,,ECMU4602981,2026-07-14,2026-07-14,14,0,Inbound Units Audit,2.52,0.13,2.65
1062566,PO 04729,Unexpected items,,ECMU4602981,2026-07-14,2026-07-14,1,0,Receipt Processing,10,0.5,10.5
1062566,PO 04729,Unexpected items,,ECMU4602981,2026-07-14,2026-07-14,28,0,Receipt Mixed Carton Unit,5.04,0.25,5.29
1062566,PO 04729,Unexpected items,,ECMU4602981,2026-07-14,2026-07-14,28,0,Storage,1.4,0.07,1.47
1062015,PO04758,32399775,,ECMU4602981,2026-07-10,2026-07-14,79,0,Inbound Units Audit,14.22,0.71,14.93
1062015,PO04758,32399775,,ECMU4602981,2026-07-10,2026-07-14,1,0,Receipt Processing,10,0.5,10.5
1062015,PO04758,32399775,,ECMU4602981,2026-07-10,2026-07-14,1301,0,Receipt Mixed Carton Unit,234.18,11.71,245.89
1062015,PO04758,32399775,,ECMU4602981,2026-07-10,2026-07-14,4018,0,Receiving,281.26,14.06,295.32
1062015,PO04758,32399775,,ECMU4602981,2026-07-10,2026-07-14,4018,0,Storage,200.9,10.05,210.95
1062551,PO04729,31604617,,ECMU4602981,2026-07-14,2026-07-14,348,0,Inbound Units Audit,62.64,3.13,65.77
1062551,PO04729,31604617,,ECMU4602981,2026-07-14,2026-07-14,1,0,Receipt Processing,10,0.5,10.5
1062551,PO04729,31604617,,ECMU4602981,2026-07-14,2026-07-14,1379,0,Receipt Mixed Carton Unit,248.22,12.41,260.63
1062551,PO04729,31604617,,ECMU4602981,2026-07-14,2026-07-14,4831,0,Receiving,338.17,16.91,355.08
1062551,PO04729,31604617,,ECMU4602981,2026-07-14,2026-07-14,4831,0,Storage,241.55,12.08,253.63
Return,Client Ref 1,Client Ref 2,Shipped From,BOL Number,,,,,Service,,,
1060223,RMA #HGDS5Y41,33122523,ALISON JONES (V5Y0A5ALI),7.92429E+11,2026-07-02,2026-07-02,1,0,Returns,2.07,0.1,2.17
1060223,RMA #HGDS5Y41,33122523,ALISON JONES (V5Y0A5ALI),7.92429E+11,2026-07-02,2026-07-02,0,0,Service Center Labor,1.42,0.07,1.49
1060223,RMA #HGDS5Y41,33122523,ALISON JONES (V5Y0A5ALI),7.92429E+11,2026-07-02,2026-07-02,1,0,Restock,0.25,0.01,0.26
1060223,RMA #HGDS5Y41,33122523,ALISON JONES (V5Y0A5ALI),7.92429E+11,2026-07-02,2026-07-02,1,0,Storage,0.05,0,0.05
1060225,RMA #BJG7C71B,33232048,NICOLE OQUINN (L7J1R9NIC),7.92472E+11,2026-07-02,2026-07-02,2,0,Returns,2.74,0.14,2.88
1060225,RMA #BJG7C71B,33232048,NICOLE OQUINN (L7J1R9NIC),7.92472E+11,2026-07-02,2026-07-02,2,0,Restock,0.5,0.03,0.53
1060225,RMA #BJG7C71B,33232048,NICOLE OQUINN (L7J1R9NIC),7.92472E+11,2026-07-02,2026-07-02,0,0,Service Center Labor,2.36,0.12,2.48
1060225,RMA #BJG7C71B,33232048,NICOLE OQUINN (L7J1R9NIC),7.92472E+11,2026-07-02,2026-07-02,2,0,Storage,0.1,0.01,0.11
1060227,RMA #G2SHAHGZ,33127682,MARIE MICHELLE LANGOIS (J4R1G7MAR),7.92432E+11,2026-07-02,2026-07-02,0,0,Service Center Labor,1.42,0.07,1.49
1060227,RMA #G2SHAHGZ,33127682,MARIE MICHELLE LANGOIS (J4R1G7MAR),7.92432E+11,2026-07-02,2026-07-02,1,0,Restock,0.25,0.01,0.26
1060227,RMA #G2SHAHGZ,33127682,MARIE MICHELLE LANGOIS (J4R1G7MAR),7.92432E+11,2026-07-02,2026-07-02,1,0,Returns,2.07,0.1,2.17
1060227,RMA #G2SHAHGZ,33127682,MARIE MICHELLE LANGOIS (J4R1G7MAR),7.92432E+11,2026-07-02,2026-07-02,1,0,Storage,0.05,0,0.05
1060228,RMA #PS4FMTZ0,33246688,ARIC COREY (V0B1M0ARI),7.92474E+11,2026-07-02,2026-07-02,1,0,Returns,2.07,0.1,2.17
1060228,RMA #PS4FMTZ0,33246688,ARIC COREY (V0B1M0ARI),7.92474E+11,2026-07-02,2026-07-02,0,0,Service Center Labor,1.42,0.07,1.49
1060228,RMA #PS4FMTZ0,33246688,ARIC COREY (V0B1M0ARI),7.92474E+11,2026-07-02,2026-07-02,1,0,Restock,0.25,0.01,0.26
1060228,RMA #PS4FMTZ0,33246688,ARIC COREY (V0B1M0ARI),7.92474E+11,2026-07-02,2026-07-02,1,0,Storage,0.05,0,0.05
1060230,RMA #8MUAXWVD,33243494,ALISSA CARTWRIGHT (V8V1E4ALI),7.92474E+11,2026-07-02,2026-07-02,1,0,Returns,2.07,0.1,2.17
1060230,RMA #8MUAXWVD,33243494,ALISSA CARTWRIGHT (V8V1E4ALI),7.92474E+11,2026-07-02,2026-07-02,0,0,Service Center Labor,1.42,0.07,1.49
1060230,RMA #8MUAXWVD,33243494,ALISSA CARTWRIGHT (V8V1E4ALI),7.92474E+11,2026-07-02,2026-07-02,1,0,Restock,0.25,0.01,0.26
1060230,RMA #8MUAXWVD,33243494,ALISSA CARTWRIGHT (V8V1E4ALI),7.92474E+11,2026-07-02,2026-07-02,1,0,Storage,0.05,0,0.05
1060231,RMA #JF76XE2U,33126153,GLEN DIPPEL (N0G1C0GLE),7.92431E+11,2026-07-02,2026-07-02,0,0,Service Center Labor,1.42,0.07,1.49
1060231,RMA #JF76XE2U,33126153,GLEN DIPPEL (N0G1C0GLE),7.92431E+11,2026-07-02,2026-07-02,1,0,Restock,0.25,0.01,0.26
1060231,RMA #JF76XE2U,33126153,GLEN DIPPEL (N0G1C0GLE),7.92431E+11,2026-07-02,2026-07-02,1,0,Returns,2.07,0.1,2.17
1060231,RMA #JF76XE2U,33126153,GLEN DIPPEL (N0G1C0GLE),7.92431E+11,2026-07-02,2026-07-02,1,0,Storage,0.05,0,0.05
1060232,RMA #KNWR6U0K,33262544,CHERYL RAMSEY (R3M0R1CHE),7.92481E+11,2026-07-02,2026-07-02,1,0,Returns,2.07,0.1,2.17
1060232,RMA #KNWR6U0K,33262544,CHERYL RAMSEY (R3M0R1CHE),7.92481E+11,2026-07-02,2026-07-02,1,0,Restock,0.25,0.01,0.26
1060232,RMA #KNWR6U0K,33262544,CHERYL RAMSEY (R3M0R1CHE),7.92481E+11,2026-07-02,2026-07-02,0,0,Service Center Labor,1.42,0.07,1.49
1060232,RMA #KNWR6U0K,33262544,CHERYL RAMSEY (R3M0R1CHE),7.92481E+11,2026-07-02,2026-07-02,1,0,Storage,0.05,0,0.05
1060235,RMA #UACUTNHE,33147020,LAUREN FRASER (B3T2B5LAU),6.00664E+15,2026-07-02,2026-07-02,0,0,Service Center Labor,1.42,0.07,1.49
1060235,RMA #UACUTNHE,33147020,LAUREN FRASER (B3T2B5LAU),6.00664E+15,2026-07-02,2026-07-02,1,0,Returns,2.07,0.1,2.17
1060235,RMA #UACUTNHE,33147020,LAUREN FRASER (B3T2B5LAU),6.00664E+15,2026-07-02,2026-07-02,1,0,Restock,0.25,0.01,0.26
1060235,RMA #UACUTNHE,33147020,LAUREN FRASER (B3T2B5LAU),6.00664E+15,2026-07-02,2026-07-02,1,0,Storage,0.05,0,0.05
1060236,RMA #QKVNCLFY,33222330,GILLES GERMAIN (J0K1Z0GIL),6.00664E+15,2026-07-02,2026-07-02,0,0,Service Center Labor,1.42,0.07,1.49
1060236,RMA #QKVNCLFY,33222330,GILLES GERMAIN (J0K1Z0GIL),6.00664E+15,2026-07-02,2026-07-02,1,0,Returns,2.07,0.1,2.17
1060236,RMA #QKVNCLFY,33222330,GILLES GERMAIN (J0K1Z0GIL),6.00664E+15,2026-07-02,2026-07-02,1,0,Restock,0.25,0.01,0.26
1060236,RMA #QKVNCLFY,33222330,GILLES GERMAIN (J0K1Z0GIL),6.00664E+15,2026-07-02,2026-07-02,1,0,Storage,0.05,0,0.05
1060237,RMA #UJMFEY8K,33228845,KARINE LAROUCHE (G7J2R1KAR),6.00664E+15,2026-07-02,2026-07-02,1,0,Returns,2.07,0.1,2.17
1060237,RMA #UJMFEY8K,33228845,KARINE LAROUCHE (G7J2R1KAR),6.00664E+15,2026-07-02,2026-07-02,1,0,Restock,0.25,0.01,0.26
1060237,RMA #UJMFEY8K,33228845,KARINE LAROUCHE (G7J2R1KAR),6.00664E+15,2026-07-02,2026-07-02,0,0,Service Center Labor,1.42,0.07,1.49
1060237,RMA #UJMFEY8K,33228845,KARINE LAROUCHE (G7J2R1KAR),6.00664E+15,2026-07-02,2026-07-02,1,0,Storage,0.05,0,0.05
1060238,RMA #LK7NXQW6,33279502,TESS TYZUK (V6S1B1TES),6.00664E+15,2026-07-02,2026-07-02,1,0,Returns,2.07,0.1,2.17
1060238,RMA #LK7NXQW6,33279502,TESS TYZUK (V6S1B1TES),6.00664E+15,2026-07-02,2026-07-02,1,0,Restock,0.25,0.01,0.26
1060238,RMA #LK7NXQW6,33279502,TESS TYZUK (V6S1B1TES),6.00664E+15,2026-07-02,2026-07-02,0,0,Service Center Labor,1.42,0.07,1.49
1060238,RMA #LK7NXQW6,33279502,TESS TYZUK (V6S1B1TES),6.00664E+15,2026-07-02,2026-07-02,1,0,Storage,0.05,0,0.05
1060239,RMA #63CRZ311,33251098,MARIE-EVE ALLARD (G2C0H8MAR),6.00664E+15,2026-07-02,2026-07-02,3,0,Returns,3.41,0.17,3.58
1060239,RMA #63CRZ311,33251098,MARIE-EVE ALLARD (G2C0H8MAR),6.00664E+15,2026-07-02,2026-07-02,3,0,Restock,0.75,0.04,0.79
1060239,RMA #63CRZ311,33251098,MARIE-EVE ALLARD (G2C0H8MAR),6.00664E+15,2026-07-02,2026-07-02,0,0,Service Center Labor,3.78,0.19,3.97
1060239,RMA #63CRZ311,33251098,MARIE-EVE ALLARD (G2C0H8MAR),6.00664E+15,2026-07-02,2026-07-02,3,0,Storage,0.15,0.01,0.16
1060357,RMA #C4KVXEGM,33040981,ANDREANNE BROSSEAU (G1Y3R1AND),6.00664E+15,2026-07-03,2026-07-03,1,0,Restock,0.25,0.01,0.26
1060357,RMA #C4KVXEGM,33040981,ANDREANNE BROSSEAU (G1Y3R1AND),6.00664E+15,2026-07-03,2026-07-03,0,0,Service Center Labor,2.36,0.12,2.48
1060357,RMA #C4KVXEGM,33040981,ANDREANNE BROSSEAU (G1Y3R1AND),6.00664E+15,2026-07-03,2026-07-03,1,0,Returns,2.07,0.1,2.17
1060357,RMA #C4KVXEGM,33040981,ANDREANNE BROSSEAU (G1Y3R1AND),6.00664E+15,2026-07-03,2026-07-03,1,0,Storage,0.05,0,0.05
1060361,206857,33194324,BELOW THE BELT LTD (T6E6H7BEL),1.00684E+15,2026-07-03,2026-07-03,12,0,Restock,3,0.15,3.15
1060361,206857,33194324,BELOW THE BELT LTD (T6E6H7BEL),1.00684E+15,2026-07-03,2026-07-03,12,0,Returns,9.44,0.47,9.91
1060361,206857,33194324,BELOW THE BELT LTD (T6E6H7BEL),1.00684E+15,2026-07-03,2026-07-03,0,0,Service Center Labor,1.42,0.07,1.49
1060361,206857,33194324,BELOW THE BELT LTD (T6E6H7BEL),1.00684E+15,2026-07-03,2026-07-03,12,0,Storage,0.6,0.03,0.63
1060379,RMA #Y1J7BDX5,33148734,DAMIAN FERNANDES (M1C2M7DAM),6.00664E+15,2026-07-03,2026-07-03,14,0,Returns,10.78,0.54,11.32
1060379,RMA #Y1J7BDX5,33148734,DAMIAN FERNANDES (M1C2M7DAM),6.00664E+15,2026-07-03,2026-07-03,14,0,Restock,3.5,0.18,3.68
1060379,RMA #Y1J7BDX5,33148734,DAMIAN FERNANDES (M1C2M7DAM),6.00664E+15,2026-07-03,2026-07-03,1,0,Service Center Labor,47.25,2.36,49.61
1060379,RMA #Y1J7BDX5,33148734,DAMIAN FERNANDES (M1C2M7DAM),6.00664E+15,2026-07-03,2026-07-03,1,0,Shop Supplies,0.16,0.01,0.17
1060379,RMA #Y1J7BDX5,33148734,DAMIAN FERNANDES (M1C2M7DAM),6.00664E+15,2026-07-03,2026-07-03,14,0,Storage,0.7,0.04,0.74
1060408,RMA #DO3T5HQ9,33195670,RUTH MORRIS (K1J7J9RUT),6.00664E+15,2026-07-03,2026-07-03,1,0,Returns,2.07,0.1,2.17
1060408,RMA #DO3T5HQ9,33195670,RUTH MORRIS (K1J7J9RUT),6.00664E+15,2026-07-03,2026-07-03,1,0,Restock,0.25,0.01,0.26
1060408,RMA #DO3T5HQ9,33195670,RUTH MORRIS (K1J7J9RUT),6.00664E+15,2026-07-03,2026-07-03,0,0,Service Center Labor,1.42,0.07,1.49
1060408,RMA #DO3T5HQ9,33195670,RUTH MORRIS (K1J7J9RUT),6.00664E+15,2026-07-03,2026-07-03,1,0,Storage,0.05,0,0.05
1060409,RMA #IUTC4PXH,33229150,KALEE FOGARTY (T4B4C5KAL),6.00664E+15,2026-07-03,2026-07-03,0,0,Service Center Labor,2.36,0.12,2.48
1060409,RMA #IUTC4PXH,33229150,KALEE FOGARTY (T4B4C5KAL),6.00664E+15,2026-07-03,2026-07-03,2,0,Restock,0.5,0.03,0.53
1060409,RMA #IUTC4PXH,33229150,KALEE FOGARTY (T4B4C5KAL),6.00664E+15,2026-07-03,2026-07-03,2,0,Returns,2.74,0.14,2.88
1060409,RMA #IUTC4PXH,33229150,KALEE FOGARTY (T4B4C5KAL),6.00664E+15,2026-07-03,2026-07-03,2,0,Storage,0.1,0.01,0.11
1060411,RMA #EAW6KFCY,33201545,DANIEL DUPONT (G8V1G2DAN),7.92459E+11,2026-07-03,2026-07-03,1,0,Returns,2.07,0.1,2.17
1060411,RMA #EAW6KFCY,33201545,DANIEL DUPONT (G8V1G2DAN),7.92459E+11,2026-07-03,2026-07-03,0,0,Service Center Labor,1.42,0.07,1.49
1060411,RMA #EAW6KFCY,33201545,DANIEL DUPONT (G8V1G2DAN),7.92459E+11,2026-07-03,2026-07-03,1,0,Restock,0.25,0.01,0.26
1060411,RMA #EAW6KFCY,33201545,DANIEL DUPONT (G8V1G2DAN),7.92459E+11,2026-07-03,2026-07-03,1,0,Storage,0.05,0,0.05
1060413,RMA #87UZEERN,33080101,MARIE-PIERRE BOURQUE (J1H4W2MAR),6.00664E+15,2026-07-03,2026-07-03,2,0,Returns,2.74,0.14,2.88
1060413,RMA #87UZEERN,33080101,MARIE-PIERRE BOURQUE (J1H4W2MAR),6.00664E+15,2026-07-03,2026-07-03,0,0,Service Center Labor,1.42,0.07,1.49
1060413,RMA #87UZEERN,33080101,MARIE-PIERRE BOURQUE (J1H4W2MAR),6.00664E+15,2026-07-03,2026-07-03,2,0,Restock,0.5,0.03,0.53
1060413,RMA #87UZEERN,33080101,MARIE-PIERRE BOURQUE (J1H4W2MAR),6.00664E+15,2026-07-03,2026-07-03,2,0,Storage,0.1,0.01,0.11
1060423,RMA #BEMY51L9,,KIMBERLY BOHAY (Manual),6.00664E+15,2026-07-03,2026-07-03,0,0,Service Center Labor,1.42,0.07,1.49
1060423,RMA #BEMY51L9,,KIMBERLY BOHAY (Manual),6.00664E+15,2026-07-03,2026-07-03,1,0,Returns,2.07,0.1,2.17
1060423,RMA #BEMY51L9,,KIMBERLY BOHAY (Manual),6.00664E+15,2026-07-03,2026-07-03,1,0,Restock,0.25,0.01,0.26
1060423,RMA #BEMY51L9,,KIMBERLY BOHAY (Manual),6.00664E+15,2026-07-03,2026-07-03,1,0,Storage,0.05,0,0.05
1060426,RMA #97HEVU5F,,STEPHANIE BERTRAND (Manual),6.00664E+15,2026-07-03,2026-07-03,1,0,Restock,0.25,0.01,0.26
1060426,RMA #97HEVU5F,,STEPHANIE BERTRAND (Manual),6.00664E+15,2026-07-03,2026-07-03,1,0,Returns,2.07,0.1,2.17
1060426,RMA #97HEVU5F,,STEPHANIE BERTRAND (Manual),6.00664E+15,2026-07-03,2026-07-03,0,0,Service Center Labor,1.42,0.07,1.49
1060426,RMA #97HEVU5F,,STEPHANIE BERTRAND (Manual),6.00664E+15,2026-07-03,2026-07-03,1,0,Storage,0.05,0,0.05
1060429,RMA #K9G0HBU2,,MAGGIE VIELGUTH (Manual),7.92381E+11,2026-07-03,2026-07-03,1,0,Restock,0.25,0.01,0.26
1060429,RMA #K9G0HBU2,,MAGGIE VIELGUTH (Manual),7.92381E+11,2026-07-03,2026-07-03,0,0,Service Center Labor,2.36,0.12,2.48
1060429,RMA #K9G0HBU2,,MAGGIE VIELGUTH (Manual),7.92381E+11,2026-07-03,2026-07-03,1,0,Returns,2.07,0.1,2.17
1060429,RMA #K9G0HBU2,,MAGGIE VIELGUTH (Manual),7.92381E+11,2026-07-03,2026-07-03,1,0,Storage,0.05,0,0.05
1060430,RMA #X70Q7UJ3,33158956,FRANCOISE GAGNON (G0M1Y0FRA),CVCX262600663506296727302100,2026-07-03,2026-07-03,1,0,Restock,0.25,0.01,0.26
1060430,RMA #X70Q7UJ3,33158956,FRANCOISE GAGNON (G0M1Y0FRA),CVCX262600663506296727302100,2026-07-03,2026-07-03,0,0,Service Center Labor,1.42,0.07,1.49
1060430,RMA #X70Q7UJ3,33158956,FRANCOISE GAGNON (G0M1Y0FRA),CVCX262600663506296727302100,2026-07-03,2026-07-03,1,0,Returns,2.07,0.1,2.17
1060430,RMA #X70Q7UJ3,33158956,FRANCOISE GAGNON (G0M1Y0FRA),CVCX262600663506296727302100,2026-07-03,2026-07-03,1,0,Storage,0.05,0,0.05
1060432,RMA #YTLKML12,,AARYN MA (Manual),7.92426E+11,2026-07-03,2026-07-03,1,0,Restock,0.25,0.01,0.26
1060432,RMA #YTLKML12,,AARYN MA (Manual),7.92426E+11,2026-07-03,2026-07-03,1,0,Returns,2.07,0.1,2.17
1060432,RMA #YTLKML12,,AARYN MA (Manual),7.92426E+11,2026-07-03,2026-07-03,0,0,Service Center Labor,2.36,0.12,2.48
1060432,RMA #YTLKML12,,AARYN MA (Manual),7.92426E+11,2026-07-03,2026-07-03,1,0,Storage,0.05,0,0.05
1060434,RMA #YBK0IDJS,,ERIN KELLY (Manual),6.00664E+15,2026-07-03,2026-07-03,0,0,Service Center Labor,1.42,0.07,1.49
1060434,RMA #YBK0IDJS,,ERIN KELLY (Manual),6.00664E+15,2026-07-03,2026-07-03,1,0,Returns,2.07,0.1,2.17
1060434,RMA #YBK0IDJS,,ERIN KELLY (Manual),6.00664E+15,2026-07-03,2026-07-03,1,0,Restock,0.25,0.01,0.26
1060434,RMA #YBK0IDJS,,ERIN KELLY (Manual),6.00664E+15,2026-07-03,2026-07-03,1,0,Storage,0.05,0,0.05
1060439,RMA #HK1ZOXLR,,LUCIE BOHAN (Manual),6.00664E+15,2026-07-03,2026-07-03,1,0,Restock,0.25,0.01,0.26
1060439,RMA #HK1ZOXLR,,LUCIE BOHAN (Manual),6.00664E+15,2026-07-03,2026-07-03,0,0,Service Center Labor,1.42,0.07,1.49
1060439,RMA #HK1ZOXLR,,LUCIE BOHAN (Manual),6.00664E+15,2026-07-03,2026-07-03,1,0,Returns,2.07,0.1,2.17
1060439,RMA #HK1ZOXLR,,LUCIE BOHAN (Manual),6.00664E+15,2026-07-03,2026-07-03,1,0,Storage,0.05,0,0.05
1060443,RMA #XWPZQ8K7,33227345,PHILIPPE LAMONTAGNE (H2T2H5PHI),6.00664E+15,2026-07-03,2026-07-03,0,0,Service Center Labor,1.42,0.07,1.49
1060443,RMA #XWPZQ8K7,33227345,PHILIPPE LAMONTAGNE (H2T2H5PHI),6.00664E+15,2026-07-03,2026-07-03,1,0,Restock,0.25,0.01,0.26
1060443,RMA #XWPZQ8K7,33227345,PHILIPPE LAMONTAGNE (H2T2H5PHI),6.00664E+15,2026-07-03,2026-07-03,1,0,Returns,2.07,0.1,2.17
1060443,RMA #XWPZQ8K7,33227345,PHILIPPE LAMONTAGNE (H2T2H5PHI),6.00664E+15,2026-07-03,2026-07-03,1,0,Storage,0.05,0,0.05
1060444,RMA #IQM9WCZL,33161031,SUZANNE THEORET (K1K3X3SUZ),6.00664E+15,2026-07-03,2026-07-03,0,0,Service Center Labor,1.42,0.07,1.49
1060444,RMA #IQM9WCZL,33161031,SUZANNE THEORET (K1K3X3SUZ),6.00664E+15,2026-07-03,2026-07-03,1,0,Restock,0.25,0.01,0.26
1060444,RMA #IQM9WCZL,33161031,SUZANNE THEORET (K1K3X3SUZ),6.00664E+15,2026-07-03,2026-07-03,1,0,Returns,2.07,0.1,2.17
1060444,RMA #IQM9WCZL,33161031,SUZANNE THEORET (K1K3X3SUZ),6.00664E+15,2026-07-03,2026-07-03,1,0,Storage,0.05,0,0.05
1060446,RMA #YLLXEIBZ,33248333,ROBERT JOHNSON (P5E1L7ROB),6.00664E+15,2026-07-03,2026-07-03,0,0,Service Center Labor,2.36,0.12,2.48
1060446,RMA #YLLXEIBZ,33248333,ROBERT JOHNSON (P5E1L7ROB),6.00664E+15,2026-07-03,2026-07-03,2,0,Restock,0.5,0.03,0.53
1060446,RMA #YLLXEIBZ,33248333,ROBERT JOHNSON (P5E1L7ROB),6.00664E+15,2026-07-03,2026-07-03,2,0,Returns,2.74,0.14,2.88
1060446,RMA #YLLXEIBZ,33248333,ROBERT JOHNSON (P5E1L7ROB),6.00664E+15,2026-07-03,2026-07-03,2,0,Storage,0.1,0.01,0.11
1060447,RMA #R9MT3EN0,33267072,AMANDA TALLBOY (V8T2V4AMA),6.00664E+15,2026-07-03,2026-07-03,1,0,Returns,2.07,0.1,2.17
1060447,RMA #R9MT3EN0,33267072,AMANDA TALLBOY (V8T2V4AMA),6.00664E+15,2026-07-03,2026-07-03,1,0,Restock,0.25,0.01,0.26
1060447,RMA #R9MT3EN0,33267072,AMANDA TALLBOY (V8T2V4AMA),6.00664E+15,2026-07-03,2026-07-03,0,0,Service Center Labor,1.42,0.07,1.49
1060447,RMA #R9MT3EN0,33267072,AMANDA TALLBOY (V8T2V4AMA),6.00664E+15,2026-07-03,2026-07-03,1,0,Storage,0.05,0,0.05
1060449,RMA #4D8T5QCP,33237485,SUE FAIRBURN (V0N1G1SUE),6.00664E+15,2026-07-03,2026-07-03,1,0,Returns,2.07,0.1,2.17
1060449,RMA #4D8T5QCP,33237485,SUE FAIRBURN (V0N1G1SUE),6.00664E+15,2026-07-03,2026-07-03,1,0,Restock,0.25,0.01,0.26
1060449,RMA #4D8T5QCP,33237485,SUE FAIRBURN (V0N1G1SUE),6.00664E+15,2026-07-03,2026-07-03,0,0,Service Center Labor,1.42,0.07,1.49
1060449,RMA #4D8T5QCP,33237485,SUE FAIRBURN (V0N1G1SUE),6.00664E+15,2026-07-03,2026-07-03,1,0,Storage,0.05,0,0.05
1060463,RMA #9WX11FZI,33209679,EMILY WATKINS (K1N5N8EMI),6.00664E+15,2026-07-03,2026-07-03,0,0,Service Center Labor,1.42,0.07,1.49
1060463,RMA #9WX11FZI,33209679,EMILY WATKINS (K1N5N8EMI),6.00664E+15,2026-07-03,2026-07-03,1,0,Restock,0.25,0.01,0.26
1060463,RMA #9WX11FZI,33209679,EMILY WATKINS (K1N5N8EMI),6.00664E+15,2026-07-03,2026-07-03,1,0,Returns,2.07,0.1,2.17
1060463,RMA #9WX11FZI,33209679,EMILY WATKINS (K1N5N8EMI),6.00664E+15,2026-07-03,2026-07-03,1,0,Storage,0.05,0,0.05
1060469,RMA #YHPF00ZY,33219396,IGOR LUTAY (M6E4W3IGO),6.00664E+15,2026-07-03,2026-07-03,2,0,Returns,2.74,0.14,2.88
1060469,RMA #YHPF00ZY,33219396,IGOR LUTAY (M6E4W3IGO),6.00664E+15,2026-07-03,2026-07-03,2,0,Restock,0.5,0.03,0.53
1060469,RMA #YHPF00ZY,33219396,IGOR LUTAY (M6E4W3IGO),6.00664E+15,2026-07-03,2026-07-03,0,0,Service Center Labor,2.36,0.12,2.48
1060469,RMA #YHPF00ZY,33219396,IGOR LUTAY (M6E4W3IGO),6.00664E+15,2026-07-03,2026-07-03,2,0,Storage,0.1,0.01,0.11
1060472,RMA #NUF0S9O4,33298784,THOMAS LOGULLO (T3B4P6THO),6.00664E+15,2026-07-03,2026-07-03,2,0,Restock,0.5,0.03,0.53
1060472,RMA #NUF0S9O4,33298784,THOMAS LOGULLO (T3B4P6THO),6.00664E+15,2026-07-03,2026-07-03,2,0,Returns,2.74,0.14,2.88
1060472,RMA #NUF0S9O4,33298784,THOMAS LOGULLO (T3B4P6THO),6.00664E+15,2026-07-03,2026-07-03,0,0,Service Center Labor,2.36,0.12,2.48
1060472,RMA #NUF0S9O4,33298784,THOMAS LOGULLO (T3B4P6THO),6.00664E+15,2026-07-03,2026-07-03,2,0,Storage,0.1,0.01,0.11
1060473,RMA #3KHUQNJN,33214963,JUSTINA POISSON (K0H1Y0JUS),6.00664E+15,2026-07-03,2026-07-03,0,0,Service Center Labor,1.42,0.07,1.49
1060473,RMA #3KHUQNJN,33214963,JUSTINA POISSON (K0H1Y0JUS),6.00664E+15,2026-07-03,2026-07-03,1,0,Restock,0.25,0.01,0.26
1060473,RMA #3KHUQNJN,33214963,JUSTINA POISSON (K0H1Y0JUS),6.00664E+15,2026-07-03,2026-07-03,1,0,Returns,2.07,0.1,2.17
1060473,RMA #3KHUQNJN,33214963,JUSTINA POISSON (K0H1Y0JUS),6.00664E+15,2026-07-03,2026-07-03,1,0,Storage,0.05,0,0.05
1060474,RMA #0ULKN5I5,33201554,PIERRE-LUC RIOUX (G5N0A3PIE),6.00664E+15,2026-07-03,2026-07-03,4,0,Restock,1,0.05,1.05
1060474,RMA #0ULKN5I5,33201554,PIERRE-LUC RIOUX (G5N0A3PIE),6.00664E+15,2026-07-03,2026-07-03,0,0,Service Center Labor,4.73,0.24,4.97
1060474,RMA #0ULKN5I5,33201554,PIERRE-LUC RIOUX (G5N0A3PIE),6.00664E+15,2026-07-03,2026-07-03,4,0,Returns,4.08,0.2,4.28
1060474,RMA #0ULKN5I5,33201554,PIERRE-LUC RIOUX (G5N0A3PIE),6.00664E+15,2026-07-03,2026-07-03,4,0,Storage,0.2,0.01,0.21
1060475,RMA #WJAKBZTV,33194643,COSETTE VANDENBERG (J9A1S7COS),6.00664E+15,2026-07-03,2026-07-03,0,0,Service Center Labor,1.42,0.07,1.49
1060475,RMA #WJAKBZTV,33194643,COSETTE VANDENBERG (J9A1S7COS),6.00664E+15,2026-07-03,2026-07-03,1,0,Restock,0.25,0.01,0.26
1060475,RMA #WJAKBZTV,33194643,COSETTE VANDENBERG (J9A1S7COS),6.00664E+15,2026-07-03,2026-07-03,1,0,Returns,2.07,0.1,2.17
1060475,RMA #WJAKBZTV,33194643,COSETTE VANDENBERG (J9A1S7COS),6.00664E+15,2026-07-03,2026-07-03,1,0,Storage,0.05,0,0.05
1060476,RMA #LX6NIEL0,33130932,HEATHER HULL (K1S0T3HEA),6.00664E+15,2026-07-03,2026-07-03,1,0,Returns,2.07,0.1,2.17
1060476,RMA #LX6NIEL0,33130932,HEATHER HULL (K1S0T3HEA),6.00664E+15,2026-07-03,2026-07-03,1,0,Restock,0.25,0.01,0.26
1060476,RMA #LX6NIEL0,33130932,HEATHER HULL (K1S0T3HEA),6.00664E+15,2026-07-03,2026-07-03,0,0,Service Center Labor,1.42,0.07,1.49
1060476,RMA #LX6NIEL0,33130932,HEATHER HULL (K1S0T3HEA),6.00664E+15,2026-07-03,2026-07-03,1,0,Storage,0.05,0,0.05
1060477,RMA #26RJFWLP,33228749,JENNIFER POIRIER (J3N1M3JEN),6.00664E+15,2026-07-03,2026-07-03,0,0,Service Center Labor,2.36,0.12,2.48
1060477,RMA #26RJFWLP,33228749,JENNIFER POIRIER (J3N1M3JEN),6.00664E+15,2026-07-03,2026-07-03,2,0,Returns,2.74,0.14,2.88
1060477,RMA #26RJFWLP,33228749,JENNIFER POIRIER (J3N1M3JEN),6.00664E+15,2026-07-03,2026-07-03,2,0,Restock,0.5,0.03,0.53
1060477,RMA #26RJFWLP,33228749,JENNIFER POIRIER (J3N1M3JEN),6.00664E+15,2026-07-03,2026-07-03,2,0,Storage,0.1,0.01,0.11
1060478,RMA #L06AWICI,33224715,MARIETTE DELEVALLEE (H2W2J2MAR),6.00664E+15,2026-07-03,2026-07-03,1,0,Restock,0.25,0.01,0.26
1060478,RMA #L06AWICI,33224715,MARIETTE DELEVALLEE (H2W2J2MAR),6.00664E+15,2026-07-03,2026-07-03,0,0,Service Center Labor,1.42,0.07,1.49
1060478,RMA #L06AWICI,33224715,MARIETTE DELEVALLEE (H2W2J2MAR),6.00664E+15,2026-07-03,2026-07-03,1,0,Returns,2.07,0.1,2.17
1060478,RMA #L06AWICI,33224715,MARIETTE DELEVALLEE (H2W2J2MAR),6.00664E+15,2026-07-03,2026-07-03,1,0,Storage,0.05,0,0.05
1060479,RMA #ZDT4YD9S,33323228,AYESHA MARAN (V5S0C9AYE),7.92499E+11,2026-07-03,2026-07-03,1,0,Returns,2.07,0.1,2.17
1060479,RMA #ZDT4YD9S,33323228,AYESHA MARAN (V5S0C9AYE),7.92499E+11,2026-07-03,2026-07-03,0,0,Service Center Labor,1.42,0.07,1.49
1060479,RMA #ZDT4YD9S,33323228,AYESHA MARAN (V5S0C9AYE),7.92499E+11,2026-07-03,2026-07-03,1,0,Restock,0.25,0.01,0.26
1060479,RMA #ZDT4YD9S,33323228,AYESHA MARAN (V5S0C9AYE),7.92499E+11,2026-07-03,2026-07-03,1,0,Storage,0.05,0,0.05
1060480,RMA #YLDAI257,33268506,D'ARCY DAVIS (L7L3K5D'A),7.92483E+11,2026-07-03,2026-07-03,1,0,Restock,0.25,0.01,0.26
1060480,RMA #YLDAI257,33268506,D'ARCY DAVIS (L7L3K5D'A),7.92483E+11,2026-07-03,2026-07-03,0,0,Service Center Labor,1.42,0.07,1.49
1060480,RMA #YLDAI257,33268506,D'ARCY DAVIS (L7L3K5D'A),7.92483E+11,2026-07-03,2026-07-03,1,0,Returns,2.07,0.1,2.17
1060480,RMA #YLDAI257,33268506,D'ARCY DAVIS (L7L3K5D'A),7.92483E+11,2026-07-03,2026-07-03,1,0,Storage,0.05,0,0.05
1060481,RMA #BAF3AR6L,33219711,TREVOR RAMJOHN (K7N1K2TRE),7.92469E+11,2026-07-03,2026-07-03,0,0,Service Center Labor,1.42,0.07,1.49
1060481,RMA #BAF3AR6L,33219711,TREVOR RAMJOHN (K7N1K2TRE),7.92469E+11,2026-07-03,2026-07-03,1,0,Restock,0.25,0.01,0.26
1060481,RMA #BAF3AR6L,33219711,TREVOR RAMJOHN (K7N1K2TRE),7.92469E+11,2026-07-03,2026-07-03,1,0,Returns,2.07,0.1,2.17
1060481,RMA #BAF3AR6L,33219711,TREVOR RAMJOHN (K7N1K2TRE),7.92469E+11,2026-07-03,2026-07-03,1,0,Storage,0.05,0,0.05
1060482,RMA #VZO78EG5,33292369,HILLARY ANDERSON (T4X2Y5HIL),6.00664E+15,2026-07-03,2026-07-03,2,0,Returns,2.74,0.14,2.88
1060482,RMA #VZO78EG5,33292369,HILLARY ANDERSON (T4X2Y5HIL),6.00664E+15,2026-07-03,2026-07-03,0,0,Service Center Labor,2.36,0.12,2.48
1060482,RMA #VZO78EG5,33292369,HILLARY ANDERSON (T4X2Y5HIL),6.00664E+15,2026-07-03,2026-07-03,2,0,Restock,0.5,0.03,0.53
1060482,RMA #VZO78EG5,33292369,HILLARY ANDERSON (T4X2Y5HIL),6.00664E+15,2026-07-03,2026-07-03,2,0,Storage,0.1,0.01,0.11
1060483,RMA #A0C6TN5E,33298486,ADELA DELGADO (T5W0M5ADE),6.00664E+15,2026-07-03,2026-07-03,2,0,Returns,2.74,0.14,2.88
1060483,RMA #A0C6TN5E,33298486,ADELA DELGADO (T5W0M5ADE),6.00664E+15,2026-07-03,2026-07-03,0,0,Service Center Labor,2.36,0.12,2.48
1060483,RMA #A0C6TN5E,33298486,ADELA DELGADO (T5W0M5ADE),6.00664E+15,2026-07-03,2026-07-03,2,0,Restock,0.5,0.03,0.53
1060483,RMA #A0C6TN5E,33298486,ADELA DELGADO (T5W0M5ADE),6.00664E+15,2026-07-03,2026-07-03,2,0,Storage,0.1,0.01,0.11
1060484,RMA #U5VLNPE5,33123124,KAREN FOSTER (T6C2M1KAR),6.00664E+15,2026-07-03,2026-07-03,1,0,Restock,0.25,0.01,0.26
1060484,RMA #U5VLNPE5,33123124,KAREN FOSTER (T6C2M1KAR),6.00664E+15,2026-07-03,2026-07-03,1,0,Returns,2.07,0.1,2.17
1060484,RMA #U5VLNPE5,33123124,KAREN FOSTER (T6C2M1KAR),6.00664E+15,2026-07-03,2026-07-03,0,0,Service Center Labor,1.42,0.07,1.49
1060484,RMA #U5VLNPE5,33123124,KAREN FOSTER (T6C2M1KAR),6.00664E+15,2026-07-03,2026-07-03,1,0,Storage,0.05,0,0.05
1060485,RMA #4PXAD61S,33267047,AMY O'BEIRNE (M1N1B9AMY),6.00664E+15,2026-07-03,2026-07-03,2,0,Returns,2.74,0.14,2.88
1060485,RMA #4PXAD61S,33267047,AMY O'BEIRNE (M1N1B9AMY),6.00664E+15,2026-07-03,2026-07-03,0,0,Service Center Labor,2.36,0.12,2.48
1060485,RMA #4PXAD61S,33267047,AMY O'BEIRNE (M1N1B9AMY),6.00664E+15,2026-07-03,2026-07-03,2,0,Restock,0.5,0.03,0.53
1060485,RMA #4PXAD61S,33267047,AMY O'BEIRNE (M1N1B9AMY),6.00664E+15,2026-07-03,2026-07-03,2,0,Storage,0.1,0.01,0.11
1060486,RMA #261H7DF4,33257546,JAMILLY VIEIRA NOGUEIRA (G0C2H0JAM),6.00664E+15,2026-07-03,2026-07-03,1,0,Restock,0.25,0.01,0.26
1060486,RMA #261H7DF4,33257546,JAMILLY VIEIRA NOGUEIRA (G0C2H0JAM),6.00664E+15,2026-07-03,2026-07-03,1,0,Returns,2.07,0.1,2.17
1060486,RMA #261H7DF4,33257546,JAMILLY VIEIRA NOGUEIRA (G0C2H0JAM),6.00664E+15,2026-07-03,2026-07-03,0,0,Service Center Labor,1.42,0.07,1.49
1060486,RMA #261H7DF4,33257546,JAMILLY VIEIRA NOGUEIRA (G0C2H0JAM),6.00664E+15,2026-07-03,2026-07-03,1,0,Storage,0.05,0,0.05
1060487,RMA #DE9X1ISK,33280119,JENNY FORTIER (P3Y1A2JEN),6.00664E+15,2026-07-03,2026-07-03,0,0,Service Center Labor,1.42,0.07,1.49
1060487,RMA #DE9X1ISK,33280119,JENNY FORTIER (P3Y1A2JEN),6.00664E+15,2026-07-03,2026-07-03,1,0,Restock,0.25,0.01,0.26
1060487,RMA #DE9X1ISK,33280119,JENNY FORTIER (P3Y1A2JEN),6.00664E+15,2026-07-03,2026-07-03,1,0,Returns,2.07,0.1,2.17
1060487,RMA #DE9X1ISK,33280119,JENNY FORTIER (P3Y1A2JEN),6.00664E+15,2026-07-03,2026-07-03,1,0,Storage,0.05,0,0.05
1060488,RMA #43KX61LW,33168883,ANJULY HAMEL (J2H3J5ANJ),6.00664E+15,2026-07-03,2026-07-03,0,0,Service Center Labor,1.42,0.07,1.49
1060488,RMA #43KX61LW,33168883,ANJULY HAMEL (J2H3J5ANJ),6.00664E+15,2026-07-03,2026-07-03,1,0,Returns,2.07,0.1,2.17
1060488,RMA #43KX61LW,33168883,ANJULY HAMEL (J2H3J5ANJ),6.00664E+15,2026-07-03,2026-07-03,1,0,Restock,0.25,0.01,0.26
1060488,RMA #43KX61LW,33168883,ANJULY HAMEL (J2H3J5ANJ),6.00664E+15,2026-07-03,2026-07-03,1,0,Storage,0.05,0,0.05
1060715,RMA #4B0EYEBZ,33287240,TRACY BLANCHETTE (P5A2L9TRA),6.00664E+15,2026-07-06,2026-07-06,1,0,Returns,2.07,0.1,2.17
1060715,RMA #4B0EYEBZ,33287240,TRACY BLANCHETTE (P5A2L9TRA),6.00664E+15,2026-07-06,2026-07-06,0,0,Service Center Labor,2.36,0.12,2.48
1060715,RMA #4B0EYEBZ,33287240,TRACY BLANCHETTE (P5A2L9TRA),6.00664E+15,2026-07-06,2026-07-06,1,0,Restock,0.25,0.01,0.26
1060715,RMA #4B0EYEBZ,33287240,TRACY BLANCHETTE (P5A2L9TRA),6.00664E+15,2026-07-06,2026-07-06,1,0,Storage,0.05,0,0.05
1060719,RMA #1Z1V6FX2,33127791,SUE HUTTON (T8H1X9SUE),6.00664E+15,2026-07-06,2026-07-06,0,0,Service Center Labor,2.36,0.12,2.48
1060719,RMA #1Z1V6FX2,33127791,SUE HUTTON (T8H1X9SUE),6.00664E+15,2026-07-06,2026-07-06,1,0,Returns,2.07,0.1,2.17
1060719,RMA #1Z1V6FX2,33127791,SUE HUTTON (T8H1X9SUE),6.00664E+15,2026-07-06,2026-07-06,1,0,Restock,0.25,0.01,0.26
1060719,RMA #1Z1V6FX2,33127791,SUE HUTTON (T8H1X9SUE),6.00664E+15,2026-07-06,2026-07-06,1,0,Storage,0.05,0,0.05
1060723,RMA #S9I3M5W1,33145205,LISA KEULER (S2V1C1LIS),6.00664E+15,2026-07-06,2026-07-06,0,0,Service Center Labor,8.03,0.4,8.43
1060723,RMA #S9I3M5W1,33145205,LISA KEULER (S2V1C1LIS),6.00664E+15,2026-07-06,2026-07-06,5,0,Restock,1.25,0.06,1.31
1060723,RMA #S9I3M5W1,33145205,LISA KEULER (S2V1C1LIS),6.00664E+15,2026-07-06,2026-07-06,5,0,Returns,4.75,0.24,4.99
1060723,RMA #S9I3M5W1,33145205,LISA KEULER (S2V1C1LIS),6.00664E+15,2026-07-06,2026-07-06,5,0,Storage,0.25,0.01,0.26
1060738,RMA #LW46H4CX,33246689,KELSEY MAZZUCA (M4M0A8KEL),6.00664E+15,2026-07-06,2026-07-06,1,0,Returns,2.07,0.1,2.17
1060738,RMA #LW46H4CX,33246689,KELSEY MAZZUCA (M4M0A8KEL),6.00664E+15,2026-07-06,2026-07-06,1,0,Restock,0.25,0.01,0.26
1060738,RMA #LW46H4CX,33246689,KELSEY MAZZUCA (M4M0A8KEL),6.00664E+15,2026-07-06,2026-07-06,0,0,Service Center Labor,1.42,0.07,1.49
1060738,RMA #LW46H4CX,33246689,KELSEY MAZZUCA (M4M0A8KEL),6.00664E+15,2026-07-06,2026-07-06,1,0,Storage,0.05,0,0.05
1060740,RMA #0YIELRZ5,33257338,CAROLINE NIEBUHR (T6E1G5CAR),6.00664E+15,2026-07-06,2026-07-06,0,0,Service Center Labor,6.14,0.31,6.45
1060740,RMA #0YIELRZ5,33257338,CAROLINE NIEBUHR (T6E1G5CAR),6.00664E+15,2026-07-06,2026-07-06,4,0,Restock,1,0.05,1.05
1060740,RMA #0YIELRZ5,33257338,CAROLINE NIEBUHR (T6E1G5CAR),6.00664E+15,2026-07-06,2026-07-06,4,0,Returns,4.08,0.2,4.28
1060740,RMA #0YIELRZ5,33257338,CAROLINE NIEBUHR (T6E1G5CAR),6.00664E+15,2026-07-06,2026-07-06,4,0,Storage,0.2,0.01,0.21
1060741,RMA #Q2D029SK,33146220,STEPHANIE TALSMA (K1H5Z3STE),6.00664E+15,2026-07-06,2026-07-06,4,0,Returns,4.08,0.2,4.28
1060741,RMA #Q2D029SK,33146220,STEPHANIE TALSMA (K1H5Z3STE),6.00664E+15,2026-07-06,2026-07-06,4,0,Restock,1,0.05,1.05
1060741,RMA #Q2D029SK,33146220,STEPHANIE TALSMA (K1H5Z3STE),6.00664E+15,2026-07-06,2026-07-06,0,0,Service Center Labor,8.03,0.4,8.43
1060741,RMA #Q2D029SK,33146220,STEPHANIE TALSMA (K1H5Z3STE),6.00664E+15,2026-07-06,2026-07-06,4,0,Storage,0.2,0.01,0.21
1060745,RMA #M54KP3Y7,33228446,MARCIA SIROTA (M5N2V2MAR),6.00664E+15,2026-07-06,2026-07-06,2,0,Restock,0.5,0.03,0.53
1060745,RMA #M54KP3Y7,33228446,MARCIA SIROTA (M5N2V2MAR),6.00664E+15,2026-07-06,2026-07-06,2,0,Returns,2.74,0.14,2.88
1060745,RMA #M54KP3Y7,33228446,MARCIA SIROTA (M5N2V2MAR),6.00664E+15,2026-07-06,2026-07-06,0,0,Service Center Labor,3.78,0.19,3.97
1060745,RMA #M54KP3Y7,33228446,MARCIA SIROTA (M5N2V2MAR),6.00664E+15,2026-07-06,2026-07-06,2,0,Storage,0.1,0.01,0.11
1060748,RMA #NO2QUM67,33267569,MELISSA BLACKWELL (V6Z3B8MEL),6.00664E+15,2026-07-06,2026-07-06,0,0,Service Center Labor,2.36,0.12,2.48
1060748,RMA #NO2QUM67,33267569,MELISSA BLACKWELL (V6Z3B8MEL),6.00664E+15,2026-07-06,2026-07-06,1,0,Returns,2.07,0.1,2.17
1060748,RMA #NO2QUM67,33267569,MELISSA BLACKWELL (V6Z3B8MEL),6.00664E+15,2026-07-06,2026-07-06,1,0,Restock,0.25,0.01,0.26
1060748,RMA #NO2QUM67,33267569,MELISSA BLACKWELL (V6Z3B8MEL),6.00664E+15,2026-07-06,2026-07-06,1,0,Storage,0.05,0,0.05
1060774,RMA #LQL9KS7E,33264054,DANIEL STURGEON (V1T4M8DAN),6.00664E+15,2026-07-06,2026-07-06,2,0,Returns,2.74,0.13,2.87
1060774,RMA #LQL9KS7E,33264054,DANIEL STURGEON (V1T4M8DAN),6.00664E+15,2026-07-06,2026-07-06,2,0,Restock,0.5,0.02,0.52
1060774,RMA #LQL9KS7E,33264054,DANIEL STURGEON (V1T4M8DAN),6.00664E+15,2026-07-06,2026-07-06,0,0,Service Center Labor,3.78,0.19,3.97
1060774,RMA #LQL9KS7E,33264054,DANIEL STURGEON (V1T4M8DAN),6.00664E+15,2026-07-06,2026-07-06,2,0,Storage,0.1,0,0.1
1060777,RMA #8FCA91G0,33321528,LINDA BRACE (V1R3L1LIN),7.92498E+11,2026-07-06,2026-07-06,0,0,Service Center Labor,2.36,0.12,2.48
1060777,RMA #8FCA91G0,33321528,LINDA BRACE (V1R3L1LIN),7.92498E+11,2026-07-06,2026-07-06,1,0,Returns,2.07,0.1,2.17
1060777,RMA #8FCA91G0,33321528,LINDA BRACE (V1R3L1LIN),7.92498E+11,2026-07-06,2026-07-06,1,0,Restock,0.25,0.01,0.26
1060777,RMA #8FCA91G0,33321528,LINDA BRACE (V1R3L1LIN),7.92498E+11,2026-07-06,2026-07-06,1,0,Storage,0.05,0,0.05
1060783,RMA #TSTWO4J5,33326523,J POSLUNS (V6J2C9J P),6.00664E+15,2026-07-06,2026-07-06,1,0,Returns,2.07,0.1,2.17
1060783,RMA #TSTWO4J5,33326523,J POSLUNS (V6J2C9J P),6.00664E+15,2026-07-06,2026-07-06,0,0,Service Center Labor,2.36,0.12,2.48
1060783,RMA #TSTWO4J5,33326523,J POSLUNS (V6J2C9J P),6.00664E+15,2026-07-06,2026-07-06,1,0,Restock,0.25,0.01,0.26
1060783,RMA #TSTWO4J5,33326523,J POSLUNS (V6J2C9J P),6.00664E+15,2026-07-06,2026-07-06,1,0,Storage,0.05,0,0.05
1060785,RMA #PU3ZNL79,33317699,KATHY HENDERSON (V2W0E9KAT),7.92497E+11,2026-07-06,2026-07-06,0,0,Service Center Labor,2.36,0.12,2.48
1060785,RMA #PU3ZNL79,33317699,KATHY HENDERSON (V2W0E9KAT),7.92497E+11,2026-07-06,2026-07-06,1,0,Restock,0.25,0.01,0.26
1060785,RMA #PU3ZNL79,33317699,KATHY HENDERSON (V2W0E9KAT),7.92497E+11,2026-07-06,2026-07-06,1,0,Returns,2.07,0.1,2.17
1060785,RMA #PU3ZNL79,33317699,KATHY HENDERSON (V2W0E9KAT),7.92497E+11,2026-07-06,2026-07-06,1,0,Storage,0.05,0,0.05
1060786,RMA #U4U7D411,33142779,RENEE BOUCHARD (R3X0T2REN),6.00664E+15,2026-07-06,2026-07-06,1,0,Restock,0.25,0.01,0.26
1060786,RMA #U4U7D411,33142779,RENEE BOUCHARD (R3X0T2REN),6.00664E+15,2026-07-06,2026-07-06,0,0,Service Center Labor,2.36,0.12,2.48
1060786,RMA #U4U7D411,33142779,RENEE BOUCHARD (R3X0T2REN),6.00664E+15,2026-07-06,2026-07-06,1,0,Returns,2.07,0.1,2.17
1060786,RMA #U4U7D411,33142779,RENEE BOUCHARD (R3X0T2REN),6.00664E+15,2026-07-06,2026-07-06,1,0,Storage,0.05,0,0.05
1060789,RMA #97Q3OLVV,33327424,JOANNE KONAR (V7N3B8JOA),6.00664E+15,2026-07-06,2026-07-06,1,0,Shop Supplies,0.16,0.01,0.17
1060789,RMA #97Q3OLVV,33327424,JOANNE KONAR (V7N3B8JOA),6.00664E+15,2026-07-06,2026-07-06,0,0,Service Center Labor,2.36,0.12,2.48
1060789,RMA #97Q3OLVV,33327424,JOANNE KONAR (V7N3B8JOA),6.00664E+15,2026-07-06,2026-07-06,2,0,Restock,0.5,0.03,0.53
1060789,RMA #97Q3OLVV,33327424,JOANNE KONAR (V7N3B8JOA),6.00664E+15,2026-07-06,2026-07-06,2,0,Returns,2.74,0.14,2.88
1060789,RMA #97Q3OLVV,33327424,JOANNE KONAR (V7N3B8JOA),6.00664E+15,2026-07-06,2026-07-06,2,0,Storage,0.1,0.01,0.11
1060792,RMA #U48EBWYK,33280955,KATHY HENDERSON (V2W0E9KAT),7.92487E+11,2026-07-06,2026-07-06,1,0,Restock,0.25,0.01,0.26
1060792,RMA #U48EBWYK,33280955,KATHY HENDERSON (V2W0E9KAT),7.92487E+11,2026-07-06,2026-07-06,1,0,Returns,2.07,0.1,2.17
1060792,RMA #U48EBWYK,33280955,KATHY HENDERSON (V2W0E9KAT),7.92487E+11,2026-07-06,2026-07-06,0,0,Service Center Labor,2.36,0.12,2.48
1060792,RMA #U48EBWYK,33280955,KATHY HENDERSON (V2W0E9KAT),7.92487E+11,2026-07-06,2026-07-06,1,0,Storage,0.05,0,0.05
1060795,RMA #AZ3OVU1Y,33228449,JACQUELINE BUSCHE (L7K0C4JAC),6.00664E+15,2026-07-06,2026-07-06,0,0,Service Center Labor,3.31,0.17,3.48
1060795,RMA #AZ3OVU1Y,33228449,JACQUELINE BUSCHE (L7K0C4JAC),6.00664E+15,2026-07-06,2026-07-06,2,0,Restock,0.5,0.03,0.53
1060795,RMA #AZ3OVU1Y,33228449,JACQUELINE BUSCHE (L7K0C4JAC),6.00664E+15,2026-07-06,2026-07-06,2,0,Returns,2.74,0.14,2.88
1060795,RMA #AZ3OVU1Y,33228449,JACQUELINE BUSCHE (L7K0C4JAC),6.00664E+15,2026-07-06,2026-07-06,2,0,Storage,0.1,0.01,0.11
1060797,RMA #0Y6VI5TY,33270970,SAM BEECHER (V8M1V9SAM),7.92484E+11,2026-07-06,2026-07-06,1,0,Restock,0.25,0.01,0.26
1060797,RMA #0Y6VI5TY,33270970,SAM BEECHER (V8M1V9SAM),7.92484E+11,2026-07-06,2026-07-06,0,0,Service Center Labor,2.36,0.12,2.48
1060797,RMA #0Y6VI5TY,33270970,SAM BEECHER (V8M1V9SAM),7.92484E+11,2026-07-06,2026-07-06,1,0,Returns,2.07,0.1,2.17
1060797,RMA #0Y6VI5TY,33270970,SAM BEECHER (V8M1V9SAM),7.92484E+11,2026-07-06,2026-07-06,1,0,Storage,0.05,0,0.05
1060799,RMA #Z5VLGEQB,33302587,DEBI HUNTER (R3P1L5DEB),6.00664E+15,2026-07-06,2026-07-06,1,0,Restock,0.25,0.01,0.26
1060799,RMA #Z5VLGEQB,33302587,DEBI HUNTER (R3P1L5DEB),6.00664E+15,2026-07-06,2026-07-06,0,0,Service Center Labor,2.36,0.12,2.48
1060799,RMA #Z5VLGEQB,33302587,DEBI HUNTER (R3P1L5DEB),6.00664E+15,2026-07-06,2026-07-06,1,0,Returns,2.07,0.1,2.17
1060799,RMA #Z5VLGEQB,33302587,DEBI HUNTER (R3P1L5DEB),6.00664E+15,2026-07-06,2026-07-06,1,0,Storage,0.05,0,0.05
1060805,RMA #RRT3KUBW,33157452,ALEX QUISTBERG (V0R1X6ALE),7.92444E+11,2026-07-06,2026-07-06,0,0,Service Center Labor,3.31,0.17,3.48
1060805,RMA #RRT3KUBW,33157452,ALEX QUISTBERG (V0R1X6ALE),7.92444E+11,2026-07-06,2026-07-06,2,0,Restock,0.5,0.03,0.53
1060805,RMA #RRT3KUBW,33157452,ALEX QUISTBERG (V0R1X6ALE),7.92444E+11,2026-07-06,2026-07-06,2,0,Returns,2.74,0.14,2.88
1060805,RMA #RRT3KUBW,33157452,ALEX QUISTBERG (V0R1X6ALE),7.92444E+11,2026-07-06,2026-07-06,2,0,Storage,0.1,0.01,0.11
1061550,RMA  #VH35IYIB,,JIYI ZENG (Manual),6.00664E+15,2026-07-08,2026-07-08,1,0,Restock,0.25,0.01,0.26
1061550,RMA  #VH35IYIB,,JIYI ZENG (Manual),6.00664E+15,2026-07-08,2026-07-08,0,0,Service Center Labor,2.36,0.12,2.48
1061550,RMA  #VH35IYIB,,JIYI ZENG (Manual),6.00664E+15,2026-07-08,2026-07-08,1,0,Returns,2.07,0.1,2.17
1061550,RMA  #VH35IYIB,,JIYI ZENG (Manual),6.00664E+15,2026-07-08,2026-07-08,1,0,Storage,0.05,0,0.05
1061553,RMA  #VH35IYIB,,JIYI ZENG (Manual),6.00664E+15,2026-07-08,2026-07-08,0,0,Service Center Labor,2.36,0.12,2.48
1061553,RMA  #VH35IYIB,,JIYI ZENG (Manual),6.00664E+15,2026-07-08,2026-07-08,1,0,Restock,0.25,0.01,0.26
1061553,RMA  #VH35IYIB,,JIYI ZENG (Manual),6.00664E+15,2026-07-08,2026-07-08,1,0,Returns,2.07,0.1,2.17
1061553,RMA  #VH35IYIB,,JIYI ZENG (Manual),6.00664E+15,2026-07-08,2026-07-08,1,0,Storage,0.05,0,0.05
1061554,RMA #EEZF54WW,,JANE BELLRINGER (Manual),6.00664E+15,2026-07-08,2026-07-08,3,0,Restock,0.75,0.04,0.79
1061554,RMA #EEZF54WW,,JANE BELLRINGER (Manual),6.00664E+15,2026-07-08,2026-07-08,3,0,Returns,3.41,0.17,3.58
1061554,RMA #EEZF54WW,,JANE BELLRINGER (Manual),6.00664E+15,2026-07-08,2026-07-08,0,0,Service Center Labor,3.78,0.19,3.97
1061554,RMA #EEZF54WW,,JANE BELLRINGER (Manual),6.00664E+15,2026-07-08,2026-07-08,3,0,Storage,0.15,0.01,0.16
1061556,RMA#544WLVCW,,JULIANA LIMA (Manual),6.00664E+15,2026-07-08,2026-07-08,3,0,Returns,3.41,0.17,3.58
1061556,RMA#544WLVCW,,JULIANA LIMA (Manual),6.00664E+15,2026-07-08,2026-07-08,0,0,Service Center Labor,3.78,0.19,3.97
1061556,RMA#544WLVCW,,JULIANA LIMA (Manual),6.00664E+15,2026-07-08,2026-07-08,3,0,Restock,0.75,0.04,0.79
1061556,RMA#544WLVCW,,JULIANA LIMA (Manual),6.00664E+15,2026-07-08,2026-07-08,3,0,Storage,0.15,0.01,0.16
1061557,RMA #L19KP1JH,,NICHOLA LAPIERRE (Manual),6.00664E+15,2026-07-08,2026-07-08,4,0,Restock,1,0.05,1.05
1061557,RMA #L19KP1JH,,NICHOLA LAPIERRE (Manual),6.00664E+15,2026-07-08,2026-07-08,4,0,Returns,4.08,0.2,4.28
1061557,RMA #L19KP1JH,,NICHOLA LAPIERRE (Manual),6.00664E+15,2026-07-08,2026-07-08,0,0,Service Center Labor,6.14,0.31,6.45
1061557,RMA #L19KP1JH,,NICHOLA LAPIERRE (Manual),6.00664E+15,2026-07-08,2026-07-08,4,0,Storage,0.2,0.01,0.21
1061559,RMA #R1XEZA77,,LISA AITKEN (Manual),7.92349E+11,2026-07-08,2026-07-08,0,0,Service Center Labor,9.45,0.47,9.92
1061559,RMA #R1XEZA77,,LISA AITKEN (Manual),7.92349E+11,2026-07-08,2026-07-08,5,0,Returns,4.75,0.23,4.98
1061559,RMA #R1XEZA77,,LISA AITKEN (Manual),7.92349E+11,2026-07-08,2026-07-08,5,0,Restock,1.25,0.06,1.31
1061559,RMA #R1XEZA77,,LISA AITKEN (Manual),7.92349E+11,2026-07-08,2026-07-08,5,0,Storage,0.25,0.01,0.26
1061563,RMA #WPERJ7NP,,KRISTINA PEK (K2M0J2KRI),7.92301E+11,2026-07-08,2026-07-08,0,0,Service Center Labor,9.45,0.47,9.92
1061563,RMA #WPERJ7NP,,KRISTINA PEK (K2M0J2KRI),7.92301E+11,2026-07-08,2026-07-08,5,0,Returns,4.75,0.24,4.99
1061563,RMA #WPERJ7NP,,KRISTINA PEK (K2M0J2KRI),7.92301E+11,2026-07-08,2026-07-08,5,0,Restock,1.25,0.06,1.31
1061563,RMA #WPERJ7NP,,KRISTINA PEK (K2M0J2KRI),7.92301E+11,2026-07-08,2026-07-08,5,0,Storage,0.25,0.01,0.26
1061565,RMA #5CQ63GCM,,KATELYN LUSCOMBE (V8H1B3KAT),6.00664E+15,2026-07-08,2026-07-08,1,0,Restock,0.25,0.01,0.26
1061565,RMA #5CQ63GCM,,KATELYN LUSCOMBE (V8H1B3KAT),6.00664E+15,2026-07-08,2026-07-08,0,0,Service Center Labor,2.36,0.12,2.48
1061565,RMA #5CQ63GCM,,KATELYN LUSCOMBE (V8H1B3KAT),6.00664E+15,2026-07-08,2026-07-08,1,0,Returns,2.07,0.1,2.17
1061565,RMA #5CQ63GCM,,KATELYN LUSCOMBE (V8H1B3KAT),6.00664E+15,2026-07-08,2026-07-08,1,0,Storage,0.05,0,0.05
1061568,RMA #8cwy8sb6,,CHRISTOFER DUTOFF (T6W0N1CHR),7.92448E+11,2026-07-08,2026-07-08,5,0,Returns,4.75,0.24,4.99
1061568,RMA #8cwy8sb6,,CHRISTOFER DUTOFF (T6W0N1CHR),7.92448E+11,2026-07-08,2026-07-08,0,0,Service Center Labor,9.45,0.47,9.92
1061568,RMA #8cwy8sb6,,CHRISTOFER DUTOFF (T6W0N1CHR),7.92448E+11,2026-07-08,2026-07-08,5,0,Restock,1.25,0.06,1.31
1061568,RMA #8cwy8sb6,,CHRISTOFER DUTOFF (T6W0N1CHR),7.92448E+11,2026-07-08,2026-07-08,5,0,Storage,0.25,0.01,0.26
1061764,RMA #1CJ9Y18C,33288594,CARLY FREY (V5L1Y2CAR),7.9249E+11,2026-07-09,2026-07-09,4,0,Restock,1,0.05,1.05
1061764,RMA #1CJ9Y18C,33288594,CARLY FREY (V5L1Y2CAR),7.9249E+11,2026-07-09,2026-07-09,0,0,Service Center Labor,6.14,0.31,6.45
1061764,RMA #1CJ9Y18C,33288594,CARLY FREY (V5L1Y2CAR),7.9249E+11,2026-07-09,2026-07-09,4,0,Returns,4.08,0.2,4.28
1061764,RMA #1CJ9Y18C,33288594,CARLY FREY (V5L1Y2CAR),7.9249E+11,2026-07-09,2026-07-09,4,0,Storage,0.2,0.01,0.21
1061768,RMA #S2FAW07B,33288801,CARLY FREY (V5L1Y2CAR),7.9249E+11,2026-07-09,2026-07-09,0,0,Service Center Labor,2.36,0.12,2.48
1061768,RMA #S2FAW07B,33288801,CARLY FREY (V5L1Y2CAR),7.9249E+11,2026-07-09,2026-07-09,1,0,Returns,2.07,0.1,2.17
1061768,RMA #S2FAW07B,33288801,CARLY FREY (V5L1Y2CAR),7.9249E+11,2026-07-09,2026-07-09,1,0,Restock,0.25,0.01,0.26
1061768,RMA #S2FAW07B,33288801,CARLY FREY (V5L1Y2CAR),7.9249E+11,2026-07-09,2026-07-09,1,0,Storage,0.05,0,0.05
1061773,RMA #GBZG984I,33211315,KARINE ROBIDOUX (J9T2Y3KAR),7.92466E+11,2026-07-09,2026-07-09,1,0,Returns,2.07,0.1,2.17
1061773,RMA #GBZG984I,33211315,KARINE ROBIDOUX (J9T2Y3KAR),7.92466E+11,2026-07-09,2026-07-09,0,0,Service Center Labor,2.36,0.12,2.48
1061773,RMA #GBZG984I,33211315,KARINE ROBIDOUX (J9T2Y3KAR),7.92466E+11,2026-07-09,2026-07-09,1,0,Restock,0.25,0.01,0.26
1061773,RMA #GBZG984I,33211315,KARINE ROBIDOUX (J9T2Y3KAR),7.92466E+11,2026-07-09,2026-07-09,1,0,Storage,0.05,0,0.05
1061775,RMA #JEQDNDYN,33233748,JORDYN WHITLOCK (N1E7E7JOR),7.92472E+11,2026-07-09,2026-07-09,0,0,Service Center Labor,2.36,0.12,2.48
1061775,RMA #JEQDNDYN,33233748,JORDYN WHITLOCK (N1E7E7JOR),7.92472E+11,2026-07-09,2026-07-09,1,0,Restock,0.25,0.01,0.26
1061775,RMA #JEQDNDYN,33233748,JORDYN WHITLOCK (N1E7E7JOR),7.92472E+11,2026-07-09,2026-07-09,1,0,Returns,2.07,0.1,2.17
1061775,RMA #JEQDNDYN,33233748,JORDYN WHITLOCK (N1E7E7JOR),7.92472E+11,2026-07-09,2026-07-09,1,0,Storage,0.05,0,0.05
1061779,RMA #5A200SA5,33275619,REGAN GRILL (V9K2P1REG),7.92485E+11,2026-07-09,2026-07-09,0,0,Service Center Labor,2.36,0.12,2.48
1061779,RMA #5A200SA5,33275619,REGAN GRILL (V9K2P1REG),7.92485E+11,2026-07-09,2026-07-09,1,0,Restock,0.25,0.01,0.26
1061779,RMA #5A200SA5,33275619,REGAN GRILL (V9K2P1REG),7.92485E+11,2026-07-09,2026-07-09,1,0,Returns,2.07,0.1,2.17
1061779,RMA #5A200SA5,33275619,REGAN GRILL (V9K2P1REG),7.92485E+11,2026-07-09,2026-07-09,1,0,Storage,0.05,0,0.05
1061780,RMA #2ANN9BX0,,KURTIS BROEDERS (Manual),6.00664E+15,2026-07-09,2026-07-09,3,0,Restock,0.75,0.04,0.79
1061780,RMA #2ANN9BX0,,KURTIS BROEDERS (Manual),6.00664E+15,2026-07-09,2026-07-09,0,0,Service Center Labor,6.14,0.31,6.45
1061780,RMA #2ANN9BX0,,KURTIS BROEDERS (Manual),6.00664E+15,2026-07-09,2026-07-09,3,0,Returns,3.41,0.17,3.58
1061780,RMA #2ANN9BX0,,KURTIS BROEDERS (Manual),6.00664E+15,2026-07-09,2026-07-09,3,0,Storage,0.15,0.01,0.16
1061785,RMA #650L7OEI,,MORGAN BEATTY (T5M0M3MOR),6.00664E+15,2026-07-09,2026-07-09,2,0,Returns,2.74,0.14,2.88
1061785,RMA #650L7OEI,,MORGAN BEATTY (T5M0M3MOR),6.00664E+15,2026-07-09,2026-07-09,2,0,Restock,0.5,0.03,0.53
1061785,RMA #650L7OEI,,MORGAN BEATTY (T5M0M3MOR),6.00664E+15,2026-07-09,2026-07-09,0,0,Service Center Labor,3.78,0.19,3.97
1061785,RMA #650L7OEI,,MORGAN BEATTY (T5M0M3MOR),6.00664E+15,2026-07-09,2026-07-09,2,0,Storage,0.1,0.01,0.11
1061788,RMA #3VN1X6DC,,ELI JANE CHARBONNEAU (J0E1A0ELI),6.00664E+15,2026-07-09,2026-07-09,0,0,Service Center Labor,2.36,0.12,2.48
1061788,RMA #3VN1X6DC,,ELI JANE CHARBONNEAU (J0E1A0ELI),6.00664E+15,2026-07-09,2026-07-09,1,0,Restock,0.25,0.01,0.26
1061788,RMA #3VN1X6DC,,ELI JANE CHARBONNEAU (J0E1A0ELI),6.00664E+15,2026-07-09,2026-07-09,1,0,Returns,2.07,0.1,2.17
1061788,RMA #3VN1X6DC,,ELI JANE CHARBONNEAU (J0E1A0ELI),6.00664E+15,2026-07-09,2026-07-09,1,0,Storage,0.05,0,0.05
1061789,RMA #XYC38YSH,,BENJAMIN LAUZON (J1H1L6BEN),7.92378E+11,2026-07-09,2026-07-09,0,0,Service Center Labor,4.73,0.24,4.97
1061789,RMA #XYC38YSH,,BENJAMIN LAUZON (J1H1L6BEN),7.92378E+11,2026-07-09,2026-07-09,3,0,Returns,3.41,0.17,3.58
1061789,RMA #XYC38YSH,,BENJAMIN LAUZON (J1H1L6BEN),7.92378E+11,2026-07-09,2026-07-09,3,0,Restock,0.75,0.04,0.79
1061789,RMA #XYC38YSH,,BENJAMIN LAUZON (J1H1L6BEN),7.92378E+11,2026-07-09,2026-07-09,3,0,Storage,0.15,0.01,0.16
1061841,RMA #QMVCWQOE,33289104,PATRICIA WICKENS (G0S2S0PAT),6.00664E+15,2026-07-09,2026-07-09,0,0,Service Center Labor,2.36,0.12,2.48
1061841,RMA #QMVCWQOE,33289104,PATRICIA WICKENS (G0S2S0PAT),6.00664E+15,2026-07-09,2026-07-09,1,0,Restock,0.25,0.01,0.26
1061841,RMA #QMVCWQOE,33289104,PATRICIA WICKENS (G0S2S0PAT),6.00664E+15,2026-07-09,2026-07-09,1,0,Returns,2.07,0.1,2.17
1061841,RMA #QMVCWQOE,33289104,PATRICIA WICKENS (G0S2S0PAT),6.00664E+15,2026-07-09,2026-07-09,1,0,Storage,0.05,0,0.05
1061842,RMA #SXCCAFQU,33291069,STEPHANIE ALLEN (J1M2J2STÉ),6.00664E+15,2026-07-09,2026-07-09,2,0,Returns,2.74,0.14,2.88
1061842,RMA #SXCCAFQU,33291069,STEPHANIE ALLEN (J1M2J2STÉ),6.00664E+15,2026-07-09,2026-07-09,2,0,Restock,0.5,0.03,0.53
1061842,RMA #SXCCAFQU,33291069,STEPHANIE ALLEN (J1M2J2STÉ),6.00664E+15,2026-07-09,2026-07-09,0,0,Service Center Labor,3.31,0.17,3.48
1061842,RMA #SXCCAFQU,33291069,STEPHANIE ALLEN (J1M2J2STÉ),6.00664E+15,2026-07-09,2026-07-09,2,0,Storage,0.1,0.01,0.11
1061843,RMA #8CH779RW,33281887,MOLLY MCWHINNIE (B3J0E4MOL),7.92488E+11,2026-07-09,2026-07-09,0,0,Service Center Labor,2.36,0.12,2.48
1061843,RMA #8CH779RW,33281887,MOLLY MCWHINNIE (B3J0E4MOL),7.92488E+11,2026-07-09,2026-07-09,1,0,Restock,0.25,0.01,0.26
1061843,RMA #8CH779RW,33281887,MOLLY MCWHINNIE (B3J0E4MOL),7.92488E+11,2026-07-09,2026-07-09,1,0,Returns,2.07,0.1,2.17
1061843,RMA #8CH779RW,33281887,MOLLY MCWHINNIE (B3J0E4MOL),7.92488E+11,2026-07-09,2026-07-09,1,0,Storage,0.05,0,0.05
1061844,RMA #GYVUZ2PC,33210580,PATRICIA GLAZ (G5L9G8PAT),6.00664E+15,2026-07-09,2026-07-09,1,0,Restock,0.25,0.01,0.26
1061844,RMA #GYVUZ2PC,33210580,PATRICIA GLAZ (G5L9G8PAT),6.00664E+15,2026-07-09,2026-07-09,0,0,Service Center Labor,2.36,0.12,2.48
1061844,RMA #GYVUZ2PC,33210580,PATRICIA GLAZ (G5L9G8PAT),6.00664E+15,2026-07-09,2026-07-09,1,0,Returns,2.07,0.1,2.17
1061844,RMA #GYVUZ2PC,33210580,PATRICIA GLAZ (G5L9G8PAT),6.00664E+15,2026-07-09,2026-07-09,1,0,Storage,0.05,0,0.05
1061845,RMA #XBX2NZOK,33359053,FIONA BILAN (T2W1M5FIO),6.00664E+15,2026-07-09,2026-07-09,1,0,Restock,0.25,0.01,0.26
1061845,RMA #XBX2NZOK,33359053,FIONA BILAN (T2W1M5FIO),6.00664E+15,2026-07-09,2026-07-09,1,0,Returns,2.07,0.1,2.17
1061845,RMA #XBX2NZOK,33359053,FIONA BILAN (T2W1M5FIO),6.00664E+15,2026-07-09,2026-07-09,0,0,Service Center Labor,2.36,0.12,2.48
1061845,RMA #XBX2NZOK,33359053,FIONA BILAN (T2W1M5FIO),6.00664E+15,2026-07-09,2026-07-09,1,0,Storage,0.05,0,0.05
1061846,RMA #LCANJX3X,33294071,SARAH MCQUAID (R0G1Z0SAR),6.00664E+15,2026-07-09,2026-07-09,1,0,Restock,0.25,0.01,0.26
1061846,RMA #LCANJX3X,33294071,SARAH MCQUAID (R0G1Z0SAR),6.00664E+15,2026-07-09,2026-07-09,0,0,Service Center Labor,1.42,0.07,1.49
1061846,RMA #LCANJX3X,33294071,SARAH MCQUAID (R0G1Z0SAR),6.00664E+15,2026-07-09,2026-07-09,1,0,Returns,2.07,0.1,2.17
1061846,RMA #LCANJX3X,33294071,SARAH MCQUAID (R0G1Z0SAR),6.00664E+15,2026-07-09,2026-07-09,1,0,Storage,0.05,0,0.05
1061847,RMA #7SGLAAW4,33246280,JENNIFER GIROUX (G0C1W0JEN),6.00664E+15,2026-07-09,2026-07-09,1,0,Restock,0.25,0.01,0.26
1061847,RMA #7SGLAAW4,33246280,JENNIFER GIROUX (G0C1W0JEN),6.00664E+15,2026-07-09,2026-07-09,1,0,Returns,2.07,0.1,2.17
1061847,RMA #7SGLAAW4,33246280,JENNIFER GIROUX (G0C1W0JEN),6.00664E+15,2026-07-09,2026-07-09,0,0,Service Center Labor,2.36,0.12,2.48
1061847,RMA #7SGLAAW4,33246280,JENNIFER GIROUX (G0C1W0JEN),6.00664E+15,2026-07-09,2026-07-09,1,0,Storage,0.05,0,0.05
1061848,RMA #HLLWZJ3F,33289520,COURTNEY BOOKER (K0E1B0COU),7.9249E+11,2026-07-09,2026-07-09,1,0,Restock,0.25,0.01,0.26
1061848,RMA #HLLWZJ3F,33289520,COURTNEY BOOKER (K0E1B0COU),7.9249E+11,2026-07-09,2026-07-09,0,0,Service Center Labor,2.36,0.12,2.48
1061848,RMA #HLLWZJ3F,33289520,COURTNEY BOOKER (K0E1B0COU),7.9249E+11,2026-07-09,2026-07-09,1,0,Returns,2.07,0.1,2.17
1061848,RMA #HLLWZJ3F,33289520,COURTNEY BOOKER (K0E1B0COU),7.9249E+11,2026-07-09,2026-07-09,1,0,Storage,0.05,0,0.05
1061850,RMA #7DNVCPSP,33328027,CHERYL RAMSEY (R3M0R1CHE),7.92502E+11,2026-07-09,2026-07-09,0,0,Service Center Labor,1.42,0.07,1.49
1061850,RMA #7DNVCPSP,33328027,CHERYL RAMSEY (R3M0R1CHE),7.92502E+11,2026-07-09,2026-07-09,1,0,Returns,2.07,0.1,2.17
1061850,RMA #7DNVCPSP,33328027,CHERYL RAMSEY (R3M0R1CHE),7.92502E+11,2026-07-09,2026-07-09,1,0,Restock,0.25,0.01,0.26
1061850,RMA #7DNVCPSP,33328027,CHERYL RAMSEY (R3M0R1CHE),7.92502E+11,2026-07-09,2026-07-09,1,0,Storage,0.05,0,0.05
1061851,RMA #8764YDZA,33300499,BARB VAN DER GRACHT (V0X1W0BAR),7.92492E+11,2026-07-09,2026-07-09,0,0,Service Center Labor,1.42,0.07,1.49
1061851,RMA #8764YDZA,33300499,BARB VAN DER GRACHT (V0X1W0BAR),7.92492E+11,2026-07-09,2026-07-09,1,0,Returns,2.07,0.1,2.17
1061851,RMA #8764YDZA,33300499,BARB VAN DER GRACHT (V0X1W0BAR),7.92492E+11,2026-07-09,2026-07-09,1,0,Restock,0.25,0.01,0.26
1061851,RMA #8764YDZA,33300499,BARB VAN DER GRACHT (V0X1W0BAR),7.92492E+11,2026-07-09,2026-07-09,1,0,Storage,0.05,0,0.05
1061855,RMA #J7CGB2V7,33329355,ANNA WU (V5H0J1ANN),6.00664E+15,2026-07-09,2026-07-09,2,0,Returns,2.74,0.14,2.88
1061855,RMA #J7CGB2V7,33329355,ANNA WU (V5H0J1ANN),6.00664E+15,2026-07-09,2026-07-09,2,0,Restock,0.5,0.03,0.53
1061855,RMA #J7CGB2V7,33329355,ANNA WU (V5H0J1ANN),6.00664E+15,2026-07-09,2026-07-09,0,0,Service Center Labor,3.31,0.17,3.48
1061855,RMA #J7CGB2V7,33329355,ANNA WU (V5H0J1ANN),6.00664E+15,2026-07-09,2026-07-09,2,0,Storage,0.1,0.01,0.11
1061857,RMA #20Y8YMIH,33269687,KAITLYN GRISEWOOD (T0B0H0KAI),7.92484E+11,2026-07-09,2026-07-09,0,0,Service Center Labor,6.14,0.31,6.45
1061857,RMA #20Y8YMIH,33269687,KAITLYN GRISEWOOD (T0B0H0KAI),7.92484E+11,2026-07-09,2026-07-09,3,0,Restock,0.75,0.04,0.79
1061857,RMA #20Y8YMIH,33269687,KAITLYN GRISEWOOD (T0B0H0KAI),7.92484E+11,2026-07-09,2026-07-09,3,0,Returns,3.41,0.17,3.58
1061857,RMA #20Y8YMIH,33269687,KAITLYN GRISEWOOD (T0B0H0KAI),7.92484E+11,2026-07-09,2026-07-09,3,0,Storage,0.15,0.01,0.16
1061865,RMA #M8M9PILN,33290340,ABIGAIL COCKLE (N0J1J0ABI),7.9249E+11,2026-07-09,2026-07-09,1,0,Returns,2.07,0.1,2.17
1061865,RMA #M8M9PILN,33290340,ABIGAIL COCKLE (N0J1J0ABI),7.9249E+11,2026-07-09,2026-07-09,0,0,Service Center Labor,1.42,0.07,1.49
1061865,RMA #M8M9PILN,33290340,ABIGAIL COCKLE (N0J1J0ABI),7.9249E+11,2026-07-09,2026-07-09,1,0,Restock,0.25,0.01,0.26
1061865,RMA #M8M9PILN,33290340,ABIGAIL COCKLE (N0J1J0ABI),7.9249E+11,2026-07-09,2026-07-09,1,0,Storage,0.05,0,0.05
1061868,RMA #70CDH87P,33153073,AYLA KUCZAK (L3V8J1AYL),7.92443E+11,2026-07-09,2026-07-09,1,0,Returns,2.07,0.1,2.17
1061868,RMA #70CDH87P,33153073,AYLA KUCZAK (L3V8J1AYL),7.92443E+11,2026-07-09,2026-07-09,1,0,Restock,0.25,0.01,0.26
1061868,RMA #70CDH87P,33153073,AYLA KUCZAK (L3V8J1AYL),7.92443E+11,2026-07-09,2026-07-09,0,0,Service Center Labor,2.36,0.12,2.48
1061868,RMA #70CDH87P,33153073,AYLA KUCZAK (L3V8J1AYL),7.92443E+11,2026-07-09,2026-07-09,1,0,Storage,0.05,0,0.05
1061870,RMA #YNA71C93,33298889,CARA CHAMBERS (K4A3B8CAR),6.00664E+15,2026-07-09,2026-07-09,0,0,Service Center Labor,1.42,0.07,1.49
1061870,RMA #YNA71C93,33298889,CARA CHAMBERS (K4A3B8CAR),6.00664E+15,2026-07-09,2026-07-09,1,0,Returns,2.07,0.1,2.17
1061870,RMA #YNA71C93,33298889,CARA CHAMBERS (K4A3B8CAR),6.00664E+15,2026-07-09,2026-07-09,1,0,Restock,0.25,0.01,0.26
1061870,RMA #YNA71C93,33298889,CARA CHAMBERS (K4A3B8CAR),6.00664E+15,2026-07-09,2026-07-09,1,0,Storage,0.05,0,0.05
1061871,RMA #YAYK77RO,33281792,GARRETT MCKENZIE (V3A4A3GAR),6.00664E+15,2026-07-09,2026-07-09,3,0,Returns,3.41,0.17,3.58
1061871,RMA #YAYK77RO,33281792,GARRETT MCKENZIE (V3A4A3GAR),6.00664E+15,2026-07-09,2026-07-09,3,0,Restock,0.75,0.04,0.79
1061871,RMA #YAYK77RO,33281792,GARRETT MCKENZIE (V3A4A3GAR),6.00664E+15,2026-07-09,2026-07-09,0,0,Service Center Labor,3.78,0.19,3.97
1061871,RMA #YAYK77RO,33281792,GARRETT MCKENZIE (V3A4A3GAR),6.00664E+15,2026-07-09,2026-07-09,3,0,Storage,0.15,0.01,0.16
1061875,RMA #3QGIHER5,33308725,JORDANNA MARIEN (S7K5Z9JOR),6.00664E+15,2026-07-09,2026-07-09,1,0,Restock,0.25,0.01,0.26
1061875,RMA #3QGIHER5,33308725,JORDANNA MARIEN (S7K5Z9JOR),6.00664E+15,2026-07-09,2026-07-09,1,0,Returns,2.07,0.1,2.17
1061875,RMA #3QGIHER5,33308725,JORDANNA MARIEN (S7K5Z9JOR),6.00664E+15,2026-07-09,2026-07-09,0,0,Service Center Labor,1.42,0.07,1.49
1061875,RMA #3QGIHER5,33308725,JORDANNA MARIEN (S7K5Z9JOR),6.00664E+15,2026-07-09,2026-07-09,1,0,Storage,0.05,0,0.05
1061876,RMA #W26HMEF6,33270560,JAYNE HART (R0L1Z0JAY),6.00664E+15,2026-07-09,2026-07-09,0,0,Service Center Labor,2.36,0.12,2.48
1061876,RMA #W26HMEF6,33270560,JAYNE HART (R0L1Z0JAY),6.00664E+15,2026-07-09,2026-07-09,1,0,Restock,0.25,0.01,0.26
1061876,RMA #W26HMEF6,33270560,JAYNE HART (R0L1Z0JAY),6.00664E+15,2026-07-09,2026-07-09,1,0,Returns,2.07,0.1,2.17
1061876,RMA #W26HMEF6,33270560,JAYNE HART (R0L1Z0JAY),6.00664E+15,2026-07-09,2026-07-09,1,0,Storage,0.05,0,0.05
1061879,RMA #OOLHNFFW,33316472,BRITTANY HEATH (V8T2R8BRI),6.00664E+15,2026-07-09,2026-07-09,1,0,Returns,2.07,0.1,2.17
1061879,RMA #OOLHNFFW,33316472,BRITTANY HEATH (V8T2R8BRI),6.00664E+15,2026-07-09,2026-07-09,1,0,Restock,0.25,0.01,0.26
1061879,RMA #OOLHNFFW,33316472,BRITTANY HEATH (V8T2R8BRI),6.00664E+15,2026-07-09,2026-07-09,0,0,Service Center Labor,2.36,0.12,2.48
1061879,RMA #OOLHNFFW,33316472,BRITTANY HEATH (V8T2R8BRI),6.00664E+15,2026-07-09,2026-07-09,1,0,Storage,0.05,0,0.05
1061881,RMA #U2OXXGKF,33350697,DENNIS FUCHS (V2V4W5DEN),6.00664E+15,2026-07-09,2026-07-09,1,0,Restock,0.25,0.01,0.26
1061881,RMA #U2OXXGKF,33350697,DENNIS FUCHS (V2V4W5DEN),6.00664E+15,2026-07-09,2026-07-09,1,0,Returns,2.07,0.1,2.17
1061881,RMA #U2OXXGKF,33350697,DENNIS FUCHS (V2V4W5DEN),6.00664E+15,2026-07-09,2026-07-09,0,0,Service Center Labor,2.36,0.12,2.48
1061881,RMA #U2OXXGKF,33350697,DENNIS FUCHS (V2V4W5DEN),6.00664E+15,2026-07-09,2026-07-09,1,0,Storage,0.05,0,0.05
1061890,RMA #8XZJERPI,33376987,SARA WOLLSTEIN (V8B0Z7SAR),7.92514E+11,2026-07-09,2026-07-09,0,0,Service Center Labor,2.36,0.12,2.48
1061890,RMA #8XZJERPI,33376987,SARA WOLLSTEIN (V8B0Z7SAR),7.92514E+11,2026-07-09,2026-07-09,1,0,Restock,0.25,0.01,0.26
1061890,RMA #8XZJERPI,33376987,SARA WOLLSTEIN (V8B0Z7SAR),7.92514E+11,2026-07-09,2026-07-09,1,0,Returns,2.07,0.1,2.17
1061890,RMA #8XZJERPI,33376987,SARA WOLLSTEIN (V8B0Z7SAR),7.92514E+11,2026-07-09,2026-07-09,1,0,Storage,0.05,0,0.05
1061892,RMA #KUHVOX2H,33355703,SARA WOLLSTEIN (V8B0Z7SAR),7.92511E+11,2026-07-09,2026-07-09,1,0,Restock,0.25,0.01,0.26
1061892,RMA #KUHVOX2H,33355703,SARA WOLLSTEIN (V8B0Z7SAR),7.92511E+11,2026-07-09,2026-07-09,1,0,Returns,2.07,0.1,2.17
1061892,RMA #KUHVOX2H,33355703,SARA WOLLSTEIN (V8B0Z7SAR),7.92511E+11,2026-07-09,2026-07-09,0,0,Service Center Labor,2.36,0.12,2.48
1061892,RMA #KUHVOX2H,33355703,SARA WOLLSTEIN (V8B0Z7SAR),7.92511E+11,2026-07-09,2026-07-09,1,0,Storage,0.05,0,0.05
1061895,RMA #5D5G30NH,33108686,KARINE CHOQUET (J1E4K9KAR),6.00664E+15,2026-07-09,2026-07-09,3,0,Returns,3.41,0.17,3.58
1061895,RMA #5D5G30NH,33108686,KARINE CHOQUET (J1E4K9KAR),6.00664E+15,2026-07-09,2026-07-09,3,0,Restock,0.75,0.04,0.79
1061895,RMA #5D5G30NH,33108686,KARINE CHOQUET (J1E4K9KAR),6.00664E+15,2026-07-09,2026-07-09,0,0,Service Center Labor,6.14,0.31,6.45
1061895,RMA #5D5G30NH,33108686,KARINE CHOQUET (J1E4K9KAR),6.00664E+15,2026-07-09,2026-07-09,3,0,Storage,0.15,0.01,0.16
1062437,RMA #G70PQSAO,33300385,JESSICA MILLS (V8E1P2JES),6.00664E+15,2026-07-13,2026-07-13,0,0,Service Center Labor,3.78,0.19,3.97
1062437,RMA #G70PQSAO,33300385,JESSICA MILLS (V8E1P2JES),6.00664E+15,2026-07-13,2026-07-13,3,0,Restock,0.75,0.04,0.79
1062437,RMA #G70PQSAO,33300385,JESSICA MILLS (V8E1P2JES),6.00664E+15,2026-07-13,2026-07-13,3,0,Returns,3.41,0.17,3.58
1062437,RMA #G70PQSAO,33300385,JESSICA MILLS (V8E1P2JES),6.00664E+15,2026-07-13,2026-07-13,3,0,Storage,0.15,0.01,0.16
1062438,RMA #SRO798O0,33350321,KAREN E HOUSTON (M8X0A3KAR),7.92509E+11,2026-07-13,2026-07-13,0,0,Service Center Labor,1.42,0.07,1.49
1062438,RMA #SRO798O0,33350321,KAREN E HOUSTON (M8X0A3KAR),7.92509E+11,2026-07-13,2026-07-13,1,0,Returns,2.07,0.1,2.17
1062438,RMA #SRO798O0,33350321,KAREN E HOUSTON (M8X0A3KAR),7.92509E+11,2026-07-13,2026-07-13,1,0,Restock,0.25,0.01,0.26
1062438,RMA #SRO798O0,33350321,KAREN E HOUSTON (M8X0A3KAR),7.92509E+11,2026-07-13,2026-07-13,1,0,Storage,0.05,0,0.05
1062442,RMA #08XOBO4Y,33331940,ALY BOYD (Y1A0E5ALY),7.92504E+11,2026-07-13,2026-07-13,1,0,Restock,0.25,0.01,0.26
1062442,RMA #08XOBO4Y,33331940,ALY BOYD (Y1A0E5ALY),7.92504E+11,2026-07-13,2026-07-13,0,0,Service Center Labor,2.36,0.12,2.48
1062442,RMA #08XOBO4Y,33331940,ALY BOYD (Y1A0E5ALY),7.92504E+11,2026-07-13,2026-07-13,1,0,Returns,2.07,0.1,2.17
1062442,RMA #08XOBO4Y,33331940,ALY BOYD (Y1A0E5ALY),7.92504E+11,2026-07-13,2026-07-13,1,0,Storage,0.05,0,0.05
1062484,RMA #1G2J855M,33389732,AGNIESZKA HEARN (T6C3Z2AGN),7.92518E+11,2026-07-13,2026-07-13,1,0,Returns,2.07,0.1,2.17
1062484,RMA #1G2J855M,33389732,AGNIESZKA HEARN (T6C3Z2AGN),7.92518E+11,2026-07-13,2026-07-13,0,0,Service Center Labor,1.42,0.07,1.49
1062484,RMA #1G2J855M,33389732,AGNIESZKA HEARN (T6C3Z2AGN),7.92518E+11,2026-07-13,2026-07-13,1,0,Restock,0.25,0.01,0.26
1062484,RMA #1G2J855M,33389732,AGNIESZKA HEARN (T6C3Z2AGN),7.92518E+11,2026-07-13,2026-07-13,1,0,Storage,0.05,0,0.05
1062485,RMA #P7PJGTB9,33375880,SANDY BUEMANN (V7E3R3SAN),7.92514E+11,2026-07-13,2026-07-13,0,0,Service Center Labor,1.42,0.07,1.49
1062485,RMA #P7PJGTB9,33375880,SANDY BUEMANN (V7E3R3SAN),7.92514E+11,2026-07-13,2026-07-13,1,0,Restock,0.25,0.01,0.26
1062485,RMA #P7PJGTB9,33375880,SANDY BUEMANN (V7E3R3SAN),7.92514E+11,2026-07-13,2026-07-13,1,0,Shop Supplies,0.16,0.01,0.17
1062485,RMA #P7PJGTB9,33375880,SANDY BUEMANN (V7E3R3SAN),7.92514E+11,2026-07-13,2026-07-13,1,0,Returns,2.07,0.1,2.17
1062485,RMA #P7PJGTB9,33375880,SANDY BUEMANN (V7E3R3SAN),7.92514E+11,2026-07-13,2026-07-13,1,0,Storage,0.05,0,0.05
1062486,RMA #61CNZ3EW,33290760,DARYN GAGNIER (N0L1K0DAR),6.00664E+15,2026-07-13,2026-07-13,1,0,Returns,2.07,0.1,2.17
1062486,RMA #61CNZ3EW,33290760,DARYN GAGNIER (N0L1K0DAR),6.00664E+15,2026-07-13,2026-07-13,0,0,Service Center Labor,1.42,0.07,1.49
1062486,RMA #61CNZ3EW,33290760,DARYN GAGNIER (N0L1K0DAR),6.00664E+15,2026-07-13,2026-07-13,1,0,Restock,0.25,0.01,0.26
1062486,RMA #61CNZ3EW,33290760,DARYN GAGNIER (N0L1K0DAR),6.00664E+15,2026-07-13,2026-07-13,1,0,Storage,0.05,0,0.05
1062487,RMA #AGENPUQ9,33297583,STACEY SMITH (B2T0E4STA),6.00664E+15,2026-07-13,2026-07-13,0,0,Service Center Labor,2.36,0.12,2.48
1062487,RMA #AGENPUQ9,33297583,STACEY SMITH (B2T0E4STA),6.00664E+15,2026-07-13,2026-07-13,2,0,Returns,2.74,0.14,2.88
1062487,RMA #AGENPUQ9,33297583,STACEY SMITH (B2T0E4STA),6.00664E+15,2026-07-13,2026-07-13,2,0,Restock,0.5,0.03,0.53
1062487,RMA #AGENPUQ9,33297583,STACEY SMITH (B2T0E4STA),6.00664E+15,2026-07-13,2026-07-13,2,0,Storage,0.1,0.01,0.11
1062489,RMA #BIWMJXGB,33306208,KELSEY MCPHERSON (T0B2L0KEL),6.00664E+15,2026-07-13,2026-07-13,0,0,Service Center Labor,1.42,0.07,1.49
1062489,RMA #BIWMJXGB,33306208,KELSEY MCPHERSON (T0B2L0KEL),6.00664E+15,2026-07-13,2026-07-13,1,0,Returns,2.07,0.1,2.17
1062489,RMA #BIWMJXGB,33306208,KELSEY MCPHERSON (T0B2L0KEL),6.00664E+15,2026-07-13,2026-07-13,1,0,Restock,0.25,0.01,0.26
1062489,RMA #BIWMJXGB,33306208,KELSEY MCPHERSON (T0B2L0KEL),6.00664E+15,2026-07-13,2026-07-13,1,0,Storage,0.05,0,0.05
1062490,RMA #168ZZB86,33173099,JEANNETTE KIM (L4L0G8JEA),6.00664E+15,2026-07-13,2026-07-13,1,0,Restock,0.25,0.01,0.26
1062490,RMA #168ZZB86,33173099,JEANNETTE KIM (L4L0G8JEA),6.00664E+15,2026-07-13,2026-07-13,1,0,Returns,2.07,0.1,2.17
1062490,RMA #168ZZB86,33173099,JEANNETTE KIM (L4L0G8JEA),6.00664E+15,2026-07-13,2026-07-13,0,0,Service Center Labor,1.42,0.07,1.49
1062490,RMA #168ZZB86,33173099,JEANNETTE KIM (L4L0G8JEA),6.00664E+15,2026-07-13,2026-07-13,1,0,Storage,0.05,0,0.05
1062491,RMA #9CMO7C6G,33217866,DOMINIK DICAIRE (G9C0C4DOM),6.00664E+15,2026-07-13,2026-07-13,0,0,Service Center Labor,2.36,0.12,2.48
1062491,RMA #9CMO7C6G,33217866,DOMINIK DICAIRE (G9C0C4DOM),6.00664E+15,2026-07-13,2026-07-13,2,0,Returns,2.74,0.14,2.88
1062491,RMA #9CMO7C6G,33217866,DOMINIK DICAIRE (G9C0C4DOM),6.00664E+15,2026-07-13,2026-07-13,2,0,Restock,0.5,0.03,0.53
1062491,RMA #9CMO7C6G,33217866,DOMINIK DICAIRE (G9C0C4DOM),6.00664E+15,2026-07-13,2026-07-13,2,0,Storage,0.1,0.01,0.11
1062493,RMA #XC81HS1F,33315770,MERIDITH WHITE (N0G2V0MER),6.00664E+15,2026-07-13,2026-07-13,1,0,Returns,2.07,0.1,2.17
1062493,RMA #XC81HS1F,33315770,MERIDITH WHITE (N0G2V0MER),6.00664E+15,2026-07-13,2026-07-13,0,0,Service Center Labor,1.42,0.07,1.49
1062493,RMA #XC81HS1F,33315770,MERIDITH WHITE (N0G2V0MER),6.00664E+15,2026-07-13,2026-07-13,1,0,Restock,0.25,0.01,0.26
1062493,RMA #XC81HS1F,33315770,MERIDITH WHITE (N0G2V0MER),6.00664E+15,2026-07-13,2026-07-13,1,0,Storage,0.05,0,0.05
1062495,RMA #VBJNQQSG,33284929,JENN TAYLOR (V5Z4G3JEN),7.92488E+11,2026-07-13,2026-07-13,0,0,Service Center Labor,1.42,0.07,1.49
1062495,RMA #VBJNQQSG,33284929,JENN TAYLOR (V5Z4G3JEN),7.92488E+11,2026-07-13,2026-07-13,1,0,Returns,2.07,0.1,2.17
1062495,RMA #VBJNQQSG,33284929,JENN TAYLOR (V5Z4G3JEN),7.92488E+11,2026-07-13,2026-07-13,1,0,Restock,0.25,0.01,0.26
1062495,RMA #VBJNQQSG,33284929,JENN TAYLOR (V5Z4G3JEN),7.92488E+11,2026-07-13,2026-07-13,1,0,Storage,0.05,0,0.05
1062499,RMA #F3WG2VVG,33229444,PATRICK STEPHENS (V5K1E9PAT),6.00664E+15,2026-07-13,2026-07-13,0,0,Service Center Labor,1.42,0.07,1.49
1062499,RMA #F3WG2VVG,33229444,PATRICK STEPHENS (V5K1E9PAT),6.00664E+15,2026-07-13,2026-07-13,1,0,Restock,0.25,0.01,0.26
1062499,RMA #F3WG2VVG,33229444,PATRICK STEPHENS (V5K1E9PAT),6.00664E+15,2026-07-13,2026-07-13,1,0,Returns,2.07,0.1,2.17
1062499,RMA #F3WG2VVG,33229444,PATRICK STEPHENS (V5K1E9PAT),6.00664E+15,2026-07-13,2026-07-13,1,0,Storage,0.05,0,0.05
1062502,RMA #34LMZPAH,33317191,KRYSTAL SCHUESSEL (V3Z9Z2KRY),7.92497E+11,2026-07-13,2026-07-13,0,0,Service Center Labor,1.42,0.07,1.49
1062502,RMA #34LMZPAH,33317191,KRYSTAL SCHUESSEL (V3Z9Z2KRY),7.92497E+11,2026-07-13,2026-07-13,1,0,Restock,0.25,0.01,0.26
1062502,RMA #34LMZPAH,33317191,KRYSTAL SCHUESSEL (V3Z9Z2KRY),7.92497E+11,2026-07-13,2026-07-13,1,0,Returns,2.07,0.1,2.17
1062502,RMA #34LMZPAH,33317191,KRYSTAL SCHUESSEL (V3Z9Z2KRY),7.92497E+11,2026-07-13,2026-07-13,1,0,Storage,0.05,0,0.05
1062757,RMA #0GVQBGUV,33175408,JEAN-SEBASTIEN TREPANIER (H3S2P8JEA),6.00664E+15,2026-07-14,2026-07-14,2,0,Returns,2.74,0.14,2.88
1062757,RMA #0GVQBGUV,33175408,JEAN-SEBASTIEN TREPANIER (H3S2P8JEA),6.00664E+15,2026-07-14,2026-07-14,2,0,Restock,0.5,0.03,0.53
1062757,RMA #0GVQBGUV,33175408,JEAN-SEBASTIEN TREPANIER (H3S2P8JEA),6.00664E+15,2026-07-14,2026-07-14,0,0,Service Center Labor,3.31,0.17,3.48
1062757,RMA #0GVQBGUV,33175408,JEAN-SEBASTIEN TREPANIER (H3S2P8JEA),6.00664E+15,2026-07-14,2026-07-14,2,0,Storage,0.1,0.01,0.11
1062758,RMA #I82WAJZZ,33278124,SAMIA JARJOURA (H9W5H9SAM),6.00664E+15,2026-07-14,2026-07-14,1,0,Restock,0.25,0.01,0.26
1062758,RMA #I82WAJZZ,33278124,SAMIA JARJOURA (H9W5H9SAM),6.00664E+15,2026-07-14,2026-07-14,1,0,Returns,2.07,0.1,2.17
1062758,RMA #I82WAJZZ,33278124,SAMIA JARJOURA (H9W5H9SAM),6.00664E+15,2026-07-14,2026-07-14,0,0,Service Center Labor,2.36,0.12,2.48
1062758,RMA #I82WAJZZ,33278124,SAMIA JARJOURA (H9W5H9SAM),6.00664E+15,2026-07-14,2026-07-14,1,0,Storage,0.05,0,0.05
1062764,RMA #BBIILRZ1,33328244,JOSH UNDERHILL (E3B1K6JOS),6.00664E+15,2026-07-14,2026-07-14,0,0,Service Center Labor,6.14,0.31,6.45
1062764,RMA #BBIILRZ1,33328244,JOSH UNDERHILL (E3B1K6JOS),6.00664E+15,2026-07-14,2026-07-14,4,0,Returns,4.08,0.2,4.28
1062764,RMA #BBIILRZ1,33328244,JOSH UNDERHILL (E3B1K6JOS),6.00664E+15,2026-07-14,2026-07-14,4,0,Restock,1,0.05,1.05
1062764,RMA #BBIILRZ1,33328244,JOSH UNDERHILL (E3B1K6JOS),6.00664E+15,2026-07-14,2026-07-14,4,0,Storage,0.2,0.01,0.21
1062766,RMA #WZIQWFCQ,33290646,GRACE HENECKA (V1L4W6GRA),6.00664E+15,2026-07-14,2026-07-14,1,0,Restock,0.25,0.01,0.26
1062766,RMA #WZIQWFCQ,33290646,GRACE HENECKA (V1L4W6GRA),6.00664E+15,2026-07-14,2026-07-14,1,0,Returns,2.07,0.1,2.17
1062766,RMA #WZIQWFCQ,33290646,GRACE HENECKA (V1L4W6GRA),6.00664E+15,2026-07-14,2026-07-14,0,0,Service Center Labor,2.36,0.12,2.48
1062766,RMA #WZIQWFCQ,33290646,GRACE HENECKA (V1L4W6GRA),6.00664E+15,2026-07-14,2026-07-14,1,0,Storage,0.05,0,0.05
1062772,RMA #VQDHCHPK,33278936,ALECIA WEBER (N0B1A0ALE),6.00664E+15,2026-07-14,2026-07-14,0,0,Service Center Labor,2.36,0.12,2.48
1062772,RMA #VQDHCHPK,33278936,ALECIA WEBER (N0B1A0ALE),6.00664E+15,2026-07-14,2026-07-14,1,0,Returns,2.07,0.1,2.17
1062772,RMA #VQDHCHPK,33278936,ALECIA WEBER (N0B1A0ALE),6.00664E+15,2026-07-14,2026-07-14,1,0,Restock,0.25,0.01,0.26
1062772,RMA #VQDHCHPK,33278936,ALECIA WEBER (N0B1A0ALE),6.00664E+15,2026-07-14,2026-07-14,1,0,Storage,0.05,0,0.05
1062777,RMA #V74S7QP8,33392848,CAROLYN MORRISON (V9B2Z8CAR),6.00664E+15,2026-07-14,2026-07-14,1,0,Restock,0.25,0.01,0.26
1062777,RMA #V74S7QP8,33392848,CAROLYN MORRISON (V9B2Z8CAR),6.00664E+15,2026-07-14,2026-07-14,1,0,Returns,2.07,0.1,2.17
1062777,RMA #V74S7QP8,33392848,CAROLYN MORRISON (V9B2Z8CAR),6.00664E+15,2026-07-14,2026-07-14,0,0,Service Center Labor,2.36,0.12,2.48
1062777,RMA #V74S7QP8,33392848,CAROLYN MORRISON (V9B2Z8CAR),6.00664E+15,2026-07-14,2026-07-14,1,0,Storage,0.05,0,0.05
1062780,RMA #JOXB4PB0,33361144,KIM HARKNESS (L9P0A2KIM),6.00664E+15,2026-07-14,2026-07-14,1,0,Returns,2.07,0.1,2.17
1062780,RMA #JOXB4PB0,33361144,KIM HARKNESS (L9P0A2KIM),6.00664E+15,2026-07-14,2026-07-14,1,0,Restock,0.25,0.01,0.26
1062780,RMA #JOXB4PB0,33361144,KIM HARKNESS (L9P0A2KIM),6.00664E+15,2026-07-14,2026-07-14,0,0,Service Center Labor,2.36,0.12,2.48
1062780,RMA #JOXB4PB0,33361144,KIM HARKNESS (L9P0A2KIM),6.00664E+15,2026-07-14,2026-07-14,1,0,Storage,0.05,0,0.05
1062784,RMA #SAEOZIGK,33416762,JONI NIEBERGALL (V8T3Z5JON),6.00664E+15,2026-07-14,2026-07-14,1,0,Returns,2.07,0.1,2.17
1062784,RMA #SAEOZIGK,33416762,JONI NIEBERGALL (V8T3Z5JON),6.00664E+15,2026-07-14,2026-07-14,1,0,Restock,0.25,0.01,0.26
1062784,RMA #SAEOZIGK,33416762,JONI NIEBERGALL (V8T3Z5JON),6.00664E+15,2026-07-14,2026-07-14,0,0,Service Center Labor,2.36,0.12,2.48
1062784,RMA #SAEOZIGK,33416762,JONI NIEBERGALL (V8T3Z5JON),6.00664E+15,2026-07-14,2026-07-14,1,0,Storage,0.05,0,0.05
1062786,RMA #C9AUBM3N,33355799,NIKA MUNRO HUNTER (M4K2R1NIK),6.00664E+15,2026-07-14,2026-07-14,0,0,Service Center Labor,2.36,0.12,2.48
1062786,RMA #C9AUBM3N,33355799,NIKA MUNRO HUNTER (M4K2R1NIK),6.00664E+15,2026-07-14,2026-07-14,1,0,Returns,2.07,0.1,2.17
1062786,RMA #C9AUBM3N,33355799,NIKA MUNRO HUNTER (M4K2R1NIK),6.00664E+15,2026-07-14,2026-07-14,1,0,Restock,0.25,0.01,0.26
1062786,RMA #C9AUBM3N,33355799,NIKA MUNRO HUNTER (M4K2R1NIK),6.00664E+15,2026-07-14,2026-07-14,1,0,Storage,0.05,0,0.05
1062789,RMA #TVVISUMY,33371875,RACHEL GEE (L5C2C1RAC),6.00664E+15,2026-07-14,2026-07-14,1,0,Restock,0.25,0.01,0.26
1062789,RMA #TVVISUMY,33371875,RACHEL GEE (L5C2C1RAC),6.00664E+15,2026-07-14,2026-07-14,1,0,Returns,2.07,0.1,2.17
1062789,RMA #TVVISUMY,33371875,RACHEL GEE (L5C2C1RAC),6.00664E+15,2026-07-14,2026-07-14,0,0,Service Center Labor,2.36,0.12,2.48
1062789,RMA #TVVISUMY,33371875,RACHEL GEE (L5C2C1RAC),6.00664E+15,2026-07-14,2026-07-14,1,0,Storage,0.05,0,0.05
1062790,RMA #CLDPO0Q8,33256924,ELISE LAVALLEE (R2K2G7ELI),6.00664E+15,2026-07-14,2026-07-14,1,0,Restock,0.25,0.01,0.26
1062790,RMA #CLDPO0Q8,33256924,ELISE LAVALLEE (R2K2G7ELI),6.00664E+15,2026-07-14,2026-07-14,1,0,Returns,2.07,0.1,2.17
1062790,RMA #CLDPO0Q8,33256924,ELISE LAVALLEE (R2K2G7ELI),6.00664E+15,2026-07-14,2026-07-14,0,0,Service Center Labor,2.36,0.12,2.48
1062790,RMA #CLDPO0Q8,33256924,ELISE LAVALLEE (R2K2G7ELI),6.00664E+15,2026-07-14,2026-07-14,1,0,Storage,0.05,0,0.05
1062791,RMA #CY87UZWF,33195676,DAREN LUTTMAN (V1C5V2DAR),6.00664E+15,2026-07-14,2026-07-14,2,0,Restock,0.5,0.03,0.53
1062791,RMA #CY87UZWF,33195676,DAREN LUTTMAN (V1C5V2DAR),6.00664E+15,2026-07-14,2026-07-14,0,0,Service Center Labor,3.31,0.17,3.48
1062791,RMA #CY87UZWF,33195676,DAREN LUTTMAN (V1C5V2DAR),6.00664E+15,2026-07-14,2026-07-14,2,0,Returns,2.74,0.14,2.88
1062791,RMA #CY87UZWF,33195676,DAREN LUTTMAN (V1C5V2DAR),6.00664E+15,2026-07-14,2026-07-14,2,0,Storage,0.1,0.01,0.11
1062801,RMA #6SER7L3I,33387626,JADEN HOFMAN (S0K4L0JAD),7.92518E+11,2026-07-14,2026-07-14,2,0,Returns,2.74,0.14,2.88
1062801,RMA #6SER7L3I,33387626,JADEN HOFMAN (S0K4L0JAD),7.92518E+11,2026-07-14,2026-07-14,0,0,Service Center Labor,3.31,0.17,3.48
1062801,RMA #6SER7L3I,33387626,JADEN HOFMAN (S0K4L0JAD),7.92518E+11,2026-07-14,2026-07-14,2,0,Restock,0.5,0.03,0.53
1062801,RMA #6SER7L3I,33387626,JADEN HOFMAN (S0K4L0JAD),7.92518E+11,2026-07-14,2026-07-14,2,0,Storage,0.1,0.01,0.11
1062805,RMA #1NJ819SK,32909599,SARAH CONCANNON (M8V2N3SAR),6.00664E+15,2026-07-14,2026-07-14,1,0,Returns,2.07,0.1,2.17
1062805,RMA #1NJ819SK,32909599,SARAH CONCANNON (M8V2N3SAR),6.00664E+15,2026-07-14,2026-07-14,0,0,Service Center Labor,2.36,0.12,2.48
1062805,RMA #1NJ819SK,32909599,SARAH CONCANNON (M8V2N3SAR),6.00664E+15,2026-07-14,2026-07-14,1,0,Restock,0.25,0.01,0.26
1062805,RMA #1NJ819SK,32909599,SARAH CONCANNON (M8V2N3SAR),6.00664E+15,2026-07-14,2026-07-14,1,0,Storage,0.05,0,0.05
1062808,RMA #LQW11QIM,33382425,ANDREW SZWARC (L9A3J5AND),6.00664E+15,2026-07-14,2026-07-14,3,0,Returns,3.41,0.17,3.58
1062808,RMA #LQW11QIM,33382425,ANDREW SZWARC (L9A3J5AND),6.00664E+15,2026-07-14,2026-07-14,3,0,Restock,0.75,0.04,0.79
1062808,RMA #LQW11QIM,33382425,ANDREW SZWARC (L9A3J5AND),6.00664E+15,2026-07-14,2026-07-14,0,0,Service Center Labor,4.73,0.24,4.97
1062808,RMA #LQW11QIM,33382425,ANDREW SZWARC (L9A3J5AND),6.00664E+15,2026-07-14,2026-07-14,3,0,Storage,0.15,0.01,0.16
1062811,RMA #JMLHCM3N,33408290,ANNA HIGGENS (V0R1S0ANN),7.92526E+11,2026-07-14,2026-07-14,6,0,Returns,5.42,0.27,5.69
1062811,RMA #JMLHCM3N,33408290,ANNA HIGGENS (V0R1S0ANN),7.92526E+11,2026-07-14,2026-07-14,6,0,Restock,1.5,0.07,1.57
1062811,RMA #JMLHCM3N,33408290,ANNA HIGGENS (V0R1S0ANN),7.92526E+11,2026-07-14,2026-07-14,0,0,Service Center Labor,11.81,0.59,12.4
1062811,RMA #JMLHCM3N,33408290,ANNA HIGGENS (V0R1S0ANN),7.92526E+11,2026-07-14,2026-07-14,6,0,Storage,0.3,0.01,0.31
1063230,RMA #PBWLAI02,33328942,ERIC TREMBLAY (G3K0W7ERI),6.00664E+15,2026-07-15,2026-07-15,1,0,Returns,2.07,0.1,2.17
1063230,RMA #PBWLAI02,33328942,ERIC TREMBLAY (G3K0W7ERI),6.00664E+15,2026-07-15,2026-07-15,1,0,Restock,0.25,0.01,0.26
1063230,RMA #PBWLAI02,33328942,ERIC TREMBLAY (G3K0W7ERI),6.00664E+15,2026-07-15,2026-07-15,0,0,Service Center Labor,2.36,0.12,2.48
1063230,RMA #PBWLAI02,33328942,ERIC TREMBLAY (G3K0W7ERI),6.00664E+15,2026-07-15,2026-07-15,1,0,Storage,0.05,0,0.05
1063235,RMA #978EPGC2,33302484,LINDSAY HORNE (V8M1A4LIN),6.00664E+15,2026-07-15,2026-07-15,0,0,Service Center Labor,2.36,0.12,2.48
1063235,RMA #978EPGC2,33302484,LINDSAY HORNE (V8M1A4LIN),6.00664E+15,2026-07-15,2026-07-15,1,0,Restock,0.25,0.01,0.26
1063235,RMA #978EPGC2,33302484,LINDSAY HORNE (V8M1A4LIN),6.00664E+15,2026-07-15,2026-07-15,1,0,Returns,2.07,0.1,2.17
1063235,RMA #978EPGC2,33302484,LINDSAY HORNE (V8M1A4LIN),6.00664E+15,2026-07-15,2026-07-15,1,0,Storage,0.05,0,0.05
1063243,RMA #YOU7ZA0K,33352755,MIHAELA NICULA (L9H4A5MIH),6.00664E+15,2026-07-15,2026-07-15,1,0,Returns,2.07,0.1,2.17
1063243,RMA #YOU7ZA0K,33352755,MIHAELA NICULA (L9H4A5MIH),6.00664E+15,2026-07-15,2026-07-15,1,0,Restock,0.25,0.01,0.26
1063243,RMA #YOU7ZA0K,33352755,MIHAELA NICULA (L9H4A5MIH),6.00664E+15,2026-07-15,2026-07-15,0,0,Service Center Labor,3.31,0.17,3.48
1063243,RMA #YOU7ZA0K,33352755,MIHAELA NICULA (L9H4A5MIH),6.00664E+15,2026-07-15,2026-07-15,1,0,Storage,0.05,0,0.05
1063244,RMA #S41KHUTK,33354103,ALICIA LEY (M8V3G1ALI),7.92511E+11,2026-07-15,2026-07-15,0,0,Service Center Labor,2.36,0.12,2.48
1063244,RMA #S41KHUTK,33354103,ALICIA LEY (M8V3G1ALI),7.92511E+11,2026-07-15,2026-07-15,1,0,Returns,2.07,0.1,2.17
1063244,RMA #S41KHUTK,33354103,ALICIA LEY (M8V3G1ALI),7.92511E+11,2026-07-15,2026-07-15,1,0,Restock,0.25,0.01,0.26
1063244,RMA #S41KHUTK,33354103,ALICIA LEY (M8V3G1ALI),7.92511E+11,2026-07-15,2026-07-15,1,0,Storage,0.05,0,0.05
1063248,RMA #D5WVMDQM,33385458,PAULINE SAVOIE (V5R3P1PAU),6.00664E+15,2026-07-15,2026-07-15,1,0,Restock,0.25,0.01,0.26
1063248,RMA #D5WVMDQM,33385458,PAULINE SAVOIE (V5R3P1PAU),6.00664E+15,2026-07-15,2026-07-15,0,0,Service Center Labor,2.36,0.12,2.48
1063248,RMA #D5WVMDQM,33385458,PAULINE SAVOIE (V5R3P1PAU),6.00664E+15,2026-07-15,2026-07-15,1,0,Returns,2.07,0.1,2.17
1063248,RMA #D5WVMDQM,33385458,PAULINE SAVOIE (V5R3P1PAU),6.00664E+15,2026-07-15,2026-07-15,1,0,Storage,0.05,0,0.05
1063250,RMA #14ID4W08,33388926,MAUDE MORIN (G8B6G8MAU),7.92518E+11,2026-07-15,2026-07-15,0,0,Service Center Labor,0.24,0.01,0.25
1063250,RMA #14ID4W08,33388926,MAUDE MORIN (G8B6G8MAU),7.92518E+11,2026-07-15,2026-07-15,1,0,Restock,0.25,0.01,0.26
1063250,RMA #14ID4W08,33388926,MAUDE MORIN (G8B6G8MAU),7.92518E+11,2026-07-15,2026-07-15,1,0,Returns,2.07,0.1,2.17
1063250,RMA #14ID4W08,33388926,MAUDE MORIN (G8B6G8MAU),7.92518E+11,2026-07-15,2026-07-15,1,0,Storage,0.05,0,0.05
1063251,RMA #4MZYNRNW,33302183,ALENA STRANIK (L6S5Y5ALE),6.00664E+15,2026-07-15,2026-07-15,1,0,Restock,0.25,0.01,0.26
1063251,RMA #4MZYNRNW,33302183,ALENA STRANIK (L6S5Y5ALE),6.00664E+15,2026-07-15,2026-07-15,1,0,Returns,2.07,0.1,2.17
1063251,RMA #4MZYNRNW,33302183,ALENA STRANIK (L6S5Y5ALE),6.00664E+15,2026-07-15,2026-07-15,0,0,Service Center Labor,2.36,0.12,2.48
1063251,RMA #4MZYNRNW,33302183,ALENA STRANIK (L6S5Y5ALE),6.00664E+15,2026-07-15,2026-07-15,1,0,Storage,0.05,0,0.05
1063253,RMA #MJ0HFGB3,33400463,NATHAN WOOLCOCK (T6W2R1NAT),7.92522E+11,2026-07-15,2026-07-15,1,0,Returns,2.07,0.1,2.17
1063253,RMA #MJ0HFGB3,33400463,NATHAN WOOLCOCK (T6W2R1NAT),7.92522E+11,2026-07-15,2026-07-15,0,0,Service Center Labor,2.36,0.12,2.48
1063253,RMA #MJ0HFGB3,33400463,NATHAN WOOLCOCK (T6W2R1NAT),7.92522E+11,2026-07-15,2026-07-15,1,0,Restock,0.25,0.01,0.26
1063253,RMA #MJ0HFGB3,33400463,NATHAN WOOLCOCK (T6W2R1NAT),7.92522E+11,2026-07-15,2026-07-15,1,0,Storage,0.05,0,0.05
1063255,RMA #1FBW45UO,33356004,REGAN GRILL (V9K2P1REG),6.00664E+15,2026-07-15,2026-07-15,2,0,Returns,2.74,0.14,2.88
1063255,RMA #1FBW45UO,33356004,REGAN GRILL (V9K2P1REG),6.00664E+15,2026-07-15,2026-07-15,2,0,Restock,0.5,0.03,0.53
1063255,RMA #1FBW45UO,33356004,REGAN GRILL (V9K2P1REG),6.00664E+15,2026-07-15,2026-07-15,0,0,Service Center Labor,3.31,0.17,3.48
1063255,RMA #1FBW45UO,33356004,REGAN GRILL (V9K2P1REG),6.00664E+15,2026-07-15,2026-07-15,2,0,Storage,0.1,0.01,0.11
1063256,RMA #M1BXDRRZ,33396309,CAROLYNNE SCHOLFIELD (V9P1C3CAR),7.92522E+11,2026-07-15,2026-07-15,0,0,Service Center Labor,2.36,0.12,2.48
1063256,RMA #M1BXDRRZ,33396309,CAROLYNNE SCHOLFIELD (V9P1C3CAR),7.92522E+11,2026-07-15,2026-07-15,1,0,Restock,0.25,0.01,0.26
1063256,RMA #M1BXDRRZ,33396309,CAROLYNNE SCHOLFIELD (V9P1C3CAR),7.92522E+11,2026-07-15,2026-07-15,1,0,Returns,2.07,0.1,2.17
1063256,RMA #M1BXDRRZ,33396309,CAROLYNNE SCHOLFIELD (V9P1C3CAR),7.92522E+11,2026-07-15,2026-07-15,1,0,Storage,0.05,0,0.05
1063257,RMA #X2GXNI0U,33352538,CRYSTAL DUFFIN (T4M0N6CRY),6.00664E+15,2026-07-15,2026-07-15,0,0,Service Center Labor,3.31,0.17,3.48
1063257,RMA #X2GXNI0U,33352538,CRYSTAL DUFFIN (T4M0N6CRY),6.00664E+15,2026-07-15,2026-07-15,2,0,Restock,0.5,0.03,0.53
1063257,RMA #X2GXNI0U,33352538,CRYSTAL DUFFIN (T4M0N6CRY),6.00664E+15,2026-07-15,2026-07-15,2,0,Returns,2.74,0.14,2.88
1063257,RMA #X2GXNI0U,33352538,CRYSTAL DUFFIN (T4M0N6CRY),6.00664E+15,2026-07-15,2026-07-15,2,0,Storage,0.1,0.01,0.11
1063262,RMA #UACWHR46,33341656,JESSICA NORAS (H3S0A5JES),6.00664E+15,2026-07-15,2026-07-15,1,0,Returns,2.07,0.1,2.17
1063262,RMA #UACWHR46,33341656,JESSICA NORAS (H3S0A5JES),6.00664E+15,2026-07-15,2026-07-15,1,0,Restock,0.25,0.01,0.26
1063262,RMA #UACWHR46,33341656,JESSICA NORAS (H3S0A5JES),6.00664E+15,2026-07-15,2026-07-15,0,0,Service Center Labor,2.36,0.12,2.48
1063262,RMA #UACWHR46,33341656,JESSICA NORAS (H3S0A5JES),6.00664E+15,2026-07-15,2026-07-15,1,0,Storage,0.05,0,0.05
1063294,RMA #FRP4VJCE,33375704,RAEGAN ZDUNICK (S0M0E0RAE),7.92514E+11,2026-07-15,2026-07-15,2,0,Returns,2.74,0.14,2.88
1063294,RMA #FRP4VJCE,33375704,RAEGAN ZDUNICK (S0M0E0RAE),7.92514E+11,2026-07-15,2026-07-15,2,0,Restock,0.5,0.03,0.53
1063294,RMA #FRP4VJCE,33375704,RAEGAN ZDUNICK (S0M0E0RAE),7.92514E+11,2026-07-15,2026-07-15,0,0,Service Center Labor,3.78,0.19,3.97
1063294,RMA #FRP4VJCE,33375704,RAEGAN ZDUNICK (S0M0E0RAE),7.92514E+11,2026-07-15,2026-07-15,2,0,Storage,0.1,0.01,0.11
1063297,RMA #RZKT3N0X,33362760,ERICA BYSTERVELD (V2R5G7ERI),6.00664E+15,2026-07-15,2026-07-15,1,0,Restock,0.25,0.01,0.26
1063297,RMA #RZKT3N0X,33362760,ERICA BYSTERVELD (V2R5G7ERI),6.00664E+15,2026-07-15,2026-07-15,1,0,Returns,2.07,0.1,2.17
1063297,RMA #RZKT3N0X,33362760,ERICA BYSTERVELD (V2R5G7ERI),6.00664E+15,2026-07-15,2026-07-15,0,0,Service Center Labor,2.36,0.12,2.48
1063297,RMA #RZKT3N0X,33362760,ERICA BYSTERVELD (V2R5G7ERI),6.00664E+15,2026-07-15,2026-07-15,1,0,Storage,0.05,0,0.05
1063304,RMA #ZZY87ZR8,33168481,LINY LAMBERINK (X1A3C5LIN),6.00664E+15,2026-07-15,2026-07-15,0,0,Service Center Labor,2.36,0.12,2.48
1063304,RMA #ZZY87ZR8,33168481,LINY LAMBERINK (X1A3C5LIN),6.00664E+15,2026-07-15,2026-07-15,1,0,Restock,0.25,0.01,0.26
1063304,RMA #ZZY87ZR8,33168481,LINY LAMBERINK (X1A3C5LIN),6.00664E+15,2026-07-15,2026-07-15,1,0,Returns,2.07,0.1,2.17
1063304,RMA #ZZY87ZR8,33168481,LINY LAMBERINK (X1A3C5LIN),6.00664E+15,2026-07-15,2026-07-15,1,0,Storage,0.05,0,0.05
1063306,RMA #GBXZE1I6,33335948,MELISSA WOERMKE (P0M2R0MEL),7.92504E+11,2026-07-15,2026-07-15,1,0,Returns,2.07,0.1,2.17
1063306,RMA #GBXZE1I6,33335948,MELISSA WOERMKE (P0M2R0MEL),7.92504E+11,2026-07-15,2026-07-15,1,0,Restock,0.25,0.01,0.26
1063306,RMA #GBXZE1I6,33335948,MELISSA WOERMKE (P0M2R0MEL),7.92504E+11,2026-07-15,2026-07-15,0,0,Service Center Labor,1.42,0.07,1.49
1063306,RMA #GBXZE1I6,33335948,MELISSA WOERMKE (P0M2R0MEL),7.92504E+11,2026-07-15,2026-07-15,1,0,Storage,0.05,0,0.05
1063309,RMA #76CQ5543,33299715,VALERIE COTE (G3J1N9VAL),6.00664E+15,2026-07-15,2026-07-15,3,0,Restock,0.75,0.04,0.79
1063309,RMA #76CQ5543,33299715,VALERIE COTE (G3J1N9VAL),6.00664E+15,2026-07-15,2026-07-15,3,0,Returns,3.41,0.17,3.58
1063309,RMA #76CQ5543,33299715,VALERIE COTE (G3J1N9VAL),6.00664E+15,2026-07-15,2026-07-15,0,0,Service Center Labor,4.73,0.24,4.97
1063309,RMA #76CQ5543,33299715,VALERIE COTE (G3J1N9VAL),6.00664E+15,2026-07-15,2026-07-15,3,0,Storage,0.15,0.01,0.16
1063312,RMA #NDLAIHAK,33316586,NEIL MAKSYMOVITCH (S0A4T0NEI),6.00664E+15,2026-07-15,2026-07-15,0,0,Service Center Labor,2.36,0.12,2.48
1063312,RMA #NDLAIHAK,33316586,NEIL MAKSYMOVITCH (S0A4T0NEI),6.00664E+15,2026-07-15,2026-07-15,1,0,Restock,0.25,0.01,0.26
1063312,RMA #NDLAIHAK,33316586,NEIL MAKSYMOVITCH (S0A4T0NEI),6.00664E+15,2026-07-15,2026-07-15,1,0,Returns,2.07,0.1,2.17
1063312,RMA #NDLAIHAK,33316586,NEIL MAKSYMOVITCH (S0A4T0NEI),6.00664E+15,2026-07-15,2026-07-15,1,0,Storage,0.05,0,0.05
1063313,RMA #I3PY4AIB,33357107,KAROL LOMBART (J2N3C6KAR),7.92511E+11,2026-07-15,2026-07-15,0,0,Service Center Labor,2.36,0.12,2.48
1063313,RMA #I3PY4AIB,33357107,KAROL LOMBART (J2N3C6KAR),7.92511E+11,2026-07-15,2026-07-15,1,0,Returns,2.07,0.1,2.17
1063313,RMA #I3PY4AIB,33357107,KAROL LOMBART (J2N3C6KAR),7.92511E+11,2026-07-15,2026-07-15,1,0,Restock,0.25,0.01,0.26
1063313,RMA #I3PY4AIB,33357107,KAROL LOMBART (J2N3C6KAR),7.92511E+11,2026-07-15,2026-07-15,1,0,Storage,0.05,0,0.05
1063315,RMA #XPN9VZ7T,33324757,GUILLAUME LAFLAMME (G0S2W0GUI),6.00664E+15,2026-07-15,2026-07-15,0,0,Service Center Labor,3.31,0.17,3.48
1063315,RMA #XPN9VZ7T,33324757,GUILLAUME LAFLAMME (G0S2W0GUI),6.00664E+15,2026-07-15,2026-07-15,2,0,Returns,2.74,0.14,2.88
1063315,RMA #XPN9VZ7T,33324757,GUILLAUME LAFLAMME (G0S2W0GUI),6.00664E+15,2026-07-15,2026-07-15,2,0,Restock,0.5,0.03,0.53
1063315,RMA #XPN9VZ7T,33324757,GUILLAUME LAFLAMME (G0S2W0GUI),6.00664E+15,2026-07-15,2026-07-15,2,0,Storage,0.1,0.01,0.11
1063316,RMA #7WVTCOKN,33326524,LARYSSA HULCIO (L1K2M7LAR),7.92501E+11,2026-07-15,2026-07-15,1,0,Restock,0.25,0.01,0.26
1063316,RMA #7WVTCOKN,33326524,LARYSSA HULCIO (L1K2M7LAR),7.92501E+11,2026-07-15,2026-07-15,1,0,Returns,2.07,0.1,2.17
1063316,RMA #7WVTCOKN,33326524,LARYSSA HULCIO (L1K2M7LAR),7.92501E+11,2026-07-15,2026-07-15,0,0,Service Center Labor,2.36,0.12,2.48
1063316,RMA #7WVTCOKN,33326524,LARYSSA HULCIO (L1K2M7LAR),7.92501E+11,2026-07-15,2026-07-15,1,0,Storage,0.05,0,0.05
1063318,RMA #41393BBH,33368059,KRISTY DE VIET (R2L0H2KRI),6.00664E+15,2026-07-15,2026-07-15,1,0,Returns,2.07,0.1,2.17
1063318,RMA #41393BBH,33368059,KRISTY DE VIET (R2L0H2KRI),6.00664E+15,2026-07-15,2026-07-15,1,0,Restock,0.25,0.01,0.26
1063318,RMA #41393BBH,33368059,KRISTY DE VIET (R2L0H2KRI),6.00664E+15,2026-07-15,2026-07-15,0,0,Service Center Labor,2.36,0.12,2.48
1063318,RMA #41393BBH,33368059,KRISTY DE VIET (R2L0H2KRI),6.00664E+15,2026-07-15,2026-07-15,1,0,Storage,0.05,0,0.05
1063320,RMA #3PS371N5,33428307,AMY VANDERHOOFT (R2G4C3AMY),7.92533E+11,2026-07-15,2026-07-15,1,0,Restock,0.25,0.01,0.26
1063320,RMA #3PS371N5,33428307,AMY VANDERHOOFT (R2G4C3AMY),7.92533E+11,2026-07-15,2026-07-15,0,0,Service Center Labor,2.36,0.12,2.48
1063320,RMA #3PS371N5,33428307,AMY VANDERHOOFT (R2G4C3AMY),7.92533E+11,2026-07-15,2026-07-15,1,0,Returns,2.07,0.1,2.17
1063320,RMA #3PS371N5,33428307,AMY VANDERHOOFT (R2G4C3AMY),7.92533E+11,2026-07-15,2026-07-15,1,0,Storage,0.05,0,0.05
1063322,RMA #O9J6CXSX,33250168,TESSA KRUGER (L7E0J1TES),6.00664E+15,2026-07-15,2026-07-15,2,0,Returns,2.74,0.14,2.88
1063322,RMA #O9J6CXSX,33250168,TESSA KRUGER (L7E0J1TES),6.00664E+15,2026-07-15,2026-07-15,2,0,Restock,0.5,0.03,0.53
1063322,RMA #O9J6CXSX,33250168,TESSA KRUGER (L7E0J1TES),6.00664E+15,2026-07-15,2026-07-15,0,0,Service Center Labor,3.31,0.17,3.48
1063322,RMA #O9J6CXSX,33250168,TESSA KRUGER (L7E0J1TES),6.00664E+15,2026-07-15,2026-07-15,2,0,Storage,0.1,0.01,0.11
1063323,RMA #AVUYCPLW,33431000,DANA HAMILTON (P3B0E1DAN),7.92534E+11,2026-07-15,2026-07-15,0,0,Service Center Labor,2.36,0.12,2.48
1063323,RMA #AVUYCPLW,33431000,DANA HAMILTON (P3B0E1DAN),7.92534E+11,2026-07-15,2026-07-15,2,0,Returns,2.74,0.14,2.88
1063323,RMA #AVUYCPLW,33431000,DANA HAMILTON (P3B0E1DAN),7.92534E+11,2026-07-15,2026-07-15,2,0,Restock,0.5,0.03,0.53
1063323,RMA #AVUYCPLW,33431000,DANA HAMILTON (P3B0E1DAN),7.92534E+11,2026-07-15,2026-07-15,2,0,Storage,0.1,0.01,0.11
1063324,RMA #0V0UVCN0,33211297,ANDREA ANDREA (V8E0G8AND),7.92466E+11,2026-07-15,2026-07-15,2,0,Restock,0.5,0.03,0.53
1063324,RMA #0V0UVCN0,33211297,ANDREA ANDREA (V8E0G8AND),7.92466E+11,2026-07-15,2026-07-15,2,0,Returns,2.74,0.14,2.88
1063324,RMA #0V0UVCN0,33211297,ANDREA ANDREA (V8E0G8AND),7.92466E+11,2026-07-15,2026-07-15,0,0,Service Center Labor,3.31,0.17,3.48
1063324,RMA #0V0UVCN0,33211297,ANDREA ANDREA (V8E0G8AND),7.92466E+11,2026-07-15,2026-07-15,2,0,Storage,0.1,0.01,0.11
1063326,RMA #V8PZM9IT,33393751,KRISTA PEARSON (T0E0A0KRI),6.00664E+15,2026-07-15,2026-07-15,0,0,Service Center Labor,3.78,0.19,3.97
1063326,RMA #V8PZM9IT,33393751,KRISTA PEARSON (T0E0A0KRI),6.00664E+15,2026-07-15,2026-07-15,1,0,Restock,0.25,0.01,0.26
1063326,RMA #V8PZM9IT,33393751,KRISTA PEARSON (T0E0A0KRI),6.00664E+15,2026-07-15,2026-07-15,1,0,Returns,2.07,0.1,2.17
1063326,RMA #V8PZM9IT,33393751,KRISTA PEARSON (T0E0A0KRI),6.00664E+15,2026-07-15,2026-07-15,1,0,Storage,0.05,0,0.05
Inbound Shipment,Client Ref 1,Client Ref 2,Shipped From,BOL Number,,,,,Service,,,
1021936,,,,87192605,2026-06-29,2026-07-04,9146,0,Inbound Freight,11838.59,591.93,12430.52
1021936,,,,87192605,2026-06-29,2026-07-04,14,0,Inbound Pallets,218.4,10.92,229.32
1023905,,,,CSNU9549774,2026-07-07,2026-07-07,34,0,Inbound Pallets,530.4,26.52,556.92
1025385,,,,87124066,2026-07-10,2026-07-10,0,0,Inbound Freight,10097.61,504.88,10602.49
1025050,,,,FFAU3837673,2026-07-09,2026-07-10,39,0,Inbound Pallets,608.4,30.42,638.82
1025980,,,,ECMU4602981,2026-07-14,2026-07-14,22,0,Inbound Pallets,343.2,17.16,360.36
Shipment,Client Ref 1,Client Ref 2,Customer,BOL Number,,,,,Service,,,
14972203,IF4041443526,2026_07_13B,N0B1S0ARI - ARIA BOUTIQUE,LSHP47575527,2026-07-13,2026-04-03,0,0,Outbound Freight,0.31,0.04,0.35
14956854,IF4041448301,2026_07_13B,B5A1E7EVE - EVERY BLOOMIN THING,4.00747E+15,2026-07-13,2026-04-04,0,0,Outbound Freight,0.08,0.01,0.09
14956912,IF4041448326,2026_07_13B,V7M2J5NOR - NORTH SHORE SKI AND BOARD,4.00747E+15,2026-07-13,2026-04-04,0,0,Outbound Freight,0.15,0.01,0.16
14957236,IF4041448363,32537124,R3J0Y7JAY - JAY HARRISON,4.00747E+15,2026-07-13,2026-04-04,0,0,Outbound Freight,0.39,0.02,0.41
14972274,IF4041444501,2026_07_13B,T7P2J8A&M - A&M CLOTHING AND SHOES,LSHP47784919,2026-07-13,2026-04-10,0,0,Outbound Freight,0.54,0.03,0.57
14959696,IF4041444489,2026_07_13B,V0G1S0VAL - Valhalla Pure Outfitters-04,4.00747E+15,2026-07-13,2026-04-11,0,0,Outbound Freight,0.5,0.03,0.53
14959758,IF4041444502,2026_07_13B,S4N0P9FRE - FRESH AIR EXPERIENCE,4.00747E+15,2026-07-13,2026-04-11,0,0,Outbound Freight,0.58,0.03,0.61
14959624,IF4041446633,2026_07_13B,V0G1S0VAL - Valhalla Pure Outfitters-04,4.00747E+15,2026-07-13,2026-04-11,0,0,Outbound Freight,0.43,0.02,0.45
14959611,IF4041447224,2026_07_13B,K7L1B5TRA - TRAILHEAD KINGSTON,4.00747E+15,2026-07-13,2026-04-11,0,0,Outbound Freight,0.42,0.05,0.47
14959612,IF4041447225,2026_07_13B,K8P5A5TRA - TRAILHEAD BELLEVILLE,4.00747E+15,2026-07-13,2026-04-11,0,0,Outbound Freight,0.42,0.05,0.47
14975056,IF4041447316,2026_07_13B,B0T1W0LOC - LOCKE'S SPORTING AND OUTDOOR ADVENTURE,1Z2VW7552090457749,2026-07-13,2026-04-25,0,0,Outbound Freight,3.98,0.56,4.54
14974806,IF4041448552,2026_07_13B,G2K1N4GAL - Galeries de la Capitale,1Z2VW7552091805414,2026-07-13,2026-04-25,0,0,Outbound Freight,1.79,0.09,1.88
14962054,IF4041448600,2026_07_13B,J9X2R3SPO - SPORTS EXPERTS - ATMOSPHERE,3.80469E+11,2026-07-13,2026-04-27,0,0,Outbound Freight,7.02,0.35,7.37
14973558,IF4041448564,2026_07_13B,G0C1E0SPO - SPORTS EXPERTS 674,1Z2VW7552090889032,2026-07-13,2026-05-02,0,0,Outbound Freight,0.22,0.01,0.23
14973413,IF4041448593,2026_07_13B,J1X2A9SPO - SPORTS EXPERTS 468 (NORMANDIN),1Z2VW7552094842360,2026-07-13,2026-05-02,0,0,Outbound Freight,0.1,0.01,0.11
14974860,IF4041450632,2026_07_13B,N0B2N0CHA - CHANGE LIFESTYLE & APPAREL,1Z2VW7552093900512,2026-07-13,2026-05-09,0,0,Outbound Freight,2.04,0.27,2.31
14973982,IF4041452525,2026_07_13B,J1L1C9SPO - SPORTS EXPERTS - ATMOSPHERE,1Z2VW7552091911513,2026-07-13,2026-05-09,0,0,Outbound Freight,0.57,0.03,0.6
14974532,IF4041453658,2026_07_13B,V8B0B6SEA - SEA TO SKY GONDOLA,1Z2VW7552091862175,2026-07-13,2026-05-09,0,0,Outbound Freight,1.13,0.06,1.19
14973983,IF4041453756,2026_07_13B,N0E1L0MAC - MACKENZIE CREEK TRADING COMPANY,1Z2VW7552099406644,2026-07-13,2026-05-09,0,0,Outbound Freight,0.57,0.07,0.64
14919403,IF4041462960,Adjustment,N0G2V0HIS - HIS STYLE,KEL3259793,2026-07-03,2026-06-08,0,0,Outbound Freight,31.58,4.11,35.69
14973638,IF4041464640,2026_07_13B,L5T1X6TEN - tentree LAKEHEAD,1Z2VW7552092335215,2026-07-13,2026-06-27,0,0,Outbound Freight,0.29,0.04,0.33
14975086,IF4041465719,2026_07_13B,M5V0V2AE - AE TORONTO INC dba ARCADIA EARTH,1Z2VW7552099900145,2026-07-13,2026-06-27,0,0,Outbound Freight,4.72,0.61,5.33
14850625,IF4041464781,33162763,R9A1L2KIC - KICK IT SPORTS,LSHP49676831,2026-06-15,2026-07-02,102,3723,Outbound Freight,47.91,2.4,50.31
14850625,IF4041464781,33162763,R9A1L2KIC - KICK IT SPORTS,LSHP49676831,2026-06-15,2026-07-02,16,3723,Outbound Shipment Materials,16.42,1.97,18.39
14913791,IF4041468139,Consolidated Shipment,V1T2B6VAL - Valhalla Pure Outfitters Inc,LSHP50066935,2026-07-02,2026-07-02,4,191,Outbound Freight,10,0.5,10.5
14913791,IF4041468139,Consolidated Shipment,V1T2B6VAL - Valhalla Pure Outfitters Inc,LSHP50066935,2026-07-02,2026-07-02,5,191,Outbound Shipment Materials,4.57,0.55,5.12
14853500,IF4041465334,33188407,V0G1S0VAL - Valhalla Pure Outfitters-04,4.00747E+15,2026-06-16,2026-07-02,5,923,Outbound Shipment Materials,4.65,0.56,5.21
14853500,IF4041465334,33188407,V0G1S0VAL - Valhalla Pure Outfitters-04,4.00747E+15,2026-06-16,2026-07-02,23,923,Outbound Freight,22.46,1.12,23.58
14857444,IF4041465632,33206064,V0G1S0VAL - Valhalla Pure Outfitters-04,4.00747E+15,2026-06-17,2026-07-02,9,331.5,Outbound Freight,18.2,0.91,19.11
14857444,IF4041465632,33206064,V0G1S0VAL - Valhalla Pure Outfitters-04,4.00747E+15,2026-06-17,2026-07-02,4,331.5,Outbound Shipment Materials,4.06,0.48,4.54
14895955,IF4041468144,33317082,V1P1T4BIG - BIG WHITE SKI RESORT LTD.,5.20612E+11,2026-06-29,2026-07-02,23,3863,Outbound Shipment Materials,22.66,2.72,25.38
14895955,IF4041468144,33317082,V1P1T4BIG - BIG WHITE SKI RESORT LTD.,5.20612E+11,2026-06-29,2026-07-02,101,3863,Outbound Freight,42.53,2.13,44.66
14895957,IF4041468143,33317081,S7N1A9OUT - OUTTER LIMITS,4.00747E+15,2026-06-29,2026-07-02,2,105.5,Outbound Shipment Materials,1.78,0.21,1.99
14895957,IF4041468143,33317081,S7N1A9OUT - OUTTER LIMITS,4.00747E+15,2026-06-29,2026-07-02,3,105.5,Outbound Freight,10.65,0.53,11.18
14914776,IF4041469102,33349235,V8B0H2THE - THE SQUAMISH STORE,4.00747E+15,2026-07-02,2026-07-06,3,260,Outbound Shipment Materials,2.93,0.36,3.29
14914776,IF4041469102,33349235,V8B0H2THE - THE SQUAMISH STORE,4.00747E+15,2026-07-02,2026-07-06,9,260,Outbound Freight,8.51,0.43,8.94
14895956,IF4041468142,33317080,V0J1Z0CHI - CHIAS DREAM CLOSET,LSHP50159560,2026-06-29,2026-07-07,1,0,Outbound Shipment Materials,0.9,0.11,1.01
14895956,IF4041468142,33317080,V0J1Z0CHI - CHIAS DREAM CLOSET,LSHP50159560,2026-06-29,2026-07-07,3,0,Outbound Freight,153.96,7.7,161.66
14913512,IF4041468457,33329456,V1T2B6VAL - Valhalla Pure Outfitters Inc,5.20621E+11,2026-07-02,2026-07-07,3,168,Outbound Shipment Materials,2.79,0.34,3.13
14913512,IF4041468457,33329456,V1T2B6VAL - Valhalla Pure Outfitters Inc,5.20621E+11,2026-07-02,2026-07-07,1,168,Outbound Freight,1.25,0.06,1.31
14917606,IF4041469216,33352231,V1T2B6VAL - Valhalla Pure Outfitters Inc,5.20621E+11,2026-07-03,2026-07-07,2,105.5,Outbound Shipment Materials,1.78,0.21,1.99
14917606,IF4041469216,33352231,V1T2B6VAL - Valhalla Pure Outfitters Inc,5.20621E+11,2026-07-03,2026-07-07,1,105.5,Outbound Freight,1.25,0.06,1.31
14914782,IF4041469150,33351004,J6E3H4KOI - KOIA VETEMENTS,LSHP50184796,2026-07-02,2026-07-08,3,509,Outbound Shipment Materials,2.68,0.32,3
14914782,IF4041469150,33351004,J6E3H4KOI - KOIA VETEMENTS,LSHP50184796,2026-07-02,2026-07-08,11,509,Outbound Freight,19.69,0.98,20.67
14917608,IF4041469220,33352332,V1G2C1GRI - GRIFFIN SOURCE FOR SPORTS,LSHP50210579,2026-07-03,2026-07-08,6,0,Outbound Shipment Materials,5.85,0.7,6.55
14917608,IF4041469220,33352332,V1G2C1GRI - GRIFFIN SOURCE FOR SPORTS,LSHP50210579,2026-07-03,2026-07-08,8,0,Outbound Freight,382.07,19.1,401.17
14938337,IF4041470306,33394703,M4E3L3KEL - KELLY HOLMES,5.20642E+11,2026-07-07,2026-07-09,4,429.5,Outbound Shipment Materials,4.06,0.48,4.54
14938337,IF4041470306,33394703,M4E3L3KEL - KELLY HOLMES,5.20642E+11,2026-07-07,2026-07-09,16,429.5,Outbound Freight,18.44,2.4,20.84
14913549,IF4041468486,33329992,S9X1Y2MAR - MARTODAMS,LSHP50250855,2026-07-02,2026-07-09,5,898,Outbound Shipment Materials,4.65,0.56,5.21
14913549,IF4041468486,33329992,S9X1Y2MAR - MARTODAMS,LSHP50250855,2026-07-02,2026-07-09,1,898,Outbound Freight,1.25,0.06,1.31
14902712,IF4041466385,33250388,N0H2R0BLU - BLUE HERON COMPANY  NET SHED,LSHP50209237,2026-06-30,2026-07-09,17,554.5,Outbound Freight,18.8,2.44,21.24
14902712,IF4041466385,33250388,N0H2R0BLU - BLUE HERON COMPANY  NET SHED,LSHP50209237,2026-06-30,2026-07-09,4,554.5,Outbound Shipment Materials,4.06,0.48,4.54
14913529,IF4041468507,33330013,K7V1R3SCO - SCOTT'S SHOE STORE,LSHP50184632,2026-07-02,2026-07-09,7,1214,Outbound Shipment Materials,7.12,0.86,7.98
14913529,IF4041468507,33330013,K7V1R3SCO - SCOTT'S SHOE STORE,LSHP50184632,2026-07-02,2026-07-09,38,1214,Outbound Freight,27.89,3.63,31.52
14913550,IF4041468495,33330002,G0A4B0BOU - BOUTIQUE POINT DE VUE,LSHP50187228,2026-07-02,2026-07-09,11,2280,Outbound Shipment Materials,11.18,1.34,12.52
14913550,IF4041468495,33330002,G0A4B0BOU - BOUTIQUE POINT DE VUE,LSHP50187228,2026-07-02,2026-07-09,49,2280,Outbound Freight,33.74,1.69,35.43
14913833,IF4041468434,33328496,E3B1B2THE - THE RADICAL EDGE,LSHP50241385,2026-07-02,2026-07-09,147,5585.5,Outbound Freight,79.3,11.9,91.2
14913833,IF4041468434,33328496,E3B1B2THE - THE RADICAL EDGE,LSHP50241385,2026-07-02,2026-07-09,19,5585.5,Outbound Shipment Materials,18.9,2.27,21.17
14917596,IF4041469186,33352032,J7R4Z3SPO - SPORTS EXPERTS - ATMOSPHERE,LSHP50243863,2026-07-03,2026-07-09,5,1507.5,Outbound Shipment Materials,4.65,0.56,5.21
14917596,IF4041469186,33352032,J7R4Z3SPO - SPORTS EXPERTS - ATMOSPHERE,LSHP50243863,2026-07-03,2026-07-09,52,1507.5,Outbound Freight,23.49,1.17,24.66
14917597,IF4041469187,33352033,E1X1G5SPO - SPORTS EXPERTS 646,LSHP50243813,2026-07-03,2026-07-09,152,3735,Outbound Freight,45.83,6.87,52.7
14917597,IF4041469187,33352033,E1X1G5SPO - SPORTS EXPERTS 646,LSHP50243813,2026-07-03,2026-07-09,12,3735,Outbound Shipment Materials,11.64,1.39,13.03
14917603,IF4041469205,33352048,J2G8K1SPO - Sports Experts 410,LSHP50212953,2026-07-03,2026-07-09,33,1060.5,Outbound Freight,25.41,1.27,26.68
14917603,IF4041469205,33352048,J2G8K1SPO - Sports Experts 410,LSHP50212953,2026-07-03,2026-07-09,5,1060.5,Outbound Shipment Materials,4.65,0.56,5.21
14917604,IF4041469206,33352049,G7H5N6SPO - SPORTS EXPERTS - ATMOSPHERE,LSHP50245979,2026-07-03,2026-07-09,73,2210.5,Outbound Freight,35.89,1.79,37.68
14917604,IF4041469206,33352049,G7H5N6SPO - SPORTS EXPERTS - ATMOSPHERE,LSHP50245979,2026-07-03,2026-07-09,11,2210.5,Outbound Shipment Materials,11.18,1.34,12.52
14917605,IF4041469213,33352053,J8E0P3SPO - SPORTS EXPERTS - ATMOSPHERE,LSHP50246046,2026-07-03,2026-07-09,12,2810,Outbound Shipment Materials,12.39,1.49,13.88
14917605,IF4041469213,33352053,J8E0P3SPO - SPORTS EXPERTS - ATMOSPHERE,LSHP50246046,2026-07-03,2026-07-09,76,2810,Outbound Freight,50.47,2.52,52.99
14917612,IF4041469238,33352650,B4P1E1WIL - WILD LILY,3.82503E+11,2026-07-03,2026-07-09,11,414,Outbound Freight,17.9,2.51,20.41
14917612,IF4041469238,33352650,B4P1E1WIL - WILD LILY,3.82503E+11,2026-07-03,2026-07-09,3,414,Outbound Shipment Materials,2.93,0.36,3.29
14918932,IF4041469215,33352054,J9P1W1SKI - Ski & Vélo Plein Air,LSHP50247536,2026-07-03,2026-07-09,7,1142,Outbound Shipment Materials,7.12,0.86,7.98
14918932,IF4041469215,33352054,J9P1W1SKI - Ski & Vélo Plein Air,LSHP50247536,2026-07-03,2026-07-09,37,1142,Outbound Freight,33.06,1.65,34.71
14931840,IF4041470054,33384935,N0H2G0MIK - MIKE GRAHAM dba THE CABANA,LSHP50226199,2026-07-06,2026-07-09,9,1053.2,Outbound Shipment Materials,8.71,1.05,9.76
14931840,IF4041470054,33384935,N0H2G0MIK - MIKE GRAHAM dba THE CABANA,LSHP50226199,2026-07-06,2026-07-09,38,1053.2,Outbound Freight,32.4,4.21,36.61
14937702,IF4041470288,33394152,A2N1H9BYR - BYRNES' SHOES AND SPORTSWEAR LTD.,LSHP50243672,2026-07-07,2026-07-09,7,1466.5,Outbound Shipment Materials,7.44,0.89,8.33
14937702,IF4041470288,33394152,A2N1H9BYR - BYRNES' SHOES AND SPORTSWEAR LTD.,LSHP50243672,2026-07-07,2026-07-09,52,1466.5,Outbound Freight,38.78,5.82,44.6
14902718,IF4041466375,33250378,V3K6V7BEL - BELOW THE BELT - COQUITLAM,5.20643E+11,2026-06-30,2026-07-09,5,999,Outbound Shipment Materials,4.65,0.56,5.21
14902718,IF4041466375,33250378,V3K6V7BEL - BELOW THE BELT - COQUITLAM,5.20643E+11,2026-06-30,2026-07-09,1,999,Outbound Freight,16,0.8,16.8
14857445,IF4041465633,33206065,A2H2N2GEO - GEORGES MOUNTAIN VILLAGE,3.82502E+11,2026-06-17,2026-07-09,2,90,Outbound Shipment Materials,1.78,0.21,1.99
14857445,IF4041465633,33206065,A2H2N2GEO - GEORGES MOUNTAIN VILLAGE,3.82502E+11,2026-06-17,2026-07-09,6,90,Outbound Freight,24.79,3.72,28.51
14902725,IF4041466661,33259148,B0E1N0CAP - CAPER GYM AND FITNESS INC dba THE CENTRA,8.74119E+11,2026-06-30,2026-07-09,3,132,Outbound Shipment Materials,2.93,0.36,3.29
14902725,IF4041466661,33259148,B0E1N0CAP - CAPER GYM AND FITNESS INC dba THE CENTRA,8.74119E+11,2026-06-30,2026-07-09,3,132,Outbound Freight,27.07,3.79,30.86
14902754,IF4041466704,33259377,N0M1T0ARC - ARCHIES SURF SHOP,1Z2VW7552092951988,2026-06-30,2026-07-09,25,3543,Outbound Shipment Materials,24.54,2.95,27.49
14902754,IF4041466704,33259377,N0M1T0ARC - ARCHIES SURF SHOP,1Z2VW7552092951988,2026-06-30,2026-07-09,91,3543,Outbound Freight,65.21,8.16,73.37
14902756,IF4041466720,33259781,NLA0EOUT - OUTPORT BOUTIQUE,8.7412E+11,2026-06-30,2026-07-09,3,264,Outbound Shipment Materials,2.93,0.36,3.29
14902756,IF4041466720,33259781,NLA0EOUT - OUTPORT BOUTIQUE,8.7412E+11,2026-06-30,2026-07-09,6,264,Outbound Freight,27.07,4.06,31.13
14905222,IF4041468416,33328478,N0A1N0THE - THE SURF SHOP,1Z2VW7552092609563,2026-06-30,2026-07-09,21,3272,Outbound Shipment Materials,20.67,2.48,23.15
14905222,IF4041468416,33328478,N0A1N0THE - THE SURF SHOP,1Z2VW7552092609563,2026-06-30,2026-07-09,90,3272,Outbound Freight,48.96,6.36,55.32
14905224,IF4041468419,33328481,B0E1N0CAP - CAPER GYM AND FITNESS INC dba THE CENTRA,8.74119E+11,2026-06-30,2026-07-09,13,4585.5,Outbound Shipment Materials,13.36,1.61,14.97
14905224,IF4041468419,33328481,B0E1N0CAP - CAPER GYM AND FITNESS INC dba THE CENTRA,8.74119E+11,2026-06-30,2026-07-09,162,4585.5,Outbound Freight,66.54,9.32,75.86
14913527,IF4041468536,33330552,H7L5Z6A/S - A/S Les Boutiques Tremblant,1Z2VW7552096330678,2026-07-02,2026-07-09,18,3756,Outbound Shipment Materials,18.01,2.16,20.17
14913527,IF4041468536,33330552,H7L5Z6A/S - A/S Les Boutiques Tremblant,1Z2VW7552096330678,2026-07-02,2026-07-09,76,3756,Outbound Freight,48.96,2.45,51.41
14913533,IF4041468506,33330012,N4N1N9DEN - DENIM BAR,1Z2VW7552093828119,2026-07-02,2026-07-09,40,1537.5,Outbound Freight,27.99,3.64,31.63
14913533,IF4041468506,33330012,N4N1N9DEN - DENIM BAR,1Z2VW7552093828119,2026-07-02,2026-07-09,9,1537.5,Outbound Shipment Materials,9.3,1.12,10.42
14913546,IF4041468512,33330019,B5A1E7EVE - EVERY BLOOMIN THING,3.82484E+11,2026-07-02,2026-07-09,14,2232,Outbound Shipment Materials,14.24,1.71,15.95
14913546,IF4041468512,33330019,B5A1E7EVE - EVERY BLOOMIN THING,3.82484E+11,2026-07-02,2026-07-09,72,2232,Outbound Freight,38.76,5.43,44.19
14913548,IF4041468505,33330011,L4G3H7ST - ST ANDREW'S COLLEGE,1Z2VW7552093572618,2026-07-02,2026-07-09,43,2547,Outbound Freight,37.64,4.89,42.53
14913548,IF4041468505,33330011,L4G3H7ST - ST ANDREW'S COLLEGE,1Z2VW7552093572618,2026-07-02,2026-07-09,14,2547,Outbound Shipment Materials,13.95,1.68,15.63
14913553,IF4041468539,33330555,V8L1X8SID - SIDNEY PIER AND PATH,1Z2VW7552094857701,2026-07-02,2026-07-09,19,6047,Outbound Shipment Materials,18.6,2.23,20.83
14913553,IF4041468539,33330555,V8L1X8SID - SIDNEY PIER AND PATH,1Z2VW7552094857701,2026-07-02,2026-07-09,160,6047,Outbound Freight,44.78,2.24,47.02
14913830,IF4041469101,33349229,NLA0EOUT - OUTPORT BOUTIQUE,1Z2VW7552092130445,2026-07-02,2026-07-09,49,1683,Outbound Freight,55.2,8.28,63.48
14913830,IF4041469101,33349229,NLA0EOUT - OUTPORT BOUTIQUE,1Z2VW7552092130445,2026-07-02,2026-07-09,11,1683,Outbound Shipment Materials,11.18,1.34,12.52
14913834,IF4041468435,33328497,A2H2N2GEO - GEORGES MOUNTAIN VILLAGE,1Z2VW7552096983795,2026-07-02,2026-07-09,154,6774,Outbound Freight,150.6,22.59,173.19
14913834,IF4041468435,33328497,A2H2N2GEO - GEORGES MOUNTAIN VILLAGE,1Z2VW7552096983795,2026-07-02,2026-07-09,37,6774,Outbound Shipment Materials,36.61,4.39,41
14913835,IF4041468535,33330551,H7L5Z6A/S - A/S Les Boutiques Tremblant,1Z2VW7552090633745,2026-07-02,2026-07-09,46,2544,Outbound Freight,36.73,1.84,38.57
14913835,IF4041468535,33330551,H7L5Z6A/S - A/S Les Boutiques Tremblant,1Z2VW7552090633745,2026-07-02,2026-07-09,12,2544,Outbound Shipment Materials,12.23,1.47,13.7
14914781,IF4041469146,33350994,V8L1X8SID - SIDNEY PIER AND PATH,1Z2VW7552094638144,2026-07-02,2026-07-09,19,5814,Outbound Shipment Materials,18.61,2.23,20.84
14914781,IF4041469146,33350994,V8L1X8SID - SIDNEY PIER AND PATH,1Z2VW7552094638144,2026-07-02,2026-07-09,107,5814,Outbound Freight,58.97,2.95,61.92
14917590,IF4041469180,33352026,J1X2A9SPO - SPORTS EXPERTS 468 (NORMANDIN),1Z2VW7552096169719,2026-07-03,2026-07-09,115,3246,Outbound Freight,38.19,1.91,40.1
14917590,IF4041469180,33352026,J1X2A9SPO - SPORTS EXPERTS 468 (NORMANDIN),1Z2VW7552096169719,2026-07-03,2026-07-09,13,3246,Outbound Shipment Materials,13.36,1.61,14.97
14917593,IF4041469183,33352029,G0C1J0SPO - SPORTS EXPERTS 677,8.7412E+11,2026-07-03,2026-07-09,8,232,Outbound Freight,24.79,1.24,26.03
14917593,IF4041469183,33352029,G0C1J0SPO - SPORTS EXPERTS 677,8.7412E+11,2026-07-03,2026-07-09,2,232,Outbound Shipment Materials,1.78,0.21,1.99
14917594,IF4041469184,33352030,J1L1C9SPO - SPORTS EXPERTS - ATMOSPHERE,1Z2VW7552093219652,2026-07-03,2026-07-09,73,2619,Outbound Freight,37.96,1.9,39.86
14917594,IF4041469184,33352030,J1L1C9SPO - SPORTS EXPERTS - ATMOSPHERE,1Z2VW7552093219652,2026-07-03,2026-07-09,12,2619,Outbound Shipment Materials,12.23,1.47,13.7
14917595,IF4041469185,33352031,J2K3G8SPO - SPORTS EXPERTS 479,1Z2VW7552097796085,2026-07-03,2026-07-09,13,2706,Outbound Shipment Materials,12.77,1.53,14.3
14917595,IF4041469185,33352031,J2K3G8SPO - SPORTS EXPERTS 479,1Z2VW7552097796085,2026-07-03,2026-07-09,98,2706,Outbound Freight,40.98,2.05,43.03
14917600,IF4041469197,33352041,J9X6H7SPO - SPORTS EXPERTS,8.7418E+11,2026-07-03,2026-07-09,3,262.5,Outbound Shipment Materials,2.79,0.34,3.13
14917600,IF4041469197,33352041,J9X6H7SPO - SPORTS EXPERTS,8.7418E+11,2026-07-03,2026-07-09,15,262.5,Outbound Freight,24.79,1.24,26.03
14917602,IF4041469200,33352043,J6W3Z5SPO - SPORTS EXPERTS - ATMOSPHERE,1Z2VW7552099249761,2026-07-03,2026-07-09,10,3188,Outbound Shipment Materials,9.6,1.15,10.75
14917602,IF4041469200,33352043,J6W3Z5SPO - SPORTS EXPERTS - ATMOSPHERE,1Z2VW7552099249761,2026-07-03,2026-07-09,83,3188,Outbound Freight,44.43,2.22,46.65
14917607,IF4041469217,33352055,J2S4Z5SPO - SPORTS EXPERTS,1Z2VW7552096028193,2026-07-03,2026-07-09,157,4970,Outbound Freight,57.64,2.88,60.52
14917607,IF4041469217,33352055,J2S4Z5SPO - SPORTS EXPERTS,1Z2VW7552096028193,2026-07-03,2026-07-09,19,4970,Outbound Shipment Materials,18.6,2.23,20.83
14917609,IF4041469223,33352058,H9R5J1CEN - Centre Fairview Pointe-Claire,1Z2VW7552096462231,2026-07-03,2026-07-09,12,2469.5,Outbound Shipment Materials,11.77,1.41,13.18
14917609,IF4041469223,33352058,H9R5J1CEN - Centre Fairview Pointe-Claire,1Z2VW7552096462231,2026-07-03,2026-07-09,75,2469.5,Outbound Freight,35.79,1.79,37.58
14905215,IF4041468407,33328469,P9A1H4MCT - MCTAGGARTS SOURCE FOR SPORTS,5.20641E+11,2026-06-30,2026-07-09,32,2809,Outbound Shipment Materials,32.28,3.87,36.15
14905215,IF4041468407,33328469,P9A1H4MCT - MCTAGGARTS SOURCE FOR SPORTS,5.20641E+11,2026-06-30,2026-07-09,10,2809,Outbound Freight,16.5,0.83,17.33
14913505,IF4041468510,33330015,E3V3S9JES - JESSOMES SOURCE FOR SPORTS,5.20641E+11,2026-07-02,2026-07-09,9,2594.5,Outbound Shipment Materials,9.3,1.12,10.42
14913505,IF4041468510,33330015,E3V3S9JES - JESSOMES SOURCE FOR SPORTS,5.20641E+11,2026-07-02,2026-07-09,2,2594.5,Outbound Freight,2.5,0.13,2.63
14917591,IF4041469181,33352027,G4X2A9CAR - Carrefour Gaspé,4.00747E+15,2026-07-03,2026-07-09,12,348,Outbound Freight,22.36,1.12,23.48
14917591,IF4041469181,33352027,G4X2A9CAR - Carrefour Gaspé,4.00747E+15,2026-07-03,2026-07-09,3,348,Outbound Shipment Materials,2.93,0.36,3.29
14917592,IF4041469182,33352028,J6T1A9SPO - Sports Experts,4.00747E+15,2026-07-03,2026-07-09,4,123,Outbound Freight,14.91,0.75,15.66
14917592,IF4041469182,33352028,J6T1A9SPO - Sports Experts,4.00747E+15,2026-07-03,2026-07-09,3,123,Outbound Shipment Materials,2.93,0.36,3.29
14917598,IF4041469189,33352034,J9T4B2SPO - SPORTS EXPERTS,4.00747E+15,2026-07-03,2026-07-09,3,436.5,Outbound Shipment Materials,2.93,0.36,3.29
14917598,IF4041469189,33352034,J9T4B2SPO - SPORTS EXPERTS,4.00747E+15,2026-07-03,2026-07-09,21,436.5,Outbound Freight,22.36,1.12,23.48
14917599,IF4041469190,33352035,E3V1T9SPO - SPORTS EXPERTS,4.00747E+15,2026-07-03,2026-07-09,4,1012,Outbound Shipment Materials,4.06,0.48,4.54
14917599,IF4041469190,33352035,E3V1T9SPO - SPORTS EXPERTS,4.00747E+15,2026-07-03,2026-07-09,44,1012,Outbound Freight,24.47,3.67,28.14
14917601,IF4041469198,33352042,J9P1W1SKI - Ski & Vélo Plein Air,4.00747E+15,2026-07-03,2026-07-09,12,708,Outbound Freight,24.47,1.22,25.69
14917601,IF4041469198,33352042,J9P1W1SKI - Ski & Vélo Plein Air,4.00747E+15,2026-07-03,2026-07-09,4,708,Outbound Shipment Materials,4.06,0.48,4.54
14917611,IF4041469231,33352063,Y1A2B4COA - COAST MOUNTAIN - Sports Experts #770,4.00747E+15,2026-07-03,2026-07-09,11,649,Outbound Freight,31.02,1.55,32.57
14917611,IF4041469231,33352063,Y1A2B4COA - COAST MOUNTAIN - Sports Experts #770,4.00747E+15,2026-07-03,2026-07-09,3,649,Outbound Shipment Materials,2.93,0.36,3.29
14918622,IF4041469390,33359352,A2N1H9BYR - BYRNES' SHOES AND SPORTSWEAR LTD.,4.00747E+15,2026-07-03,2026-07-09,6,354,Outbound Freight,22.36,3.35,25.71
14918622,IF4041469390,33359352,A2N1H9BYR - BYRNES' SHOES AND SPORTSWEAR LTD.,4.00747E+15,2026-07-03,2026-07-09,3,354,Outbound Shipment Materials,2.93,0.36,3.29
14918933,IF4041469230,33352062,Y1A2B4COA - COAST MOUNTAIN - Sports Experts #770,4.00747E+15,2026-07-03,2026-07-09,18,3899.5,Outbound Shipment Materials,18.3,2.2,20.5
14918933,IF4041469230,33352062,Y1A2B4COA - COAST MOUNTAIN - Sports Experts #770,4.00747E+15,2026-07-03,2026-07-09,141,3899.5,Outbound Freight,143.68,7.18,150.86
14918934,IF4041469201,33352044,J8E0P3SPO - SPORTS EXPERTS - ATMOSPHERE,4.00747E+15,2026-07-03,2026-07-09,3,216,Outbound Shipment Materials,2.93,0.36,3.29
14918934,IF4041469201,33352044,J8E0P3SPO - SPORTS EXPERTS - ATMOSPHERE,4.00747E+15,2026-07-03,2026-07-09,4,216,Outbound Freight,14.91,0.75,15.66
14931835,IF4041470051,33384932,V1T2B6VAL - Valhalla Pure Outfitters Inc,5.20643E+11,2026-07-06,2026-07-09,2,64.8,Outbound Shipment Materials,1.78,0.21,1.99
14931835,IF4041470051,33384932,V1T2B6VAL - Valhalla Pure Outfitters Inc,5.20643E+11,2026-07-06,2026-07-09,1,64.8,Outbound Freight,1.25,0.06,1.31
14931860,IF4041469980,33383443,V9L1V8WAL - WALL STREET CLOTHING,4.00747E+15,2026-07-06,2026-07-09,3,561,Outbound Shipment Materials,2.93,0.36,3.29
14931860,IF4041469980,33383443,V9L1V8WAL - WALL STREET CLOTHING,4.00747E+15,2026-07-06,2026-07-09,13,561,Outbound Freight,8.51,0.43,8.94
14938102,IF4041466368,Consolidated Shipment,G3A0P5LAT - LATULIPPE DISTRIBUTION CENTER,5.20641E+11,2026-07-07,2026-07-09,34,8559,Outbound Shipment Materials,33.78,4.05,37.83
14938102,IF4041466368,Consolidated Shipment,G3A0P5LAT - LATULIPPE DISTRIBUTION CENTER,5.20641E+11,2026-07-07,2026-07-09,8,8559,Outbound Freight,34,1.7,35.7
14902704,IF4041466381,33250384,V0R2Z0TOF - TOFINO FISHING AND TRADING,LSHP50272883,2026-06-30,2026-07-10,5,1047.5,Outbound Shipment Materials,4.65,0.56,5.21
14857447,IF4041465638,33206070,V1E1B4HAR - HARTTY CLOTHING,LSHP50271952,2026-06-17,2026-07-10,3,792,Outbound Shipment Materials,2.93,0.36,3.29
14857447,IF4041465638,33206070,V1E1B4HAR - HARTTY CLOTHING,LSHP50271952,2026-06-17,2026-07-10,18,792,Outbound Freight,9.39,0.47,9.86
14857449,IF4041465640,33206072,V9Y8E9LAC - LACE IT UP aka JAYS MENS WEAR,LSHP49778294,2026-06-17,2026-07-10,4,450,Outbound Shipment Materials,4.06,0.48,4.54
14857449,IF4041465640,33206072,V9Y8E9LAC - LACE IT UP aka JAYS MENS WEAR,LSHP49778294,2026-06-17,2026-07-10,20,450,Outbound Freight,11.95,0.6,12.55
14902700,IF4041466374,33250377,T9M0C4TNT - TNT CLOTHING,LSHP50266988,2026-06-30,2026-07-10,4,675,Outbound Shipment Materials,4.06,0.48,4.54
14902700,IF4041466374,33250377,T9M0C4TNT - TNT CLOTHING,LSHP50266988,2026-06-30,2026-07-10,30,675,Outbound Freight,14.33,0.72,15.05
14902707,IF4041466380,33250383,R6W0L8TIM - TIME-OUT SPORTS EXCELLENCE,LSHP50268234,2026-06-30,2026-07-10,5,1231,Outbound Shipment Materials,4.65,0.56,5.21
14902707,IF4041466380,33250383,R6W0L8TIM - TIME-OUT SPORTS EXCELLENCE,LSHP50268234,2026-06-30,2026-07-10,49,1231,Outbound Freight,22.88,1.14,24.02
14902708,IF4041466379,33250382,T8V3B1THE - The Drop Rideshop,LSHP50272217,2026-06-30,2026-07-10,28,5708.5,Outbound Shipment Materials,28.2,3.38,31.58
14902708,IF4041466379,33250382,T8V3B1THE - The Drop Rideshop,LSHP50272217,2026-06-30,2026-07-10,188,5708.5,Outbound Freight,75.41,3.77,79.18
14902713,IF4041466384,33250387,T0L1E0WIL - WILSON MOUNTAIN SPORTS LTD.,LSHP50268372,2026-06-30,2026-07-10,31,5452,Outbound Shipment Materials,31.41,3.77,35.18
14902713,IF4041466384,33250387,T0L1E0WIL - WILSON MOUNTAIN SPORTS LTD.,LSHP50268372,2026-06-30,2026-07-10,204,5452,Outbound Freight,60.08,3,63.08
14902716,IF4041466376,33250379,V7M3M7VAL - VALHALLA PURE OUTFITTERS,LSHP50263691,2026-06-30,2026-07-10,7,1695,Outbound Shipment Materials,7.12,0.86,7.98
14902716,IF4041466376,33250379,V7M3M7VAL - VALHALLA PURE OUTFITTERS,LSHP50263691,2026-06-30,2026-07-10,39,1695,Outbound Freight,14.8,0.74,15.54
14902724,IF4041466660,33259147,V5J3G6CAN - CANADA GARDENWORKS LTD dba GARDENWORKS,LSHP50263426,2026-06-30,2026-07-10,72,3168,Outbound Freight,23.19,1.16,24.35
14902724,IF4041466660,33259147,V5J3G6CAN - CANADA GARDENWORKS LTD dba GARDENWORKS,LSHP50263426,2026-06-30,2026-07-10,14,3168,Outbound Shipment Materials,14.24,1.71,15.95
14902728,IF4041466662,33259149,V0G1R0TOU - TOUCH OF FASHION,LSHP50263138,2026-06-30,2026-07-10,63,1722.5,Outbound Freight,16.97,0.85,17.82
14902728,IF4041466662,33259149,V0G1R0TOU - TOUCH OF FASHION,LSHP50263138,2026-06-30,2026-07-10,7,1722.5,Outbound Shipment Materials,7.12,0.86,7.98
14902730,IF4041466664,33259150,T7A1S4254 - 2545501 Alberta Ltd. dba Eigthy Eight Cl,LSHP50263506,2026-06-30,2026-07-10,7,1556.5,Outbound Shipment Materials,7.12,0.86,7.98
14902730,IF4041466664,33259150,T7A1S4254 - 2545501 Alberta Ltd. dba Eigthy Eight Cl,LSHP50263506,2026-06-30,2026-07-10,49,1556.5,Outbound Freight,23.26,1.16,24.42
14902734,IF4041466669,33259155,T7P2J8A&M - A&M CLOTHING AND SHOES,LSHP50263462,2026-06-30,2026-07-10,12,2291,Outbound Shipment Materials,11.77,1.41,13.18
14902734,IF4041466669,33259155,T7P2J8A&M - A&M CLOTHING AND SHOES,LSHP50263462,2026-06-30,2026-07-10,80,2291,Outbound Freight,32.5,1.63,34.13
14902735,IF4041466682,33259257,T0L2H0KAN - KANANASKIS OUTFITTERS LTD,LSHP50247864,2026-06-30,2026-07-10,18,540.5,Outbound Freight,13.45,0.67,14.12
14902735,IF4041466682,33259257,T0L2H0KAN - KANANASKIS OUTFITTERS LTD,LSHP50247864,2026-06-30,2026-07-10,4,540.5,Outbound Shipment Materials,4.06,0.48,4.54
14902736,IF4041466683,33259256,J7C3V6PER - PERFORMANCE SPORTS EXTREMES INC dba PRFO,LSHP50268319,2026-06-30,2026-07-10,4,787.5,Outbound Shipment Materials,4.06,0.48,4.54
14902736,IF4041466683,33259256,J7C3V6PER - PERFORMANCE SPORTS EXTREMES INC dba PRFO,LSHP50268319,2026-06-30,2026-07-10,35,787.5,Outbound Freight,17.47,0.87,18.34
14902742,IF4041466689,33259262,V0J3A0CAL - CALIFORNIA DREAMIN,LSHP50241233,2026-06-30,2026-07-10,19,2929,Outbound Shipment Materials,18.89,2.26,21.15
14902742,IF4041466689,33259262,V0J3A0CAL - CALIFORNIA DREAMIN,LSHP50241233,2026-06-30,2026-07-10,103,2929,Outbound Freight,31.93,1.6,33.53
14902755,IF4041466721,33259782,B2H2P6PIC - PICTOU MANAGEMENT LTD dba MINERS APPAREL,8.74231E+11,2026-06-30,2026-07-10,15,529.5,Outbound Freight,22.25,3.12,25.37
14902755,IF4041466721,33259782,B2H2P6PIC - PICTOU MANAGEMENT LTD dba MINERS APPAREL,8.74231E+11,2026-06-30,2026-07-10,4,529.5,Outbound Shipment Materials,4.06,0.48,4.54
14905205,IF4041468392,33328353,V0A1H0TOP - TOP NOTCH,LSHP50272120,2026-06-30,2026-07-10,30,4364,Outbound Shipment Materials,30.24,3.63,33.87
14905205,IF4041468392,33328353,V0A1H0TOP - TOP NOTCH,LSHP50272120,2026-06-30,2026-07-10,121,4364,Outbound Freight,94.52,4.73,99.25
14905213,IF4041468405,33328467,V0B1M0EDG - EDGE OF THE WORLD BOARD SHOP,LSHP50270779,2026-06-30,2026-07-10,399,11398.5,Outbound Freight,156.89,7.84,164.73
14905213,IF4041468405,33328467,V0B1M0EDG - EDGE OF THE WORLD BOARD SHOP,LSHP50270779,2026-06-30,2026-07-10,57,11398.5,Outbound Shipment Materials,57.26,6.87,64.13
14905216,IF4041468409,33328472,V5J3G6CAN - CANADA GARDENWORKS LTD dba GARDENWORKS,LSHP50241449,2026-06-30,2026-07-10,21,4668,Outbound Shipment Materials,21.36,2.57,23.93
14905216,IF4041468409,33328472,V5J3G6CAN - CANADA GARDENWORKS LTD dba GARDENWORKS,LSHP50241449,2026-06-30,2026-07-10,153,4668,Outbound Freight,37.16,1.86,39.02
14905217,IF4041468411,33328471,V1E1B4HAR - HARTTY CLOTHING,LSHP50266954,2026-06-30,2026-07-10,213,6671,Outbound Freight,57.74,2.89,60.63
14905217,IF4041468411,33328471,V1E1B4HAR - HARTTY CLOTHING,LSHP50266954,2026-06-30,2026-07-10,40,6671,Outbound Shipment Materials,40.25,4.83,45.08
14905218,IF4041468412,33328474,T4V1N2THE - THE TRENDY WALRUS,LSHP50248232,2026-06-30,2026-07-10,104,4643,Outbound Freight,57.67,2.88,60.55
14905218,IF4041468412,33328474,T4V1N2THE - THE TRENDY WALRUS,LSHP50248232,2026-06-30,2026-07-10,32,4643,Outbound Shipment Materials,31.96,3.84,35.8
14905220,IF4041468414,33328476,V5J3G6CAN - CANADA GARDENWORKS LTD dba GARDENWORKS,LSHP50241555,2026-06-30,2026-07-10,62,10399.5,Outbound Shipment Materials,61.61,7.39,69
14905220,IF4041468414,33328476,V5J3G6CAN - CANADA GARDENWORKS LTD dba GARDENWORKS,LSHP50241555,2026-06-30,2026-07-10,330,10399.5,Outbound Freight,88.41,4.42,92.83
14905221,IF4041468415,33328477,N0H2C0MIK - MIKE GRAHAM dba THE CABANA,LSHP50267027,2026-06-30,2026-07-10,29,652.5,Outbound Freight,18.8,2.44,21.24
14905221,IF4041468415,33328477,N0H2C0MIK - MIKE GRAHAM dba THE CABANA,LSHP50267027,2026-06-30,2026-07-10,4,652.5,Outbound Shipment Materials,4.06,0.48,4.54
14905229,IF4041468424,33328485,A5A1L8MER - MERCERS MARINE EQUIPMENT LTD.,LSHP50266905,2026-06-30,2026-07-10,138,3678,Outbound Freight,68.94,10.34,79.28
14905229,IF4041468424,33328485,A5A1L8MER - MERCERS MARINE EQUIPMENT LTD.,LSHP50266905,2026-06-30,2026-07-10,16,3678,Outbound Shipment Materials,16.29,1.95,18.24
14913508,IF4041468514,33330021,G4Z1J8SPI - SPIN SPORT,LSHP50266847,2026-07-02,2026-07-10,96,3059.5,Outbound Freight,60.96,3.05,64.01
14913508,IF4041468514,33330021,G4Z1J8SPI - SPIN SPORT,LSHP50266847,2026-07-02,2026-07-10,14,3059.5,Outbound Shipment Materials,13.95,1.68,15.63
14913516,IF4041468511,33330016,V0R1K0XS - XS IV CHEMAINUS  BEYOND THE USUAL,LSHP50268655,2026-07-02,2026-07-10,66,1978,Outbound Freight,29.06,1.45,30.51
14913516,IF4041468511,33330016,V0R1K0XS - XS IV CHEMAINUS  BEYOND THE USUAL,LSHP50268655,2026-07-02,2026-07-10,9,1978,Outbound Shipment Materials,9.3,1.12,10.42
14913518,IF4041468453,33329248,N0H2G0MIK - MIKE GRAHAM dba THE CABANA,LSHP50241674,2026-07-02,2026-07-10,3,465,Outbound Shipment Materials,2.93,0.36,3.29
14913518,IF4041468453,33329248,N0H2G0MIK - MIKE GRAHAM dba THE CABANA,LSHP50241674,2026-07-02,2026-07-10,20,465,Outbound Freight,17.35,2.26,19.61
14913524,IF4041468490,33329996,S9V0A1BOA - BOARDOM,LSHP50268273,2026-07-02,2026-07-10,58,1823,Outbound Freight,27.95,1.4,29.35
14913524,IF4041468490,33329996,S9V0A1BOA - BOARDOM,LSHP50268273,2026-07-02,2026-07-10,8,1823,Outbound Shipment Materials,7.55,0.91,8.46
14913535,IF4041468519,33330126,V8J1P2HOM - HOMEWORK,LSHP50248174,2026-07-02,2026-07-10,47,1952,Outbound Freight,25.97,1.3,27.27
14913535,IF4041468519,33330126,V8J1P2HOM - HOMEWORK,LSHP50248174,2026-07-02,2026-07-10,11,1952,Outbound Shipment Materials,11.08,1.33,12.41
14913540,IF4041468469,33329877,V0J1Z0CHI - CHIAS DREAM CLOSET,LSHP50265688,2026-07-02,2026-07-10,9,1437,Outbound Shipment Materials,8.71,1.05,9.76
14913540,IF4041468469,33329877,V0J1Z0CHI - CHIAS DREAM CLOSET,LSHP50265688,2026-07-02,2026-07-10,44,1437,Outbound Freight,17.97,0.9,18.87
14913542,IF4041468482,33329988,T4L2L1DER - DEROWIN HOLDINGS LTD,LSHP50268189,2026-07-02,2026-07-10,7,912,Outbound Shipment Materials,7.12,0.86,7.98
14913542,IF4041468482,33329988,T4L2L1DER - DEROWIN HOLDINGS LTD,LSHP50268189,2026-07-02,2026-07-10,29,912,Outbound Freight,19.94,1,20.94
14913551,IF4041468509,33330014,V1R4C2JJS - JJS FASHIONS,LSHP50248135,2026-07-02,2026-07-10,60,1387,Outbound Freight,15.72,0.79,16.51
14913551,IF4041468509,33330014,V1R4C2JJS - JJS FASHIONS,LSHP50248135,2026-07-02,2026-07-10,6,1387,Outbound Shipment Materials,6.43,0.77,7.2
14913831,IF4041468430,33328492,T0E1E0RAN - RANSOM,LSHP50247896,2026-07-02,2026-07-10,13,3170,Outbound Shipment Materials,13.36,1.61,14.97
14913831,IF4041468430,33328492,T0E1E0RAN - RANSOM,LSHP50247896,2026-07-02,2026-07-10,98,3170,Outbound Freight,34.08,1.7,35.78
14941190,IF4041470528,33404269,V9K1S7COV - COVET BOUTIQUE,LSHP50267691,2026-07-08,2026-07-10,15,2233.9,Outbound Shipment Materials,14.7,1.77,16.47
14941190,IF4041470528,33404269,V9K1S7COV - COVET BOUTIQUE,LSHP50267691,2026-07-08,2026-07-10,66,2233.9,Outbound Freight,26.79,1.34,28.13
14943286,IF4041470866,33414514,J8E1C5 - LES BOUTIQUES TREMBLANT,LSHP50269436,2026-07-09,2026-07-10,5,1125,Outbound Shipment Materials,4.65,0.56,5.21
14943286,IF4041470866,33414514,J8E1C5 - LES BOUTIQUES TREMBLANT,LSHP50269436,2026-07-09,2026-07-10,50,1125,Outbound Freight,24.81,1.24,26.05
14902711,IF4041466386,33250389,P5N2W8MOO - MOONBEAM COUNTRY STORE,1Z2VW7552090159900,2026-06-30,2026-07-10,92,3051.5,Outbound Freight,54.9,7.14,62.04
14902711,IF4041466386,33250389,P5N2W8MOO - MOONBEAM COUNTRY STORE,1Z2VW7552090159900,2026-06-30,2026-07-10,14,3051.5,Outbound Shipment Materials,13.95,1.68,15.63
14905209,IF4041468400,33328463,R7N1J2507 - 5077070 MANITOBA LTD. dba PARKLAND SOURC,1Z2VW7552095986507,2026-06-30,2026-07-10,19,3101,Outbound Shipment Materials,18.89,2.26,21.15
14905209,IF4041468400,33328463,R7N1J2507 - 5077070 MANITOBA LTD. dba PARKLAND SOURC,1Z2VW7552095986507,2026-06-30,2026-07-10,96,3101,Outbound Freight,48.27,2.41,50.68
14905211,IF4041468402,33328464,S0J3G0BOU - BOUTIQUE NORTH,1Z2VW7552094953393,2026-06-30,2026-07-10,18,2752,Outbound Shipment Materials,18.01,2.16,20.17
14905211,IF4041468402,33328464,S0J3G0BOU - BOUTIQUE NORTH,1Z2VW7552094953393,2026-06-30,2026-07-10,103,2752,Outbound Freight,79.27,3.96,83.23
14905232,IF4041468427,33328489,K7G1E8STE - STEEL STYLE GARAGE,1Z2VW7552097532458,2026-06-30,2026-07-10,9,1820,Outbound Shipment Materials,8.71,1.05,9.76
14905232,IF4041468427,33328489,K7G1E8STE - STEEL STYLE GARAGE,1Z2VW7552097532458,2026-06-30,2026-07-10,53,1820,Outbound Freight,30.17,3.92,34.09
14905234,IF4041468429,33328491,H7L5Z6A/S - A/S Les Boutiques Tremblant,1Z2VW7552098720430,2026-06-30,2026-07-10,7,965,Outbound Shipment Materials,7.12,0.86,7.98
14905234,IF4041468429,33328491,H7L5Z6A/S - A/S Les Boutiques Tremblant,1Z2VW7552098720430,2026-06-30,2026-07-10,40,965,Outbound Freight,23.98,1.2,25.18
14913503,IF4041468537,33330553,G6P4A2SIG - SIGNE POUR LUI INC.,1Z2VW7552098147471,2026-07-02,2026-07-10,68,2514,Outbound Freight,42.73,2.14,44.87
14913503,IF4041468537,33330553,G6P4A2SIG - SIGNE POUR LUI INC.,1Z2VW7552098147471,2026-07-02,2026-07-10,13,2514,Outbound Shipment Materials,13.36,1.61,14.97
14913520,IF4041468501,33330007,P5N2W8MOO - MOONBEAM COUNTRY STORE,1Z2VW7552091758805,2026-07-02,2026-07-10,9,2313,Outbound Shipment Materials,9.3,1.12,10.42
14913520,IF4041468501,33330007,P5N2W8MOO - MOONBEAM COUNTRY STORE,1Z2VW7552091758805,2026-07-02,2026-07-10,63,2313,Outbound Freight,44.2,5.75,49.95
14857448,IF4041465639,33206071,J7K3B7LIL - LILY VOGUE,4.00747E+15,2026-06-17,2026-07-10,7,157.5,Outbound Freight,13.55,0.68,14.23
14857448,IF4041465639,33206071,J7K3B7LIL - LILY VOGUE,4.00747E+15,2026-06-17,2026-07-10,3,157.5,Outbound Shipment Materials,2.79,0.34,3.13
14902698,IF4041465802,33214864,V8L1X7COT - COTTONS AND BLUES,4.00747E+15,2026-06-30,2026-07-10,3,440,Outbound Shipment Materials,2.79,0.34,3.13
14902698,IF4041465802,33214864,V8L1X7COT - COTTONS AND BLUES,4.00747E+15,2026-06-30,2026-07-10,10,440,Outbound Freight,7.08,0.35,7.43
14902699,IF4041465914,33222429,V9W8C9SPI - SPINNERS SPORTS CAMPBELL RIVER,5.20645E+11,2026-06-30,2026-07-10,4,945,Outbound Shipment Materials,4.06,0.48,4.54
14902699,IF4041465914,33222429,V9W8C9SPI - SPINNERS SPORTS CAMPBELL RIVER,5.20645E+11,2026-06-30,2026-07-10,1,945,Outbound Freight,1.25,0.06,1.31
14902703,IF4041466377,33250380,V9W8C9SPI - SPINNERS SPORTS CAMPBELL RIVER,5.20645E+11,2026-06-30,2026-07-10,5,1619,Outbound Shipment Materials,4.65,0.56,5.21
14902703,IF4041466377,33250380,V9W8C9SPI - SPINNERS SPORTS CAMPBELL RIVER,5.20645E+11,2026-06-30,2026-07-10,1,1619,Outbound Freight,1.25,0.06,1.31
14902710,IF4041466387,33250390,B0W2Z0LA - LA CACHETTE,4.00747E+15,2026-06-30,2026-07-10,51,1209.5,Outbound Freight,33.13,4.64,37.77
14902710,IF4041466387,33250390,B0W2Z0LA - LA CACHETTE,4.00747E+15,2026-06-30,2026-07-10,5,1209.5,Outbound Shipment Materials,4.65,0.56,5.21
14902715,IF4041466371,33250374,V0B1M0EDG - EDGE OF THE WORLD BOARD SHOP,4.00747E+15,2026-06-30,2026-07-10,7,1701,Outbound Shipment Materials,7.12,0.86,7.98
14902715,IF4041466371,33250374,V0B1M0EDG - EDGE OF THE WORLD BOARD SHOP,4.00747E+15,2026-06-30,2026-07-10,69,1701,Outbound Freight,35.24,1.76,37
14902732,IF4041466667,33259153,J2S3J1BOU - BOUTIQUE MV dba M&V,4.00747E+15,2026-06-30,2026-07-10,5,245,Outbound Freight,14.91,0.75,15.66
14902732,IF4041466667,33259153,J2S3J1BOU - BOUTIQUE MV dba M&V,4.00747E+15,2026-06-30,2026-07-10,3,245,Outbound Shipment Materials,2.93,0.36,3.29
14902749,IF4041466697,33259367,P9A1H4MCT - MCTAGGARTS SOURCE FOR SPORTS,5.20645E+11,2026-06-30,2026-07-10,61,6044,Outbound Shipment Materials,60.56,7.27,67.83
14902749,IF4041466697,33259367,P9A1H4MCT - MCTAGGARTS SOURCE FOR SPORTS,5.20645E+11,2026-06-30,2026-07-10,18,6044,Outbound Freight,26.5,1.33,27.83
14902751,IF4041466699,33259372,V7M2J5NOR - NORTH SHORE SKI AND BOARD,4.00747E+15,2026-06-30,2026-07-10,4,652.5,Outbound Shipment Materials,4.06,0.48,4.54
14902751,IF4041466699,33259372,V7M2J5NOR - NORTH SHORE SKI AND BOARD,4.00747E+15,2026-06-30,2026-07-10,22,652.5,Outbound Freight,9.87,0.49,10.36
14905206,IF4041468393,33328354,V1K1B8WOR - WORK N PLAY CLOTHING CO,5.20645E+11,2026-06-30,2026-07-10,23,4885.5,Outbound Shipment Materials,23.25,2.79,26.04
14905206,IF4041468393,33328354,V1K1B8WOR - WORK N PLAY CLOTHING CO,5.20645E+11,2026-06-30,2026-07-10,149,4885.5,Outbound Freight,61.53,3.08,64.61
14905207,IF4041468398,33328460,V0X1W0WOR - WORK N PLAY CLOTHING CO,5.20643E+11,2026-06-30,2026-07-10,145,4279.5,Outbound Freight,76.94,3.85,80.79
14905207,IF4041468398,33328460,V0X1W0WOR - WORK N PLAY CLOTHING CO,5.20643E+11,2026-06-30,2026-07-10,25,4279.5,Outbound Shipment Materials,25.42,3.05,28.47
14905208,IF4041468399,33328461,V9W8C9SPI - SPINNERS SPORTS CAMPBELL RIVER,5.20645E+11,2026-06-30,2026-07-10,9,2891,Outbound Shipment Materials,9.3,1.12,10.42
14905208,IF4041468399,33328461,V9W8C9SPI - SPINNERS SPORTS CAMPBELL RIVER,5.20645E+11,2026-06-30,2026-07-10,2,2891,Outbound Freight,2.5,0.13,2.63
14905210,IF4041468401,33328462,T0H2H0LA - LA CRETE SOURCE FOR SPORTS,5.20645E+11,2026-06-30,2026-07-10,57,11489.5,Outbound Shipment Materials,57.09,6.85,63.94
14905210,IF4041468401,33328462,T0H2H0LA - LA CRETE SOURCE FOR SPORTS,5.20645E+11,2026-06-30,2026-07-10,12,11489.5,Outbound Freight,15,0.75,15.75
14905219,IF4041468413,33328475,V0H1H0CRE - CREATIVE CUSTOM EMBROIDERY dba WORK N PL,5.20645E+11,2026-06-30,2026-07-10,97,2408,Outbound Freight,38.3,1.92,40.22
14905219,IF4041468413,33328475,V0H1H0CRE - CREATIVE CUSTOM EMBROIDERY dba WORK N PL,5.20645E+11,2026-06-30,2026-07-10,12,2408,Outbound Shipment Materials,12.23,1.47,13.7
14913522,IF4041468496,33330001,T1R1A042 - 42 STREET,4.00747E+15,2026-07-02,2026-07-10,65,1799.5,Outbound Freight,33.06,1.65,34.71
14913522,IF4041468496,33330001,T1R1A042 - 42 STREET,4.00747E+15,2026-07-02,2026-07-10,8,1799.5,Outbound Shipment Materials,7.58,0.91,8.49
14913530,IF4041468538,33330554,V0N2E0MAT - MATTIE GILDENHUY,5.20643E+11,2026-07-02,2026-07-10,14,2435,Outbound Shipment Materials,13.95,1.68,15.63
14913530,IF4041468538,33330554,V0N2E0MAT - MATTIE GILDENHUY,5.20643E+11,2026-07-02,2026-07-10,49,2435,Outbound Freight,39.37,1.97,41.34
14913536,IF4041468521,33330128,R9A1S4FUN - FUNKY THREADZ,5.20643E+11,2026-07-02,2026-07-10,19,816,Outbound Freight,23.84,1.19,25.03
14913536,IF4041468521,33330128,R9A1S4FUN - FUNKY THREADZ,5.20643E+11,2026-07-02,2026-07-10,4,816,Outbound Shipment Materials,4.06,0.48,4.54
14913552,IF4041468517,33330125,V8W1X5BLA - BLACKSAND PROPERTIES LTD. dba MERCHANT Q,4.00747E+15,2026-07-02,2026-07-10,41,1672,Outbound Freight,15.43,0.77,16.2
14913552,IF4041468517,33330125,V8W1X5BLA - BLACKSAND PROPERTIES LTD. dba MERCHANT Q,4.00747E+15,2026-07-02,2026-07-10,7,1672,Outbound Shipment Materials,7.12,0.86,7.98
14914780,IF4041469111,33349243,V3Z1G6ART - ART KNAPP SURREY,4.00747E+15,2026-07-02,2026-07-10,3,427.5,Outbound Shipment Materials,2.93,0.36,3.29
14914780,IF4041469111,33349243,V3Z1G6ART - ART KNAPP SURREY,4.00747E+15,2026-07-02,2026-07-10,19,427.5,Outbound Freight,7.9,0.4,8.3
14943970,IF4041470868,33414515,V6A2E4NED - Neda Kasraee,4.00747E+15,2026-07-09,2026-07-10,4,581.12,Outbound Shipment Materials,4.06,0.48,4.54
14943970,IF4041470868,33414515,V6A2E4NED - Neda Kasraee,4.00747E+15,2026-07-09,2026-07-10,27,581.12,Outbound Freight,9.87,0.49,10.36
14905231,IF4041468426,33328487,G0C2B0RHE - RHEAL PITRE A FILS LTEE,3.82527E+11,2026-06-30,2026-07-11,137,4336.5,Outbound Freight,66.54,3.33,69.87
14905231,IF4041468426,33328487,G0C2B0RHE - RHEAL PITRE A FILS LTEE,3.82527E+11,2026-06-30,2026-07-11,16,4336.5,Outbound Shipment Materials,16.42,1.97,18.39
14918708,GoBolt to Kamloops - 14 pallets,,V2C6X2NRI - NRI Distribution Inc. Kamloops,86968584,2026-07-03,2026-07-13,1,0,Manual BOL,12,0.6,12.6
14918708,GoBolt to Kamloops - 14 pallets,,V2C6X2NRI - NRI Distribution Inc. Kamloops,86968584,2026-07-03,2026-07-13,14,0,Pallet Prep,147,7.35,154.35
14918708,GoBolt to Kamloops - 14 pallets,,V2C6X2NRI - NRI Distribution Inc. Kamloops,86968584,2026-07-03,2026-07-13,0,0,Outbound Freight,12864.51,643.23,13507.74
14943285,IF4041470893,33415331,V0A1H0TOP - TOP NOTCH,LSHP50286049,2026-07-09,2026-07-13,36,1128.2,Outbound Freight,23.01,1.15,24.16
14943285,IF4041470893,33415331,V0A1H0TOP - TOP NOTCH,LSHP50286049,2026-07-09,2026-07-13,4,1128.2,Outbound Shipment Materials,4.06,0.48,4.54
14913510,IF4041468483,33329989,T4R1N9EDG - EDGE CLOTHING,5.20648E+11,2026-07-02,2026-07-13,29,904.5,Outbound Freight,24.19,1.21,25.4
14913510,IF4041468483,33329989,T4R1N9EDG - EDGE CLOTHING,5.20648E+11,2026-07-02,2026-07-13,5,904.5,Outbound Shipment Materials,4.65,0.56,5.21
14943284,IF4041470890,33415328,V1T2B6VAL - Valhalla Pure Outfitters Inc,5.20649E+11,2026-07-09,2026-07-13,2,93.75,Outbound Shipment Materials,1.78,0.21,1.99
14943284,IF4041470890,33415328,V1T2B6VAL - Valhalla Pure Outfitters Inc,5.20649E+11,2026-07-09,2026-07-13,1,93.75,Outbound Freight,1.25,0.06,1.31
14943287,IF4041470891,33415329,V6H3S4MAK - MAKE,4.00747E+15,2026-07-09,2026-07-13,47,1165,Outbound Freight,13.17,0.66,13.83
14943287,IF4041470891,33415329,V6H3S4MAK - MAKE,4.00747E+15,2026-07-09,2026-07-13,5,1165,Outbound Shipment Materials,4.65,0.56,5.21
14943288,IF4041470892,33415330,V6B1B2MAK - MAKE GASTOWN,5.20646E+11,2026-07-09,2026-07-13,15,337.5,Outbound Freight,14.05,0.7,14.75
14943288,IF4041470892,33415330,V6B1B2MAK - MAKE GASTOWN,5.20646E+11,2026-07-09,2026-07-13,3,337.5,Outbound Shipment Materials,2.79,0.34,3.13
14946392,IF4041471277,33428161,V0N2R0THE - THE CLOTHES INN,4.00747E+15,2026-07-10,2026-07-13,3,1079.2,Outbound Shipment Materials,2.68,0.32,3
14946392,IF4041471277,33428161,V0N2R0THE - THE CLOTHES INN,4.00747E+15,2026-07-10,2026-07-13,27,1079.2,Outbound Freight,17.7,0.89,18.59
14939327,IF4041469210,33352052,G0C1J0SPO - SPORTS EXPERTS 677,LSHP50321061,2026-07-08,2026-07-14,5,759,Outbound Shipment Materials,4.65,0.56,5.21
14939327,IF4041469210,33352052,G0C1J0SPO - SPORTS EXPERTS 677,LSHP50321061,2026-07-08,2026-07-14,16,759,Outbound Freight,40.95,2.05,43
14943283,IF4041470872,33414718,V8L1X8SID - SIDNEY PIER AND PATH,LSHP50320542,2026-07-09,2026-07-14,6,0,Outbound Freight,188.33,9.42,197.75
14943283,IF4041470872,33414718,V8L1X8SID - SIDNEY PIER AND PATH,LSHP50320542,2026-07-09,2026-07-14,5,0,Outbound Shipment Materials,5.25,0.63,5.88
14943289,IF4041470873,33414719,V7P1B5CAN - CANADA GARDENWORKS LTD dba GARDENWORKS,LSHP50320507,2026-07-09,2026-07-14,1,0,Outbound Freight,90.05,4.5,94.55
14943289,IF4041470873,33414719,V7P1B5CAN - CANADA GARDENWORKS LTD dba GARDENWORKS,LSHP50320507,2026-07-09,2026-07-14,0,0,Outbound Shipment Materials,0.3,0.04,0.34
14943290,IF4041470875,33414720,V8R1C7CAN - CANADA GARDENWORKS LTD dba GARDENWORKS,LSHP50320497,2026-07-09,2026-07-14,1,0,Outbound Freight,94.19,4.71,98.9
14943290,IF4041470875,33414720,V8R1C7CAN - CANADA GARDENWORKS LTD dba GARDENWORKS,LSHP50320497,2026-07-09,2026-07-14,0,0,Outbound Shipment Materials,0.3,0.04,0.34
14913545,IF4041468461,33329466,G4T1E3QUI - QUINCAILLERIE TURBO INC,1Z2VW7552092923428,2026-07-02,2026-07-14,167,4158.5,Outbound Freight,168.08,8.4,176.48
14913545,IF4041468461,33329466,G4T1E3QUI - QUINCAILLERIE TURBO INC,1Z2VW7552092923428,2026-07-02,2026-07-14,14,4158.5,Outbound Shipment Materials,13.95,1.68,15.63
14943344,IF4041467529,Consolidated Shipment,V3Z1A5MEC - MEC Western Distribution Centre,19898491,2026-07-09,2026-07-15,1,95143,Manual BOL,12,0.6,12.6
14943344,IF4041467529,Consolidated Shipment,V3Z1A5MEC - MEC Western Distribution Centre,19898491,2026-07-09,2026-07-15,2636,95143,Outbound Freight,319.66,15.98,335.64
14943344,IF4041467529,Consolidated Shipment,V3Z1A5MEC - MEC Western Distribution Centre,19898491,2026-07-09,2026-07-15,360,95143,EDI Labels,360,18,378
14943344,IF4041467529,Consolidated Shipment,V3Z1A5MEC - MEC Western Distribution Centre,19898491,2026-07-09,2026-07-15,3,95143,Pallet Prep,60.75,3.04,63.79
14943344,IF4041467529,Consolidated Shipment,V3Z1A5MEC - MEC Western Distribution Centre,19898491,2026-07-09,2026-07-15,568,95143,Outbound Shipment Materials,568.49,68.21,636.7
14946476,IF4041471306,33428192,S9X1Y2MAR - MARTODAMS,LSHP50372581,2026-07-10,2026-07-15,9,1565,Outbound Shipment Materials,9.3,1.12,10.42
14946476,IF4041471306,33428192,S9X1Y2MAR - MARTODAMS,LSHP50372581,2026-07-10,2026-07-15,2,1565,Outbound Freight,2.5,0.13,2.63
14946482,IF4041471312,33428198,S9X1Y2MAR - MARTODAMS,LSHP50372419,2026-07-10,2026-07-15,14,1720,Outbound Shipment Materials,14.24,1.71,15.95
14946482,IF4041471312,33428198,S9X1Y2MAR - MARTODAMS,LSHP50372419,2026-07-10,2026-07-15,2,1720,Outbound Freight,2.5,0.13,2.63
14905212,IF4041468403,33328465,S9X1Y2MAR - MARTODAMS,LSHP50371813,2026-06-30,2026-07-15,18,3619,Outbound Shipment Materials,18.01,2.16,20.17
14905212,IF4041468403,33328465,S9X1Y2MAR - MARTODAMS,LSHP50371813,2026-06-30,2026-07-15,4,3619,Outbound Freight,5,0.25,5.25
14902701,IF4041466372,33250375,B3B1S1CLE - CLEVE'S SOURCE FOR SPORTS,LSHP50064873,2026-06-30,2026-07-15,5,1584,Outbound Shipment Materials,4.65,0.56,5.21
14902701,IF4041466372,33250375,B3B1S1CLE - CLEVE'S SOURCE FOR SPORTS,LSHP50064873,2026-06-30,2026-07-15,16,1584,Outbound Freight,28.79,4.03,32.82
14902702,IF4041466383,33250386,S7N4L3UNI - UNIVERSITY OF SASKATCHEWAN - RETAIL SERV,LSHP50083793,2026-06-30,2026-07-15,292,10645.5,Outbound Freight,130.28,6.51,136.79
14902702,IF4041466383,33250386,S7N4L3UNI - UNIVERSITY OF SASKATCHEWAN - RETAIL SERV,LSHP50083793,2026-06-30,2026-07-15,55,10645.5,Outbound Shipment Materials,54.65,6.56,61.21
14902706,IF4041466367,33250372,V0A1H0TOP - TOP NOTCH,LSHP50063930,2026-06-30,2026-07-15,3,216,Outbound Shipment Materials,2.93,0.36,3.29
14902706,IF4041466367,33250372,V0A1H0TOP - TOP NOTCH,LSHP50063930,2026-06-30,2026-07-15,4,216,Outbound Freight,17.72,0.89,18.61
14902729,IF4041466663,33259151,T8V3B1THE - The Drop Rideshop,LSHP50368364,2026-06-30,2026-07-15,27,814.5,Outbound Freight,14.33,0.72,15.05
14902729,IF4041466663,33259151,T8V3B1THE - The Drop Rideshop,LSHP50368364,2026-06-30,2026-07-15,4,814.5,Outbound Shipment Materials,4.06,0.48,4.54
14902733,IF4041466668,33259154,S9V0T6HOT - HOT PEPPERS,LSHP50097984,2026-06-30,2026-07-15,48,1175.5,Outbound Freight,19.24,0.96,20.2
14902733,IF4041466668,33259154,S9V0T6HOT - HOT PEPPERS,LSHP50097984,2026-06-30,2026-07-15,5,1175.5,Outbound Shipment Materials,4.65,0.56,5.21
14902737,IF4041466684,33259258,T0L2H0KAN - KANANASKIS OUTFITTERS LTD,LSHP50150516,2026-06-30,2026-07-15,3,336,Outbound Shipment Materials,2.93,0.36,3.29
14902737,IF4041466684,33259258,T0L2H0KAN - KANANASKIS OUTFITTERS LTD,LSHP50150516,2026-06-30,2026-07-15,12,336,Outbound Freight,12.26,0.61,12.87
14902740,IF4041466687,33259261,T0A3A2ATH - ATHLETIC ALLEY MAGNET SHOES,LSHP50185799,2026-06-30,2026-07-15,7,1241,Outbound Shipment Materials,7.42,0.89,8.31
14902740,IF4041466687,33259261,T0A3A2ATH - ATHLETIC ALLEY MAGNET SHOES,LSHP50185799,2026-06-30,2026-07-15,37,1241,Outbound Freight,29.63,1.48,31.11
14902741,IF4041466688,33259263,R0C1B0HP - HP TERGESENS,LSHP50153349,2026-06-30,2026-07-15,5,1124,Outbound Shipment Materials,4.65,0.56,5.21
14902741,IF4041466688,33259263,R0C1B0HP - HP TERGESENS,LSHP50153349,2026-06-30,2026-07-15,35,1124,Outbound Freight,22.88,1.14,24.02
14902745,IF4041466693,33259366,P1H2B8REF - REFLECTIONS OF MUSKOKA,LSHP50108906,2026-06-30,2026-07-15,7,2070.5,Outbound Shipment Materials,7.12,0.86,7.98
14902745,IF4041466693,33259366,P1H2B8REF - REFLECTIONS OF MUSKOKA,LSHP50108906,2026-06-30,2026-07-15,90,2070.5,Outbound Freight,32.83,4.27,37.1
14902747,IF4041466695,33259369,A5A1L8MER - MERCERS MARINE EQUIPMENT LTD.,LSHP50153088,2026-06-30,2026-07-15,12,442,Outbound Freight,33.42,5.01,38.43
14902747,IF4041466695,33259369,A5A1L8MER - MERCERS MARINE EQUIPMENT LTD.,LSHP50153088,2026-06-30,2026-07-15,5,442,Outbound Shipment Materials,4.65,0.56,5.21
14902750,IF4041466698,33259371,J1L3A6MOM - MOMO SPORTS SHERBROOKE,LSHP50380055,2026-06-30,2026-07-15,66,1737,Outbound Freight,32.83,1.64,34.47
14902750,IF4041466698,33259371,J1L3A6MOM - MOMO SPORTS SHERBROOKE,LSHP50380055,2026-06-30,2026-07-15,7,1737,Outbound Shipment Materials,7.12,0.86,7.98
14902752,IF4041466700,33259373,A0G3A0BLU - BLUE RIDGE INC.,LSHP50153365,2026-06-30,2026-07-15,37,994.5,Outbound Freight,30.86,4.63,35.49
14902752,IF4041466700,33259373,A0G3A0BLU - BLUE RIDGE INC.,LSHP50153365,2026-06-30,2026-07-15,4,994.5,Outbound Shipment Materials,4.06,0.48,4.54
14902753,IF4041466702,33259375,G9X1K9LE - LE PIONNIER,LSHP50142381,2026-06-30,2026-07-15,3,466.5,Outbound Shipment Materials,2.93,0.36,3.29
14902753,IF4041466702,33259375,G9X1K9LE - LE PIONNIER,LSHP50142381,2026-06-30,2026-07-15,11,466.5,Outbound Freight,18.46,0.92,19.38
14905214,IF4041468406,33328468,T0C2L0JOH - JOHNS MENSWEAR,LSHP50110907,2026-06-30,2026-07-15,161,4312,Outbound Freight,46.26,2.31,48.57
14905214,IF4041468406,33328468,T0C2L0JOH - JOHNS MENSWEAR,LSHP50110907,2026-06-30,2026-07-15,19,4312,Outbound Shipment Materials,18.6,2.23,20.83
14905225,IF4041468420,33328483,G9X1K9LE - LE PIONNIER,LSHP50144257,2026-06-30,2026-07-15,17,647.5,Outbound Freight,18.46,0.92,19.38
14905225,IF4041468420,33328483,G9X1K9LE - LE PIONNIER,LSHP50144257,2026-06-30,2026-07-15,3,647.5,Outbound Shipment Materials,2.93,0.36,3.29
14905228,IF4041468423,33328486,T7N1A2JOH - JOHNS MENS AND BOYS WEAR,LSHP50153420,2026-06-30,2026-07-15,19,3577.5,Outbound Shipment Materials,18.89,2.26,21.15
14905228,IF4041468423,33328486,T7N1A2JOH - JOHNS MENS AND BOYS WEAR,LSHP50153420,2026-06-30,2026-07-15,83,3577.5,Outbound Freight,42.84,2.14,44.98
14913502,IF4041468473,33329881,N0H2C0682 - 682565 ONTARIO INC.,LSHP50153393,2026-07-02,2026-07-15,58,3296,Outbound Freight,59.77,7.77,67.54
14913502,IF4041468473,33329881,N0H2C0682 - 682565 ONTARIO INC.,LSHP50153393,2026-07-02,2026-07-15,20,3296,Outbound Shipment Materials,19.75,2.37,22.12
14913504,IF4041468499,33330005,T5V0A1 - LA DEE DAH,LSHP50150300,2026-07-02,2026-07-15,9,265,Outbound Freight,10.96,0.55,11.51
14913504,IF4041468499,33330005,T5V0A1 - LA DEE DAH,LSHP50150300,2026-07-02,2026-07-15,3,265,Outbound Shipment Materials,2.93,0.36,3.29
14913509,IF4041468515,33330023,B0T1W0LOC - LOCKE'S SPORTING AND OUTDOOR ADVENTURE,LSHP50153353,2026-07-02,2026-07-15,9,2557.5,Outbound Shipment Materials,9.3,1.12,10.42
14913509,IF4041468515,33330023,B0T1W0LOC - LOCKE'S SPORTING AND OUTDOOR ADVENTURE,LSHP50153353,2026-07-02,2026-07-15,56,2557.5,Outbound Freight,53.42,7.48,60.9
14913511,IF4041468520,33330127,V7M2J5NOR - NORTH SHORE SKI AND BOARD,LSHP50153370,2026-07-02,2026-07-15,5,991,Outbound Shipment Materials,4.65,0.56,5.21
14913511,IF4041468520,33330127,V7M2J5NOR - NORTH SHORE SKI AND BOARD,LSHP50153370,2026-07-02,2026-07-15,24,991,Outbound Freight,12.99,0.65,13.64
14913521,IF4041468500,33330006,T0A3A2ATH - ATHLETIC ALLEY MAGNET SHOES,LSHP50179923,2026-07-02,2026-07-15,4,636,Outbound Shipment Materials,4.06,0.48,4.54
14913521,IF4041468500,33330006,T0A3A2ATH - ATHLETIC ALLEY MAGNET SHOES,LSHP50179923,2026-07-02,2026-07-15,13,636,Outbound Freight,14.95,0.75,15.7
14913526,IF4041468498,33330004,T0L1E0WIL - WILSON MOUNTAIN SPORTS LTD.,LSHP50181745,2026-07-02,2026-07-15,12,1980,Outbound Shipment Materials,11.77,1.41,13.18
14913526,IF4041468498,33330004,T0L1E0WIL - WILSON MOUNTAIN SPORTS LTD.,LSHP50181745,2026-07-02,2026-07-15,48,1980,Outbound Freight,29.89,1.49,31.38
14913531,IF4041468518,33330124,V0K2E0OUT - OUTLAW FASHIONS (FCJ ENTERPRISES LTD),LSHP50184259,2026-07-02,2026-07-15,11,1830.5,Outbound Shipment Materials,11.18,1.34,12.52
14913531,IF4041468518,33330124,V0K2E0OUT - OUTLAW FASHIONS (FCJ ENTERPRISES LTD),LSHP50184259,2026-07-02,2026-07-15,58,1830.5,Outbound Freight,34.69,1.73,36.42
14913534,IF4041468503,33330009,R0C1B0HP - HP TERGESENS,LSHP50182673,2026-07-02,2026-07-15,9,1048,Outbound Shipment Materials,8.71,1.05,9.76
14913534,IF4041468503,33330009,R0C1B0HP - HP TERGESENS,LSHP50182673,2026-07-02,2026-07-15,17,1048,Outbound Freight,30.12,1.51,31.63
14913544,IF4041468492,33329998,T7P2J8A&M - A&M CLOTHING AND SHOES,LSHP50182470,2026-07-02,2026-07-15,4,813,Outbound Shipment Materials,4.06,0.48,4.54
14913544,IF4041468492,33329998,T7P2J8A&M - A&M CLOTHING AND SHOES,LSHP50182470,2026-07-02,2026-07-15,27,813,Outbound Freight,16.16,0.81,16.97
14913547,IF4041468522,33330130,T2K1J7CAL - CALGARY WINTER CLUB,LSHP50184545,2026-07-02,2026-07-15,8,1177,Outbound Shipment Materials,7.55,0.91,8.46
14913547,IF4041468522,33330130,T2K1J7CAL - CALGARY WINTER CLUB,LSHP50184545,2026-07-02,2026-07-15,24,1177,Outbound Freight,19.52,0.98,20.5
14913832,IF4041468432,33328494,T1W2B6VAL - VALHALLA PURE OUTFITTERS - CANMORE,LSHP50378353,2026-07-02,2026-07-15,491,15825.5,Outbound Freight,140.87,7.04,147.91
14913832,IF4041468432,33328494,T1W2B6VAL - VALHALLA PURE OUTFITTERS - CANMORE,LSHP50378353,2026-07-02,2026-07-15,70,15825.5,Outbound Shipment Materials,70.2,8.42,78.62
14913836,IF4041468504,33330010,L4G3H7ST - ST ANDREW'S COLLEGE,LSHP50139894,2026-07-02,2026-07-15,4,492,Outbound Shipment Materials,4.06,0.48,4.54
14913836,IF4041468504,33330010,L4G3H7ST - ST ANDREW'S COLLEGE,LSHP50139894,2026-07-02,2026-07-15,8,492,Outbound Freight,18.8,2.44,21.24
14917610,IF4041469225,33352059,T1W1P4SPO - SPORTS EXPERTS,LSHP50368274,2026-07-03,2026-07-15,5,810,Outbound Shipment Materials,4.65,0.56,5.21
14917610,IF4041469225,33352059,T1W1P4SPO - SPORTS EXPERTS,LSHP50368274,2026-07-03,2026-07-15,36,810,Outbound Freight,18.12,0.91,19.03
14918621,IF4041469407,33359365,V2A5A4FRE - FREE RIDE PENTICTON,LSHP50142559,2026-07-03,2026-07-15,10,331,Outbound Freight,10,0.5,10.5
14918621,IF4041469407,33359365,V2A5A4FRE - FREE RIDE PENTICTON,LSHP50142559,2026-07-03,2026-07-15,4,331,Outbound Shipment Materials,4.06,0.48,4.54
14941196,IF4041470530,33404271,T7N1A2JOH - JOHNS MENS AND BOYS WEAR,LSHP50225838,2026-07-08,2026-07-15,7,873,Outbound Shipment Materials,7.12,0.86,7.98
14941196,IF4041470530,33404271,T7N1A2JOH - JOHNS MENS AND BOYS WEAR,LSHP50225838,2026-07-08,2026-07-15,17,873,Outbound Freight,21.29,1.06,22.35
14941197,IF4041470532,33404272,T1W2B6VAL - VALHALLA PURE OUTFITTERS - CANMORE,LSHP50286270,2026-07-08,2026-07-15,28,3819,Outbound Shipment Materials,28.48,3.41,31.89
14941197,IF4041470532,33404272,T1W2B6VAL - VALHALLA PURE OUTFITTERS - CANMORE,LSHP50286270,2026-07-08,2026-07-15,71,3819,Outbound Freight,49.9,2.5,52.4
14941200,IF4041470578,33405279,T8V4C2SPO - SPORTS EXPERTS,LSHP50370124,2026-07-08,2026-07-15,139,5893,Outbound Freight,68.65,3.43,72.08
14941200,IF4041470578,33405279,T8V4C2SPO - SPORTS EXPERTS,LSHP50370124,2026-07-08,2026-07-15,31,5893,Outbound Shipment Materials,30.83,3.7,34.53
14941202,IF4041470580,33405281,J6T1A9SPO - Sports Experts,LSHP50374163,2026-07-08,2026-07-15,14,2600,Outbound Shipment Materials,13.95,1.68,15.63
14941202,IF4041470580,33405281,J6T1A9SPO - Sports Experts,LSHP50374163,2026-07-08,2026-07-15,70,2600,Outbound Freight,43.72,2.19,45.91
14941203,IF4041470582,33405283,J0R1R6SPO - SPORTS EXPERTS - ATMOSPHERE,LSHP50374762,2026-07-08,2026-07-15,12,2067.5,Outbound Shipment Materials,11.77,1.41,13.18
14941203,IF4041470582,33405283,J0R1R6SPO - SPORTS EXPERTS - ATMOSPHERE,LSHP50374762,2026-07-08,2026-07-15,57,2067.5,Outbound Freight,38.02,1.9,39.92
14941204,IF4041470581,33405282,J1X2A9SPO - SPORTS EXPERTS 468 (NORMANDIN),LSHP50374849,2026-07-08,2026-07-15,7,1698.5,Outbound Shipment Materials,7.12,0.86,7.98
14941204,IF4041470581,33405282,J1X2A9SPO - SPORTS EXPERTS 468 (NORMANDIN),LSHP50374849,2026-07-08,2026-07-15,42,1698.5,Outbound Freight,28.83,1.44,30.27
14941206,IF4041470584,33405285,J7Y3S7SPO - SPORTS EXPERTS - ATMOSPHERE,LSHP50368309,2026-07-08,2026-07-15,18,3090,Outbound Shipment Materials,18.3,2.2,20.5
14941206,IF4041470584,33405285,J7Y3S7SPO - SPORTS EXPERTS - ATMOSPHERE,LSHP50368309,2026-07-08,2026-07-15,87,3090,Outbound Freight,49.37,2.47,51.84
14941208,IF4041470586,33405287,J1L1C9SPO - SPORTS EXPERTS - ATMOSPHERE,LSHP50367389,2026-07-08,2026-07-15,25,3418,Outbound Shipment Materials,25.42,3.05,28.47
14941208,IF4041470586,33405287,J1L1C9SPO - SPORTS EXPERTS - ATMOSPHERE,LSHP50367389,2026-07-08,2026-07-15,67,3418,Outbound Freight,61.12,3.06,64.18
14941210,IF4041470590,33405289,J2C6Y7PRO - Promenades Drummondville,LSHP50370074,2026-07-08,2026-07-15,56,2324,Outbound Freight,46.67,2.33,49
14941210,IF4041470590,33405289,J2C6Y7PRO - Promenades Drummondville,LSHP50370074,2026-07-08,2026-07-15,14,2324,Outbound Shipment Materials,13.95,1.68,15.63
14941211,IF4041470592,33405290,V1J5Z2ERN - Ernies Sports Experts,LSHP50367187,2026-07-08,2026-07-15,75,3339,Outbound Freight,42.99,2.15,45.14
14941211,IF4041470592,33405290,V1J5Z2ERN - Ernies Sports Experts,LSHP50367187,2026-07-08,2026-07-15,24,3339,Outbound Shipment Materials,24.29,2.91,27.2
14946398,IF4041471213,33428104,T0E1E0RAN - RANSOM,LSHP50286970,2026-07-10,2026-07-15,10,1372,Outbound Shipment Materials,9.6,1.15,10.75
14946398,IF4041471213,33428104,T0E1E0RAN - RANSOM,LSHP50286970,2026-07-10,2026-07-15,28,1372,Outbound Freight,38.87,1.94,40.81
14946399,IF4041471216,33428107,T1W2B6VAL - VALHALLA PURE OUTFITTERS - CANMORE,LSHP50286860,2026-07-10,2026-07-15,8,923,Outbound Shipment Materials,8.12,0.98,9.1
14946399,IF4041471216,33428107,T1W2B6VAL - VALHALLA PURE OUTFITTERS - CANMORE,LSHP50286860,2026-07-10,2026-07-15,22,923,Outbound Freight,20.4,1.02,21.42
14946400,IF4041471217,33428106,E3B1B2THE - THE RADICAL EDGE,LSHP50286834,2026-07-10,2026-07-15,64,3127,Outbound Freight,58.17,8.73,66.9
14946400,IF4041471217,33428106,E3B1B2THE - THE RADICAL EDGE,LSHP50286834,2026-07-10,2026-07-15,18,3127,Outbound Shipment Materials,18.01,2.16,20.17
14946401,IF4041471218,33428108,T1W2B6VAL - VALHALLA PURE OUTFITTERS - CANMORE,LSHP50286963,2026-07-10,2026-07-15,17,2849,Outbound Shipment Materials,17.15,2.06,19.21
14946401,IF4041471218,33428108,T1W2B6VAL - VALHALLA PURE OUTFITTERS - CANMORE,LSHP50286963,2026-07-10,2026-07-15,65,2849,Outbound Freight,43.82,2.19,46.01
14946407,IF4041471225,33428114,G9X1K9LE - LE PIONNIER,LSHP50286890,2026-07-10,2026-07-15,4,411,Outbound Shipment Materials,4.06,0.48,4.54
14946407,IF4041471225,33428114,G9X1K9LE - LE PIONNIER,LSHP50286890,2026-07-10,2026-07-15,9,411,Outbound Freight,19.06,0.95,20.01
14946408,IF4041471226,33428115,G9X1K9LE - LE PIONNIER,LSHP50286775,2026-07-10,2026-07-15,3,195,Outbound Shipment Materials,2.93,0.36,3.29
14946408,IF4041471226,33428115,G9X1K9LE - LE PIONNIER,LSHP50286775,2026-07-10,2026-07-15,5,195,Outbound Freight,18.46,0.92,19.38
14946412,IF4041471230,33428119,V8W1X5BLA - BLACKSAND PROPERTIES LTD. dba MERCHANT Q,LSHP50286866,2026-07-10,2026-07-15,9,1420,Outbound Shipment Materials,8.71,1.05,9.76
14946412,IF4041471230,33428119,V8W1X5BLA - BLACKSAND PROPERTIES LTD. dba MERCHANT Q,LSHP50286866,2026-07-10,2026-07-15,30,1420,Outbound Freight,19.52,0.98,20.5
14946413,IF4041471231,33428120,T7N1A2JOH - JOHNS MENS AND BOYS WEAR,LSHP50286900,2026-07-10,2026-07-15,4,561,Outbound Shipment Materials,4.06,0.48,4.54
14946413,IF4041471231,33428120,T7N1A2JOH - JOHNS MENS AND BOYS WEAR,LSHP50286900,2026-07-10,2026-07-15,14,561,Outbound Freight,14.95,0.75,15.7
14946415,IF4041471233,33428122,G4Z1J8SPI - SPIN SPORT,LSHP50287079,2026-07-10,2026-07-15,25,1265,Outbound Freight,43.91,2.2,46.11
14946415,IF4041471233,33428122,G4Z1J8SPI - SPIN SPORT,LSHP50287079,2026-07-10,2026-07-15,9,1265,Outbound Shipment Materials,9.3,1.12,10.42
14946416,IF4041471234,33428123,G4Z1J8SPI - SPIN SPORT,LSHP50286957,2026-07-10,2026-07-15,9,1421,Outbound Shipment Materials,9.3,1.12,10.42
14946416,IF4041471234,33428123,G4Z1J8SPI - SPIN SPORT,LSHP50286957,2026-07-10,2026-07-15,29,1421,Outbound Freight,43.91,2.2,46.11
14946417,IF4041471235,33428124,V0K2E0OUT - OUTLAW FASHIONS (FCJ ENTERPRISES LTD),LSHP50287074,2026-07-10,2026-07-15,9,1298,Outbound Shipment Materials,9.3,1.12,10.42
14946417,IF4041471235,33428124,V0K2E0OUT - OUTLAW FASHIONS (FCJ ENTERPRISES LTD),LSHP50287074,2026-07-10,2026-07-15,27,1298,Outbound Freight,35.33,1.77,37.1
14946421,IF4041471239,33428128,B2H2P6PIC - PICTOU MANAGEMENT LTD dba MINERS APPAREL,8.74263E+11,2026-07-10,2026-07-15,4,367,Outbound Shipment Materials,4.06,0.48,4.54
14946421,IF4041471239,33428128,B2H2P6PIC - PICTOU MANAGEMENT LTD dba MINERS APPAREL,8.74263E+11,2026-07-10,2026-07-15,8,367,Outbound Freight,22.25,3.12,25.37
14946422,IF4041471240,33428129,B3B1S1CLE - CLEVE'S SOURCE FOR SPORTS,LSHP50286983,2026-07-10,2026-07-15,33,4864,Outbound Shipment Materials,32.55,3.91,36.46
14946422,IF4041471240,33428129,B3B1S1CLE - CLEVE'S SOURCE FOR SPORTS,LSHP50286983,2026-07-10,2026-07-15,96,4864,Outbound Freight,98.51,13.79,112.3
14946425,IF4041471243,33428132,A5A1L8MER - MERCERS MARINE EQUIPMENT LTD.,LSHP50287030,2026-07-10,2026-07-15,5,492,Outbound Shipment Materials,4.65,0.56,5.21
14946425,IF4041471243,33428132,A5A1L8MER - MERCERS MARINE EQUIPMENT LTD.,LSHP50287030,2026-07-10,2026-07-15,8,492,Outbound Freight,33.42,5.01,38.43
14946426,IF4041471244,33428133,A0G3A0BLU - BLUE RIDGE INC.,LSHP50287082,2026-07-10,2026-07-15,11,1523,Outbound Shipment Materials,11.08,1.33,12.41
14946426,IF4041471244,33428133,A0G3A0BLU - BLUE RIDGE INC.,LSHP50287082,2026-07-10,2026-07-15,32,1523,Outbound Freight,51.65,7.75,59.4
14946428,IF4041471246,33428135,V1R4C2JJS - JJS FASHIONS,LSHP50287086,2026-07-10,2026-07-15,4,512.5,Outbound Shipment Materials,4.06,0.48,4.54
14946428,IF4041471246,33428135,V1R4C2JJS - JJS FASHIONS,LSHP50287086,2026-07-10,2026-07-15,11,512.5,Outbound Freight,12.29,0.61,12.9
14946430,IF4041471248,33428137,V0R1K0XS - XS IV CHEMAINUS  BEYOND THE USUAL,LSHP50287015,2026-07-10,2026-07-15,4,412,Outbound Shipment Materials,4.06,0.48,4.54
14946430,IF4041471248,33428137,V0R1K0XS - XS IV CHEMAINUS  BEYOND THE USUAL,LSHP50287015,2026-07-10,2026-07-15,8,412,Outbound Freight,13.45,0.67,14.12
14946431,IF4041471249,33428138,L4G3H7ST - ST ANDREW'S COLLEGE,LSHP50287174,2026-07-10,2026-07-15,4,354,Outbound Shipment Materials,4.06,0.48,4.54
14946431,IF4041471249,33428138,L4G3H7ST - ST ANDREW'S COLLEGE,LSHP50287174,2026-07-10,2026-07-15,6,354,Outbound Freight,18.8,2.44,21.24
14946433,IF4041471251,33428140,N0H2G0MIK - MIKE GRAHAM dba THE CABANA,LSHP50287087,2026-07-10,2026-07-15,10,433.5,Outbound Freight,20.24,2.63,22.87
14946433,IF4041471251,33428140,N0H2G0MIK - MIKE GRAHAM dba THE CABANA,LSHP50287087,2026-07-10,2026-07-15,4,433.5,Outbound Shipment Materials,4.06,0.48,4.54
14946434,IF4041471252,33428142,V8A5K9ARM - ARMITAGE MENS WEAR,LSHP50287140,2026-07-10,2026-07-15,9,1262,Outbound Shipment Materials,9.3,1.12,10.42
14946434,IF4041471252,33428142,V8A5K9ARM - ARMITAGE MENS WEAR,LSHP50287140,2026-07-10,2026-07-15,32,1262,Outbound Freight,26.95,1.35,28.3
14946438,IF4041471256,33428144,N0A1N0THE - THE SURF SHOP,LSHP50287088,2026-07-10,2026-07-15,100,4881,Outbound Freight,71.61,9.31,80.92
14946438,IF4041471256,33428144,N0A1N0THE - THE SURF SHOP,LSHP50287088,2026-07-10,2026-07-15,27,4881,Outbound Shipment Materials,27.31,3.28,30.59
14946441,IF4041471260,33428148,V5J3G6CAN - CANADA GARDENWORKS LTD dba GARDENWORKS,LSHP50287150,2026-07-10,2026-07-15,17,2858,Outbound Shipment Materials,16.88,2.02,18.9
14946441,IF4041471260,33428148,V5J3G6CAN - CANADA GARDENWORKS LTD dba GARDENWORKS,LSHP50287150,2026-07-10,2026-07-15,72,2858,Outbound Freight,28.58,1.43,30.01
14946442,IF4041471262,33428149,R0C1B0HP - HP TERGESENS,LSHP50287143,2026-07-10,2026-07-15,18,1017,Outbound Freight,30.12,1.51,31.63
14946442,IF4041471262,33428149,R0C1B0HP - HP TERGESENS,LSHP50287143,2026-07-10,2026-07-15,9,1017,Outbound Shipment Materials,8.71,1.05,9.76
14946444,IF4041471264,33428153,R0C1B0HP - HP TERGESENS,LSHP50287154,2026-07-10,2026-07-15,4,343,Outbound Shipment Materials,4.06,0.48,4.54
14946444,IF4041471264,33428153,R0C1B0HP - HP TERGESENS,LSHP50287154,2026-07-10,2026-07-15,7,343,Outbound Freight,17.47,0.87,18.34
14946447,IF4041471267,33428151,V5J3G6CAN - CANADA GARDENWORKS LTD dba GARDENWORKS,LSHP50287246,2026-07-10,2026-07-15,46,8432,Outbound Shipment Materials,46.5,5.59,52.09
14946447,IF4041471267,33428151,V5J3G6CAN - CANADA GARDENWORKS LTD dba GARDENWORKS,LSHP50287246,2026-07-10,2026-07-15,178,8432,Outbound Freight,76.24,3.81,80.05
14946452,IF4041471273,33428160,V1E1B4HAR - HARTTY CLOTHING,LSHP50287310,2026-07-10,2026-07-15,61,2724,Outbound Freight,25.8,1.29,27.09
14946452,IF4041471273,33428160,V1E1B4HAR - HARTTY CLOTHING,LSHP50287310,2026-07-10,2026-07-15,14,2724,Outbound Shipment Materials,13.95,1.68,15.63
14946453,IF4041471282,33428166,V0J1Z0CHI - CHIAS DREAM CLOSET,LSHP50287315,2026-07-10,2026-07-15,9,1260,Outbound Shipment Materials,8.71,1.05,9.76
14946453,IF4041471282,33428166,V0J1Z0CHI - CHIAS DREAM CLOSET,LSHP50287315,2026-07-10,2026-07-15,25,1260,Outbound Freight,17.97,0.9,18.87
14946456,IF4041471285,33428169,V0G1R0TOU - TOUCH OF FASHION,LSHP50319242,2026-07-10,2026-07-15,16,724,Outbound Freight,14.16,0.71,14.87
14946456,IF4041471285,33428169,V0G1R0TOU - TOUCH OF FASHION,LSHP50319242,2026-07-10,2026-07-15,5,724,Outbound Shipment Materials,4.65,0.56,5.21
14946457,IF4041471286,33428170,V2A5A4FRE - FREE RIDE PENTICTON,LSHP50287173,2026-07-10,2026-07-15,5,220,Outbound Freight,10,0.5,10.5
14946457,IF4041471286,33428170,V2A5A4FRE - FREE RIDE PENTICTON,LSHP50287173,2026-07-10,2026-07-15,4,220,Outbound Shipment Materials,4.06,0.48,4.54
14946458,IF4041471287,33428171,V1Z4C9FRE - FREE RIDE,LSHP50319611,2026-07-10,2026-07-15,4,449,Outbound Shipment Materials,4.06,0.48,4.54
14946458,IF4041471287,33428171,V1Z4C9FRE - FREE RIDE,LSHP50319611,2026-07-10,2026-07-15,11,449,Outbound Freight,10,0.5,10.5
14946459,IF4041471288,33428172,T2E7V6THE - THE CALGARY ZOOLOGICAL SOCIETY,LSHP50318063,2026-07-10,2026-07-15,42,1910,Outbound Freight,30.21,1.51,31.72
14946459,IF4041471288,33428172,T2E7V6THE - THE CALGARY ZOOLOGICAL SOCIETY,LSHP50318063,2026-07-10,2026-07-15,14,1910,Outbound Shipment Materials,13.95,1.68,15.63
14946460,IF4041471289,33428173,V2A5A4FRE - FREE RIDE PENTICTON,LSHP50318416,2026-07-10,2026-07-15,5,618,Outbound Shipment Materials,4.65,0.56,5.21
14946460,IF4041471289,33428173,V2A5A4FRE - FREE RIDE PENTICTON,LSHP50318416,2026-07-10,2026-07-15,12,618,Outbound Freight,12.38,0.62,13
14946461,IF4041471290,33428174,N0H2C0682 - 682565 ONTARIO INC.,LSHP50318335,2026-07-10,2026-07-15,9,1735,Outbound Shipment Materials,9.3,1.12,10.42
14946461,IF4041471290,33428174,N0H2C0682 - 682565 ONTARIO INC.,LSHP50318335,2026-07-10,2026-07-15,35,1735,Outbound Freight,37.76,4.91,42.67
14946464,IF4041471293,33428175,N0H2C0682 - 682565 ONTARIO INC.,LSHP50318937,2026-07-10,2026-07-15,32,1408,Outbound Freight,37.24,4.84,42.08
14946464,IF4041471293,33428175,N0H2C0682 - 682565 ONTARIO INC.,LSHP50318937,2026-07-10,2026-07-15,9,1408,Outbound Shipment Materials,9.3,1.12,10.42
14946465,IF4041471294,33428178,J7K3B7LIL - LILY VOGUE,LSHP50319159,2026-07-10,2026-07-15,9,1064,Outbound Shipment Materials,8.71,1.05,9.76
14946465,IF4041471294,33428178,J7K3B7LIL - LILY VOGUE,LSHP50319159,2026-07-10,2026-07-15,21,1064,Outbound Freight,30.12,1.51,31.63
14946467,IF4041471296,33428180,V0A1H0TOP - TOP NOTCH,LSHP50326370,2026-07-10,2026-07-15,14,2193,Outbound Shipment Materials,13.95,1.68,15.63
14946467,IF4041471296,33428180,V0A1H0TOP - TOP NOTCH,LSHP50326370,2026-07-10,2026-07-15,47,2193,Outbound Freight,51.97,2.6,54.57
14946468,IF4041471298,33428183,T8V3B1THE - The Drop Rideshop,LSHP50375001,2026-07-10,2026-07-15,54,2691,Outbound Freight,41.25,2.06,43.31
14946468,IF4041471298,33428183,T8V3B1THE - The Drop Rideshop,LSHP50375001,2026-07-10,2026-07-15,18,2691,Outbound Shipment Materials,18.01,2.16,20.17
14946469,IF4041471299,33428185,T8V3B1THE - The Drop Rideshop,LSHP50374946,2026-07-10,2026-07-15,47,1928,Outbound Freight,37.27,1.86,39.13
14946469,IF4041471299,33428185,T8V3B1THE - The Drop Rideshop,LSHP50374946,2026-07-10,2026-07-15,16,1928,Outbound Shipment Materials,16.02,1.92,17.94
14946477,IF4041471307,33428193,V0X1W0WOR - WORK N PLAY CLOTHING CO,LSHP50326517,2026-07-10,2026-07-15,18,2488,Outbound Shipment Materials,18.3,2.2,20.5
14946477,IF4041471307,33428193,V0X1W0WOR - WORK N PLAY CLOTHING CO,LSHP50326517,2026-07-10,2026-07-15,56,2488,Outbound Freight,61.49,3.07,64.56
14946480,IF4041471310,33428194,V1T5H7KAL - KALECO,LSHP50326722,2026-07-10,2026-07-15,25,1265,Outbound Freight,18.35,0.92,19.27
14946480,IF4041471310,33428194,V1T5H7KAL - KALECO,LSHP50326722,2026-07-10,2026-07-15,9,1265,Outbound Shipment Materials,9.3,1.12,10.42
14946486,IF4041470305,33394678,V6B1B2MAK - MAKE GASTOWN,LSHP50381911,2026-07-10,2026-07-15,93,2797.5,Outbound Freight,26.42,1.32,27.74
14946486,IF4041470305,33394678,V6B1B2MAK - MAKE GASTOWN,LSHP50381911,2026-07-10,2026-07-15,17,2797.5,Outbound Shipment Materials,17.17,2.06,19.23
14946487,IF4041470304,33394675,V5L1Y9MAK - MAKE VANCOUVER FULFILLMENT CENTRE,LSHP50381951,2026-07-10,2026-07-15,26,4245,Outbound Shipment Materials,26.18,3.14,29.32
14946487,IF4041470304,33394675,V5L1Y9MAK - MAKE VANCOUVER FULFILLMENT CENTRE,LSHP50381951,2026-07-10,2026-07-15,139,4245,Outbound Freight,42.9,2.15,45.05
14946784,IF4041471344,33429230,S9V0A1BOA - BOARDOM,LSHP50326957,2026-07-10,2026-07-15,5,403,Outbound Shipment Materials,4.65,0.56,5.21
14946784,IF4041471344,33429230,S9V0A1BOA - BOARDOM,LSHP50326957,2026-07-10,2026-07-15,7,403,Outbound Freight,19.24,0.96,20.2
14946786,IF4041471345,33429231,S9V0T6HOT - HOT PEPPERS,LSHP50326880,2026-07-10,2026-07-15,5,664,Outbound Shipment Materials,4.65,0.56,5.21
14946786,IF4041471345,33429231,S9V0T6HOT - HOT PEPPERS,LSHP50326880,2026-07-10,2026-07-15,16,664,Outbound Freight,19.24,0.96,20.2
14946787,IF4041471348,33429234,T7E1T7JEN - JENSENS LIFESTYLE CLOTHING,LSHP50374824,2026-07-10,2026-07-15,26,1194,Outbound Freight,26.3,1.32,27.62
14946787,IF4041471348,33429234,T7E1T7JEN - JENSENS LIFESTYLE CLOTHING,LSHP50374824,2026-07-10,2026-07-15,10,1194,Outbound Shipment Materials,10.05,1.2,11.25
14946789,IF4041471350,33429236,T7P2J8A&M - A&M CLOTHING AND SHOES,LSHP50287175,2026-07-10,2026-07-15,4,210,Outbound Shipment Materials,4.06,0.48,4.54
14946789,IF4041471350,33429236,T7P2J8A&M - A&M CLOTHING AND SHOES,LSHP50287175,2026-07-10,2026-07-15,5,210,Outbound Freight,14.33,0.72,15.05
14946790,IF4041471351,33429237,T7P2J8A&M - A&M CLOTHING AND SHOES,LSHP50327228,2026-07-10,2026-07-15,9,1211,Outbound Shipment Materials,9.3,1.12,10.42
14946790,IF4041471351,33429237,T7P2J8A&M - A&M CLOTHING AND SHOES,LSHP50327228,2026-07-10,2026-07-15,24,1211,Outbound Freight,28.39,1.42,29.81
14946791,IF4041471352,33429238,T0A2C0FOU - FOUR SEASONS,LSHP50287176,2026-07-10,2026-07-15,5,245,Outbound Freight,14.33,0.72,15.05
14946791,IF4041471352,33429238,T0A2C0FOU - FOUR SEASONS,LSHP50287176,2026-07-10,2026-07-15,4,245,Outbound Shipment Materials,4.06,0.48,4.54
14946792,IF4041471353,33429239,J2S3J1BOU - BOUTIQUE MV dba M&V,LSHP50327059,2026-07-10,2026-07-15,28,1392,Outbound Freight,34.87,1.74,36.61
14946792,IF4041471353,33429239,J2S3J1BOU - BOUTIQUE MV dba M&V,LSHP50327059,2026-07-10,2026-07-15,11,1392,Outbound Shipment Materials,11.18,1.34,12.52
14946794,IF4041471355,33429241,G0A4B0BOU - BOUTIQUE POINT DE VUE,LSHP50327246,2026-07-10,2026-07-15,20,793,Outbound Freight,24.81,1.24,26.05
14946794,IF4041471355,33429241,G0A4B0BOU - BOUTIQUE POINT DE VUE,LSHP50327246,2026-07-10,2026-07-15,5,793,Outbound Shipment Materials,4.65,0.56,5.21
14946795,IF4041471356,33429242,T0L1E0WIL - WILSON MOUNTAIN SPORTS LTD.,LSHP50346372,2026-07-10,2026-07-15,9,1319,Outbound Shipment Materials,9.3,1.12,10.42
14946795,IF4041471356,33429242,T0L1E0WIL - WILSON MOUNTAIN SPORTS LTD.,LSHP50346372,2026-07-10,2026-07-15,31,1319,Outbound Freight,26.95,1.35,28.3
14946796,IF4041471358,33429243,T5V0A1 - LA DEE DAH,LSHP50341332,2026-07-10,2026-07-15,9,1097,Outbound Shipment Materials,9.3,1.12,10.42
14946796,IF4041471358,33429243,T5V0A1 - LA DEE DAH,LSHP50341332,2026-07-10,2026-07-15,23,1097,Outbound Freight,22.59,1.13,23.72
14946797,IF4041471360,33429245,V0J3A0CAL - CALIFORNIA DREAMIN,LSHP50342073,2026-07-10,2026-07-15,9,1422,Outbound Shipment Materials,9.3,1.12,10.42
14946797,IF4041471360,33429245,V0J3A0CAL - CALIFORNIA DREAMIN,LSHP50342073,2026-07-10,2026-07-15,33,1422,Outbound Freight,20.74,1.04,21.78
14946799,IF4041471361,33429247,T0L2H0KAN - KANANASKIS OUTFITTERS LTD,LSHP50287172,2026-07-10,2026-07-15,3,147,Outbound Freight,12.26,0.61,12.87
14946799,IF4041471361,33429247,T0L2H0KAN - KANANASKIS OUTFITTERS LTD,LSHP50287172,2026-07-10,2026-07-15,3,147,Outbound Shipment Materials,2.93,0.36,3.29
14946800,IF4041471363,33429246,V0B1M0EDG - EDGE OF THE WORLD BOARD SHOP,LSHP50352152,2026-07-10,2026-07-15,35,6069,Outbound Shipment Materials,35.48,4.25,39.73
14946800,IF4041471363,33429246,V0B1M0EDG - EDGE OF THE WORLD BOARD SHOP,LSHP50352152,2026-07-10,2026-07-15,138,6069,Outbound Freight,114.01,5.7,119.71
14946802,IF4041471365,33429250,S7N4L3UNI - UNIVERSITY OF SASKATCHEWAN - RETAIL SERV,LSHP50351660,2026-07-10,2026-07-15,37,6123,Outbound Shipment Materials,36.95,4.44,41.39
14946802,IF4041471365,33429250,S7N4L3UNI - UNIVERSITY OF SASKATCHEWAN - RETAIL SERV,LSHP50351660,2026-07-10,2026-07-15,157,6123,Outbound Freight,75.61,3.78,79.39
14946803,IF4041471366,33429251,T0A3A2ATH - ATHLETIC ALLEY MAGNET SHOES,LSHP50345075,2026-07-10,2026-07-15,5,661,Outbound Shipment Materials,4.65,0.56,5.21
14946803,IF4041471366,33429251,T0A3A2ATH - ATHLETIC ALLEY MAGNET SHOES,LSHP50345075,2026-07-10,2026-07-15,14,661,Outbound Freight,19.24,0.96,20.2
14946804,IF4041471367,33429252,T0A3A2ATH - ATHLETIC ALLEY MAGNET SHOES,LSHP50346562,2026-07-10,2026-07-15,5,713,Outbound Shipment Materials,4.65,0.56,5.21
14946804,IF4041471367,33429252,T0A3A2ATH - ATHLETIC ALLEY MAGNET SHOES,LSHP50346562,2026-07-10,2026-07-15,17,713,Outbound Freight,19.24,0.96,20.2
14946807,IF4041471370,33429255,T4V1N2THE - THE TRENDY WALRUS,LSHP50377259,2026-07-10,2026-07-15,23,3528,Outbound Shipment Materials,22.66,2.72,25.38
14946807,IF4041471370,33429255,T4V1N2THE - THE TRENDY WALRUS,LSHP50377259,2026-07-10,2026-07-15,72,3528,Outbound Freight,42.41,2.12,44.53
14946808,IF4041471371,33429256,T0C2L0JOH - JOHNS MENSWEAR,LSHP50352218,2026-07-10,2026-07-15,68,3055,Outbound Freight,44.23,2.21,46.44
14946808,IF4041471371,33429256,T0C2L0JOH - JOHNS MENSWEAR,LSHP50352218,2026-07-10,2026-07-15,19,3055,Outbound Shipment Materials,18.6,2.23,20.83
14946811,IF4041471378,33429363,V8L1X8SID - SIDNEY PIER AND PATH,LSHP50352551,2026-07-10,2026-07-15,33,6596,Outbound Shipment Materials,32.55,3.91,36.46
14946811,IF4041471378,33429363,V8L1X8SID - SIDNEY PIER AND PATH,LSHP50352551,2026-07-10,2026-07-15,124,6596,Outbound Freight,60.74,3.04,63.78
14952700,IF4041472306,33459892,T7P2J8A&M - A&M CLOTHING AND SHOES,LSHP50359651,2026-07-13,2026-07-15,4,381,Outbound Shipment Materials,4.06,0.48,4.54
14952700,IF4041472306,33459892,T7P2J8A&M - A&M CLOTHING AND SHOES,LSHP50359651,2026-07-13,2026-07-15,9,381,Outbound Freight,14.33,0.72,15.05
14952711,IF4041472302,33459888,K7V1R3SCO - SCOTT'S SHOE STORE,LSHP50359831,2026-07-13,2026-07-15,16,884,Outbound Freight,25.92,3.37,29.29
14952711,IF4041472302,33459888,K7V1R3SCO - SCOTT'S SHOE STORE,LSHP50359831,2026-07-13,2026-07-15,5,884,Outbound Shipment Materials,4.65,0.56,5.21
14952712,IF4041472300,33459887,R0C1B0HP - HP TERGESENS,LSHP50360365,2026-07-13,2026-07-15,23,1377,Outbound Freight,30.12,1.51,31.63
14952712,IF4041472300,33459887,R0C1B0HP - HP TERGESENS,LSHP50360365,2026-07-13,2026-07-15,9,1377,Outbound Shipment Materials,8.71,1.05,9.76
14952715,IF4041472299,33459886,T2K1J7CAL - CALGARY WINTER CLUB,LSHP50359754,2026-07-13,2026-07-15,10,665,Outbound Freight,14.96,0.75,15.71
14952715,IF4041472299,33459886,T2K1J7CAL - CALGARY WINTER CLUB,LSHP50359754,2026-07-13,2026-07-15,5,665,Outbound Shipment Materials,4.65,0.56,5.21
14952717,IF4041472298,33459885,J7K3B7LIL - LILY VOGUE,LSHP50360987,2026-07-13,2026-07-15,13,1785,Outbound Shipment Materials,13.36,1.61,14.97
14952717,IF4041472298,33459885,J7K3B7LIL - LILY VOGUE,LSHP50360987,2026-07-13,2026-07-15,35,1785,Outbound Freight,40.32,2.02,42.34
14952718,IF4041472297,33459884,L4G3H7ST - ST ANDREW'S COLLEGE,LSHP50359766,2026-07-13,2026-07-15,9,756,Outbound Freight,24.62,3.2,27.82
14952718,IF4041472297,33459884,L4G3H7ST - ST ANDREW'S COLLEGE,LSHP50359766,2026-07-13,2026-07-15,5,756,Outbound Shipment Materials,4.65,0.56,5.21
14952720,IF4041472295,33459883,T5V0A1 - LA DEE DAH,LSHP50360471,2026-07-13,2026-07-15,12,788,Outbound Freight,14.96,0.75,15.71
14952720,IF4041472295,33459883,T5V0A1 - LA DEE DAH,LSHP50360471,2026-07-13,2026-07-15,5,788,Outbound Shipment Materials,4.65,0.56,5.21
14952724,IF4041472291,33459780,G6P4A2SIG - SIGNE POUR LUI INC.,LSHP50360466,2026-07-13,2026-07-15,5,370,Outbound Freight,19.69,0.98,20.67
14952724,IF4041472291,33459780,G6P4A2SIG - SIGNE POUR LUI INC.,LSHP50360466,2026-07-13,2026-07-15,4,370,Outbound Shipment Materials,4.06,0.48,4.54
14952726,IF4041472290,33459779,A5A1L8MER - MERCERS MARINE EQUIPMENT LTD.,LSHP50359716,2026-07-13,2026-07-15,13,772,Outbound Freight,33.42,5.01,38.43
14952726,IF4041472290,33459779,A5A1L8MER - MERCERS MARINE EQUIPMENT LTD.,LSHP50359716,2026-07-13,2026-07-15,5,772,Outbound Shipment Materials,4.65,0.56,5.21
14952728,IF4041472283,33459577,V0J3A0CAL - CALIFORNIA DREAMIN,LSHP50359741,2026-07-13,2026-07-15,9,351,Outbound Freight,11.66,0.58,12.24
14952728,IF4041472283,33459577,V0J3A0CAL - CALIFORNIA DREAMIN,LSHP50359741,2026-07-13,2026-07-15,4,351,Outbound Shipment Materials,4.06,0.48,4.54
14952730,IF4041472288,33459778,V0B1M0EDG - EDGE OF THE WORLD BOARD SHOP,LSHP50380045,2026-07-13,2026-07-15,53,2402,Outbound Freight,59.62,2.98,62.6
14952730,IF4041472288,33459778,V0B1M0EDG - EDGE OF THE WORLD BOARD SHOP,LSHP50380045,2026-07-13,2026-07-15,18,2402,Outbound Shipment Materials,18.01,2.16,20.17
14952806,IF4041472247,33458871,J2G8K1SPO - Sports Experts 410,LSHP50361050,2026-07-13,2026-07-15,40,1905,Outbound Freight,36.99,1.85,38.84
14952806,IF4041472247,33458871,J2G8K1SPO - Sports Experts 410,LSHP50361050,2026-07-13,2026-07-15,9,1905,Outbound Shipment Materials,9.3,1.12,10.42
14952829,IF4041471759,33441450,V1Z4C9FRE - FREE RIDE,LSHP50360646,2026-07-13,2026-07-15,10,500,Outbound Freight,12.38,0.62,13
14952829,IF4041471759,33441450,V1Z4C9FRE - FREE RIDE,LSHP50360646,2026-07-13,2026-07-15,5,500,Outbound Shipment Materials,4.65,0.56,5.21
14952832,IF4041471758,33441449,R3J3Y6THE - THE NORTH WEST COMPANY LP,LSHP50389285,2026-07-13,2026-07-15,31,4641,Outbound Shipment Materials,30.96,3.72,34.68
14952832,IF4041471758,33441449,R3J3Y6THE - THE NORTH WEST COMPANY LP,LSHP50389285,2026-07-13,2026-07-15,126,4641,Outbound Freight,67.07,3.35,70.42
14971452,IF4041472366,33462062,V1G2C1GRI - GRIFFIN SOURCE FOR SPORTS,LSHP50360853,2026-07-13,2026-07-15,15,414.5,Outbound Freight,13.45,0.67,14.12
14971452,IF4041472366,33462062,V1G2C1GRI - GRIFFIN SOURCE FOR SPORTS,LSHP50360853,2026-07-13,2026-07-15,4,414.5,Outbound Shipment Materials,4.06,0.48,4.54
14971454,IF4041472394,33463040,V0A1K0THE - THE INSIDE EDGE SPORTS STORE LTD,LSHP50360883,2026-07-13,2026-07-15,8,1134.5,Outbound Shipment Materials,7.58,0.91,8.49
14971454,IF4041472394,33463040,V0A1K0THE - THE INSIDE EDGE SPORTS STORE LTD,LSHP50360883,2026-07-13,2026-07-15,36,1134.5,Outbound Freight,16.64,0.83,17.47
14971456,IF4041471292,33428177,V0A1K0THE - THE INSIDE EDGE SPORTS STORE LTD,LSHP50375819,2026-07-13,2026-07-15,9,371,Outbound Freight,11.66,0.58,12.24
14971456,IF4041471292,33428177,V0A1K0THE - THE INSIDE EDGE SPORTS STORE LTD,LSHP50375819,2026-07-13,2026-07-15,4,371,Outbound Shipment Materials,4.06,0.48,4.54
14977557,IF4041472509,33466787,V2A5A4FRE - FREE RIDE PENTICTON,LSHP50387679,2026-07-14,2026-07-15,5,520,Outbound Shipment Materials,4.65,0.56,5.21
14977557,IF4041472509,33466787,V2A5A4FRE - FREE RIDE PENTICTON,LSHP50387679,2026-07-14,2026-07-15,10,520,Outbound Freight,12.38,0.62,13
14977560,IF4041472689,33474140,N0H2C0682 - 682565 ONTARIO INC.,LSHP50387446,2026-07-14,2026-07-15,10,1231,Outbound Shipment Materials,9.8,1.18,10.98
14977560,IF4041472689,33474140,N0H2C0682 - 682565 ONTARIO INC.,LSHP50387446,2026-07-14,2026-07-15,19,1231,Outbound Freight,34.93,4.54,39.47
14902743,IF4041466690,33259264,V1C3R3GER - GERICK SPORTS,1Z2VW7552098802404,2026-06-30,2026-07-15,5,771,Outbound Shipment Materials,4.65,0.56,5.21
14902743,IF4041466690,33259264,V1C3R3GER - GERICK SPORTS,1Z2VW7552098802404,2026-06-30,2026-07-15,17,771,Outbound Freight,19.71,0.99,20.7
14902744,IF4041466691,33259265,V1C3R3GER - GERICK SPORTS,1Z2VW7552095333819,2026-06-30,2026-07-15,7,1383,Outbound Shipment Materials,7.38,0.89,8.27
14902744,IF4041466691,33259265,V1C3R3GER - GERICK SPORTS,1Z2VW7552095333819,2026-06-30,2026-07-15,46,1383,Outbound Freight,24.86,1.24,26.1
14905203,IF4041468389,33328350,T2E7V6THE - THE CALGARY ZOOLOGICAL SOCIETY,1Z2VW7552090650959,2026-06-30,2026-07-15,26,4952,Outbound Shipment Materials,26.01,3.12,29.13
14905203,IF4041468389,33328350,T2E7V6THE - THE CALGARY ZOOLOGICAL SOCIETY,1Z2VW7552090650959,2026-06-30,2026-07-15,177,4952,Outbound Freight,40.75,2.04,42.79
14905223,IF4041468418,33328480,V8A5K9ARM - ARMITAGE MENS WEAR,1Z2VW7552099842851,2026-06-30,2026-07-15,18,3554,Outbound Shipment Materials,18.3,2.2,20.5
14905223,IF4041468418,33328480,V8A5K9ARM - ARMITAGE MENS WEAR,1Z2VW7552099842851,2026-06-30,2026-07-15,105,3554,Outbound Freight,38.18,1.91,40.09
14905226,IF4041468421,33328482,B3B1S1CLE - CLEVE'S SOURCE FOR SPORTS,1Z2VW7552099455341,2026-06-30,2026-07-15,160,5492,Outbound Freight,64.9,9.09,73.99
14905226,IF4041468421,33328482,B3B1S1CLE - CLEVE'S SOURCE FOR SPORTS,1Z2VW7552099455341,2026-06-30,2026-07-15,24,5492,Outbound Shipment Materials,24.15,2.9,27.05
14905233,IF4041468428,33328490,H7L5Z6A/S - A/S Les Boutiques Tremblant,1Z2VW7552092137902,2026-06-30,2026-07-15,126,2430,Outbound Freight,28.28,1.41,29.69
14905233,IF4041468428,33328490,H7L5Z6A/S - A/S Les Boutiques Tremblant,1Z2VW7552092137902,2026-06-30,2026-07-15,11,2430,Outbound Shipment Materials,11.18,1.34,12.52
14941194,IF4041470527,33404268,K0K2T0THE - THE MERCHANT,1Z2VW7552099484033,2026-07-08,2026-07-15,13,2250.5,Outbound Shipment Materials,13.36,1.61,14.97
14941194,IF4041470527,33404268,K0K2T0THE - THE MERCHANT,1Z2VW7552099484033,2026-07-08,2026-07-15,73,2250.5,Outbound Freight,42.73,5.55,48.28
14941195,IF4041470529,33404270,T2K1J7CAL - CALGARY WINTER CLUB,1Z2VW7552096547953,2026-07-08,2026-07-15,48,2762,Outbound Freight,33.22,1.66,34.88
14941195,IF4041470529,33404270,T2K1J7CAL - CALGARY WINTER CLUB,1Z2VW7552096547953,2026-07-08,2026-07-15,16,2762,Outbound Shipment Materials,16.23,1.95,18.18
14941209,IF4041470587,33405288,J6A5N4SPO - SPORTS EXPERTS 529,1Z2VW7552099182976,2026-07-08,2026-07-15,42,1849.5,Outbound Freight,34.88,1.74,36.62
14941209,IF4041470587,33405288,J6A5N4SPO - SPORTS EXPERTS 529,1Z2VW7552099182976,2026-07-08,2026-07-15,9,1849.5,Outbound Shipment Materials,9.3,1.12,10.42
14941216,IF4041470606,33405301,J4Y0A5QUA - Quartier Dix-30,1Z2VW7552098445210,2026-07-08,2026-07-15,23,3657,Outbound Shipment Materials,23.14,2.78,25.92
14941216,IF4041470606,33405301,J4Y0A5QUA - Quartier Dix-30,1Z2VW7552098445210,2026-07-08,2026-07-15,102,3657,Outbound Freight,48.96,2.45,51.41
14946394,IF4041471208,33428000,H7L5Z6A/S - A/S Les Boutiques Tremblant,1Z2VW7552096194790,2026-07-10,2026-07-15,7,960,Outbound Shipment Materials,7.12,0.86,7.98
14946394,IF4041471208,33428000,H7L5Z6A/S - A/S Les Boutiques Tremblant,1Z2VW7552096194790,2026-07-10,2026-07-15,48,960,Outbound Freight,23.98,1.2,25.18
14946396,IF4041471210,33428101,H7L5Z6A/S - A/S Les Boutiques Tremblant,1Z2VW7552099052008,2026-07-10,2026-07-15,72,3768,Outbound Freight,48.96,2.45,51.41
14946396,IF4041471210,33428101,H7L5Z6A/S - A/S Les Boutiques Tremblant,1Z2VW7552099052008,2026-07-10,2026-07-15,22,3768,Outbound Shipment Materials,21.5,2.59,24.09
14946404,IF4041471222,33428110,G6P4A2SIG - SIGNE POUR LUI INC.,1Z2VW7552098982845,2026-07-10,2026-07-15,18,912,Outbound Freight,29.19,1.46,30.65
14946404,IF4041471222,33428110,G6P4A2SIG - SIGNE POUR LUI INC.,1Z2VW7552098982845,2026-07-10,2026-07-15,9,912,Outbound Shipment Materials,8.71,1.05,9.76
14946406,IF4041471224,33428113,T2K1J7CAL - CALGARY WINTER CLUB,1Z2VW7552091475156,2026-07-10,2026-07-15,3,132,Outbound Freight,10.78,0.54,11.32
14946406,IF4041471224,33428113,T2K1J7CAL - CALGARY WINTER CLUB,1Z2VW7552091475156,2026-07-10,2026-07-15,3,132,Outbound Shipment Materials,2.93,0.36,3.29
14946423,IF4041471241,33428130,B5A1E7EVE - EVERY BLOOMIN THING,1Z2VW7552094222762,2026-07-10,2026-07-15,9,1294,Outbound Shipment Materials,9.3,1.12,10.42
14946423,IF4041471241,33428130,B5A1E7EVE - EVERY BLOOMIN THING,1Z2VW7552094222762,2026-07-10,2026-07-15,26,1294,Outbound Freight,38.5,5.39,43.89
14946427,IF4041471245,33428134,G0C2B0RHE - RHEAL PITRE A FILS LTEE,1Z2VW7552096645463,2026-07-10,2026-07-15,51,2344,Outbound Freight,66.18,3.31,69.49
14946427,IF4041471245,33428134,G0C2B0RHE - RHEAL PITRE A FILS LTEE,1Z2VW7552096645463,2026-07-10,2026-07-15,14,2344,Outbound Shipment Materials,13.95,1.68,15.63
14946432,IF4041471250,33428139,L4G3H7ST - ST ANDREW'S COLLEGE,1Z2VW7552097166121,2026-07-10,2026-07-15,36,1989,Outbound Freight,36.49,4.74,41.23
14946432,IF4041471250,33428139,L4G3H7ST - ST ANDREW'S COLLEGE,1Z2VW7552097166121,2026-07-10,2026-07-15,13,1989,Outbound Shipment Materials,13.36,1.61,14.97
14946435,IF4041471253,33428141,A5A1L8MER - MERCERS MARINE EQUIPMENT LTD.,1Z2VW7552095494155,2026-07-10,2026-07-15,77,3762,Outbound Freight,83.07,12.46,95.53
14946435,IF4041471253,33428141,A5A1L8MER - MERCERS MARINE EQUIPMENT LTD.,1Z2VW7552095494155,2026-07-10,2026-07-15,22,3762,Outbound Shipment Materials,21.5,2.59,24.09
14946436,IF4041471254,33428143,K7V1R3SCO - SCOTT'S SHOE STORE,1Z2VW7552098825890,2026-07-10,2026-07-15,53,2657,Outbound Freight,42.87,5.57,48.44
14946436,IF4041471254,33428143,K7V1R3SCO - SCOTT'S SHOE STORE,1Z2VW7552098825890,2026-07-10,2026-07-15,14,2657,Outbound Shipment Materials,13.95,1.68,15.63
14946449,IF4041471269,33428155,N4N1N9DEN - DENIM BAR,1Z2VW7552091462982,2026-07-10,2026-07-15,9,1910,Outbound Shipment Materials,9.3,1.12,10.42
14946449,IF4041471269,33428155,N4N1N9DEN - DENIM BAR,1Z2VW7552091462982,2026-07-10,2026-07-15,40,1910,Outbound Freight,29.44,3.83,33.27
14946451,IF4041471271,33428157,P5N2W8MOO - MOONBEAM COUNTRY STORE,1Z2VW7552096676993,2026-07-10,2026-07-15,73,3468,Outbound Freight,71.78,9.33,81.11
14946451,IF4041471271,33428157,P5N2W8MOO - MOONBEAM COUNTRY STORE,1Z2VW7552096676993,2026-07-10,2026-07-15,19,3468,Outbound Shipment Materials,18.6,2.23,20.83
14857446,IF4041465636,33206068,V8B0G8VAL - VALHALLA PURE SQUAMISH,4.00747E+15,2026-06-17,2026-07-15,33,742.5,Outbound Freight,10.69,0.53,11.22
14857446,IF4041465636,33206068,V8B0G8VAL - VALHALLA PURE SQUAMISH,4.00747E+15,2026-06-17,2026-07-15,4,742.5,Outbound Shipment Materials,4.06,0.48,4.54
14902709,IF4041466382,33250385,T7E1T7JEN - JENSENS LIFESTYLE CLOTHING,5.20652E+11,2026-06-30,2026-07-15,12,2116,Outbound Shipment Materials,12.23,1.47,13.7
14902709,IF4041466382,33250385,T7E1T7JEN - JENSENS LIFESTYLE CLOTHING,5.20652E+11,2026-06-30,2026-07-15,77,2116,Outbound Freight,37.16,1.86,39.02
14902720,IF4041466378,33250381,V1N2M9MAL - MALLARDS SOURCE FOR SPORTS,5.20649E+11,2026-06-30,2026-07-15,5,1224,Outbound Shipment Materials,4.65,0.56,5.21
14902720,IF4041466378,33250381,V1N2M9MAL - MALLARDS SOURCE FOR SPORTS,5.20649E+11,2026-06-30,2026-07-15,1,1224,Outbound Freight,1.25,0.06,1.31
14902722,IF4041466373,33250376,A5A1L8MER - MERCERS MARINE EQUIPMENT LTD.,4.00747E+15,2026-06-30,2026-07-15,2,45,Outbound Shipment Materials,1.78,0.21,1.99
14902722,IF4041466373,33250376,A5A1L8MER - MERCERS MARINE EQUIPMENT LTD.,4.00747E+15,2026-06-30,2026-07-15,2,45,Outbound Freight,21,3.15,24.15
14902738,IF4041466685,33259259,S9A3W6FF2 - FF2,5.20649E+11,2026-06-30,2026-07-15,30,754.5,Outbound Freight,19.74,0.99,20.73
14902738,IF4041466685,33259259,S9A3W6FF2 - FF2,5.20649E+11,2026-06-30,2026-07-15,8,754.5,Outbound Shipment Materials,7.64,0.91,8.55
14902739,IF4041466686,33259260,S9A3W6FF2 - FF2,5.20649E+11,2026-06-30,2026-07-15,29,737,Outbound Freight,21.25,1.06,22.31
14902739,IF4041466686,33259260,S9A3W6FF2 - FF2,5.20649E+11,2026-06-30,2026-07-15,11,737,Outbound Shipment Materials,10.92,1.31,12.23
14902746,IF4041466694,33259368,V1T9H2WEA - WEARABOUTS - VERNON,4.00747E+15,2026-06-30,2026-07-15,50,1125,Outbound Freight,9.34,0.47,9.81
14902746,IF4041466694,33259368,V1T9H2WEA - WEARABOUTS - VERNON,4.00747E+15,2026-06-30,2026-07-15,4,1125,Outbound Shipment Materials,4.06,0.48,4.54
14902748,IF4041466696,33259370,V9Y8E9LAC - LACE IT UP aka JAYS MENS WEAR,4.00747E+15,2026-06-30,2026-07-15,4,90,Outbound Freight,8.13,0.41,8.54
14902748,IF4041466696,33259370,V9Y8E9LAC - LACE IT UP aka JAYS MENS WEAR,4.00747E+15,2026-06-30,2026-07-15,2,90,Outbound Shipment Materials,1.78,0.21,1.99
14905204,IF4041468390,33328351,V2G4T6CAR - CARIBOU SKI SOURCE FOR SPORTS,5.20651E+11,2026-06-30,2026-07-15,112,2982,Outbound Freight,32.42,1.62,34.04
14905204,IF4041468390,33328351,V2G4T6CAR - CARIBOU SKI SOURCE FOR SPORTS,5.20651E+11,2026-06-30,2026-07-15,12,2982,Outbound Shipment Materials,11.77,1.41,13.18
14913501,IF4041468493,33329999,J2S3J1BOU - BOUTIQUE MV dba M&V,3.82477E+11,2026-07-02,2026-07-15,74,2685,Outbound Freight,38.75,1.94,40.69
14913501,IF4041468493,33329999,J2S3J1BOU - BOUTIQUE MV dba M&V,3.82477E+11,2026-07-02,2026-07-15,12,2685,Outbound Shipment Materials,11.77,1.41,13.18
14913513,IF4041468487,33329993,R9A1L3KLE - KLEEN ALL THE PAS,5.2062E+11,2026-07-02,2026-07-15,67,2562,Outbound Freight,53.38,2.67,56.05
14913513,IF4041468487,33329993,R9A1L3KLE - KLEEN ALL THE PAS,5.2062E+11,2026-07-02,2026-07-15,14,2562,Outbound Shipment Materials,13.95,1.68,15.63
14913514,IF4041468485,33329991,V9K1S7COV - COVET BOUTIQUE,4.00747E+15,2026-07-02,2026-07-15,5,1021,Outbound Shipment Materials,4.65,0.56,5.21
14913514,IF4041468485,33329991,V9K1S7COV - COVET BOUTIQUE,4.00747E+15,2026-07-02,2026-07-15,25,1021,Outbound Freight,13.93,0.7,14.63
14913515,IF4041468516,33330022,V0R1X0NOR - NORTH ROAD SPORTS,4.00747E+15,2026-07-02,2026-07-15,9,1936,Outbound Shipment Materials,8.71,1.05,9.76
14913515,IF4041468516,33330022,V0R1X0NOR - NORTH ROAD SPORTS,4.00747E+15,2026-07-02,2026-07-15,78,1936,Outbound Freight,58.45,2.92,61.37
14913517,IF4041468491,33329997,V2J2M5PEA - PEARLS FASHION,5.2062E+11,2026-07-02,2026-07-15,5,1543.5,Outbound Shipment Materials,4.65,0.56,5.21
14913517,IF4041468491,33329997,V2J2M5PEA - PEARLS FASHION,5.2062E+11,2026-07-02,2026-07-15,54,1543.5,Outbound Freight,17.35,0.87,18.22
14913519,IF4041468470,33329878,V0N2J2ALL - ALLISON TAYLOR dba INIS TRADING CO,8.7405E+11,2026-07-02,2026-07-15,12,2461,Outbound Shipment Materials,12.23,1.47,13.7
14913519,IF4041468470,33329878,V0N2J2ALL - ALLISON TAYLOR dba INIS TRADING CO,8.7405E+11,2026-07-02,2026-07-15,90,2461,Outbound Freight,48.2,2.41,50.61
14913525,IF4041468497,33330003,R1A1V2KEY - KEYSTONE SOURCE FOR SPORTS,5.20622E+11,2026-07-02,2026-07-15,10,1137,Outbound Shipment Materials,10.05,1.2,11.25
14913525,IF4041468497,33330003,R1A1V2KEY - KEYSTONE SOURCE FOR SPORTS,5.20622E+11,2026-07-02,2026-07-15,25,1137,Outbound Freight,26.85,1.34,28.19
14913528,IF4041468472,33329880,J7K3B7LIL - LILY VOGUE,4.00747E+15,2026-07-02,2026-07-15,3,581,Outbound Shipment Materials,2.93,0.36,3.29
14913528,IF4041468472,33329880,J7K3B7LIL - LILY VOGUE,4.00747E+15,2026-07-02,2026-07-15,14,581,Outbound Freight,14.91,0.75,15.66
14913532,IF4041468484,33329990,V1T5H7KAL - KALECO,4.00747E+15,2026-07-02,2026-07-15,21,644,Outbound Freight,9.19,0.46,9.65
14913532,IF4041468484,33329990,V1T5H7KAL - KALECO,4.00747E+15,2026-07-02,2026-07-15,4,644,Outbound Shipment Materials,4.06,0.48,4.54
14913538,IF4041468494,33330000,T0A2C0FOU - FOUR SEASONS,5.20622E+11,2026-07-02,2026-07-15,2,216,Outbound Shipment Materials,1.78,0.21,1.99
14913538,IF4041468494,33330000,T0A2C0FOU - FOUR SEASONS,5.20622E+11,2026-07-02,2026-07-15,12,216,Outbound Freight,12.69,0.63,13.32
14939328,IF4041469232,33352064,Y1A2B4COA - COAST MOUNTAIN - Sports Experts #770,4.00747E+15,2026-07-08,2026-07-15,6,294,Outbound Freight,28.31,1.42,29.73
14939328,IF4041469232,33352064,Y1A2B4COA - COAST MOUNTAIN - Sports Experts #770,4.00747E+15,2026-07-08,2026-07-15,3,294,Outbound Shipment Materials,2.93,0.36,3.29
14941198,IF4041470533,33404273,A2H2N2GEO - GEORGES MOUNTAIN VILLAGE,8.74338E+11,2026-07-08,2026-07-15,19,3469,Outbound Shipment Materials,19.16,2.3,21.46
14941198,IF4041470533,33404273,A2H2N2GEO - GEORGES MOUNTAIN VILLAGE,8.74338E+11,2026-07-08,2026-07-15,72,3469,Outbound Freight,67.04,10.06,77.1
14941199,IF4041470577,33405278,J7R4Z3SPO - SPORTS EXPERTS - ATMOSPHERE,4.00747E+15,2026-07-08,2026-07-15,3,60,Outbound Shipment Materials,2.79,0.34,3.13
14941199,IF4041470577,33405278,J7R4Z3SPO - SPORTS EXPERTS - ATMOSPHERE,4.00747E+15,2026-07-08,2026-07-15,3,60,Outbound Freight,13.51,0.68,14.19
14941201,IF4041470579,33405280,J9X6H7SPO - SPORTS EXPERTS,8.74424E+11,2026-07-08,2026-07-15,7,413,Outbound Freight,27.27,1.36,28.63
14941201,IF4041470579,33405280,J9X6H7SPO - SPORTS EXPERTS,8.74424E+11,2026-07-08,2026-07-15,3,413,Outbound Shipment Materials,2.93,0.36,3.29
14941205,IF4041470583,33405284,H8N1X1SPO - SPORTS EXPERTS - ATMOSPHERE,5.20652E+11,2026-07-08,2026-07-15,18,852,Outbound Freight,21.76,1.09,22.85
14941205,IF4041470583,33405284,H8N1X1SPO - SPORTS EXPERTS - ATMOSPHERE,5.20652E+11,2026-07-08,2026-07-15,5,852,Outbound Shipment Materials,4.65,0.56,5.21
14941207,IF4041470585,33405286,H7P6C8SPO - SPORTS EXPERTS 3398,4.00747E+15,2026-07-08,2026-07-15,3,157,Outbound Shipment Materials,2.79,0.34,3.13
14941207,IF4041470585,33405286,H7P6C8SPO - SPORTS EXPERTS 3398,4.00747E+15,2026-07-08,2026-07-15,3,157,Outbound Freight,13.51,0.68,14.19
14941212,IF4041470594,33405291,E3V1T9SPO - SPORTS EXPERTS,8.74431E+11,2026-07-08,2026-07-15,16,2116,Outbound Shipment Materials,16.42,1.97,18.39
14941212,IF4041470594,33405291,E3V1T9SPO - SPORTS EXPERTS,8.74431E+11,2026-07-08,2026-07-15,66,2116,Outbound Freight,58.58,8.79,67.37
14941213,IF4041470595,33405292,G0C1E0SPO - SPORTS EXPERTS 674,8.74426E+11,2026-07-08,2026-07-15,9,2344.5,Outbound Shipment Materials,9.3,1.12,10.42
14941213,IF4041470595,33405292,G0C1E0SPO - SPORTS EXPERTS 674,8.74426E+11,2026-07-08,2026-07-15,64,2344.5,Outbound Freight,44.69,2.23,46.92
14941214,IF4041470596,33405293,J9A0C7PLA - Plateau des Grives,5.20652E+11,2026-07-08,2026-07-15,28,1412,Outbound Freight,28.51,1.43,29.94
14941214,IF4041470596,33405293,J9A0C7PLA - Plateau des Grives,5.20652E+11,2026-07-08,2026-07-15,9,1412,Outbound Shipment Materials,8.71,1.05,9.76
14941215,IF4041470597,33405294,J9T4B2SPO - SPORTS EXPERTS,8.74431E+11,2026-07-08,2026-07-15,57,1777.5,Outbound Freight,44.7,2.24,46.94
14941215,IF4041470597,33405294,J9T4B2SPO - SPORTS EXPERTS,8.74431E+11,2026-07-08,2026-07-15,9,1777.5,Outbound Shipment Materials,9.3,1.12,10.42
14946393,IF4041470958,33417477,S9A025ELE - ELEVEN65 CLOTHING CO,5.20646E+11,2026-07-10,2026-07-15,73,1854.5,Outbound Freight,27.8,1.39,29.19
14946393,IF4041470958,33417477,S9A025ELE - ELEVEN65 CLOTHING CO,5.20646E+11,2026-07-10,2026-07-15,8,1854.5,Outbound Shipment Materials,7.55,0.91,8.46
14946395,IF4041471209,33428102,V3Z1G6ART - ART KNAPP SURREY,4.00747E+15,2026-07-10,2026-07-15,11,509,Outbound Freight,9.87,0.49,10.36
14946395,IF4041471209,33428102,V3Z1G6ART - ART KNAPP SURREY,4.00747E+15,2026-07-10,2026-07-15,4,509,Outbound Shipment Materials,4.06,0.48,4.54
14946397,IF4041471212,33428103,K7G1E8STE - STEEL STYLE GARAGE,4.00747E+15,2026-07-10,2026-07-15,4,156,Outbound Freight,14.91,1.94,16.85
14946397,IF4041471212,33428103,K7G1E8STE - STEEL STYLE GARAGE,4.00747E+15,2026-07-10,2026-07-15,3,156,Outbound Shipment Materials,2.93,0.36,3.29
14946402,IF4041471219,33428109,V7M2J5NOR - NORTH SHORE SKI AND BOARD,4.00747E+15,2026-07-10,2026-07-15,4,392,Outbound Shipment Materials,4.06,0.48,4.54
14946402,IF4041471219,33428109,V7M2J5NOR - NORTH SHORE SKI AND BOARD,4.00747E+15,2026-07-10,2026-07-15,8,392,Outbound Freight,9.87,0.49,10.36
14946403,IF4041471221,33428111,V7M2J5NOR - NORTH SHORE SKI AND BOARD,4.00747E+15,2026-07-10,2026-07-15,8,312,Outbound Freight,9.87,0.49,10.36
14946403,IF4041471221,33428111,V7M2J5NOR - NORTH SHORE SKI AND BOARD,4.00747E+15,2026-07-10,2026-07-15,4,312,Outbound Shipment Materials,4.06,0.48,4.54
14946405,IF4041471223,33428112,R9A1S4FUN - FUNKY THREADZ,5.20646E+11,2026-07-10,2026-07-15,11,599,Outbound Freight,27.27,1.36,28.63
14946405,IF4041471223,33428112,R9A1S4FUN - FUNKY THREADZ,5.20646E+11,2026-07-10,2026-07-15,5,599,Outbound Shipment Materials,4.65,0.56,5.21
14946414,IF4041471232,33428121,V8J1P2HOM - HOMEWORK,4.00747E+15,2026-07-10,2026-07-15,4,80,Outbound Freight,10.25,0.51,10.76
14946414,IF4041471232,33428121,V8J1P2HOM - HOMEWORK,4.00747E+15,2026-07-10,2026-07-15,2,80,Outbound Shipment Materials,1.78,0.21,1.99
14946418,IF4041471236,33428125,V9Y8E9LAC - LACE IT UP aka JAYS MENS WEAR,4.00747E+15,2026-07-10,2026-07-15,4,220,Outbound Shipment Materials,4.06,0.48,4.54
14946418,IF4041471236,33428125,V9Y8E9LAC - LACE IT UP aka JAYS MENS WEAR,4.00747E+15,2026-07-10,2026-07-15,5,220,Outbound Freight,11.67,0.58,12.25
14946419,IF4041471237,33428126,B0W2Z0LA - LA CACHETTE,4.00747E+15,2026-07-10,2026-07-15,4,176,Outbound Freight,20.63,2.89,23.52
14946419,IF4041471237,33428126,B0W2Z0LA - LA CACHETTE,4.00747E+15,2026-07-10,2026-07-15,3,176,Outbound Shipment Materials,2.93,0.36,3.29
14946420,IF4041471238,33428127,N0M1T0ARC - ARCHIES SURF SHOP,8.74336E+11,2026-07-10,2026-07-15,28,1522,Outbound Freight,43.05,5.28,48.33
14946420,IF4041471238,33428127,N0M1T0ARC - ARCHIES SURF SHOP,8.74336E+11,2026-07-10,2026-07-15,12,1522,Outbound Shipment Materials,11.61,1.39,13
14946424,IF4041471242,33428131,B0E1N0CAP - CAPER GYM AND FITNESS INC dba THE CENTRA,8.74263E+11,2026-07-10,2026-07-15,5,699,Outbound Shipment Materials,4.65,0.56,5.21
14946424,IF4041471242,33428131,B0E1N0CAP - CAPER GYM AND FITNESS INC dba THE CENTRA,8.74263E+11,2026-07-10,2026-07-15,23,699,Outbound Freight,43.41,6.08,49.49
14946429,IF4041471247,33428136,V1T9H2WEA - WEARABOUTS - VERNON,4.00747E+15,2026-07-10,2026-07-15,3,176,Outbound Shipment Materials,2.93,0.36,3.29
14946429,IF4041471247,33428136,V1T9H2WEA - WEARABOUTS - VERNON,4.00747E+15,2026-07-10,2026-07-15,4,176,Outbound Freight,6.25,0.31,6.56
14946437,IF4041471255,33428145,V0H1H0CRE - CREATIVE CUSTOM EMBROIDERY dba WORK N PL,5.20651E+11,2026-07-10,2026-07-15,5,585,Outbound Shipment Materials,4.65,0.56,5.21
14946437,IF4041471255,33428145,V0H1H0CRE - CREATIVE CUSTOM EMBROIDERY dba WORK N PL,5.20651E+11,2026-07-10,2026-07-15,15,585,Outbound Freight,24.63,1.23,25.86
14946439,IF4041471257,33428146,E3V3S9JES - JESSOMES SOURCE FOR SPORTS,5.20652E+11,2026-07-10,2026-07-15,9,1365,Outbound Shipment Materials,8.71,1.05,9.76
14946439,IF4041471257,33428146,E3V3S9JES - JESSOMES SOURCE FOR SPORTS,5.20652E+11,2026-07-10,2026-07-15,2,1365,Outbound Freight,2.5,0.13,2.63
14946440,IF4041471259,33428147,P9A1H4MCT - MCTAGGARTS SOURCE FOR SPORTS,5.20652E+11,2026-07-10,2026-07-15,26,3136,Outbound Shipment Materials,26.18,3.14,29.32
14946440,IF4041471259,33428147,P9A1H4MCT - MCTAGGARTS SOURCE FOR SPORTS,5.20652E+11,2026-07-10,2026-07-15,6,3136,Outbound Freight,11.5,0.58,12.08
14946443,IF4041471263,33428152,V1C3R3GER - GERICK SPORTS,4.00747E+15,2026-07-10,2026-07-15,6,279,Outbound Freight,14.84,0.74,15.58
14946443,IF4041471263,33428152,V1C3R3GER - GERICK SPORTS,4.00747E+15,2026-07-10,2026-07-15,4,279,Outbound Shipment Materials,4.06,0.48,4.54
14946445,IF4041471265,33428154,V1C3R3GER - GERICK SPORTS,5.20646E+11,2026-07-10,2026-07-15,8,899,Outbound Shipment Materials,7.58,0.91,8.49
14946445,IF4041471265,33428154,V1C3R3GER - GERICK SPORTS,5.20646E+11,2026-07-10,2026-07-15,16,899,Outbound Freight,23.89,1.19,25.08
14946446,IF4041471266,33428150,P9A1H4MCT - MCTAGGARTS SOURCE FOR SPORTS,5.20652E+11,2026-07-10,2026-07-15,40,4635,Outbound Shipment Materials,39.97,4.8,44.77
14946446,IF4041471266,33428150,P9A1H4MCT - MCTAGGARTS SOURCE FOR SPORTS,5.20652E+11,2026-07-10,2026-07-15,10,4635,Outbound Freight,16.5,0.83,17.33
14946448,IF4041471268,33428156,P5N2W8MOO - MOONBEAM COUNTRY STORE,4.00747E+15,2026-07-10,2026-07-15,5,1042,Outbound Shipment Materials,4.65,0.56,5.21
14946448,IF4041471268,33428156,P5N2W8MOO - MOONBEAM COUNTRY STORE,4.00747E+15,2026-07-10,2026-07-15,23,1042,Outbound Freight,33.13,4.31,37.44
14946450,IF4041471270,33428158,P5N2W8MOO - MOONBEAM COUNTRY STORE,4.00747E+15,2026-07-10,2026-07-15,17,748,Outbound Freight,33.13,4.31,37.44
14946450,IF4041471270,33428158,P5N2W8MOO - MOONBEAM COUNTRY STORE,4.00747E+15,2026-07-10,2026-07-15,5,748,Outbound Shipment Materials,4.65,0.56,5.21
14946454,IF4041471283,33428167,V5J3G6CAN - CANADA GARDENWORKS LTD dba GARDENWORKS,4.00747E+15,2026-07-10,2026-07-15,6,264,Outbound Freight,7.9,0.4,8.3
14946454,IF4041471283,33428167,V5J3G6CAN - CANADA GARDENWORKS LTD dba GARDENWORKS,4.00747E+15,2026-07-10,2026-07-15,3,264,Outbound Shipment Materials,2.93,0.36,3.29
14946455,IF4041471284,33428168,B0E1N0CAP - CAPER GYM AND FITNESS INC dba THE CENTRA,8.74265E+11,2026-07-10,2026-07-15,4,352,Outbound Shipment Materials,4.06,0.48,4.54
14946455,IF4041471284,33428168,B0E1N0CAP - CAPER GYM AND FITNESS INC dba THE CENTRA,8.74265E+11,2026-07-10,2026-07-15,8,352,Outbound Freight,35.59,4.98,40.57
14946462,IF4041471291,33428176,T7A1S4254 - 2545501 Alberta Ltd. dba Eigthy Eight Cl,4.00747E+15,2026-07-10,2026-07-15,3,156,Outbound Shipment Materials,2.79,0.34,3.13
14946462,IF4041471291,33428176,T7A1S4254 - 2545501 Alberta Ltd. dba Eigthy Eight Cl,4.00747E+15,2026-07-10,2026-07-15,4,156,Outbound Freight,12.5,0.63,13.13
14946466,IF4041471295,33428179,V2G4T6CAR - CARIBOU SKI SOURCE FOR SPORTS,5.20652E+11,2026-07-10,2026-07-15,4,391,Outbound Shipment Materials,4.06,0.48,4.54
14946466,IF4041471295,33428179,V2G4T6CAR - CARIBOU SKI SOURCE FOR SPORTS,5.20652E+11,2026-07-10,2026-07-15,1,391,Outbound Freight,5.25,0.26,5.51
14946470,IF4041471300,33428186,V1K1B8WOR - WORK N PLAY CLOTHING CO,5.20649E+11,2026-07-10,2026-07-15,25,1055,Outbound Freight,28.63,1.43,30.06
14946470,IF4041471300,33428186,V1K1B8WOR - WORK N PLAY CLOTHING CO,5.20649E+11,2026-07-10,2026-07-15,10,1055,Outbound Shipment Materials,10.05,1.2,11.25
14946471,IF4041471301,33428188,G4T1E3QUI - QUINCAILLERIE TURBO INC,4.00747E+15,2026-07-10,2026-07-15,6,254,Outbound Freight,39.76,1.99,41.75
14946471,IF4041471301,33428188,G4T1E3QUI - QUINCAILLERIE TURBO INC,4.00747E+15,2026-07-10,2026-07-15,3,254,Outbound Shipment Materials,2.93,0.36,3.29
14946472,IF4041471302,33428187,G4T1E3QUI - QUINCAILLERIE TURBO INC,4.00747E+15,2026-07-10,2026-07-15,22,864,Outbound Freight,69.33,3.47,72.8
14946472,IF4041471302,33428187,G4T1E3QUI - QUINCAILLERIE TURBO INC,4.00747E+15,2026-07-10,2026-07-15,7,864,Outbound Shipment Materials,7.12,0.86,7.98
14946473,IF4041471303,33428189,V9W8C9SPI - SPINNERS SPORTS CAMPBELL RIVER,5.20652E+11,2026-07-10,2026-07-15,4,220,Outbound Shipment Materials,4.06,0.48,4.54
14946473,IF4041471303,33428189,V9W8C9SPI - SPINNERS SPORTS CAMPBELL RIVER,5.20652E+11,2026-07-10,2026-07-15,1,220,Outbound Freight,1.25,0.06,1.31
14946474,IF4041471304,33428190,R9A1L3KLE - KLEEN ALL THE PAS,5.20649E+11,2026-07-10,2026-07-15,29,1271,Outbound Freight,39.04,1.95,40.99
14946474,IF4041471304,33428190,R9A1L3KLE - KLEEN ALL THE PAS,5.20649E+11,2026-07-10,2026-07-15,9,1271,Outbound Shipment Materials,9.3,1.12,10.42
14946475,IF4041471305,33428191,V9W8C9SPI - SPINNERS SPORTS CAMPBELL RIVER,5.20652E+11,2026-07-10,2026-07-15,7,1236.5,Outbound Shipment Materials,7.12,0.86,7.98
14946475,IF4041471305,33428191,V9W8C9SPI - SPINNERS SPORTS CAMPBELL RIVER,5.20652E+11,2026-07-10,2026-07-15,1,1236.5,Outbound Freight,1.25,0.06,1.31
14946481,IF4041471311,33428197,V9K1S7COV - COVET BOUTIQUE,4.00747E+15,2026-07-10,2026-07-15,7,957,Outbound Shipment Materials,7.12,0.86,7.98
14946481,IF4041471311,33428197,V9K1S7COV - COVET BOUTIQUE,4.00747E+15,2026-07-10,2026-07-15,18,957,Outbound Freight,15.53,0.78,16.31
14946483,IF4041471313,33428200,R7N1J2507 - 5077070 MANITOBA LTD. dba PARKLAND SOURC,5.20649E+11,2026-07-10,2026-07-15,28,1212,Outbound Freight,39.04,1.95,40.99
14946483,IF4041471313,33428200,R7N1J2507 - 5077070 MANITOBA LTD. dba PARKLAND SOURC,5.20649E+11,2026-07-10,2026-07-15,9,1212,Outbound Shipment Materials,9.3,1.12,10.42
14946484,IF4041471314,33428199,V0N2J2ALL - ALLISON TAYLOR dba INIS TRADING CO,8.74343E+11,2026-07-10,2026-07-15,14,1771,Outbound Shipment Materials,14.24,1.71,15.95
14946484,IF4041471314,33428199,V0N2J2ALL - ALLISON TAYLOR dba INIS TRADING CO,8.74343E+11,2026-07-10,2026-07-15,39,1771,Outbound Freight,35.7,1.79,37.49
14946485,IF4041471315,33428201,T0H2H0LA - LA CRETE SOURCE FOR SPORTS,5.20652E+11,2026-07-10,2026-07-15,31,4107,Outbound Shipment Materials,30.83,3.7,34.53
14946485,IF4041471315,33428201,T0H2H0LA - LA CRETE SOURCE FOR SPORTS,5.20652E+11,2026-07-10,2026-07-15,7,4107,Outbound Freight,8.75,0.44,9.19
14946785,IF4041471346,33429232,J2S3J1BOU - BOUTIQUE MV dba M&V,4.00747E+15,2026-07-10,2026-07-15,3,167,Outbound Shipment Materials,2.93,0.36,3.29
14946785,IF4041471346,33429232,J2S3J1BOU - BOUTIQUE MV dba M&V,4.00747E+15,2026-07-10,2026-07-15,3,167,Outbound Freight,14.91,0.75,15.66
14946788,IF4041471349,33429235,V2J2M5PEA - PEARLS FASHION,5.20649E+11,2026-07-10,2026-07-15,4,523,Outbound Shipment Materials,4.06,0.48,4.54
14946788,IF4041471349,33429235,V2J2M5PEA - PEARLS FASHION,5.20649E+11,2026-07-10,2026-07-15,12,523,Outbound Freight,14.96,0.75,15.71
14946793,IF4041471354,33429240,T1R1A042 - 42 STREET,4.00747E+15,2026-07-10,2026-07-15,15,680,Outbound Freight,20.78,1.04,21.82
14946793,IF4041471354,33429240,T1R1A042 - 42 STREET,4.00747E+15,2026-07-10,2026-07-15,5,680,Outbound Shipment Materials,4.65,0.56,5.21
14946798,IF4041471362,33429248,R1A1V2KEY - KEYSTONE SOURCE FOR SPORTS,5.2065E+11,2026-07-10,2026-07-15,13,507,Outbound Freight,21.25,1.06,22.31
14946798,IF4041471362,33429248,R1A1V2KEY - KEYSTONE SOURCE FOR SPORTS,5.2065E+11,2026-07-10,2026-07-15,5,507,Outbound Shipment Materials,4.65,0.56,5.21
14946806,IF4041471369,33429254,S0J3G0BOU - BOUTIQUE NORTH,4.00747E+15,2026-07-10,2026-07-15,8,925,Outbound Shipment Materials,7.58,0.91,8.49
14946806,IF4041471369,33429254,S0J3G0BOU - BOUTIQUE NORTH,4.00747E+15,2026-07-10,2026-07-15,24,925,Outbound Freight,50.58,2.53,53.11
14952697,IF4041472308,33459893,V9K1S7COV - COVET BOUTIQUE,4.00747E+15,2026-07-13,2026-07-15,5,420,Outbound Shipment Materials,4.65,0.56,5.21
14952697,IF4041472308,33459893,V9K1S7COV - COVET BOUTIQUE,4.00747E+15,2026-07-13,2026-07-15,5,420,Outbound Freight,13.88,0.69,14.57
14952703,IF4041472305,33459891,R1A1V2KEY - KEYSTONE SOURCE FOR SPORTS,5.20651E+11,2026-07-13,2026-07-15,8,845,Outbound Shipment Materials,7.58,0.91,8.49
14952703,IF4041472305,33459891,R1A1V2KEY - KEYSTONE SOURCE FOR SPORTS,5.20651E+11,2026-07-13,2026-07-15,15,845,Outbound Freight,24.49,1.22,25.71
14952706,IF4041472304,33459890,V1T5H7KAL - KALECO,4.00747E+15,2026-07-13,2026-07-15,4,156,Outbound Freight,6.23,0.31,6.54
14952706,IF4041472304,33459890,V1T5H7KAL - KALECO,4.00747E+15,2026-07-13,2026-07-15,3,156,Outbound Shipment Materials,2.93,0.36,3.29
14952708,IF4041472303,33459889,V9Y8E9LAC - LACE IT UP aka JAYS MENS WEAR,4.00747E+15,2026-07-13,2026-07-15,4,176,Outbound Freight,8.85,0.44,9.29
14952708,IF4041472303,33459889,V9Y8E9LAC - LACE IT UP aka JAYS MENS WEAR,4.00747E+15,2026-07-13,2026-07-15,3,176,Outbound Shipment Materials,2.93,0.36,3.29
14952721,IF4041472292,33459781,T7P2J8A&M - A&M CLOTHING AND SHOES,4.00747E+15,2026-07-13,2026-07-15,3,132,Outbound Shipment Materials,2.93,0.36,3.29
14952721,IF4041472292,33459781,T7P2J8A&M - A&M CLOTHING AND SHOES,4.00747E+15,2026-07-13,2026-07-15,3,132,Outbound Freight,13.05,0.65,13.7
14952771,IF4041472262,33458945,J4Y0A5QUA - Quartier Dix-30,5.20651E+11,2026-07-13,2026-07-15,44,2061,Outbound Freight,34.08,1.7,35.78
14952771,IF4041472262,33458945,J4Y0A5QUA - Quartier Dix-30,5.20651E+11,2026-07-13,2026-07-15,9,2061,Outbound Shipment Materials,9.3,1.12,10.42
14952835,IF4041471440,33430928,V0N2E0MAT - MATTIE GILDENHUY,4.00747E+15,2026-07-13,2026-07-15,20,960,Outbound Freight,21.75,1.09,22.84
14952835,IF4041471440,33430928,V0N2E0MAT - MATTIE GILDENHUY,4.00747E+15,2026-07-13,2026-07-15,5,960,Outbound Shipment Materials,4.65,0.56,5.21
14955693,IF4041471227,Consolidated Shipment,G3A0P5LAT - LATULIPPE DISTRIBUTION CENTER,5.20652E+11,2026-07-13,2026-07-15,18,2709,Outbound Shipment Materials,18.01,2.16,20.17
14955693,IF4041471227,Consolidated Shipment,G3A0P5LAT - LATULIPPE DISTRIBUTION CENTER,5.20652E+11,2026-07-13,2026-07-15,3,2709,Outbound Freight,17,0.85,17.85
14977547,IF4041472660,33473816,K7L1B5TRA - TRAILHEAD KINGSTON,4.00747E+15,2026-07-14,2026-07-15,3,627.9,Outbound Shipment Materials,2.93,0.36,3.29
14977547,IF4041472660,33473816,K7L1B5TRA - TRAILHEAD KINGSTON,4.00747E+15,2026-07-14,2026-07-15,23,627.9,Outbound Freight,15.23,1.98,17.21
14977552,IF4041472503,33466004,P5N2W8MOO - MOONBEAM COUNTRY STORE,4.00747E+15,2026-07-14,2026-07-15,10,715,Outbound Freight,33.01,4.29,37.3
14977552,IF4041472503,33466004,P5N2W8MOO - MOONBEAM COUNTRY STORE,4.00747E+15,2026-07-14,2026-07-15,5,715,Outbound Shipment Materials,4.65,0.56,5.21
14977554,IF4041472499,33466000,H7L5Z6A/S - A/S Les Boutiques Tremblant,5.20653E+11,2026-07-14,2026-07-15,5,588,Outbound Shipment Materials,4.65,0.56,5.21
14977554,IF4041472499,33466000,H7L5Z6A/S - A/S Les Boutiques Tremblant,5.20653E+11,2026-07-14,2026-07-15,12,588,Outbound Freight,21.76,1.09,22.85
Work Order,Client Ref 1,Client Ref 2,Parent Document,PO Number,,,,,Service,,,
3948831,BigSteel Box,,,,2026-07-13,2026-06-30,1,0,Recoverable Materials,277.87,33.34,311.21
3944116,,,,,2026-07-01,2026-07-01,1,0,Administration Fee,250,12.5,262.5
3944117,,,,,2026-07-01,2026-07-01,1,0,Systems Maintenance,500,25,525
3943680,IF4041467530,33290127,742287,742287,2026-06-30,2026-07-02,2,0,Tagging,82.69,4.13,86.82
3943753,IF4041467532,33290129,742285,742285,2026-06-30,2026-07-02,2,0,Tagging,94.5,4.73,99.23
3943753,IF4041467532,33290129,742285,742285,2026-06-30,2026-07-02,4,0,Shop Supplies,0.96,0.05,1.01
3943671,IF4041467529,33290126,742286,742286,2026-06-30,2026-07-02,1,0,Tagging,47.25,2.36,49.61
3943687,IF4041468140,33317078,742288,742288,2026-06-30,2026-07-02,1,0,Tagging,39.22,1.96,41.18
3943912,IF4041467531,33290128,742291,742291,2026-06-30,2026-07-02,2,0,Tagging,82.69,4.13,86.82
3944853,IF4041467533,33290130,741828,741828,2026-07-02,2026-07-02,13,0,Tagging,614.25,30.71,644.96
3944857,,,,,2026-07-02,2026-07-02,0,0,Tagging,8.03,0.4,8.43
3944897,CC 07-02-2026,,,,2026-07-02,2026-07-02,2,0,Cycle Count,106.31,5.32,111.63
3944443,IF4041467533,33290130,741828,741828,2026-07-02,2026-07-03,35,0,Shop Supplies,8.4,0.42,8.82
3944443,IF4041467533,33290130,741828,741828,2026-07-02,2026-07-03,6,0,Tagging,283.5,14.18,297.68
3945195,,,,,2026-07-03,2026-07-03,0,0,Tagging,2.36,0.12,2.48
3940561,IF4041466375,33250378,R16115,R16115,2026-06-23,2026-07-03,0,0,Warehouse Labour,22.21,1.11,23.32
3945215,REC# 1054571,Transfer Order - 2,,,2026-07-03,2026-07-04,1,0,Warehouse Labour,59.06,2.95,62.01
3945550,Overtime Hours,2007-04-26,,,2026-07-04,2026-07-04,124,0,Overtime,2941.94,147.1,3089.04
3945629,Warehouse labour,7.4.26,,,2026-07-04,2026-07-04,16,0,Warehouse Labour,756,37.8,793.8
3945467,PO04763,32399780,,,2026-07-04,2026-07-05,20,0,Repackaging,3.6,0.18,3.78
3946302,CC 07-06-2026,,,,2026-07-06,2026-07-06,1,0,Cycle Count,47.25,2.36,49.61
3946957,CC 07-07-2026,,,,2026-07-07,2026-07-07,2,0,Cycle Count,94.5,4.73,99.23
3946922,PO04735,31604623,474600,474600,2026-07-07,2026-07-07,0,0,Tagging,2.36,0.12,2.48
3946898,PO04763,32399780,475022,475022,2026-07-07,2026-07-07,0,0,Tagging,23.63,1.18,24.81
3947176,Boxes Used,,,,2026-07-08,2026-07-08,1,0,Shop Supplies,265.45,13.27,278.72
3947303,Inbound Auditing,,,,2026-07-08,2026-07-08,32,0,Warehouse Labour,1535.63,76.78,1612.41
3947411,CC 07-08-2026,,,,2026-07-08,2026-07-08,6,0,Cycle Count,259.88,12.99,272.87
3947622,IF4041467533,33290130,741828,741828,2026-07-09,2026-07-09,6,0,Vendor Compliance,283.5,14.18,297.68
3947796,CC 07-09-2026,,,,2026-07-09,2026-07-09,6,0,Cycle Count,283.5,14.18,297.68
3945098,IF4041469240,33352753,206936,206936,2026-07-03,2026-07-09,11,0,Warehouse Labour,519.75,25.99,545.74
3947828,Transfer Order 2,87105190 - Warehouse Sale Transfer,,,2026-07-09,2026-07-09,20,0,Warehouse Labour,945,47.25,992.25
3948104,Tagging,,,,2026-07-10,2026-07-10,0,0,Warehouse Labour,11.81,0.59,12.4
3948225,CC 07-10-2026,,,,2026-07-10,2026-07-10,4,0,Cycle Count,212.63,10.63,223.26
3948279,PO04729,31604617,475007,475007,2026-07-10,2026-07-10,0,0,Tagging,23.63,1.18,24.81
3947782,IF4041470686,33406929,SLI-085806,SLI-085806,2026-07-09,2026-07-10,0,0,Tagging,15.59,0.78,16.37
3948294,IF4041470686,33406929,SLI-085806,SLI-085806,2026-07-10,2026-07-10,28,0,Shop Supplies,0.28,0.01,0.29
3948294,IF4041470686,33406929,SLI-085806,SLI-085806,2026-07-10,2026-07-10,1,0,Warehouse Labour,47.25,2.36,49.61
3947785,IF4041470689,33406932,SLI-085813,SLI-085813,2026-07-09,2026-07-10,0,0,Tagging,15.59,0.78,16.37
3948296,IF4041470689,33406932,SLI-085813,SLI-085813,2026-07-10,2026-07-10,1,0,Warehouse Labour,47.25,2.36,49.61
3948296,IF4041470689,33406932,SLI-085813,SLI-085813,2026-07-10,2026-07-10,28,0,Shop Supplies,0.28,0.01,0.29
3947786,IF4041470690,33406933,SLI-085791,SLI-085791,2026-07-09,2026-07-11,0,0,Tagging,13.23,0.66,13.89
3948361,IF4041470690,33406933,SLI-085791,SLI-085791,2026-07-11,2026-07-11,28,0,Shop Supplies,0.28,0.01,0.29
3948361,IF4041470690,33406933,SLI-085791,SLI-085791,2026-07-11,2026-07-11,1,0,Warehouse Labour,47.25,2.36,49.61
3948362,IF4041470669,33406912,SLI-085825,SLI-085825,2026-07-11,2026-07-11,14,0,Shop Supplies,0.14,0.01,0.15
3948362,IF4041470669,33406912,SLI-085825,SLI-085825,2026-07-11,2026-07-11,1,0,Warehouse Labour,47.25,2.36,49.61
3948363,IF4041470681,33406924,SLI-085828,SLI-085828,2026-07-11,2026-07-11,1,0,Warehouse Labour,47.25,2.36,49.61
3948363,IF4041470681,33406924,SLI-085828,SLI-085828,2026-07-11,2026-07-11,14,0,Shop Supplies,0.14,0.01,0.15
3948364,IF4041470679,33406922,SLI-085829,SLI-085829,2026-07-11,2026-07-11,14,0,Shop Supplies,0.14,0.01,0.15
3948364,IF4041470679,33406922,SLI-085829,SLI-085829,2026-07-11,2026-07-11,1,0,Warehouse Labour,47.25,2.36,49.61
3948365,IF4041470678,33406921,SLI-085833,SLI-085833,2026-07-11,2026-07-11,14,0,Shop Supplies,0.14,0.01,0.15
3948365,IF4041470678,33406921,SLI-085833,SLI-085833,2026-07-11,2026-07-11,1,0,Warehouse Labour,47.25,2.36,49.61
3948366,IF4041470676,33406919,SLI-085831,SLI-085831,2026-07-11,2026-07-11,14,0,Shop Supplies,0.14,0.01,0.15
3948366,IF4041470676,33406919,SLI-085831,SLI-085831,2026-07-11,2026-07-11,1,0,Warehouse Labour,47.25,2.36,49.61
3948367,IF4041470688,33406931,SLI-085826,SLI-085826,2026-07-11,2026-07-11,1,0,Warehouse Labour,47.25,2.36,49.61
3948367,IF4041470688,33406931,SLI-085826,SLI-085826,2026-07-11,2026-07-11,10,0,Shop Supplies,0.1,0.01,0.11
3948368,IF4041470687,33406930,SLI-085773,SLI-085773,2026-07-11,2026-07-11,1,0,Warehouse Labour,47.25,2.36,49.61
3948368,IF4041470687,33406930,SLI-085773,SLI-085773,2026-07-11,2026-07-11,70,0,Shop Supplies,0.7,0.04,0.74
3948369,IF4041470683,33406926,SLI-085839,SLI-085839,2026-07-11,2026-07-11,18,0,Shop Supplies,0.18,0.01,0.19
3948369,IF4041470683,33406926,SLI-085839,SLI-085839,2026-07-11,2026-07-11,1,0,Warehouse Labour,47.25,2.36,49.61
3948370,IF4041470682,33406925,SLI-085848,SLI-085848,2026-07-11,2026-07-11,18,0,Shop Supplies,0.18,0.01,0.19
3948370,IF4041470682,33406925,SLI-085848,SLI-085848,2026-07-11,2026-07-11,1,0,Warehouse Labour,47.25,2.36,49.61
3948371,IF4041470674,33406917,SLI-085842,SLI-085842,2026-07-11,2026-07-11,1,0,Warehouse Labour,47.25,2.36,49.61
3948371,IF4041470674,33406917,SLI-085842,SLI-085842,2026-07-11,2026-07-11,18,0,Shop Supplies,0.18,0.01,0.19
3948372,IF4041470670,33406913,SLI-085847,SLI-085847,2026-07-11,2026-07-11,1,0,Warehouse Labour,47.25,2.36,49.61
3948372,IF4041470670,33406913,SLI-085847,SLI-085847,2026-07-11,2026-07-11,18,0,Shop Supplies,0.18,0.01,0.19
3948374,IF4041470685,33406928,SLI-085849,SLI-085849,2026-07-11,2026-07-11,1,0,Warehouse Labour,47.25,2.36,49.61
3948374,IF4041470685,33406928,SLI-085849,SLI-085849,2026-07-11,2026-07-11,18,0,Shop Supplies,0.18,0.01,0.19
3948375,IF4041470677,33406920,SLI-085840,SLI-085840,2026-07-11,2026-07-11,18,0,Shop Supplies,0.18,0.01,0.19
3948375,IF4041470677,33406920,SLI-085840,SLI-085840,2026-07-11,2026-07-11,1,0,Warehouse Labour,47.25,2.36,49.61
3948376,IF4041470680,33406923,SLI-085819,SLI-085819,2026-07-11,2026-07-11,1,0,Warehouse Labour,47.25,2.36,49.61
3948376,IF4041470680,33406923,SLI-085819,SLI-085819,2026-07-11,2026-07-11,28,0,Shop Supplies,0.28,0.01,0.29
3948377,IF4041470675,33406918,SLI-085802,SLI-085802,2026-07-11,2026-07-11,28,0,Shop Supplies,0.28,0.01,0.29
3948377,IF4041470675,33406918,SLI-085802,SLI-085802,2026-07-11,2026-07-11,1,0,Warehouse Labour,47.25,2.36,49.61
3948378,IF4041470673,33406916,SLI-085770,SLI-085770,2026-07-11,2026-07-11,140,0,Shop Supplies,1.4,0.07,1.47
3948378,IF4041470673,33406916,SLI-085770,SLI-085770,2026-07-11,2026-07-11,1,0,Warehouse Labour,47.25,2.36,49.61
3948379,IF4041470672,33406914,SLI-085793,SLI-085793,2026-07-11,2026-07-11,20,0,Shop Supplies,0.2,0.01,0.21
3948379,IF4041470672,33406914,SLI-085793,SLI-085793,2026-07-11,2026-07-11,1,0,Warehouse Labour,47.25,2.36,49.61
3948380,IF4041470684,33406927,SLI-085817,SLI-085817,2026-07-11,2026-07-11,20,0,Shop Supplies,0.2,0.01,0.21
3948380,IF4041470684,33406927,SLI-085817,SLI-085817,2026-07-11,2026-07-11,1,0,Warehouse Labour,47.25,2.36,49.61
3948401,IF4041470691,33406934,SLI-085846,SLI-085846,2026-07-11,2026-07-11,1,0,Warehouse Labour,47.25,2.36,49.61
3948401,IF4041470691,33406934,SLI-085846,SLI-085846,2026-07-11,2026-07-11,18,0,Shop Supplies,0.18,0.01,0.19
3948402,IF4041470692,33406935,SLI-085832,SLI-085832,2026-07-11,2026-07-11,1,0,Warehouse Labour,47.25,2.36,49.61
3948402,IF4041470692,33406935,SLI-085832,SLI-085832,2026-07-11,2026-07-11,14,0,Shop Supplies,0.14,0.01,0.15
3948426,IF4041470502,33403864,188306,188306,2026-07-11,2026-07-11,110,0,Shop Supplies,1.1,0.06,1.16
3948426,IF4041470502,33403864,188306,188306,2026-07-11,2026-07-11,2,0,Warehouse Labour,94.5,4.73,99.23
3948439,Tagging,7.11.26,,,2026-07-11,2026-07-11,0,0,Tagging,1.42,0.07,1.49
3948440,Overtime Billing,07/11/2026,,,2026-07-11,2026-07-11,125,0,Overtime,2953.75,147.69,3101.44
3948744,IF4041470693,33406936,SLI-085835,SLI-085835,2026-07-13,2026-07-13,14,0,Shop Supplies,0.14,0.01,0.15
3948744,IF4041470693,33406936,SLI-085835,SLI-085835,2026-07-13,2026-07-13,1,0,Warehouse Labour,47.25,2.36,49.61
3948745,IF4041470694,33406937,SLI-085844,SLI-085844,2026-07-13,2026-07-13,1,0,Warehouse Labour,47.25,2.36,49.61
3948745,IF4041470694,33406937,SLI-085844,SLI-085844,2026-07-13,2026-07-13,18,0,Shop Supplies,0.18,0.01,0.19
3948746,IF4041470695,33406938,SLI-085837,SLI-085837,2026-07-13,2026-07-13,14,0,Shop Supplies,0.14,0.01,0.15
3948746,IF4041470695,33406938,SLI-085837,SLI-085837,2026-07-13,2026-07-13,1,0,Warehouse Labour,47.25,2.36,49.61
3948748,IF4041470696,33406939,SLI-085836,SLI-085836,2026-07-13,2026-07-13,10,0,Shop Supplies,0.1,0.01,0.11
3948748,IF4041470696,33406939,SLI-085836,SLI-085836,2026-07-13,2026-07-13,1,0,Warehouse Labour,47.25,2.36,49.61
3948749,IF4041470697,33406940,SLI-085776,SLI-085776,2026-07-13,2026-07-13,80,0,Shop Supplies,0.8,0.04,0.84
3948749,IF4041470697,33406940,SLI-085776,SLI-085776,2026-07-13,2026-07-13,1,0,Warehouse Labour,47.25,2.36,49.61
3948752,IF4041470698,33406941,SLI-085799,SLI-085799,2026-07-13,2026-07-13,28,0,Shop Supplies,0.28,0.01,0.29
3948752,IF4041470698,33406941,SLI-085799,SLI-085799,2026-07-13,2026-07-13,1,0,Warehouse Labour,47.25,2.36,49.61
3948754,IF4041470699,33406942,SLI-085838,SLI-085838,2026-07-13,2026-07-13,1,0,Warehouse Labour,47.25,2.36,49.61
3948754,IF4041470699,33406942,SLI-085838,SLI-085838,2026-07-13,2026-07-13,18,0,Shop Supplies,0.18,0.01,0.19
3948758,IF4041470700,33406943,SLI-085850,SLI-085850,2026-07-13,2026-07-13,18,0,Shop Supplies,0.18,0.01,0.19
3948758,IF4041470700,33406943,SLI-085850,SLI-085850,2026-07-13,2026-07-13,1,0,Warehouse Labour,47.25,2.36,49.61
3948760,IF4041470701,33406944,SLI-085788,SLI-085788,2026-07-13,2026-07-13,1,0,Warehouse Labour,47.25,2.36,49.61
3948760,IF4041470701,33406944,SLI-085788,SLI-085788,2026-07-13,2026-07-13,18,0,Shop Supplies,0.18,0.01,0.19
3948761,IF4041470702,33406945,SLI-085830,SLI-085830,2026-07-13,2026-07-13,14,0,Shop Supplies,0.14,0.01,0.15
3948761,IF4041470702,33406945,SLI-085830,SLI-085830,2026-07-13,2026-07-13,1,0,Warehouse Labour,47.25,2.36,49.61
3948763,IF4041470703,33406946,SLI-085834,SLI-085834,2026-07-13,2026-07-13,1,0,Warehouse Labour,47.25,2.36,49.61
3948763,IF4041470703,33406946,SLI-085834,SLI-085834,2026-07-13,2026-07-13,14,0,Shop Supplies,0.14,0.01,0.15
3948765,IF4041470704,33406947,SLI-085841,SLI-085841,2026-07-13,2026-07-13,18,0,Shop Supplies,0.18,0.01,0.19
3948765,IF4041470704,33406947,SLI-085841,SLI-085841,2026-07-13,2026-07-13,1,0,Warehouse Labour,47.25,2.36,49.61
3948766,IF4041470705,33406948,SLI-085800,SLI-085800,2026-07-13,2026-07-13,1,0,Warehouse Labour,47.25,2.36,49.61
3948766,IF4041470705,33406948,SLI-085800,SLI-085800,2026-07-13,2026-07-13,28,0,Shop Supplies,0.28,0.01,0.29
3948770,IF4041470706,33406949,SLI-085812,SLI-085812,2026-07-13,2026-07-13,28,0,Shop Supplies,0.28,0.01,0.29
3948770,IF4041470706,33406949,SLI-085812,SLI-085812,2026-07-13,2026-07-13,1,0,Warehouse Labour,47.25,2.36,49.61
3948773,IF4041470707,33406950,SLI-085796,SLI-085796,2026-07-13,2026-07-13,1,0,Warehouse Labour,47.25,2.36,49.61
3948773,IF4041470707,33406950,SLI-085796,SLI-085796,2026-07-13,2026-07-13,28,0,Shop Supplies,0.28,0.01,0.29
3948782,IF4041470708,33406951,SLI-085843,SLI-085843,2026-07-13,2026-07-13,18,0,Shop Supplies,0.18,0.01,0.19
3948782,IF4041470708,33406951,SLI-085843,SLI-085843,2026-07-13,2026-07-13,1,0,Warehouse Labour,47.25,2.36,49.61
3948784,IF4041470709,33406952,SLI-085801,SLI-085801,2026-07-13,2026-07-13,28,0,Shop Supplies,0.28,0.01,0.29
3948784,IF4041470709,33406952,SLI-085801,SLI-085801,2026-07-13,2026-07-13,1,0,Warehouse Labour,47.25,2.36,49.61
3948785,IF4041470710,33406953,SLI-085851,SLI-085851,2026-07-13,2026-07-13,18,0,Shop Supplies,0.18,0.01,0.19
3948785,IF4041470710,33406953,SLI-085851,SLI-085851,2026-07-13,2026-07-13,1,0,Warehouse Labour,47.25,2.36,49.61
3948786,IF4041470711,33406954,SLI-085794,SLI-085794,2026-07-13,2026-07-13,28,0,Shop Supplies,0.28,0.01,0.29
3948786,IF4041470711,33406954,SLI-085794,SLI-085794,2026-07-13,2026-07-13,1,0,Warehouse Labour,47.25,2.36,49.61
3948788,IF4041470712,33406955,SLI-085824,SLI-085824,2026-07-13,2026-07-13,14,0,Shop Supplies,0.14,0.01,0.15
3948788,IF4041470712,33406955,SLI-085824,SLI-085824,2026-07-13,2026-07-13,1,0,Warehouse Labour,47.25,2.36,49.61
3948792,IF4041470713,33406956,SLI-085827,SLI-085827,2026-07-13,2026-07-13,1,0,Warehouse Labour,47.25,2.36,49.61
3948792,IF4041470713,33406956,SLI-085827,SLI-085827,2026-07-13,2026-07-13,14,0,Shop Supplies,0.14,0.01,0.15
3947759,IF4041470684,33406927,SLI-085817,SLI-085817,2026-07-09,2026-07-13,0,0,Tagging,5.67,0.28,5.95
3947747,IF4041470673,33406916,SLI-085770,SLI-085770,2026-07-09,2026-07-13,1,0,Tagging,39.22,1.96,41.18
3947753,IF4041470678,33406921,SLI-085833,SLI-085833,2026-07-09,2026-07-13,0,0,Tagging,5.67,0.28,5.95
3947762,IF4041470691,33406934,SLI-085846,SLI-085846,2026-07-09,2026-07-13,0,0,Tagging,5.67,0.28,5.95
3947754,IF4041470679,33406922,SLI-085829,SLI-085829,2026-07-09,2026-07-13,0,0,Tagging,6.14,0.31,6.45
3947756,IF4041470681,33406924,SLI-085828,SLI-085828,2026-07-09,2026-07-13,0,0,Tagging,8.03,0.4,8.43
3947751,IF4041470676,33406919,SLI-085831,SLI-085831,2026-07-09,2026-07-13,0,0,Tagging,8.03,0.4,8.43
3947764,IF4041470693,33406936,SLI-085835,SLI-085835,2026-07-09,2026-07-13,0,0,Tagging,6.14,0.31,6.45
3947781,IF4041470713,33406956,SLI-085827,SLI-085827,2026-07-09,2026-07-13,0,0,Tagging,6.14,0.31,6.45
3947772,IF4041470702,33406945,SLI-085830,SLI-085830,2026-07-09,2026-07-13,0,0,Tagging,6.14,0.31,6.45
3947778,IF4041470708,33406951,SLI-085843,SLI-085843,2026-07-09,2026-07-13,0,0,Tagging,6.14,0.31,6.45
3947770,IF4041470700,33406943,SLI-085850,SLI-085850,2026-07-09,2026-07-13,0,0,Tagging,6.14,0.31,6.45
3947769,IF4041470699,33406942,SLI-085838,SLI-085838,2026-07-09,2026-07-13,0,0,Tagging,6.14,0.31,6.45
3947767,IF4041470696,33406939,SLI-085836,SLI-085836,2026-07-09,2026-07-13,0,0,Tagging,3.78,0.19,3.97
3947746,IF4041470672,33406914,SLI-085793,SLI-085793,2026-07-09,2026-07-13,0,0,Tagging,11.81,0.59,12.4
3947757,IF4041470682,33406925,SLI-085848,SLI-085848,2026-07-09,2026-07-13,0,0,Tagging,8.51,0.43,8.94
3947748,IF4041470674,33406917,SLI-085842,SLI-085842,2026-07-09,2026-07-13,0,0,Tagging,10.4,0.52,10.92
3947790,IF4041470711,33406954,SLI-085794,SLI-085794,2026-07-09,2026-07-13,0,0,Tagging,11.81,0.59,12.4
3947765,IF4041470694,33406937,SLI-085844,SLI-085844,2026-07-09,2026-07-13,0,0,Tagging,6.14,0.31,6.45
3947780,IF4041470712,33406955,SLI-085824,SLI-085824,2026-07-09,2026-07-13,0,0,Tagging,6.14,0.31,6.45
3947779,IF4041470710,33406953,SLI-085851,SLI-085851,2026-07-09,2026-07-13,0,0,Tagging,6.14,0.31,6.45
3947774,IF4041470704,33406947,SLI-085841,SLI-085841,2026-07-09,2026-07-13,0,0,Tagging,7.56,0.38,7.94
3947766,IF4041470695,33406938,SLI-085837,SLI-085837,2026-07-09,2026-07-13,0,0,Tagging,6.14,0.31,6.45
3947744,IF4041470669,33406912,SLI-085825,SLI-085825,2026-07-09,2026-07-13,0,0,Tagging,7.56,0.38,7.94
3947752,IF4041470677,33406920,SLI-085840,SLI-085840,2026-07-09,2026-07-13,0,0,Tagging,11.81,0.59,12.4
3947760,IF4041470685,33406928,SLI-085849,SLI-085849,2026-07-09,2026-07-13,0,0,Tagging,10.4,0.52,10.92
3947768,IF4041470698,33406941,SLI-085799,SLI-085799,2026-07-09,2026-07-13,0,0,Tagging,11.81,0.59,12.4
3947771,IF4041470701,33406944,SLI-085788,SLI-085788,2026-07-09,2026-07-13,0,0,Tagging,9.45,0.47,9.92
3947773,IF4041470703,33406946,SLI-085834,SLI-085834,2026-07-09,2026-07-13,0,0,Tagging,6.14,0.31,6.45
3947775,IF4041470705,33406948,SLI-085800,SLI-085800,2026-07-09,2026-07-13,0,0,Tagging,11.81,0.59,12.4
3947787,IF4041470697,33406940,SLI-085776,SLI-085776,2026-07-09,2026-07-13,0,0,Tagging,21.26,1.06,22.32
3947788,IF4041470706,33406949,SLI-085812,SLI-085812,2026-07-09,2026-07-13,0,0,Tagging,8.03,0.4,8.43
3947789,IF4041470709,33406952,SLI-085801,SLI-085801,2026-07-09,2026-07-13,0,0,Tagging,9.45,0.47,9.92
3948922,IF4041470886,33415026,SLI-085845,SLI-085845,2026-07-13,2026-07-13,18,0,Shop Supplies,0.18,0.01,0.19
3948922,IF4041470886,33415026,SLI-085845,SLI-085845,2026-07-13,2026-07-13,1,0,Warehouse Labour,47.25,2.36,49.61
3947792,IF4041470886,33415026,SLI-085845,SLI-085845,2026-07-09,2026-07-13,0,0,Tagging,8.03,0.4,8.43
3947791,IF4041470707,33406950,SLI-085796,SLI-085796,2026-07-09,2026-07-13,0,0,Tagging,11.81,0.59,12.4
3947763,IF4041470692,33406935,SLI-085832,SLI-085832,2026-07-09,2026-07-13,0,0,Tagging,6.14,0.31,6.45
3947745,IF4041470670,33406913,SLI-085847,SLI-085847,2026-07-09,2026-07-13,0,0,Tagging,7.09,0.35,7.44
3947755,IF4041470680,33406923,SLI-085819,SLI-085819,2026-07-09,2026-07-13,0,0,Tagging,11.81,0.59,12.4
3947761,IF4041470688,33406931,SLI-085826,SLI-085826,2026-07-09,2026-07-13,0,0,Tagging,6.14,0.31,6.45
3947749,IF4041470675,33406918,SLI-085802,SLI-085802,2026-07-09,2026-07-13,0,0,Tagging,11.81,0.59,12.4
3947758,IF4041470683,33406926,SLI-085839,SLI-085839,2026-07-09,2026-07-13,0,0,Tagging,7.09,0.35,7.44
3947783,IF4041470687,33406930,SLI-085773,SLI-085773,2026-07-09,2026-07-13,1,0,Tagging,35.44,1.77,37.21
3947310,IF4041470511,33403868,188302,188302,2026-07-08,2026-07-13,1,0,Tagging,59.06,2.95,62.01
3947316,IF4041470521,33403874,188303,188303,2026-07-08,2026-07-13,1,0,Tagging,59.06,2.95,62.01
3949151,IF4041470511,33403868,188302,188302,2026-07-13,2026-07-13,114,0,Shop Supplies,1.14,0.06,1.2
3949151,IF4041470511,33403868,188302,188302,2026-07-13,2026-07-13,2,0,Warehouse Labour,118.13,5.91,124.04
3949153,IF4041470521,33403874,188303,188303,2026-07-13,2026-07-13,2,0,Warehouse Labour,118.13,5.91,124.04
3949153,IF4041470521,33403874,188303,188303,2026-07-13,2026-07-13,114,0,Shop Supplies,1.14,0.06,1.2
3947323,IF4041470536,33403880,188304,188304,2026-07-08,2026-07-13,2,0,Tagging,82.69,4.13,86.82
3949154,IF4041470536,33403880,188304,188304,2026-07-13,2026-07-13,2,0,Warehouse Labour,118.13,5.91,124.04
3948747,Master Carton Errors,,,,2026-07-13,2026-07-13,1,0,Warehouse Labour,35.44,1.77,37.21
3948757,Master Carton Error,,,,2026-07-13,2026-07-13,0,0,Warehouse Labour,23.63,1.18,24.81
3949158,CC 03-13-2026,,,,2026-07-13,2026-07-13,3,0,Cycle Count,129.94,6.5,136.44
3940699,Transfer Order 2,87105190,,,2026-06-23,2026-07-13,0,0,Tagging,4.73,0.24,4.97
3945480,FO-022B5C46,IF4041461730,,,2026-07-04,2026-07-13,0,0,Tagging,0.47,0.02,0.49
3949404,Creating SSCC labels,MEC,,,2026-07-14,2026-07-14,2,0,Data Entry Labour,94.5,4.73,99.23
3949480,IF4041470531,33403878,188298,188298,2026-07-14,2026-07-14,197,0,Shop Supplies,1.97,0.1,2.07
3949480,IF4041470531,33403878,188298,188298,2026-07-14,2026-07-14,3,0,Warehouse Labour,141.75,7.09,148.84
3947308,IF4041470509,33403866,188301,188301,2026-07-08,2026-07-14,2,0,Tagging,82.69,4.13,86.82
3949483,IF4041470509,33403866,188301,188301,2026-07-14,2026-07-14,3,0,Warehouse Labour,129.94,6.5,136.44
3949483,IF4041470509,33403866,188301,188301,2026-07-14,2026-07-14,160,0,Shop Supplies,1.6,0.08,1.68
3949485,IF4041470514,33403871,188300,188300,2026-07-14,2026-07-14,160,0,Shop Supplies,1.6,0.08,1.68
3949485,IF4041470514,33403871,188300,188300,2026-07-14,2026-07-14,3,0,Warehouse Labour,129.94,6.5,136.44
3949488,Master Carton Error,,,,2026-07-14,2026-07-14,0,0,Warehouse Labour,23.63,1.18,24.81
3949491,Master Carton Error,,,,2026-07-14,2026-07-14,0,0,Warehouse Labour,23.63,1.18,24.81
3949476,Master Carton Error,,,,2026-07-14,2026-07-14,0,0,Warehouse Labour,15.59,0.78,16.37
3949541,IF4041470535,33403879,188290,188290,2026-07-14,2026-07-14,3,0,Warehouse Labour,141.75,7.09,148.84
3949541,IF4041470535,33403879,188290,188290,2026-07-14,2026-07-14,196,0,Shop Supplies,1.96,0.1,2.06
3947306,IF4041470502,33403864,188306,188306,2026-07-08,2026-07-14,1,0,Tagging,63.79,3.19,66.98
3949547,Master Carton Error,,,,2026-07-14,2026-07-14,0,0,Warehouse Labour,23.63,1.18,24.81
3949551,Master Carton Error,,,,2026-07-14,2026-07-14,0,0,Warehouse Labour,23.63,1.18,24.81
3949572,IF4041470525,33403877,188299,188299,2026-07-14,2026-07-14,2,0,Warehouse Labour,118.13,5.91,124.04
3949572,IF4041470525,33403877,188299,188299,2026-07-14,2026-07-14,160,0,Shop Supplies,1.6,0.08,1.68
3949591,IF4041470513,33403870,188313,188313,2026-07-14,2026-07-14,2,0,Warehouse Labour,70.88,3.54,74.42
3949591,IF4041470513,33403870,188313,188313,2026-07-14,2026-07-14,71,0,Shop Supplies,0.71,0.04,0.75
3949605,IF4041470510,33403867,188305,188305,2026-07-14,2026-07-14,110,0,Shop Supplies,1.1,0.06,1.16
3949605,IF4041470510,33403867,188305,188305,2026-07-14,2026-07-14,2,0,Warehouse Labour,94.5,4.73,99.23
3947309,IF4041470510,33403867,188305,188305,2026-07-08,2026-07-14,2,0,Tagging,70.88,3.54,74.42
3947318,IF4041470523,33403876,188312,188312,2026-07-08,2026-07-14,2,0,Tagging,70.88,3.54,74.42
3949607,IF4041470523,33403876,188312,188312,2026-07-14,2026-07-14,2,0,Warehouse Labour,70.88,3.54,74.42
3949612,IF4041470520,33403873,188307,188307,2026-07-14,2026-07-14,110,0,Shop Supplies,1.1,0.06,1.16
3949612,IF4041470520,33403873,188307,188307,2026-07-14,2026-07-14,2,0,Warehouse Labour,94.5,4.73,99.23
3947315,IF4041470520,33403873,188307,188307,2026-07-08,2026-07-14,2,0,Tagging,70.88,3.54,74.42
3949637,IF4041470512,33403869,188311,188311,2026-07-14,2026-07-14,71,0,Shop Supplies,0.71,0.04,0.75
3949637,IF4041470512,33403869,188311,188311,2026-07-14,2026-07-14,2,0,Warehouse Labour,70.88,3.54,74.42
3947313,IF4041470514,33403871,188300,188300,2026-07-08,2026-07-14,2,0,Tagging,70.88,3.54,74.42
3949662,CC 07-14-2026,,,,2026-07-14,2026-07-14,3,0,Cycle Count,129.94,6.5,136.44
3949918,IF4041470522,33403875,188309,188309,2026-07-15,2026-07-15,2,0,Warehouse Labour,70.88,3.54,74.42
3949918,IF4041470522,33403875,188309,188309,2026-07-15,2026-07-15,71,0,Shop Supplies,0.71,0.04,0.75
3947321,IF4041470531,33403878,188298,188298,2026-07-08,2026-07-15,2,0,Tagging,70.88,3.54,74.42
3950032,IF4041470515,33403872,188308,188308,2026-07-15,2026-07-15,2,0,Warehouse Labour,70.88,3.54,74.42
3950032,IF4041470515,33403872,188308,188308,2026-07-15,2026-07-15,71,0,Shop Supplies,0.71,0.04,0.75
3947312,IF4041470513,33403870,188313,188313,2026-07-08,2026-07-15,1,0,Tagging,59.06,2.95,62.01
3947317,IF4041470522,33403875,188309,188309,2026-07-08,2026-07-15,1,0,Tagging,59.06,2.95,62.01
3947322,IF4041470535,33403879,188290,188290,2026-07-08,2026-07-15,3,0,Tagging,129.94,6.5,136.44
3947319,IF4041470525,33403877,188299,188299,2026-07-08,2026-07-15,2,0,Tagging,86.47,4.32,90.79
3947314,IF4041470515,33403872,188308,188308,2026-07-08,2026-07-15,2,0,Tagging,70.88,3.54,74.42
3947311,IF4041470512,33403869,188311,188311,2026-07-08,2026-07-15,2,0,Tagging,70.88,3.54,74.42
3950133,Master Carton Error,,,,2026-07-15,2026-07-15,0,0,Warehouse Labour,23.63,1.18,24.81
3950138,Master Cartion Error,,,,2026-07-15,2026-07-15,0,0,Warehouse Labour,23.63,1.18,24.81
3950143,Master Carton Error,,,,2026-07-15,2026-07-15,0,0,Warehouse Labour,11.81,0.59,12.4
3950154,Master Carton Error,,,,2026-07-15,2026-07-15,0,0,Warehouse Labour,11.81,0.59,12.4
3950160,Master Carton Error,,,,2026-07-15,2026-07-15,0,0,Warehouse Labour,23.63,1.18,24.81
3950163,Master Carton Error,,,,2026-07-15,2026-07-15,0,0,Warehouse Labour,23.63,1.18,24.81
3950167,Master Carton Error,,,,2026-07-15,2026-07-15,0,0,Warehouse Labour,23.63,1.18,24.81
3950176,CC 07-15-2026,,,,2026-07-15,2026-07-15,2,0,Cycle Count,94.5,4.73,99.23
3950190,IF4041470505,33403865,188315,188315,2026-07-15,2026-07-15,12,0,Tagging,590.63,29.53,620.16
3950191,IF4041470505,33403865,188315,188315,2026-07-15,2026-07-15,3712,0,Shop Supplies,37.12,1.86,38.98
3950191,IF4041470505,33403865,188315,188315,2026-07-15,2026-07-15,4,0,Warehouse Labour,165.38,8.27,173.65
3950199,Overtime Hours,07/15/26,,,2026-07-15,2026-07-15,20,0,Overtime,472.6,23.63,496.23
3950234,Tagging,7.15.26,,,2026-07-15,2026-07-15,0,0,Tagging,2.36,0.12,2.48
"Friday, July 24, 2026",,,,,,,,,,,,
