OrderID,Client Ref 1,Client Ref 2,Customer,PO Number,Doc. Date,Completed,Units,Value,Service,Charges,Taxes,Inv. Amt
16359751,IF4041441157,32272522,S9X1Y2MAR - MARTODAMS,TENTR-S26-MEN-D2,2026-03-02,2026-03-16,1,3386.5,Order Processing,2,0.1,2.1
16359751,IF4041441157,32272522,S9X1Y2MAR - MARTODAMS,TENTR-S26-MEN-D2,2026-03-02,2026-03-16,103,3386.5,Order NonMasterPack,51.5,2.58,54.08
16359754,IF4041441161,32272525,S9X1Y2MAR - MARTODAMS,TENTR-S26-LDY-D2,2026-03-02,2026-03-16,80,2759,Order NonMasterPack,40,2,42
16359754,IF4041441161,32272525,S9X1Y2MAR - MARTODAMS,TENTR-S26-LDY-D2,2026-03-02,2026-03-16,1,2759,Order Processing,2,0.1,2.1
16345810,IF4041440788,32254107,P1H2B8REF - REFLECTIONS OF MUSKOKA,SS26 tentree Mar 15 ship order 1of3 -fix,2026-02-26,2026-03-16,1,0,Order Processing,2,0.1,2.1
16345810,IF4041440788,32254107,P1H2B8REF - REFLECTIONS OF MUSKOKA,SS26 tentree Mar 15 ship order 1of3 -fix,2026-02-26,2026-03-16,4,0,Handling,17.6,0.88,18.48
16345816,IF4041440802,32254218,V3Z1G6ART - ART KNAPP SURREY,mar,2026-02-26,2026-03-16,85,3724,Order NonMasterPack,42.5,2.13,44.63
16345816,IF4041440802,32254218,V3Z1G6ART - ART KNAPP SURREY,mar,2026-02-26,2026-03-16,1,3724,Order Processing,2,0.1,2.1
16345818,IF4041440806,32254221,V0K2E0OUT - OUTLAW FASHIONS (FCJ ENTERPRISES LTD),326,2026-02-26,2026-03-16,52,1445.5,Order NonMasterPack,26,1.3,27.3
16345818,IF4041440806,32254221,V0K2E0OUT - OUTLAW FASHIONS (FCJ ENTERPRISES LTD),326,2026-02-26,2026-03-16,1,1445.5,Order Processing,2,0.1,2.1
16345819,IF4041440808,32254222,A1N1G5ART - ARTHUR JAMES CLOTHING COMPANY,MP S26,2026-02-26,2026-03-16,175,6447.5,Order NonMasterPack,87.5,4.38,91.88
16345819,IF4041440808,32254222,A1N1G5ART - ARTHUR JAMES CLOTHING COMPANY,MP S26,2026-02-26,2026-03-16,1,6447.5,Order Processing,2,0.1,2.1
16345822,IF4041440811,32254225,P1H2B8REF - REFLECTIONS OF MUSKOKA,SS26 tentree Mar 15 ship order 1of3,2026-02-26,2026-03-16,1,11254,Order Processing,2,0.1,2.1
16345822,IF4041440811,32254225,P1H2B8REF - REFLECTIONS OF MUSKOKA,SS26 tentree Mar 15 ship order 1of3,2026-02-26,2026-03-16,298,11254,Order NonMasterPack,149,7.45,156.45
16345823,IF4041440812,32254226,V9L1V8WAL - WALL STREET CLOTHING,Wmns Mar 15 Spr26,2026-02-26,2026-03-16,59,2184.5,Order NonMasterPack,29.5,1.48,30.98
16345823,IF4041440812,32254226,V9L1V8WAL - WALL STREET CLOTHING,Wmns Mar 15 Spr26,2026-02-26,2026-03-16,1,2184.5,Order Processing,2,0.1,2.1
16345825,IF4041440815,32254229,N0G2V0HIS - HIS STYLE,SS26 tentree order Mar 15 ship,2026-02-26,2026-03-16,1,12987.5,Order Processing,2,0.1,2.1
16345825,IF4041440815,32254229,N0G2V0HIS - HIS STYLE,SS26 tentree order Mar 15 ship,2026-02-26,2026-03-16,375,12987.5,Order NonMasterPack,187.5,9.38,196.88
16345826,IF4041440816,32254628,G9X1K9LE - LE PIONNIER,ss26-2 Tentree women,2026-02-26,2026-03-16,94,3525,Order NonMasterPack,47,2.35,49.35
16345826,IF4041440816,32254628,G9X1K9LE - LE PIONNIER,ss26-2 Tentree women,2026-02-26,2026-03-16,1,3525,Order Processing,2,0.1,2.1
16345829,IF4041440822,32254633,R0M2C0VIR - VIRDEN SPORT AND FASHION,SHIP2-SPRING2026,2026-02-26,2026-03-16,1,1806,Order Processing,2,0.1,2.1
16345829,IF4041440822,32254633,R0M2C0VIR - VIRDEN SPORT AND FASHION,SHIP2-SPRING2026,2026-02-26,2026-03-16,60,1806,Order NonMasterPack,30,1.5,31.5
16345830,IF4041440825,32254636,V0R1K0XS - XS IV CHEMAINUS  BEYOND THE USUAL,BTU SPSU26 Ship 2,2026-02-26,2026-03-16,72,2600.5,Order NonMasterPack,36,1.8,37.8
16345830,IF4041440825,32254636,V0R1K0XS - XS IV CHEMAINUS  BEYOND THE USUAL,BTU SPSU26 Ship 2,2026-02-26,2026-03-16,1,2600.5,Order Processing,2,0.1,2.1
16345831,IF4041440823,32254634,R0C1B0HP - HP TERGESENS,TEN TREE W1,2026-02-26,2026-03-16,76,2995,Order NonMasterPack,38,1.9,39.9
16345831,IF4041440823,32254634,R0C1B0HP - HP TERGESENS,TEN TREE W1,2026-02-26,2026-03-16,1,2995,Order Processing,2,0.1,2.1
16386136,IF4041443344,32362759,V8B0B6SEA - SEA TO SKY GONDOLA,hat rack tentree basecamp,2026-03-10,2026-03-16,2,0,Handling,8.8,0.44,9.24
16386136,IF4041443344,32362759,V8B0B6SEA - SEA TO SKY GONDOLA,hat rack tentree basecamp,2026-03-10,2026-03-16,1,0,Order Processing,2,0.1,2.1
16361178,IF4041441571,32295579,J7R4Z3SPO - SPORTS EXPERTS - ATMOSPHERE,4262105-864,2026-03-02,2026-03-16,33,871.5,Order NonMasterPack,16.5,0.83,17.33
16361178,IF4041441571,32295579,J7R4Z3SPO - SPORTS EXPERTS - ATMOSPHERE,4262105-864,2026-03-02,2026-03-16,1,871.5,Order Processing,2,0.1,2.1
16361179,IF4041441572,32295580,E3V1T9SPO - SPORTS EXPERTS,4262105-693,2026-03-02,2026-03-16,1,765,Order Processing,2,0.1,2.1
16361179,IF4041441572,32295580,E3V1T9SPO - SPORTS EXPERTS,4262105-693,2026-03-02,2026-03-16,32,765,Order NonMasterPack,16,0.8,16.8
16361180,IF4041441573,32295581,E3V1T9SPO - SPORTS EXPERTS,4262105-482,2026-03-02,2026-03-16,1,1819.5,Order Processing,2,0.1,2.1
16361180,IF4041441573,32295581,E3V1T9SPO - SPORTS EXPERTS,4262105-482,2026-03-02,2026-03-16,51,1819.5,Order NonMasterPack,25.5,1.28,26.78
16361181,IF4041441574,32295582,J3G4J2SPO - SPORTS EXPERTS,4262105-436,2026-03-02,2026-03-16,1,1752,Order Processing,2,0.1,2.1
16361181,IF4041441574,32295582,J3G4J2SPO - SPORTS EXPERTS,4262105-436,2026-03-02,2026-03-16,67,1752,Order NonMasterPack,33.5,1.68,35.18
16361182,IF4041441576,32295583,J0K2N0BUY - Buying Member 712,4262105-712,2026-03-02,2026-03-16,144,4767,Order NonMasterPack,72,3.6,75.6
16361182,IF4041441576,32295583,J0K2N0BUY - Buying Member 712,4262105-712,2026-03-02,2026-03-16,1,4767,Order Processing,2,0.1,2.1
16361183,IF4041441577,32295584,G2J1R8MÉG - Méga Centre Le Bourgneuf,4262101-682,2026-03-02,2026-03-16,21,631.5,Order NonMasterPack,10.5,0.53,11.03
16361183,IF4041441577,32295584,G2J1R8MÉG - Méga Centre Le Bourgneuf,4262101-682,2026-03-02,2026-03-16,1,631.5,Order Processing,2,0.1,2.1
16361184,IF4041441578,32295585,J7R4Z3SPO - SPORTS EXPERTS - ATMOSPHERE,4262101-864,2026-03-02,2026-03-16,37,1533,Order NonMasterPack,18.5,0.93,19.43
16361184,IF4041441578,32295585,J7R4Z3SPO - SPORTS EXPERTS - ATMOSPHERE,4262101-864,2026-03-02,2026-03-16,1,1533,Order Processing,2,0.1,2.1
16361185,IF4041441579,32295586,J0R1R6SPO - SPORTS EXPERTS - ATMOSPHERE,4262101-834,2026-03-02,2026-03-16,1,352,Order Processing,2,0.1,2.1
16361185,IF4041441579,32295586,J0R1R6SPO - SPORTS EXPERTS - ATMOSPHERE,4262101-834,2026-03-02,2026-03-16,8,352,Order NonMasterPack,4,0.2,4.2
16361187,IF4041441581,32295588,J7A3T2SPO - SPORTS EXPERTS - ATMOSPHERE,4262101-699,2026-03-02,2026-03-16,87,3758,Order NonMasterPack,43.5,2.18,45.68
16361187,IF4041441581,32295588,J7A3T2SPO - SPORTS EXPERTS - ATMOSPHERE,4262101-699,2026-03-02,2026-03-16,1,3758,Order Processing,2,0.1,2.1
16361188,IF4041441582,32295589,J7Y3S7SPO - SPORTS EXPERTS - ATMOSPHERE,4262101-877,2026-03-02,2026-03-16,41,1259.5,Order NonMasterPack,20.5,1.03,21.53
16361188,IF4041441582,32295589,J7Y3S7SPO - SPORTS EXPERTS - ATMOSPHERE,4262101-877,2026-03-02,2026-03-16,1,1259.5,Order Processing,2,0.1,2.1
16361189,IF4041441583,32295590,G2K1N4GAL - Galeries de la Capitale,4262101-734,2026-03-02,2026-03-16,1,1783,Order Processing,2,0.1,2.1
16361189,IF4041441583,32295590,G2K1N4GAL - Galeries de la Capitale,4262101-734,2026-03-02,2026-03-16,51,1783,Order NonMasterPack,25.5,1.28,26.78
16361191,IF4041441585,32295592,J0K2N0BUY - Buying Member 712,4262101-712,2026-03-02,2026-03-16,64,2126.5,Order NonMasterPack,32,1.6,33.6
16361191,IF4041441585,32295592,J0K2N0BUY - Buying Member 712,4262101-712,2026-03-02,2026-03-16,1,2126.5,Order Processing,2,0.1,2.1
16363517,IF4041441603,32297218,V6H3S4MAK - MAKE,10473-JBO,2026-03-03,2026-03-16,1,7547,Order Processing,2,0.1,2.1
16363517,IF4041441603,32297218,V6H3S4MAK - MAKE,10473-JBO,2026-03-03,2026-03-16,280,7547,Order NonMasterPack,140,7,147
16363518,IF4041441604,32297219,V6B1B2MAK - MAKE GASTOWN,10474-RET2-JBO,2026-03-03,2026-03-16,202,5448,Order NonMasterPack,101,5.05,106.05
16363518,IF4041441604,32297219,V6B1B2MAK - MAKE GASTOWN,10474-RET2-JBO,2026-03-03,2026-03-16,1,5448,Order Processing,2,0.1,2.1
16370054,IF4041442245,32317329,J7R4Z3SPO - SPORTS EXPERTS - ATMOSPHERE,4262101,2026-03-05,2026-03-16,1,535.86,Order Processing,2,0.1,2.1
16370054,IF4041442245,32317329,J7R4Z3SPO - SPORTS EXPERTS - ATMOSPHERE,4262101,2026-03-05,2026-03-16,18,535.86,Order NonMasterPack,9,0.45,9.45
16359737,IF4041441127,32272496,V0J3A0CAL - CALIFORNIA DREAMIN,del 2 tentree,2026-03-02,2026-03-16,1,3067.5,Order Processing,2,0.1,2.1
16359737,IF4041441127,32272496,V0J3A0CAL - CALIFORNIA DREAMIN,del 2 tentree,2026-03-02,2026-03-16,109,3067.5,Order NonMasterPack,54.5,2.73,57.23
16359738,IF4041441128,32272497,V0E2S0WEA - WEARABOUTS - REVELSTOKE,RevSp26s1,2026-03-02,2026-03-16,83,3214.5,Order NonMasterPack,41.5,2.08,43.58
16359738,IF4041441128,32272497,V0E2S0WEA - WEARABOUTS - REVELSTOKE,RevSp26s1,2026-03-02,2026-03-16,1,3214.5,Order Processing,2,0.1,2.1
16359739,IF4041441131,32272498,B0T1W0LOC - LOCKE'S SPORTING AND OUTDOOR ADVENTURE,26-Mar,2026-03-02,2026-03-16,1,7424,Order Processing,2,0.1,2.1
16359739,IF4041441131,32272498,B0T1W0LOC - LOCKE'S SPORTING AND OUTDOOR ADVENTURE,26-Mar,2026-03-02,2026-03-16,188,7424,Order NonMasterPack,94,4.7,98.7
16359740,IF4041441138,32272504,T9M0C4TNT - TNT CLOTHING,spring 2,2026-03-02,2026-03-16,24,1008.5,Order NonMasterPack,12,0.6,12.6
16359740,IF4041441138,32272504,T9M0C4TNT - TNT CLOTHING,spring 2,2026-03-02,2026-03-16,1,1008.5,Order Processing,2,0.1,2.1
16359741,IF4041441143,32272509,G9X1K9LE - LE PIONNIER,ss26-2 Tentree men,2026-03-02,2026-03-16,77,2387.5,Order NonMasterPack,38.5,1.93,40.43
16359741,IF4041441143,32272509,G9X1K9LE - LE PIONNIER,ss26-2 Tentree men,2026-03-02,2026-03-16,1,2387.5,Order Processing,2,0.1,2.1
16359743,IF4041441148,32272513,V1E1B4HAR - HARTTY CLOTHING,Ten SP26 Mar Del,2026-03-02,2026-03-16,180,6179.5,Order NonMasterPack,90,4.5,94.5
16359743,IF4041441148,32272513,V1E1B4HAR - HARTTY CLOTHING,Ten SP26 Mar Del,2026-03-02,2026-03-16,1,6179.5,Order Processing,2,0.1,2.1
16359752,IF4041441158,32272523,T4R1N9EDG - EDGE CLOTHING,10TreeSPG26Wom_316,2026-03-02,2026-03-16,32,1211,Order NonMasterPack,16,0.8,16.8
16359752,IF4041441158,32272523,T4R1N9EDG - EDGE CLOTHING,10TreeSPG26Wom_316,2026-03-02,2026-03-16,1,1211,Order Processing,2,0.1,2.1
16359756,IF4041441163,32272527,V1R4C2JJS - JJS FASHIONS,10TREE-MW2-SS26,2026-03-02,2026-03-16,85,2500.5,Order NonMasterPack,42.5,2.13,44.63
16359756,IF4041441163,32272527,V1R4C2JJS - JJS FASHIONS,10TREE-MW2-SS26,2026-03-02,2026-03-16,1,2500.5,Order Processing,2,0.1,2.1
16366899,IF4041442172,32314668,B2G2C4WIL - WILFRED AND PARKER BOUTIQUE,Spring/Summer 2025,2026-03-04,2026-03-16,1,3403,Order Processing,2,0.1,2.1
16366899,IF4041442172,32314668,B2G2C4WIL - WILFRED AND PARKER BOUTIQUE,Spring/Summer 2025,2026-03-04,2026-03-16,81,3403,Order NonMasterPack,40.5,2.03,42.53
16389093,IF4041443650,32373888,T2E6W5MRG - MRG - BANFF #573,650324,2026-03-11,2026-03-16,1,2787,Order Processing,2,0.1,2.1
16389093,IF4041443650,32373888,T2E6W5MRG - MRG - BANFF #573,650324,2026-03-11,2026-03-16,92,2787,Order NonMasterPack,46,2.3,48.3
16390541,IF4041443971,32382752,V7B1K4VAN - VANCOUVER LP WDFG,4503752369,2026-03-11,2026-03-16,1,13540,Order Processing,2,0.1,2.1
16390541,IF4041443971,32382752,V7B1K4VAN - VANCOUVER LP WDFG,4503752369,2026-03-11,2026-03-16,5,13540,Order Master Pack Carton,10,0.5,10.5
16390541,IF4041443971,32382752,V7B1K4VAN - VANCOUVER LP WDFG,4503752369,2026-03-11,2026-03-16,386,13540,Order NonMasterPack,193,9.65,202.65
16393903,IF4041444212,32391358,T1L1B2BAN - Banff Gondola – BGS,tentree POP,2026-03-12,2026-03-16,3,0,Handling,1.65,0.08,1.73
16393903,IF4041444212,32391358,T1L1B2BAN - Banff Gondola – BGS,tentree POP,2026-03-12,2026-03-16,1,0,Order Processing,2,0.1,2.1
16345827,IF4041440818,32254630,K2P1L9BOO - BOOGIE + BIRDIE,SS26,2026-02-26,2026-03-16,67,1958,Order NonMasterPack,33.5,1.68,35.18
16345827,IF4041440818,32254630,K2P1L9BOO - BOOGIE + BIRDIE,SS26,2026-02-26,2026-03-16,1,1958,Order Processing,2,0.1,2.1
16361190,IF4041441584,32295591,J9P5K1CAR - Carrefour du Nord-Ouest,4262101-3306,2026-03-02,2026-03-16,92,3626,Order NonMasterPack,46,2.3,48.3
16361190,IF4041441584,32295591,J9P5K1CAR - Carrefour du Nord-Ouest,4262101-3306,2026-03-02,2026-03-16,1,3626,Order Processing,2,0.1,2.1
16361193,IF4041441587,32295594,E3V1T9SPO - SPORTS EXPERTS,4262101-482,2026-03-02,2026-03-16,121,3990,Order NonMasterPack,60.5,3.03,63.53
16361193,IF4041441587,32295594,E3V1T9SPO - SPORTS EXPERTS,4262101-482,2026-03-02,2026-03-16,1,3990,Order Processing,2,0.1,2.1
16366902,IF4041442176,32314672,J6E3H4KOI - KOIA VETEMENTS,TENTREE SS26,2026-03-04,2026-03-16,95,3399.5,Order NonMasterPack,47.5,2.38,49.88
16366902,IF4041442176,32314672,J6E3H4KOI - KOIA VETEMENTS,TENTREE SS26,2026-03-04,2026-03-16,1,3399.5,Order Processing,2,0.1,2.1
16392710,IF4041444034,32384221,G0C2B0RHE - RHEAL PITRE A FILS LTEE,VN-150326,2026-03-12,2026-03-16,144,4743,Order NonMasterPack,72,3.6,75.6
16392710,IF4041444034,32384221,G0C2B0RHE - RHEAL PITRE A FILS LTEE,VN-150326,2026-03-12,2026-03-16,1,4743,Order Processing,2,0.1,2.1
16345824,IF4041440813,32254227,S3N0K4KW - KW MENS WEAR LTD,6062025,2026-02-26,2026-03-16,1,1823,Order Processing,2,0.1,2.1
16345824,IF4041440813,32254227,S3N0K4KW - KW MENS WEAR LTD,6062025,2026-02-26,2026-03-16,59,1823,Order NonMasterPack,29.5,1.48,30.98
16386137,IF4041443345,32362761,V0N3A0TRA - TRAIL BAY SOURCE FOR SPORTS,tentree fixtures,2026-03-10,2026-03-16,1,0,Order Processing,2,0.1,2.1
16386137,IF4041443345,32362761,V0N3A0TRA - TRAIL BAY SOURCE FOR SPORTS,tentree fixtures,2026-03-10,2026-03-16,1,0,Handling,4.4,0.22,4.62
16361186,IF4041441580,32295587,J1L1K1SPO - SPORTS EXPERTS 528,4262101-528,2026-03-02,2026-03-16,1,4529.5,Order Processing,2,0.1,2.1
16361186,IF4041441580,32295587,J1L1K1SPO - SPORTS EXPERTS 528,4262101-528,2026-03-02,2026-03-16,135,4529.5,Order NonMasterPack,67.5,3.38,70.88
16361192,IF4041441586,32295593,J3A1M1SPO - SPORTS EXPERTS 408,4262101-408,2026-03-02,2026-03-16,113,3988.5,Order NonMasterPack,56.5,2.83,59.33
16361192,IF4041441586,32295593,J3A1M1SPO - SPORTS EXPERTS 408,4262101-408,2026-03-02,2026-03-16,1,3988.5,Order Processing,2,0.1,2.1
16370055,IF4041442246,32317333,Y1A2B3COA - COAST MOUNTAIN,3004000,2026-03-05,2026-03-16,1,3164.21,Order Processing,2,0.1,2.1
16370055,IF4041442246,32317333,Y1A2B3COA - COAST MOUNTAIN,3004000,2026-03-05,2026-03-16,94,3164.21,Order NonMasterPack,47,2.35,49.35
16370056,IF4041442247,32317334,Y1A2B3COA - COAST MOUNTAIN,3003996,2026-03-05,2026-03-16,48,1393.8,Order NonMasterPack,24,1.2,25.2
16370056,IF4041442247,32317334,Y1A2B3COA - COAST MOUNTAIN,3003996,2026-03-05,2026-03-16,1,1393.8,Order Processing,2,0.1,2.1
16359742,IF4041441146,32272511,V2J2M5PEA - PEARLS FASHION,TentreeSP26Mar,2026-03-02,2026-03-16,64,1989.5,Order NonMasterPack,32,1.6,33.6
16359742,IF4041441146,32272511,V2J2M5PEA - PEARLS FASHION,TentreeSP26Mar,2026-03-02,2026-03-16,1,1989.5,Order Processing,2,0.1,2.1
16359745,IF4041441150,32272515,S0L1S0CAM - CAMERONS CLOTHING COMPANY,SS26D2/2Mn,2026-03-02,2026-03-16,1,1953.5,Order Processing,2,0.1,2.1
16359745,IF4041441150,32272515,S0L1S0CAM - CAMERONS CLOTHING COMPANY,SS26D2/2Mn,2026-03-02,2026-03-16,56,1953.5,Order NonMasterPack,28,1.4,29.4
16359746,IF4041441151,32272516,S0L1S0CAM - CAMERONS CLOTHING COMPANY,SS26D2/2,2026-03-02,2026-03-16,1,1332,Order Processing,2,0.1,2.1
16359746,IF4041441151,32272516,S0L1S0CAM - CAMERONS CLOTHING COMPANY,SS26D2/2,2026-03-02,2026-03-16,32,1332,Order NonMasterPack,16,0.8,16.8
16359748,IF4041441154,32272519,T8V3B1THE - The Drop Rideshop,TenTreeWmnSp26-03,2026-03-02,2026-03-16,86,3312.5,Order NonMasterPack,43,2.15,45.15
16359748,IF4041441154,32272519,T8V3B1THE - The Drop Rideshop,TenTreeWmnSp26-03,2026-03-02,2026-03-16,1,3312.5,Order Processing,2,0.1,2.1
16359749,IF4041441155,32272520,T8V3B1THE - The Drop Rideshop,TenTreeMenSp28-03,2026-03-02,2026-03-16,90,2839.5,Order NonMasterPack,45,2.25,47.25
16359749,IF4041441155,32272520,T8V3B1THE - The Drop Rideshop,TenTreeMenSp28-03,2026-03-02,2026-03-16,1,2839.5,Order Processing,2,0.1,2.1
16359753,IF4041441159,32272524,S0E1T0HI - HI FASHION CLOTHING,SPR261,2026-03-02,2026-03-16,1,956,Order Processing,2,0.1,2.1
16359753,IF4041441159,32272524,S0E1T0HI - HI FASHION CLOTHING,SPR261,2026-03-02,2026-03-16,30,956,Order NonMasterPack,15,0.75,15.75
16366900,IF4041442173,32314669,S0G3N0MCP - MCPHAIL TRAVEL,ss26_2,2026-03-04,2026-03-16,16,624,Order NonMasterPack,8,0.4,8.4
16366900,IF4041442173,32314669,S0G3N0MCP - MCPHAIL TRAVEL,ss26_2,2026-03-04,2026-03-16,1,624,Order Processing,2,0.1,2.1
16370057,IF4041442275,32318552,V8B0B6SEA - SEA TO SKY GONDOLA,SS26 tentree Del 2,2026-03-05,2026-03-16,1,6246,Order Processing,2,0.1,2.1
16370057,IF4041442275,32318552,V8B0B6SEA - SEA TO SKY GONDOLA,SS26 tentree Del 2,2026-03-05,2026-03-16,144,6246,Order NonMasterPack,72,3.6,75.6
16392707,IF4041444027,32384216,P1B7K9510 - 510494 Ontario Inc. dba Lefebvre's Sourc,4988,2026-03-12,2026-03-16,88,2810,Order NonMasterPack,44,2.2,46.2
16392707,IF4041444027,32384216,P1B7K9510 - 510494 Ontario Inc. dba Lefebvre's Sourc,4988,2026-03-12,2026-03-16,1,2810,Order Processing,2,0.1,2.1
16392709,IF4041444029,32384218,L1A1N2G F - G FACEY CLOTHING,SS26 tentree Feb ship order 2of3,2026-03-12,2026-03-16,126,4844.5,Order NonMasterPack,63,3.15,66.15
16392709,IF4041444029,32384218,L1A1N2G F - G FACEY CLOTHING,SS26 tentree Feb ship order 2of3,2026-03-12,2026-03-16,1,4844.5,Order Processing,2,0.1,2.1
16393904,IF4041444211,32391357,V0A1H0GOL - Golden Skybridge – GSB,tentree POP,2026-03-12,2026-03-16,1,0,Order Processing,2,0.1,2.1
16393904,IF4041444211,32391357,V0A1H0GOL - Golden Skybridge – GSB,tentree POP,2026-03-12,2026-03-16,3,0,Handling,1.65,0.08,1.73
16359744,IF4041441149,32272514,V0R2Z0TOF - TOFINO FISHING AND TRADING,ten262,2026-03-02,2026-03-17,32,1023,Order NonMasterPack,16,0.8,16.8
16359744,IF4041441149,32272514,V0R2Z0TOF - TOFINO FISHING AND TRADING,ten262,2026-03-02,2026-03-17,1,1023,Order Processing,2,0.1,2.1
16345832,IF4041440826,32254637,G9X1K9LE - LE PIONNIER,ss26-2 Tentree women,2026-02-26,2026-03-17,5,137.5,Order NonMasterPack,2.5,0.13,2.63
16345832,IF4041440826,32254637,G9X1K9LE - LE PIONNIER,ss26-2 Tentree women,2026-02-26,2026-03-17,1,137.5,Order Processing,2,0.1,2.1
16359747,IF4041441153,32272518,T9W1C5ARM - ARMSTRONGS CLOTHING AND SPORTS,SPR26LDS Del2,2026-03-02,2026-03-17,49,1470,Order NonMasterPack,24.5,1.23,25.73
16359747,IF4041441153,32272518,T9W1C5ARM - ARMSTRONGS CLOTHING AND SPORTS,SPR26LDS Del2,2026-03-02,2026-03-17,1,1470,Order Processing,2,0.1,2.1
16359757,IF4041441165,32272529,T9W1C5ARM - ARMSTRONGS CLOTHING AND SPORTS,SPR26MNS Del 2,2026-03-02,2026-03-17,26,783,Order NonMasterPack,13,0.65,13.65
16359757,IF4041441165,32272529,T9W1C5ARM - ARMSTRONGS CLOTHING AND SPORTS,SPR26MNS Del 2,2026-03-02,2026-03-17,1,783,Order Processing,2,0.1,2.1
16366898,IF4041442166,32314664,A1C1K2ETH - ETHEREAL BOUTIQUE,Tentree SS26 - 1,2026-03-04,2026-03-17,88,3905,Order NonMasterPack,44,2.2,46.2
16366898,IF4041442166,32314664,A1C1K2ETH - ETHEREAL BOUTIQUE,Tentree SS26 - 1,2026-03-04,2026-03-17,1,3905,Order Processing,2,0.1,2.1
16396380,IF4041444266,32392660,T8S1R7FRO - FRONTLINE,1/4 10TREESS26,2026-03-13,2026-03-17,1,549,Order Processing,2,0.1,2.1
16396380,IF4041444266,32392660,T8S1R7FRO - FRONTLINE,1/4 10TREESS26,2026-03-13,2026-03-17,15,549,Order NonMasterPack,7.5,0.38,7.88
16405088,IF4041445303,32418785,B3B1Z2URB - Urbanbutter Creative Group inc,rain jackets_2,2026-03-16,2026-03-17,1,2725,Order Master Pack Carton,2,0.1,2.1
16405088,IF4041445303,32418785,B3B1Z2URB - Urbanbutter Creative Group inc,rain jackets_2,2026-03-16,2026-03-17,1,2725,Order Processing,2,0.1,2.1
16405088,IF4041445303,32418785,B3B1Z2URB - Urbanbutter Creative Group inc,rain jackets_2,2026-03-16,2026-03-17,14,2725,Order NonMasterPack,7,0.35,7.35
16383181,IF4041443277,32360317,V3Z1A5MEC - MEC Western Distribution Centre,717454,2026-03-09,2026-03-17,3,6644,Order Master Pack Carton,6,0.3,6.3
16383181,IF4041443277,32360317,V3Z1A5MEC - MEC Western Distribution Centre,717454,2026-03-09,2026-03-17,73,6644,Order NonMasterPack,36.5,1.83,38.33
16383181,IF4041443277,32360317,V3Z1A5MEC - MEC Western Distribution Centre,717454,2026-03-09,2026-03-17,1,6644,Order Processing,2,0.1,2.1
16392711,IF4041444035,32384222,V9W8C9SPI - SPINNERS SPORTS CAMPBELL RIVER,10TMEN031526,2026-03-12,2026-03-17,96,3062,Order NonMasterPack,48,2.4,50.4
16392711,IF4041444035,32384222,V9W8C9SPI - SPINNERS SPORTS CAMPBELL RIVER,10TMEN031526,2026-03-12,2026-03-17,1,3062,Order Processing,2,0.1,2.1
16359755,IF4041441162,32272526,T8L4R2WIN - WINNERS WAY SOURCE FOR SPORTS,sam spring 26 book,2026-03-02,2026-03-17,1,1446.5,Order Processing,2,0.1,2.1
16359755,IF4041441162,32272526,T8L4R2WIN - WINNERS WAY SOURCE FOR SPORTS,sam spring 26 book,2026-03-02,2026-03-17,49,1446.5,Order NonMasterPack,24.5,1.23,25.73
16392708,IF4041444028,32384217,P3E6K7RAM - RAMAKKOS SOURCE FOR ADVENTURE,TENSS26BK1,2026-03-12,2026-03-17,1,6233,Order Processing,2,0.1,2.1
16392708,IF4041444028,32384217,P3E6K7RAM - RAMAKKOS SOURCE FOR ADVENTURE,TENSS26BK1,2026-03-12,2026-03-17,189,6233,Order NonMasterPack,94.5,4.73,99.23
16405081,IF4041444570,32400381,V0J1E0BLU - BLU JAY SPORTS,XXL HOOD,2026-03-16,2026-03-17,2,88,Order NonMasterPack,1,0.05,1.05
16405081,IF4041444570,32400381,V0J1E0BLU - BLU JAY SPORTS,XXL HOOD,2026-03-16,2026-03-17,1,88,Order Processing,2,0.1,2.1
16363524,IF4041441615,32297230,A2B1K7GEN - GENTLEMAN B LIFESTYLE,gbtentreesp26-2,2026-03-03,2026-03-18,1,3970,Order Processing,2,0.1,2.1
16363524,IF4041441615,32297230,A2B1K7GEN - GENTLEMAN B LIFESTYLE,gbtentreesp26-2,2026-03-03,2026-03-18,129,3970,Order NonMasterPack,64.5,3.23,67.73
16408695,IF4041445384,32420539,G2K1N4GAL - Galeries de la Capitale,4262105-734,2026-03-17,2026-03-18,164,4553,Order NonMasterPack,82,4.1,86.1
16408695,IF4041445384,32420539,G2K1N4GAL - Galeries de la Capitale,4262105-734,2026-03-17,2026-03-18,1,4553,Order Processing,2,0.1,2.1
16363525,IF4041441618,32297233,J9L1M8LE - LE COUREUR DES BOIS,CP03072025Liv.Vet2,2026-03-03,2026-03-18,190,6771.5,Order NonMasterPack,95,4.75,99.75
16363525,IF4041441618,32297233,J9L1M8LE - LE COUREUR DES BOIS,CP03072025Liv.Vet2,2026-03-03,2026-03-18,1,6771.5,Order Processing,2,0.1,2.1
16408693,IF4041445315,32419087,L6T4H8THE - The Nuance Group (Canada) Inc,4503750658,2026-03-17,2026-03-18,1,22.5,Order NonMasterPack,0.5,0.03,0.53
16408693,IF4041445315,32419087,L6T4H8THE - The Nuance Group (Canada) Inc,4503750658,2026-03-17,2026-03-18,1,22.5,Order Processing,2,0.1,2.1
16363516,IF4041441601,32297217,"L5T1A7LID - LIDS CANADA, INC.",2P000026164,2026-03-03,2026-03-18,417,40162.5,Order NonMasterPack,208.5,10.43,218.93
16363516,IF4041441601,32297217,"L5T1A7LID - LIDS CANADA, INC.",2P000026164,2026-03-03,2026-03-18,1,40162.5,Order Processing,2,0.1,2.1
16363516,IF4041441601,32297217,"L5T1A7LID - LIDS CANADA, INC.",2P000026164,2026-03-03,2026-03-18,19,40162.5,Order Master Pack Carton,38,1.9,39.9
16363515,IF4041441600,32297216,"L5T1A7LID - LIDS CANADA, INC.",2P000026164,2026-03-03,2026-03-18,1,12690,Order Processing,2,0.1,2.1
16363515,IF4041441600,32297216,"L5T1A7LID - LIDS CANADA, INC.",2P000026164,2026-03-03,2026-03-18,132,12690,Order NonMasterPack,66,3.3,69.3
16363515,IF4041441600,32297216,"L5T1A7LID - LIDS CANADA, INC.",2P000026164,2026-03-03,2026-03-18,6,12690,Order Master Pack Carton,12,0.6,12.6
16363521,IF4041441607,32297222,"L5T1A7LID - LIDS CANADA, INC.",2P000026164,2026-03-03,2026-03-18,68,11250,Order NonMasterPack,34,1.7,35.7
16363521,IF4041441607,32297222,"L5T1A7LID - LIDS CANADA, INC.",2P000026164,2026-03-03,2026-03-18,1,11250,Order Processing,2,0.1,2.1
16363521,IF4041441607,32297222,"L5T1A7LID - LIDS CANADA, INC.",2P000026164,2026-03-03,2026-03-18,6,11250,Order Master Pack Carton,12,0.6,12.6
16408694,IF4041445383,32420538,J9P5K1CAR - Carrefour du Nord-Ouest,4262105-3306,2026-03-17,2026-03-19,165,5892.5,Order NonMasterPack,82.5,4.13,86.63
16408694,IF4041445383,32420538,J9P5K1CAR - Carrefour du Nord-Ouest,4262105-3306,2026-03-17,2026-03-19,1,5892.5,Order Processing,2,0.1,2.1
16408696,IF4041445385,32420540,J3A1M1SPO - SPORTS EXPERTS 408,4262105-408,2026-03-17,2026-03-19,18,405,Order NonMasterPack,9,0.45,9.45
16408696,IF4041445385,32420540,J3A1M1SPO - SPORTS EXPERTS 408,4262105-408,2026-03-17,2026-03-19,1,405,Order Processing,2,0.1,2.1
16364482,IF4041441869,32303450,V8L1X7COT - COTTONS AND BLUES,tentree SS26 del 2,2026-03-03,2026-03-20,1,2300,Order Processing,2,0.1,2.1
16364482,IF4041441869,32303450,V8L1X7COT - COTTONS AND BLUES,tentree SS26 del 2,2026-03-03,2026-03-20,63,2300,Order NonMasterPack,31.5,1.58,33.08
16361174,IF4041441567,32295575,L5W1Y6NLS - NLS-SPORTING LIFE,SLI-058739,2026-03-02,2026-03-20,1,225,Order Processing,2,0.1,2.1
16361174,IF4041441567,32295575,L5W1Y6NLS - NLS-SPORTING LIFE,SLI-058739,2026-03-02,2026-03-20,10,225,Order NonMasterPack,5,0.25,5.25
16361168,IF4041441561,32295569,L5W1Y6NLS - NLS-SPORTING LIFE,SLI-058742,2026-03-02,2026-03-20,1,202.5,Order Processing,2,0.1,2.1
16361168,IF4041441561,32295569,L5W1Y6NLS - NLS-SPORTING LIFE,SLI-058742,2026-03-02,2026-03-20,9,202.5,Order NonMasterPack,4.5,0.23,4.73
16361172,IF4041441565,32295573,L5W1Y6NLS - NLS-SPORTING LIFE,SLI-058733,2026-03-02,2026-03-20,1,225,Order Processing,2,0.1,2.1
16361172,IF4041441565,32295573,L5W1Y6NLS - NLS-SPORTING LIFE,SLI-058733,2026-03-02,2026-03-20,10,225,Order NonMasterPack,5,0.25,5.25
16361170,IF4041441563,32295571,L5W1Y6NLS - NLS-SPORTING LIFE,SLI-058736,2026-03-02,2026-03-20,10,225,Order NonMasterPack,5,0.25,5.25
16361170,IF4041441563,32295571,L5W1Y6NLS - NLS-SPORTING LIFE,SLI-058736,2026-03-02,2026-03-20,1,225,Order Processing,2,0.1,2.1
16361173,IF4041441566,32295574,L5W1Y6NLS - NLS-SPORTING LIFE,SLI-058731,2026-03-02,2026-03-20,9,202.5,Order NonMasterPack,4.5,0.23,4.73
16361173,IF4041441566,32295574,L5W1Y6NLS - NLS-SPORTING LIFE,SLI-058731,2026-03-02,2026-03-20,1,202.5,Order Processing,2,0.1,2.1
16361163,IF4041441556,32295564,L5W1Y6NLS - NLS-SPORTING LIFE,SLI-058730,2026-03-02,2026-03-20,10,225,Order NonMasterPack,5,0.25,5.25
16361163,IF4041441556,32295564,L5W1Y6NLS - NLS-SPORTING LIFE,SLI-058730,2026-03-02,2026-03-20,1,225,Order Processing,2,0.1,2.1
16361167,IF4041441560,32295568,L5W1Y6NLS - NLS-SPORTING LIFE,SLI-058729,2026-03-02,2026-03-20,1,202.5,Order Processing,2,0.1,2.1
16361167,IF4041441560,32295568,L5W1Y6NLS - NLS-SPORTING LIFE,SLI-058729,2026-03-02,2026-03-20,9,202.5,Order NonMasterPack,4.5,0.23,4.73
16361166,IF4041441559,32295567,L5W1Y6NLS - NLS-SPORTING LIFE,SLI-058714,2026-03-02,2026-03-20,1,540,Order Processing,2,0.1,2.1
16361166,IF4041441559,32295567,L5W1Y6NLS - NLS-SPORTING LIFE,SLI-058714,2026-03-02,2026-03-20,24,540,Order NonMasterPack,12,0.6,12.6
16361165,IF4041441558,32295566,L5W1Y6NLS - NLS-SPORTING LIFE,SLI-058740,2026-03-02,2026-03-20,1,225,Order Processing,2,0.1,2.1
16361165,IF4041441558,32295566,L5W1Y6NLS - NLS-SPORTING LIFE,SLI-058740,2026-03-02,2026-03-20,10,225,Order NonMasterPack,5,0.25,5.25
16361171,IF4041441564,32295572,L5W1Y6NLS - NLS-SPORTING LIFE,SLI-058734,2026-03-02,2026-03-20,1,225,Order Processing,2,0.1,2.1
16361171,IF4041441564,32295572,L5W1Y6NLS - NLS-SPORTING LIFE,SLI-058734,2026-03-02,2026-03-20,10,225,Order NonMasterPack,5,0.25,5.25
16361162,IF4041441555,32295563,L5W1Y6NLS - NLS-SPORTING LIFE,SLI-058732,2026-03-02,2026-03-20,1,202.5,Order Processing,2,0.1,2.1
16361162,IF4041441555,32295563,L5W1Y6NLS - NLS-SPORTING LIFE,SLI-058732,2026-03-02,2026-03-20,9,202.5,Order NonMasterPack,4.5,0.23,4.73
16361176,IF4041441569,32295577,L5W1Y6NLS - NLS-SPORTING LIFE,SLI-058741,2026-03-02,2026-03-20,10,225,Order NonMasterPack,5,0.25,5.25
16361176,IF4041441569,32295577,L5W1Y6NLS - NLS-SPORTING LIFE,SLI-058741,2026-03-02,2026-03-20,1,225,Order Processing,2,0.1,2.1
16361169,IF4041441562,32295570,L5W1Y6NLS - NLS-SPORTING LIFE,SLI-058738,2026-03-02,2026-03-20,1,225,Order Processing,2,0.1,2.1
16361169,IF4041441562,32295570,L5W1Y6NLS - NLS-SPORTING LIFE,SLI-058738,2026-03-02,2026-03-20,10,225,Order NonMasterPack,5,0.25,5.25
16361164,IF4041441557,32295565,L5W1Y6NLS - NLS-SPORTING LIFE,SLI-058735,2026-03-02,2026-03-20,1,225,Order Processing,2,0.1,2.1
16361164,IF4041441557,32295565,L5W1Y6NLS - NLS-SPORTING LIFE,SLI-058735,2026-03-02,2026-03-20,10,225,Order NonMasterPack,5,0.25,5.25
16361177,IF4041441570,32295578,L5W1Y6NLS - NLS-SPORTING LIFE,SLI-064626,2026-03-02,2026-03-20,1,3872.5,Order Processing,2,0.1,2.1
16361177,IF4041441570,32295578,L5W1Y6NLS - NLS-SPORTING LIFE,SLI-064626,2026-03-02,2026-03-20,110,3872.5,Order NonMasterPack,55,2.75,57.75
16361175,IF4041441568,32295576,L5W1Y6NLS - NLS-SPORTING LIFE,SLI-058737,2026-03-02,2026-03-20,9,202.5,Order NonMasterPack,4.5,0.23,4.73
16361175,IF4041441568,32295576,L5W1Y6NLS - NLS-SPORTING LIFE,SLI-058737,2026-03-02,2026-03-20,1,202.5,Order Processing,2,0.1,2.1
16359758,IF4041441168,32272946,V0N2P0THE - THE CLOTHES INN,hardymar26,2026-03-02,2026-03-20,107,4217.5,Order NonMasterPack,53.5,2.68,56.18
16359758,IF4041441168,32272946,V0N2P0THE - THE CLOTHES INN,hardymar26,2026-03-02,2026-03-20,1,4217.5,Order Processing,2,0.1,2.1
16415337,IF4041445790,32436291,L6T4H8THE - The Nuance Group (Canada) Inc,4503750658,2026-03-19,2026-03-20,1,10755.5,Order Processing,2,0.1,2.1
16415337,IF4041445790,32436291,L6T4H8THE - The Nuance Group (Canada) Inc,4503750658,2026-03-19,2026-03-20,1,10755.5,Order Master Pack Carton,2,0.1,2.1
16415337,IF4041445790,32436291,L6T4H8THE - The Nuance Group (Canada) Inc,4503750658,2026-03-19,2026-03-20,320,10755.5,Order NonMasterPack,160,8,168
16363520,IF4041441606,32297221,T6E6H7BEL - BELOW THE BELT LTD.,206855,2026-03-03,2026-03-20,1,20030,Order Processing,2,0.1,2.1
16363520,IF4041441606,32297221,T6E6H7BEL - BELOW THE BELT LTD.,206855,2026-03-03,2026-03-20,8,20030,Order Master Pack Carton,16,0.8,16.8
16363520,IF4041441606,32297221,T6E6H7BEL - BELOW THE BELT LTD.,206855,2026-03-03,2026-03-20,374,20030,Order NonMasterPack,187,9.35,196.35
16363527,IF4041441623,32297238,J9L1M8LE - LE COUREUR DES BOIS,CP03072025Liv.Vet2,2026-03-03,2026-03-23,1,866,Order Processing,2,0.1,2.1
16363527,IF4041441623,32297238,J9L1M8LE - LE COUREUR DES BOIS,CP03072025Liv.Vet2,2026-03-03,2026-03-23,22,866,Order NonMasterPack,11,0.55,11.55
16386139,IF4041443456,32367323,V7R4K9GRO - GROUSE MOUNTAIN RESORTS LTD.,Shelf Talker,2026-03-10,2026-03-23,1,0,Handling,0.55,0.03,0.58
16386139,IF4041443456,32367323,V7R4K9GRO - GROUSE MOUNTAIN RESORTS LTD.,Shelf Talker,2026-03-10,2026-03-23,1,0,Order Processing,2,0.1,2.1
16408697,IF4041445386,32420945,G2J1R8MÉG - Méga Centre Le Bourgneuf,4262105-682,2026-03-17,2026-03-23,1,892,Order Processing,2,0.1,2.1
16408697,IF4041445386,32420945,G2J1R8MÉG - Méga Centre Le Bourgneuf,4262105-682,2026-03-17,2026-03-23,32,892,Order NonMasterPack,16,0.8,16.8
16408698,IF4041445388,32420946,J1L1K1SPO - SPORTS EXPERTS 528,4262105-528,2026-03-17,2026-03-23,82,2292.5,Order NonMasterPack,41,2.05,43.05
16408698,IF4041445388,32420946,J1L1K1SPO - SPORTS EXPERTS 528,4262105-528,2026-03-17,2026-03-23,1,2292.5,Order Processing,2,0.1,2.1
16408735,IF4041445448,32423377,V7R4K9GRO - GROUSE MOUNTAIN RESORTS LTD.,12299,2026-03-17,2026-03-23,1,2736,Order Processing,2,0.1,2.1
16408735,IF4041445448,32423377,V7R4K9GRO - GROUSE MOUNTAIN RESORTS LTD.,12299,2026-03-17,2026-03-23,64,2736,Order NonMasterPack,32,1.6,33.6
16416937,IF4041445950,32441581,E3B1B2THE - THE RADICAL EDGE,Shelf Talker_2,2026-03-19,2026-03-23,2,0,Handling,1.1,0.06,1.16
16416937,IF4041445950,32441581,E3B1B2THE - THE RADICAL EDGE,Shelf Talker_2,2026-03-19,2026-03-23,1,0,Order Processing,2,0.1,2.1
16419028,IF4041446000,32442765,E8J1T7DAZ - DAZE SPORTS EXCELLENCE,Tentree RPT-2 19mars26,2026-03-20,2026-03-23,1,485.5,Order Processing,2,0.1,2.1
16419028,IF4041446000,32442765,E8J1T7DAZ - DAZE SPORTS EXCELLENCE,Tentree RPT-2 19mars26,2026-03-20,2026-03-23,18,485.5,Order NonMasterPack,9,0.45,9.45
16413353,IF4041445739,32435053,V3K6V7BEL - BELOW THE BELT - COQUITLAM,tentree accessory rack,2026-03-18,2026-03-23,1,0,Order Processing,2,0.1,2.1
16413353,IF4041445739,32435053,V3K6V7BEL - BELOW THE BELT - COQUITLAM,tentree accessory rack,2026-03-18,2026-03-23,2,0,Handling,8.8,0.44,9.24
16409164,IF4041445545,32426538,V8B0B6SEA - SEA TO SKY GONDOLA,SS26 tentree accessories Del 1,2026-03-17,2026-03-23,1,5653.5,Order Processing,2,0.1,2.1
16409164,IF4041445545,32426538,V8B0B6SEA - SEA TO SKY GONDOLA,SS26 tentree accessories Del 1,2026-03-17,2026-03-23,247,5653.5,Order NonMasterPack,123.5,6.18,129.68
16386140,IF4041443457,32367324,S7N1A9OUT - OUTTER LIMITS,Shelf Talker,2026-03-10,2026-03-25,1,0,Handling,0.55,0.03,0.58
16386140,IF4041443457,32367324,S7N1A9OUT - OUTTER LIMITS,Shelf Talker,2026-03-10,2026-03-25,1,0,Order Processing,2,0.1,2.1
16392716,IF4041444042,32384227,E1V6S1DEN - DENIM WEARHOUSE,Spring 2026 2nd delivery,2026-03-12,2026-03-25,1,2668,Order Processing,2,0.1,2.1
16392716,IF4041444042,32384227,E1V6S1DEN - DENIM WEARHOUSE,Spring 2026 2nd delivery,2026-03-12,2026-03-25,88,2668,Order NonMasterPack,44,2.2,46.2
16392718,IF4041444044,32384229,B5A1E7EVE - EVERY BLOOMIN THING,KN060225B,2026-03-12,2026-03-25,35,1590,Order NonMasterPack,17.5,0.88,18.38
16392718,IF4041444044,32384229,B5A1E7EVE - EVERY BLOOMIN THING,KN060225B,2026-03-12,2026-03-25,1,1590,Order Processing,2,0.1,2.1
16392719,IF4041444045,32384230,B5A1E7EVE - EVERY BLOOMIN THING,KN060225D,2026-03-12,2026-03-25,37,1251,Order NonMasterPack,18.5,0.93,19.43
16392719,IF4041444045,32384230,B5A1E7EVE - EVERY BLOOMIN THING,KN060225D,2026-03-12,2026-03-25,1,1251,Order Processing,2,0.1,2.1
16392721,IF4041444047,32384232,B0E1N0CAP - CAPER GYM AND FITNESS INC dba THE CENTRA,26-Apr,2026-03-12,2026-03-25,1,2348,Order Processing,2,0.1,2.1
16392721,IF4041444047,32384232,B0E1N0CAP - CAPER GYM AND FITNESS INC dba THE CENTRA,26-Apr,2026-03-12,2026-03-25,60,2348,Order NonMasterPack,30,1.5,31.5
16396391,IF4041444355,32395987,J9E3C5MAN - MANI PIECES PLUS INC dba BUCKS SPORTS SH,Shelf Talker,2026-03-13,2026-03-25,1,0,Order Processing,2,0.1,2.1
16396391,IF4041444355,32395987,J9E3C5MAN - MANI PIECES PLUS INC dba BUCKS SPORTS SH,Shelf Talker,2026-03-13,2026-03-25,1,0,Handling,0.55,0.03,0.58
16392724,IF4041444050,32384235,A1B4J9ALP - ALPINE COUNTRY LODGE LTD,Tentree SS26 Ladies,2026-03-12,2026-03-25,69,3196,Order NonMasterPack,34.5,1.73,36.23
16392724,IF4041444050,32384235,A1B4J9ALP - ALPINE COUNTRY LODGE LTD,Tentree SS26 Ladies,2026-03-12,2026-03-25,1,3196,Order Processing,2,0.1,2.1
16396392,IF4041444356,32395988,G0C1E0SPO - SPORTS EXPERTS 674,Shelf Talker,2026-03-13,2026-03-25,1,0,Handling,0.55,0.03,0.58
16396392,IF4041444356,32395988,G0C1E0SPO - SPORTS EXPERTS 674,Shelf Talker,2026-03-13,2026-03-25,1,0,Order Processing,2,0.1,2.1
16370058,IF4041442390,32324737,S7N1A9OUT - OUTTER LIMITS,tentrees261,2026-03-05,2026-03-25,1,2933.5,Order Processing,2,0.1,2.1
16370058,IF4041442390,32324737,S7N1A9OUT - OUTTER LIMITS,tentrees261,2026-03-05,2026-03-25,71,2933.5,Order NonMasterPack,35.5,1.78,37.28
16419027,IF4041445999,32442764,T7E1T7JEN - JENSENS LIFESTYLE CLOTHING,staffspring26,2026-03-20,2026-03-25,1,158.1,Order Processing,2,0.1,2.1
16419027,IF4041445999,32442764,T7E1T7JEN - JENSENS LIFESTYLE CLOTHING,staffspring26,2026-03-20,2026-03-25,4,158.1,Order NonMasterPack,2,0.1,2.1
16430046,IF4041446665,32471990,V0N1B1CAM - CAMP LIFESTYLE AND COFFEE CO,fixture,2026-03-23,2026-03-25,1,0,Order Processing,2,0.1,2.1
16430046,IF4041446665,32471990,V0N1B1CAM - CAMP LIFESTYLE AND COFFEE CO,fixture,2026-03-23,2026-03-25,1,0,Handling,4.4,0.22,4.62
16392712,IF4041444037,32384223,N5A3G8GRU - GRUV,2Sp26,2026-03-12,2026-03-25,1,4336,Order Processing,2,0.1,2.1
16392712,IF4041444037,32384223,N5A3G8GRU - GRUV,2Sp26,2026-03-12,2026-03-25,142,4336,Order NonMasterPack,71,3.55,74.55
16392713,IF4041444038,32384224,N0B2N0CHA - CHANGE LIFESTYLE & APPAREL,Spring 26April,2026-03-12,2026-03-25,1,4073,Order Processing,2,0.1,2.1
16392713,IF4041444038,32384224,N0B2N0CHA - CHANGE LIFESTYLE & APPAREL,Spring 26April,2026-03-12,2026-03-25,114,4073,Order NonMasterPack,57,2.85,59.85
16392714,IF4041444040,32384225,T0E1E0RAN - RANSOM,Summer26,2026-03-12,2026-03-25,71,2420,Order NonMasterPack,35.5,1.78,37.28
16392714,IF4041444040,32384225,T0E1E0RAN - RANSOM,Summer26,2026-03-12,2026-03-25,1,2420,Order Processing,2,0.1,2.1
16392715,IF4041444041,32384226,V1T9H2WEA - WEARABOUTS - VERNON,VerSp26s3,2026-03-12,2026-03-25,35,1278,Order NonMasterPack,17.5,0.88,18.38
16392715,IF4041444041,32384226,V1T9H2WEA - WEARABOUTS - VERNON,VerSp26s3,2026-03-12,2026-03-25,1,1278,Order Processing,2,0.1,2.1
16392722,IF4041444048,32384233,V7M2J5NOR - NORTH SHORE SKI AND BOARD,PBWAPR1 6%,2026-03-12,2026-03-25,52,2163,Order NonMasterPack,26,1.3,27.3
16392722,IF4041444048,32384233,V7M2J5NOR - NORTH SHORE SKI AND BOARD,PBWAPR1 6%,2026-03-12,2026-03-25,1,2163,Order Processing,2,0.1,2.1
16392723,IF4041444049,32384234,V7M2J5NOR - NORTH SHORE SKI AND BOARD,PBMAPR1 6%,2026-03-12,2026-03-25,1,1077,Order Processing,2,0.1,2.1
16392723,IF4041444049,32384234,V7M2J5NOR - NORTH SHORE SKI AND BOARD,PBMAPR1 6%,2026-03-12,2026-03-25,36,1077,Order NonMasterPack,18,0.9,18.9
16392726,IF4041444052,32384237,R7A1G6STR - STREAM N WOOD,s26 del 2,2026-03-12,2026-03-25,1,2689.5,Order Processing,2,0.1,2.1
16392726,IF4041444052,32384237,R7A1G6STR - STREAM N WOOD,s26 del 2,2026-03-12,2026-03-25,92,2689.5,Order NonMasterPack,46,2.3,48.3
16392727,IF4041444058,32384238,S0C0R0KIN - KINGS DEPARTMENT STORE,ladies s26,2026-03-12,2026-03-25,1,1965,Order Processing,2,0.1,2.1
16392727,IF4041444058,32384238,S0C0R0KIN - KINGS DEPARTMENT STORE,ladies s26,2026-03-12,2026-03-25,54,1965,Order NonMasterPack,27,1.35,28.35
16392729,IF4041444060,32384240,M1B5K7TOR - TORONTO ZOO,982,2026-03-12,2026-03-25,3,21552,Order Master Pack Carton,6,0.3,6.3
16392729,IF4041444060,32384240,M1B5K7TOR - TORONTO ZOO,982,2026-03-12,2026-03-25,1,21552,Order Processing,2,0.1,2.1
16392729,IF4041444060,32384240,M1B5K7TOR - TORONTO ZOO,982,2026-03-12,2026-03-25,686,21552,Order NonMasterPack,343,17.15,360.15
16392733,IF4041444072,32384775,V0N2J2ALL - ALLISON TAYLOR dba INIS TRADING CO,Summer 2025,2026-03-12,2026-03-25,32,1323,Order NonMasterPack,16,0.8,16.8
16392733,IF4041444072,32384775,V0N2J2ALL - ALLISON TAYLOR dba INIS TRADING CO,Summer 2025,2026-03-12,2026-03-25,1,1323,Order Processing,2,0.1,2.1
16396383,IF4041444347,32395979,A1B4J9ALP - ALPINE COUNTRY LODGE LTD,Shelf Talker,2026-03-13,2026-03-25,1,0,Handling,0.55,0.03,0.58
16396383,IF4041444347,32395979,A1B4J9ALP - ALPINE COUNTRY LODGE LTD,Shelf Talker,2026-03-13,2026-03-25,1,0,Order Processing,2,0.1,2.1
16396385,IF4041444349,32395981,T0G2A1DIS - DISTRACTIONS,Shelf Talker,2026-03-13,2026-03-25,1,0,Order Processing,2,0.1,2.1
16396385,IF4041444349,32395981,T0G2A1DIS - DISTRACTIONS,Shelf Talker,2026-03-13,2026-03-25,1,0,Handling,0.55,0.03,0.58
16396386,IF4041444350,32395982,S4N0P9FRE - FRESH AIR EXPERIENCE,Shelf Talker,2026-03-13,2026-03-25,1,0,Handling,0.55,0.03,0.58
16396386,IF4041444350,32395982,S4N0P9FRE - FRESH AIR EXPERIENCE,Shelf Talker,2026-03-13,2026-03-25,1,0,Order Processing,2,0.1,2.1
16396387,IF4041444351,32395983,S6V4V3FRE - FRESH AIR EXPERIENCE,Shelf Talker,2026-03-13,2026-03-25,1,0,Order Processing,2,0.1,2.1
16396387,IF4041444351,32395983,S6V4V3FRE - FRESH AIR EXPERIENCE,Shelf Talker,2026-03-13,2026-03-25,1,0,Handling,0.55,0.03,0.58
16396388,IF4041444352,32395984,K0M1A0BUC - BUCKEYE SURF AND SNOW,Shelf Talker,2026-03-13,2026-03-25,1,0,Handling,0.55,0.03,0.58
16396388,IF4041444352,32395984,K0M1A0BUC - BUCKEYE SURF AND SNOW,Shelf Talker,2026-03-13,2026-03-25,1,0,Order Processing,2,0.1,2.1
16396389,IF4041444353,32395985,K6V3P7FAN - FANCY THAT  LIMESTONE AND IVY,Shelf Talker,2026-03-13,2026-03-25,1,0,Order Processing,2,0.1,2.1
16396389,IF4041444353,32395985,K6V3P7FAN - FANCY THAT  LIMESTONE AND IVY,Shelf Talker,2026-03-13,2026-03-25,1,0,Handling,0.55,0.03,0.58
16396390,IF4041444354,32395986,M1B5K7TOR - TORONTO ZOO,Shelf Talker,2026-03-13,2026-03-25,1,0,Handling,0.55,0.03,0.58
16396390,IF4041444354,32395986,M1B5K7TOR - TORONTO ZOO,Shelf Talker,2026-03-13,2026-03-25,1,0,Order Processing,2,0.1,2.1
16396393,IF4041444357,32395989,J1X2A9SPO - SPORTS EXPERTS 468 (NORMANDIN),Shelf Talker,2026-03-13,2026-03-25,1,0,Handling,0.55,0.03,0.58
16396393,IF4041444357,32395989,J1X2A9SPO - SPORTS EXPERTS 468 (NORMANDIN),Shelf Talker,2026-03-13,2026-03-25,1,0,Order Processing,2,0.1,2.1
16396394,IF4041444358,32395990,J2K3G8SPO - SPORTS EXPERTS 479,Shelf Talker,2026-03-13,2026-03-25,1,0,Order Processing,2,0.1,2.1
16396394,IF4041444358,32395990,J2K3G8SPO - SPORTS EXPERTS 479,Shelf Talker,2026-03-13,2026-03-25,1,0,Handling,0.55,0.03,0.58
16396395,IF4041444359,32395991,V2C5N8TRU - TRUE OUTDOORS,Shelf Talker,2026-03-13,2026-03-25,1,0,Order Processing,2,0.1,2.1
16396395,IF4041444359,32395991,V2C5N8TRU - TRUE OUTDOORS,Shelf Talker,2026-03-13,2026-03-25,1,0,Handling,0.55,0.03,0.58
16396384,IF4041444348,32395980,B0S1A0CRO - CROWN & ANCHOR ELEVATED LIVING,Shelf Talker,2026-03-13,2026-03-25,1,0,Handling,0.55,0.03,0.58
16396384,IF4041444348,32395980,B0S1A0CRO - CROWN & ANCHOR ELEVATED LIVING,Shelf Talker,2026-03-13,2026-03-25,1,0,Order Processing,2,0.1,2.1
16383178,IF4041443274,32360314,V3Z1A5MEC - MEC Western Distribution Centre,717446,2026-03-09,2026-03-26,1,3388,Order Processing,2,0.1,2.1
16383178,IF4041443274,32360314,V3Z1A5MEC - MEC Western Distribution Centre,717446,2026-03-09,2026-03-26,77,3388,Order NonMasterPack,38.5,1.93,40.43
16383176,IF4041443272,32360312,V3Z1A5MEC - MEC Western Distribution Centre,717444,2026-03-09,2026-03-26,100,2250,Order NonMasterPack,50,2.5,52.5
16383176,IF4041443272,32360312,V3Z1A5MEC - MEC Western Distribution Centre,717444,2026-03-09,2026-03-26,1,2250,Order Processing,2,0.1,2.1
16383175,IF4041443271,32360311,V3Z1A5MEC - MEC Western Distribution Centre,717443,2026-03-09,2026-03-26,131,2947.5,Order NonMasterPack,65.5,3.28,68.78
16383175,IF4041443271,32360311,V3Z1A5MEC - MEC Western Distribution Centre,717443,2026-03-09,2026-03-26,1,2947.5,Order Processing,2,0.1,2.1
16383177,IF4041443273,32360313,V3Z1A5MEC - MEC Western Distribution Centre,717445,2026-03-09,2026-03-26,176,3960,Order NonMasterPack,88,4.4,92.4
16383177,IF4041443273,32360313,V3Z1A5MEC - MEC Western Distribution Centre,717445,2026-03-09,2026-03-26,1,3960,Order Processing,2,0.1,2.1
16405077,IF4041444564,32400282,J7V5V5C/O - c/o Groupe Sure Track,717455,2026-03-16,2026-03-26,3,6600,Order Master Pack Carton,6,0.3,6.3
16405077,IF4041444564,32400282,J7V5V5C/O - c/o Groupe Sure Track,717455,2026-03-16,2026-03-26,1,6600,Order Processing,2,0.1,2.1
16405077,IF4041444564,32400282,J7V5V5C/O - c/o Groupe Sure Track,717455,2026-03-16,2026-03-26,72,6600,Order NonMasterPack,36,1.8,37.8
16383179,IF4041443275,32360315,J7V5V5C/O - c/o Groupe Sure Track,717447,2026-03-09,2026-03-26,1,2677.5,Order Processing,2,0.1,2.1
16383179,IF4041443275,32360315,J7V5V5C/O - c/o Groupe Sure Track,717447,2026-03-09,2026-03-26,119,2677.5,Order NonMasterPack,59.5,2.98,62.48
16387347,IF4041443598,32372344,J7V5V5C/O - c/o Groupe Sure Track,714265,2026-03-10,2026-03-26,200,8800,Order NonMasterPack,100,5,105
16387347,IF4041443598,32372344,J7V5V5C/O - c/o Groupe Sure Track,714265,2026-03-10,2026-03-26,1,8800,Order Processing,2,0.1,2.1
16405076,IF4041444563,32400281,J7V5V5C/O - c/o Groupe Sure Track,717450,2026-03-16,2026-03-26,74,3256,Order NonMasterPack,37,1.85,38.85
16405076,IF4041444563,32400281,J7V5V5C/O - c/o Groupe Sure Track,717450,2026-03-16,2026-03-26,1,3256,Order Processing,2,0.1,2.1
16387350,IF4041443601,32372347,J7V5V5C/O - c/o Groupe Sure Track,714273,2026-03-10,2026-03-26,1,4500,Order Processing,2,0.1,2.1
16387350,IF4041443601,32372347,J7V5V5C/O - c/o Groupe Sure Track,714273,2026-03-10,2026-03-26,120,4500,Order NonMasterPack,60,3,63
16387350,IF4041443601,32372347,J7V5V5C/O - c/o Groupe Sure Track,714273,2026-03-10,2026-03-26,2,4500,Order Master Pack Carton,4,0.2,4.2
16383180,IF4041443276,32360316,J7V5V5C/O - c/o Groupe Sure Track,717448,2026-03-09,2026-03-26,100,2250,Order NonMasterPack,50,2.5,52.5
16383180,IF4041443276,32360316,J7V5V5C/O - c/o Groupe Sure Track,717448,2026-03-09,2026-03-26,1,2250,Order Processing,2,0.1,2.1
16387351,IF4041443602,32372348,J7V5V5C/O - c/o Groupe Sure Track,717457,2026-03-10,2026-03-26,298,11622,Order NonMasterPack,149,7.45,156.45
16387351,IF4041443602,32372348,J7V5V5C/O - c/o Groupe Sure Track,717457,2026-03-10,2026-03-26,1,11622,Order Processing,2,0.1,2.1
16387349,IF4041443600,32372346,J7V5V5C/O - c/o Groupe Sure Track,714267,2026-03-10,2026-03-26,1,5500,Order Processing,2,0.1,2.1
16387349,IF4041443600,32372346,J7V5V5C/O - c/o Groupe Sure Track,714267,2026-03-10,2026-03-26,125,5500,Order NonMasterPack,62.5,3.13,65.63
16405078,IF4041444566,32400283,J7V5V5C/O - c/o Groupe Sure Track,714269,2026-03-16,2026-03-26,100,4400,Order NonMasterPack,50,2.5,52.5
16405078,IF4041444566,32400283,J7V5V5C/O - c/o Groupe Sure Track,714269,2026-03-16,2026-03-26,1,4400,Order Processing,2,0.1,2.1
16387352,IF4041443603,32372349,J7V5V5C/O - c/o Groupe Sure Track,717459,2026-03-10,2026-03-26,1,11232,Order Master Pack Carton,2,0.1,2.1
16387352,IF4041443603,32372349,J7V5V5C/O - c/o Groupe Sure Track,717459,2026-03-10,2026-03-26,228,11232,Order NonMasterPack,114,5.7,119.7
16387352,IF4041443603,32372349,J7V5V5C/O - c/o Groupe Sure Track,717459,2026-03-10,2026-03-26,1,11232,Order Processing,2,0.1,2.1
16387348,IF4041443599,32372345,J7V5V5C/O - c/o Groupe Sure Track,714259,2026-03-10,2026-03-26,1,2812.5,Order Master Pack Carton,2,0.1,2.1
16387348,IF4041443599,32372345,J7V5V5C/O - c/o Groupe Sure Track,714259,2026-03-10,2026-03-26,85,2812.5,Order NonMasterPack,42.5,2.13,44.63
16387348,IF4041443599,32372345,J7V5V5C/O - c/o Groupe Sure Track,714259,2026-03-10,2026-03-26,1,2812.5,Order Processing,2,0.1,2.1
16405075,IF4041444562,32400280,J7V5V5C/O - c/o Groupe Sure Track,717449,2026-03-16,2026-03-26,174,3915,Order NonMasterPack,87,4.35,91.35
16405075,IF4041444562,32400280,J7V5V5C/O - c/o Groupe Sure Track,717449,2026-03-16,2026-03-26,1,3915,Order Processing,2,0.1,2.1
16386142,IF4041443459,32367326,B4P1E1WIL - WILD LILY,Shelf Talker,2026-03-10,2026-03-26,1,0,Order Processing,2,0.1,2.1
16386142,IF4041443459,32367326,B4P1E1WIL - WILD LILY,Shelf Talker,2026-03-10,2026-03-26,1,0,Handling,0.55,0.03,0.58
16392725,IF4041444051,32384236,V8J1P2HOM - HOMEWORK,spring2026-2,2026-03-12,2026-03-26,50,1601,Order NonMasterPack,25,1.25,26.25
16392725,IF4041444051,32384236,V8J1P2HOM - HOMEWORK,spring2026-2,2026-03-12,2026-03-26,1,1601,Order Processing,2,0.1,2.1
16392728,IF4041444059,32384239,K9J2T7WIL - WILD ROCK OUTFITTERS,TENTREE-2/2,2026-03-12,2026-03-26,40,1499.5,Order NonMasterPack,20,1,21
16392728,IF4041444059,32384239,K9J2T7WIL - WILD ROCK OUTFITTERS,TENTREE-2/2,2026-03-12,2026-03-26,1,1499.5,Order Processing,2,0.1,2.1
16392730,IF4041444068,32384771,J9E3C5MAN - MANI PIECES PLUS INC dba BUCKS SPORTS SH,Spring2026,2026-03-12,2026-03-26,513,13990.5,Order NonMasterPack,256.5,12.83,269.33
16392730,IF4041444068,32384771,J9E3C5MAN - MANI PIECES PLUS INC dba BUCKS SPORTS SH,Spring2026,2026-03-12,2026-03-26,1,13990.5,Order Processing,2,0.1,2.1
16392737,IF4041444079,32384780,G6P4A2SIG - SIGNE POUR LUI INC.,avril Tentree,2026-03-12,2026-03-26,26,735.5,Order NonMasterPack,13,0.65,13.65
16392737,IF4041444079,32384780,G6P4A2SIG - SIGNE POUR LUI INC.,avril Tentree,2026-03-12,2026-03-26,1,735.5,Order Processing,2,0.1,2.1
16430043,IF4041446660,32471987,J2K3G8SPO - SPORTS EXPERTS 479,4262099-479,2026-03-23,2026-03-26,1,408,Order Processing,2,0.1,2.1
16430043,IF4041446660,32471987,J2K3G8SPO - SPORTS EXPERTS 479,4262099-479,2026-03-23,2026-03-26,12,408,Order NonMasterPack,6,0.3,6.3
16430045,IF4041446662,32471989,J1X2A9SPO - SPORTS EXPERTS 468 (NORMANDIN),4262099-468,2026-03-23,2026-03-26,16,498,Order NonMasterPack,8,0.4,8.4
16430045,IF4041446662,32471989,J1X2A9SPO - SPORTS EXPERTS 468 (NORMANDIN),4262099-468,2026-03-23,2026-03-26,1,498,Order Processing,2,0.1,2.1
16431487,IF4041446677,32472208,A1B4J9ALP - ALPINE COUNTRY LODGE LTD,SS26,2026-03-23,2026-03-26,1,2383.5,Order Processing,2,0.1,2.1
16431487,IF4041446677,32472208,A1B4J9ALP - ALPINE COUNTRY LODGE LTD,SS26,2026-03-23,2026-03-26,84,2383.5,Order NonMasterPack,42,2.1,44.1
16386690,IF4041443527,32370436,E5B1A8MY - MY SPACE GIFT SHOP,kelly SS26 -1,2026-03-10,2026-03-26,225,8932.5,Order NonMasterPack,112.5,5.63,118.13
16386690,IF4041443527,32370436,E5B1A8MY - MY SPACE GIFT SHOP,kelly SS26 -1,2026-03-10,2026-03-26,1,8932.5,Order Processing,2,0.1,2.1
16383184,IF4041443303,32360925,V2G4T6CAR - CARIBOU SKI SOURCE FOR SPORTS,26-056,2026-03-09,2026-03-26,1,4222.5,Order Processing,2,0.1,2.1
16383184,IF4041443303,32360925,V2G4T6CAR - CARIBOU SKI SOURCE FOR SPORTS,26-056,2026-03-09,2026-03-26,154,4222.5,Order NonMasterPack,77,3.85,80.85
16392720,IF4041444046,32384231,B5A1E7EVE - EVERY BLOOMIN THING,KN060225F,2026-03-12,2026-03-26,1,135,Order Processing,2,0.1,2.1
16392720,IF4041444046,32384231,B5A1E7EVE - EVERY BLOOMIN THING,KN060225F,2026-03-12,2026-03-26,6,135,Order NonMasterPack,3,0.15,3.15
16392731,IF4041444070,32384773,V0N3A0TRA - TRAIL BAY SOURCE FOR SPORTS,BS26004-5,2026-03-12,2026-03-26,27,607.5,Order NonMasterPack,13.5,0.68,14.18
16392731,IF4041444070,32384773,V0N3A0TRA - TRAIL BAY SOURCE FOR SPORTS,BS26004-5,2026-03-12,2026-03-26,1,607.5,Order Processing,2,0.1,2.1
16392732,IF4041444071,32384774,V1C3R3GER - GERICK SPORTS,tentreesp262,2026-03-12,2026-03-26,1,3120,Order Processing,2,0.1,2.1
16392732,IF4041444071,32384774,V1C3R3GER - GERICK SPORTS,tentreesp262,2026-03-12,2026-03-26,90,3120,Order NonMasterPack,45,2.25,47.25
16392736,IF4041444075,32384778,T0G2A1DIS - DISTRACTIONS,7082025,2026-03-12,2026-03-26,1,1363,Order Processing,2,0.1,2.1
16392736,IF4041444075,32384778,T0G2A1DIS - DISTRACTIONS,7082025,2026-03-12,2026-03-26,38,1363,Order NonMasterPack,19,0.95,19.95
16392738,IF4041444082,32384783,S6V4V3FRE - FRESH AIR EXPERIENCE,PA-S26TT1,2026-03-12,2026-03-26,1,3748.5,Order Processing,2,0.1,2.1
16392738,IF4041444082,32384783,S6V4V3FRE - FRESH AIR EXPERIENCE,PA-S26TT1,2026-03-12,2026-03-26,127,3748.5,Order NonMasterPack,63.5,3.18,66.68
16392739,IF4041444083,32384784,V9W8C9SPI - SPINNERS SPORTS CAMPBELL RIVER,10TWOMEN040126,2026-03-12,2026-03-26,1,4336,Order Processing,2,0.1,2.1
16392739,IF4041444083,32384784,V9W8C9SPI - SPINNERS SPORTS CAMPBELL RIVER,10TWOMEN040126,2026-03-12,2026-03-26,104,4336,Order NonMasterPack,52,2.6,54.6
16392740,IF4041444084,32384785,K0M1A0BUC - BUCKEYE SURF AND SNOW,WMN26,2026-03-12,2026-03-26,151,5204.5,Order NonMasterPack,75.5,3.78,79.28
16392740,IF4041444084,32384785,K0M1A0BUC - BUCKEYE SURF AND SNOW,WMN26,2026-03-12,2026-03-26,1,5204.5,Order Processing,2,0.1,2.1
16392741,IF4041444085,32384786,K6V3P7FAN - FANCY THAT  LIMESTONE AND IVY,Spring 2026,2026-03-12,2026-03-26,62,2427.5,Order NonMasterPack,31,1.55,32.55
16392741,IF4041444085,32384786,K6V3P7FAN - FANCY THAT  LIMESTONE AND IVY,Spring 2026,2026-03-12,2026-03-26,1,2427.5,Order Processing,2,0.1,2.1
16392742,IF4041444086,32384787,V1N2M9MAL - MALLARDS SOURCE FOR SPORTS,Ten Spring 26 2,2026-03-12,2026-03-26,193,6723.5,Order NonMasterPack,96.5,4.83,101.33
16392742,IF4041444086,32384787,V1N2M9MAL - MALLARDS SOURCE FOR SPORTS,Ten Spring 26 2,2026-03-12,2026-03-26,1,6723.5,Order Processing,2,0.1,2.1
16392743,IF4041444087,32384788,R0G0J0KNO - KNOCKABOUTS INC.,KNOTTSP26-2,2026-03-12,2026-03-26,1,787.5,Order Processing,2,0.1,2.1
16392743,IF4041444087,32384788,R0G0J0KNO - KNOCKABOUTS INC.,KNOTTSP26-2,2026-03-12,2026-03-26,35,787.5,Order NonMasterPack,17.5,0.88,18.38
16392744,IF4041444184,32390143,V8B0G8VAL - VALHALLA PURE SQUAMISH,TTI-SS26-M-Sh2,2026-03-12,2026-03-26,1,2822,Order Processing,2,0.1,2.1
16392744,IF4041444184,32390143,V8B0G8VAL - VALHALLA PURE SQUAMISH,TTI-SS26-M-Sh2,2026-03-12,2026-03-26,86,2822,Order NonMasterPack,43,2.15,45.15
16392745,IF4041444185,32390142,V8B0G8VAL - VALHALLA PURE SQUAMISH,TTI-SS26-W-Sh2,2026-03-12,2026-03-26,1,3811.5,Order Processing,2,0.1,2.1
16392745,IF4041444185,32390142,V8B0G8VAL - VALHALLA PURE SQUAMISH,TTI-SS26-W-Sh2,2026-03-12,2026-03-26,108,3811.5,Order NonMasterPack,54,2.7,56.7
16392746,IF4041444186,32390144,P0J1P0A1 - A1 SOURCE FOR SPORTS,SS26 tentree Apr ship order 2of2,2026-03-12,2026-03-26,1,3416,Order Processing,2,0.1,2.1
16392746,IF4041444186,32390144,P0J1P0A1 - A1 SOURCE FOR SPORTS,SS26 tentree Apr ship order 2of2,2026-03-12,2026-03-26,117,3416,Order NonMasterPack,58.5,2.93,61.43
16430044,IF4041446661,32471988,E1X1G5SPO - SPORTS EXPERTS 646,4262099-646,2026-03-23,2026-03-26,1,157.5,Order Processing,2,0.1,2.1
16430044,IF4041446661,32471988,E1X1G5SPO - SPORTS EXPERTS 646,4262099-646,2026-03-23,2026-03-26,7,157.5,Order NonMasterPack,3.5,0.18,3.68
16431491,IF4041446690,32472221,L9H1T7ADV - ADVENTURE ATTIC,SS26 tentree ship 2 Apr,2026-03-23,2026-03-26,1,2523,Order Processing,2,0.1,2.1
16431491,IF4041446690,32472221,L9H1T7ADV - ADVENTURE ATTIC,SS26 tentree ship 2 Apr,2026-03-23,2026-03-26,70,2523,Order NonMasterPack,35,1.75,36.75
16443661,IF4041447107,32486310,T2E6W5MRG - MRG - BANFF #573,739080,2026-03-25,2026-03-26,1,4341,Order Processing,2,0.1,2.1
16443661,IF4041447107,32486310,T2E6W5MRG - MRG - BANFF #573,739080,2026-03-25,2026-03-26,132,4341,Order NonMasterPack,66,3.3,69.3
16397042,IF4041444491,32399551,P5N2W8MOO - MOONBEAM COUNTRY STORE,sp26 del 2,2026-03-13,2026-03-26,101,3565.5,Order NonMasterPack,50.5,2.53,53.03
16397042,IF4041444491,32399551,P5N2W8MOO - MOONBEAM COUNTRY STORE,sp26 del 2,2026-03-13,2026-03-26,1,3565.5,Order Processing,2,0.1,2.1
16392717,IF4041444043,32384228,A0G3A0BLU - BLUE RIDGE INC.,Ten Tree SS26-2,2026-03-12,2026-03-27,2,45,Order NonMasterPack,1,0.05,1.05
16392717,IF4041444043,32384228,A0G3A0BLU - BLUE RIDGE INC.,Ten Tree SS26-2,2026-03-12,2026-03-27,1,45,Order Processing,2,0.1,2.1
16443660,IF4041447103,32486199,G0C1E0SPO - SPORTS EXPERTS 674,4262099,2026-03-25,2026-03-27,1,708.76,Order Processing,2,0.1,2.1
16443660,IF4041447103,32486199,G0C1E0SPO - SPORTS EXPERTS 674,4262099,2026-03-25,2026-03-27,26,708.76,Order NonMasterPack,13,0.65,13.65
16408732,IF4041445444,32423374,H1G6M7LA - LA CORDEE,SPE638,2026-03-17,2026-03-27,808,24832,Order NonMasterPack,404,20.2,424.2
16408732,IF4041445444,32423374,H1G6M7LA - LA CORDEE,SPE638,2026-03-17,2026-03-27,1,24832,Order Processing,2,0.1,2.1
16408733,IF4041445445,32423375,H1G6M7LA - LA CORDEE,SPE639,2026-03-17,2026-03-27,1,7721,Order Processing,2,0.1,2.1
16408733,IF4041445445,32423375,H1G6M7LA - LA CORDEE,SPE639,2026-03-17,2026-03-27,246,7721,Order NonMasterPack,123,6.15,129.15
16408734,IF4041445447,32423376,H1G6M7LA - LA CORDEE,SPE639,2026-03-17,2026-03-27,1,3068,Order Processing,2,0.1,2.1
16408734,IF4041445447,32423376,H1G6M7LA - LA CORDEE,SPE639,2026-03-17,2026-03-27,52,3068,Order NonMasterPack,26,1.3,27.3
16383183,IF4041443300,32360923,T7A1S4254 - 2545501 Alberta Ltd. dba Eigthy Eight Cl,Ss26 #2/2,2026-03-09,2026-03-27,63,2580,Order NonMasterPack,31.5,1.58,33.08
16383183,IF4041443300,32360923,T7A1S4254 - 2545501 Alberta Ltd. dba Eigthy Eight Cl,Ss26 #2/2,2026-03-09,2026-03-27,1,2580,Order Processing,2,0.1,2.1
16392734,IF4041444073,32384776,T1R1E842 - 42 STREET,Ten Tree SP26-2,2026-03-12,2026-03-27,1,2517,Order Processing,2,0.1,2.1
16392734,IF4041444073,32384776,T1R1E842 - 42 STREET,Ten Tree SP26-2,2026-03-12,2026-03-27,89,2517,Order NonMasterPack,44.5,2.23,46.73
16431486,IF4041446674,32472205,T6E6H7BEL - BELOW THE BELT LTD.,206856,2026-03-23,2026-03-27,1,23145,Order Processing,2,0.1,2.1
16431486,IF4041446674,32472205,T6E6H7BEL - BELOW THE BELT LTD.,206856,2026-03-23,2026-03-27,801,23145,Order NonMasterPack,400.5,20.03,420.53
16431486,IF4041446674,32472205,T6E6H7BEL - BELOW THE BELT LTD.,206856,2026-03-23,2026-03-27,4,23145,Order Master Pack Carton,8,0.4,8.4
16405085,IF4041444575,32400289,V3Z1A5MEC - MEC Western Distribution Centre,717456,2026-03-16,2026-03-30,302,11778,Order NonMasterPack,151,7.55,158.55
16405085,IF4041444575,32400289,V3Z1A5MEC - MEC Western Distribution Centre,717456,2026-03-16,2026-03-30,1,11778,Order Processing,2,0.1,2.1
16405083,IF4041444573,32400287,V3Z1A5MEC - MEC Western Distribution Centre,714264,2026-03-16,2026-03-30,1,8800,Order Processing,2,0.1,2.1
16405083,IF4041444573,32400287,V3Z1A5MEC - MEC Western Distribution Centre,714264,2026-03-16,2026-03-30,200,8800,Order NonMasterPack,100,5,105
16405086,IF4041444576,32400290,V3Z1A5MEC - MEC Western Distribution Centre,717458,2026-03-16,2026-03-30,1,12168,Order Master Pack Carton,2,0.1,2.1
16405086,IF4041444576,32400290,V3Z1A5MEC - MEC Western Distribution Centre,717458,2026-03-16,2026-03-30,252,12168,Order NonMasterPack,126,6.3,132.3
16405086,IF4041444576,32400290,V3Z1A5MEC - MEC Western Distribution Centre,717458,2026-03-16,2026-03-30,1,12168,Order Processing,2,0.1,2.1
16405084,IF4041444574,32400288,V3Z1A5MEC - MEC Western Distribution Centre,714272,2026-03-16,2026-03-30,2,4500,Order Master Pack Carton,4,0.2,4.2
16405084,IF4041444574,32400288,V3Z1A5MEC - MEC Western Distribution Centre,714272,2026-03-16,2026-03-30,120,4500,Order NonMasterPack,60,3,63
16405084,IF4041444574,32400288,V3Z1A5MEC - MEC Western Distribution Centre,714272,2026-03-16,2026-03-30,1,4500,Order Processing,2,0.1,2.1
16405082,IF4041444571,32400286,V3Z1A5MEC - MEC Western Distribution Centre,714258,2026-03-16,2026-03-30,1,2812.5,Order Processing,2,0.1,2.1
16405082,IF4041444571,32400286,V3Z1A5MEC - MEC Western Distribution Centre,714258,2026-03-16,2026-03-30,1,2812.5,Order Master Pack Carton,2,0.1,2.1
16405082,IF4041444571,32400286,V3Z1A5MEC - MEC Western Distribution Centre,714258,2026-03-16,2026-03-30,85,2812.5,Order NonMasterPack,42.5,2.13,44.63
16405079,IF4041444568,32400284,V3Z1A5MEC - MEC Western Distribution Centre,714268,2026-03-16,2026-03-30,1,4400,Order Processing,2,0.1,2.1
16405079,IF4041444568,32400284,V3Z1A5MEC - MEC Western Distribution Centre,714268,2026-03-16,2026-03-30,100,4400,Order NonMasterPack,50,2.5,52.5
16405080,IF4041444569,32400285,V3Z1A5MEC - MEC Western Distribution Centre,714266,2026-03-16,2026-03-30,125,5500,Order NonMasterPack,62.5,3.13,65.63
16405080,IF4041444569,32400285,V3Z1A5MEC - MEC Western Distribution Centre,714266,2026-03-16,2026-03-30,1,5500,Order Processing,2,0.1,2.1
16386686,IF4041443521,32370430,B4B0S9PHI - PHIT'CETERA LIFESTYLE WEAR,Spring26-Mar31,2026-03-10,2026-03-31,1,1421,Order Processing,2,0.1,2.1
16386686,IF4041443521,32370430,B4B0S9PHI - PHIT'CETERA LIFESTYLE WEAR,Spring26-Mar31,2026-03-10,2026-03-31,45,1421,Order NonMasterPack,22.5,1.13,23.63
16386687,IF4041443522,32370431,E8J1T7DAZ - DAZE SPORTS EXCELLENCE,Tentree SS26 - 2,2026-03-10,2026-03-31,1,3555,Order Processing,2,0.1,2.1
16386687,IF4041443522,32370431,E8J1T7DAZ - DAZE SPORTS EXCELLENCE,Tentree SS26 - 2,2026-03-10,2026-03-31,111,3555,Order NonMasterPack,55.5,2.78,58.28
16386688,IF4041443523,32370432,B4P1E1WIL - WILD LILY,TENTREE SS26,2026-03-10,2026-03-31,1,2368,Order Processing,2,0.1,2.1
16386688,IF4041443523,32370432,B4P1E1WIL - WILD LILY,TENTREE SS26,2026-03-10,2026-03-31,58,2368,Order NonMasterPack,29,1.45,30.45
16386689,IF4041443526,32370435,N0B1S0ARI - ARIA BOUTIQUE,shipment 2,2026-03-10,2026-03-31,1,2294.5,Order Processing,2,0.1,2.1
16386689,IF4041443526,32370435,N0B1S0ARI - ARIA BOUTIQUE,shipment 2,2026-03-10,2026-03-31,74,2294.5,Order NonMasterPack,37,1.85,38.85
16392706,IF4041444025,32384214,V5L1Y9MAK - MAKE VANCOUVER FULFILLMENT CENTRE,10495-JBO,2026-03-12,2026-03-31,331,10476,Order NonMasterPack,165.5,8.28,173.78
16392706,IF4041444025,32384214,V5L1Y9MAK - MAKE VANCOUVER FULFILLMENT CENTRE,10495-JBO,2026-03-12,2026-03-31,1,10476,Order Processing,2,0.1,2.1
16408731,IF4041445443,32423373,V6B1B2MAK - MAKE GASTOWN,10502-RET2-JBO,2026-03-17,2026-03-31,1,4189,Order Processing,2,0.1,2.1
16408731,IF4041445443,32423373,V6B1B2MAK - MAKE GASTOWN,10502-RET2-JBO,2026-03-17,2026-03-31,141,4189,Order NonMasterPack,70.5,3.53,74.03
16386141,IF4041443458,32367325,E5B1A8MY - MY SPACE GIFT SHOP,Shelf Talker,2026-03-10,2026-03-31,1,0,Order Processing,2,0.1,2.1
16386141,IF4041443458,32367325,E5B1A8MY - MY SPACE GIFT SHOP,Shelf Talker,2026-03-10,2026-03-31,1,0,Handling,0.55,0.03,0.58
16453900,IF4041447467,32500311,V0R2G0SWO - SWORDFERN BOUTIQUE,Early spring 26,2026-03-27,2026-03-31,82,2680,Order NonMasterPack,41,2.05,43.05
16453900,IF4041447467,32500311,V0R2G0SWO - SWORDFERN BOUTIQUE,Early spring 26,2026-03-27,2026-03-31,1,2680,Order Processing,2,0.1,2.1
16397043,IF4041444492,32399554,V0G1S0VAL - Valhalla Pure Outfitters-04,Mens-April-TEN-SS26,2026-03-13,2026-03-31,21,810.5,Order NonMasterPack,10.5,0.53,11.03
16397043,IF4041444492,32399554,V0G1S0VAL - Valhalla Pure Outfitters-04,Mens-April-TEN-SS26,2026-03-13,2026-03-31,1,810.5,Order Processing,2,0.1,2.1
16397044,IF4041444493,32399555,V0G1S0VAL - Valhalla Pure Outfitters-04,Womens-April-TEN-SS26,2026-03-13,2026-03-31,1,1793.5,Order Processing,2,0.1,2.1
16397044,IF4041444493,32399555,V0G1S0VAL - Valhalla Pure Outfitters-04,Womens-April-TEN-SS26,2026-03-13,2026-03-31,41,1793.5,Order NonMasterPack,20.5,1.03,21.53
Receipt,Client Ref 1,Client Ref 2,Shipped From,BOL Number,,,,,Service,,,
1031670,PO04698,31269286,,S06415950,2026-03-16,2026-03-18,214,0,Receiving,14.98,0.75,15.73
1031670,PO04698,31269286,,S06415950,2026-03-16,2026-03-18,214,0,Receipt Mixed Carton Unit,38.52,1.93,40.45
1031670,PO04698,31269286,,S06415950,2026-03-16,2026-03-18,1,0,Receipt Processing,10,0.5,10.5
1031670,PO04698,31269286,,S06415950,2026-03-16,2026-03-18,9,0,Shop Supplies,26.37,1.32,27.69
1031670,PO04698,31269286,,S06415950,2026-03-16,2026-03-18,214,0,Storage,10.7,0.54,11.24
1032195,PO04708,31269917,,8.89352E+11,2026-03-18,2026-03-19,1,0,Receipt Processing,10,0.5,10.5
1032195,PO04708,31269917,,8.89352E+11,2026-03-18,2026-03-19,48,0,Receiving,3.36,0.17,3.53
1032195,PO04708,31269917,,8.89352E+11,2026-03-18,2026-03-19,48,0,Receipt Mixed Carton Unit,8.64,0.43,9.07
1032195,PO04708,31269917,,8.89352E+11,2026-03-18,2026-03-19,48,0,Storage,2.4,0.12,2.52
1032200,PO04706,31269915,,8.89416E+11,2026-03-18,2026-03-19,8,0,Receipt Mixed Carton Unit,1.44,0.07,1.51
1032200,PO04706,31269915,,8.89416E+11,2026-03-18,2026-03-19,1,0,Receipt Processing,10,0.5,10.5
1032200,PO04706,31269915,,8.89416E+11,2026-03-18,2026-03-19,8,0,Receiving,0.56,0.03,0.59
1032200,PO04706,31269915,,8.89416E+11,2026-03-18,2026-03-19,8,0,Storage,0.4,0.02,0.42
1032112,PO04707,31269916,,8.89573E+11,2026-03-18,2026-03-19,106,0,Receipt Mixed Carton Unit,19.08,0.95,20.03
1032112,PO04707,31269916,,8.89573E+11,2026-03-18,2026-03-19,106,0,Receiving,7.42,0.37,7.79
1032112,PO04707,31269916,,8.89573E+11,2026-03-18,2026-03-19,1,0,Receipt Processing,10,0.5,10.5
1032112,PO04707,31269916,,8.89573E+11,2026-03-18,2026-03-19,106,0,Storage,5.3,0.27,5.57
1032118,PO04700,31269288,,8.89532E+11,2026-03-18,2026-03-24,136,0,Receipt Mixed Carton Unit,24.48,1.22,25.7
1032118,PO04700,31269288,,8.89532E+11,2026-03-18,2026-03-24,136,0,Receiving,9.52,0.48,10
1032118,PO04700,31269288,,8.89532E+11,2026-03-18,2026-03-24,1,0,Receipt Processing,10,0.5,10.5
1032118,PO04700,31269288,,8.89532E+11,2026-03-18,2026-03-24,136,0,Storage,6.8,0.34,7.14
1033320,PO04708,31269917,,8.89611E+11,2026-03-23,2026-03-24,4,0,Receiving,0.28,0.01,0.29
1033320,PO04708,31269917,,8.89611E+11,2026-03-23,2026-03-24,1,0,Receipt Processing,10,0.5,10.5
1033320,PO04708,31269917,,8.89611E+11,2026-03-23,2026-03-24,4,0,Storage,0.2,0.01,0.21
1033306,PO04701,31269289,,8.89579E+11,2026-03-23,2026-03-25,132,0,Receiving,9.24,0.46,9.7
1033306,PO04701,31269289,,8.89579E+11,2026-03-23,2026-03-25,1,0,Receipt Processing,10,0.5,10.5
1033306,PO04701,31269289,,8.89579E+11,2026-03-23,2026-03-25,66,0,Inbound Units Audit,11.88,0.59,12.47
1033306,PO04701,31269289,,8.89579E+11,2026-03-23,2026-03-25,132,0,Receipt Mixed Carton Unit,23.76,1.19,24.95
1033306,PO04701,31269289,,8.89579E+11,2026-03-23,2026-03-25,132,0,Storage,6.6,0.33,6.93
1033893,PO04698,31269286,,8.89727E+11,2026-03-24,2026-03-25,1,0,Receipt Processing,10,0.5,10.5
1033893,PO04698,31269286,,8.89727E+11,2026-03-24,2026-03-25,4,0,Receiving,0.28,0.01,0.29
1033893,PO04698,31269286,,8.89727E+11,2026-03-24,2026-03-25,4,0,Storage,0.2,0.01,0.21
1033986,4701,,,8.89579E+11,2026-03-25,2026-03-25,4,0,Receiving,0.28,0.01,0.29
1033986,4701,,,8.89579E+11,2026-03-25,2026-03-25,1,0,Receipt Processing,10,0.5,10.5
1033986,4701,,,8.89579E+11,2026-03-25,2026-03-25,4,0,Storage,0.2,0.01,0.21
1033665,PO04707,31269916,,8.8973E+11,2026-03-24,2026-03-25,49,0,Receiving,3.43,0.17,3.6
1033665,PO04707,31269916,,8.8973E+11,2026-03-24,2026-03-25,49,0,Receipt Mixed Carton Unit,8.82,0.44,9.26
1033665,PO04707,31269916,,8.8973E+11,2026-03-24,2026-03-25,25,0,Inbound Units Audit,4.5,0.23,4.73
1033665,PO04707,31269916,,8.8973E+11,2026-03-24,2026-03-25,1,0,Receipt Processing,10,0.5,10.5
1033665,PO04707,31269916,,8.8973E+11,2026-03-24,2026-03-25,49,0,Storage,2.45,0.12,2.57
1033374,PO04641,30696888,,S06411560,2026-03-23,2026-03-30,1,0,Receipt Processing,10,0.5,10.5
1033374,PO04641,30696888,,S06411560,2026-03-23,2026-03-30,2286,0,Receiving,160.02,8,168.02
1033374,PO04641,30696888,,S06411560,2026-03-23,2026-03-30,226,0,Receipt Mixed Carton Unit,40.68,2.03,42.71
1035005,PO04700,31269288,,8.89729E+11,2026-03-30,2026-03-31,24,0,Receiving,1.68,0.08,1.76
1035005,PO04700,31269288,,8.89729E+11,2026-03-30,2026-03-31,1,0,Receipt Processing,10,0.5,10.5
1035005,PO04700,31269288,,8.89729E+11,2026-03-30,2026-03-31,24,0,Receipt Mixed Carton Unit,4.32,0.22,4.54
1034139,PO04709,31269918,,8.89837E+11,2026-03-25,2026-03-31,1,0,Receipt Processing,10,0.5,10.5
1034139,PO04709,31269918,,8.89837E+11,2026-03-25,2026-03-31,84,0,Receipt Mixed Carton Unit,15.12,0.76,15.88
1034139,PO04709,31269918,,8.89837E+11,2026-03-25,2026-03-31,84,0,Receiving,5.88,0.29,6.17
Return,Client Ref 1,Client Ref 2,Shipped From,BOL Number,,,,,Service,,,
1031718,RMA89388,32022516,JAY HARRISON (R3J0Y7JAY),8.89515E+11,2026-03-17,2026-03-18,3,0,Service Center Labor,47.73,2.38,50.11
1031718,RMA89388,32022516,JAY HARRISON (R3J0Y7JAY),8.89515E+11,2026-03-17,2026-03-18,333,0,Returns,224.51,11.22,235.73
1031718,RMA89388,32022516,JAY HARRISON (R3J0Y7JAY),8.89515E+11,2026-03-17,2026-03-18,333,0,Restock,83.25,4.16,87.41
1031718,RMA89388,32022516,JAY HARRISON (R3J0Y7JAY),8.89515E+11,2026-03-17,2026-03-18,333,0,Storage,16.65,0.83,17.48
1035648,RMA89986,,VPO HEADOFFICE (V1T2B6VAL),6.00664E+15,2026-03-31,2026-03-31,0,0,Service Center Labor,2.36,0.12,2.48
1035648,RMA89986,,VPO HEADOFFICE (V1T2B6VAL),6.00664E+15,2026-03-31,2026-03-31,4,0,Returns,4.08,0.2,4.28
1035648,RMA89986,,VPO HEADOFFICE (V1T2B6VAL),6.00664E+15,2026-03-31,2026-03-31,4,0,Restock,1,0.05,1.05
Shipment,Client Ref 1,Client Ref 2,Customer,BOL Number,,,,,Service,,,
14534883,IF4041438488,32131636,J9L1M8LE - LE COUREUR DES BOIS,LSHP47061013,2026-03-16,2026-03-06,0,0,Outbound Freight,2.39,0.12,2.51
14534423,IF4041438509,32131651,T9W1C5ARM - ARMSTRONGS CLOTHING AND SPORTS,LSHP47068169,2026-03-16,2026-03-06,0,0,Outbound Freight,0.99,0.05,1.04
14534834,IF4041438510,32131652,T9W1C5ARM - ARMSTRONGS CLOTHING AND SPORTS,LSHP47061316,2026-03-16,2026-03-06,0,0,Outbound Freight,2.14,0.11,2.25
14534908,IF4041438596,32133398,J9T4B2SPO - SPORTS EXPERTS,LSHP46965453,2026-03-16,2026-03-06,0,0,Outbound Freight,2.59,0.13,2.72
14534934,IF4041438875,32141667,G4Z1J8SPI - SPIN SPORT,LSHP47061777,2026-03-16,2026-03-06,0,0,Outbound Freight,2.95,0.15,3.1
14534098,IF4041438891,32141679,T7P2J8A&M - A&M CLOTHING AND SHOES,LSHP47061896,2026-03-16,2026-03-06,0,0,Outbound Freight,0.65,0.03,0.68
14534459,IF4041438896,32141684,T7N1A2JOH - JOHNS MENS AND BOYS WEAR,LSHP47083589,2026-03-16,2026-03-06,0,0,Outbound Freight,1.04,0.05,1.09
14533545,IF4041438928,32142276,V0R2Z0HAB - HABIT CLOTHING,LSHP47061980,2026-03-16,2026-03-06,0,0,Outbound Freight,0.12,0.01,0.13
14533867,IF4041438935,32142280,T4V1N2THE - THE TRENDY WALRUS,LSHP47061973,2026-03-16,2026-03-06,0,0,Outbound Freight,0.4,0.02,0.42
14534768,IF4041438987,32144890,T0E1E0RAN - RANSOM,LSHP47061742,2026-03-16,2026-03-06,0,0,Outbound Freight,1.86,0.09,1.95
14534979,IF4041438996,32144899,A5A1L8MER - MERCERS MARINE EQUIPMENT LTD.,LSHP47061696,2026-03-16,2026-03-06,0,0,Outbound Freight,3.72,0.56,4.28
14534829,IF4041439005,32144908,G9X1K9LE - LE PIONNIER,LSHP47061976,2026-03-16,2026-03-06,0,0,Outbound Freight,2.08,0.1,2.18
14564448,IF4041439864,Adjustment,G7X3B5IMM - Immeubles Ultra Violet Inc.,KEL3251196,2026-03-23,2026-03-06,0,0,Outbound Freight,35.63,1.78,37.41
14534658,IF4041441505,32293865,J2G8K1SPO - Sports Experts 410,LSHP47196007,2026-03-16,2026-03-06,0,0,Outbound Freight,1.44,0.07,1.51
14534328,IF4041436218,32006953,E3V1T9SPO - SPORTS EXPERTS,1Z2VW7552096797611,2026-03-16,2026-03-07,0,0,Outbound Freight,0.89,0.13,1.02
14535115,IF4041437689,32093340,J2J0C2MOM - MOMO SPORTS GRANBY,5.20348E+11,2026-03-16,2026-03-07,0,0,Outbound Freight,6.82,0.34,7.16
14533593,IF4041438492,32131639,J4Y0C4QUI - QUINCAILLERIE TURBO INC,1Z2VW7552091879649,2026-03-16,2026-03-07,0,0,Outbound Freight,0.2,0.01,0.21
14534896,IF4041438503,32131646,V0N2R0ADL - ADLINES ATTIRE LTD dba THE CLOTHES INN,5.20353E+11,2026-03-16,2026-03-07,0,0,Outbound Freight,2.45,0.12,2.57
14534709,IF4041438576,32133381,H3P3E9CEN - Centre Rockland,5.20346E+11,2026-03-16,2026-03-07,0,0,Outbound Freight,1.54,0.08,1.62
14533505,IF4041438579,32133384,J4Y0A5QUA - Quartier Dix-30,1Z2VW7552092064884,2026-03-16,2026-03-07,0,0,Outbound Freight,5.14,0.26,5.4
14533846,IF4041438589,32133392,J7R4Z3SPO - SPORTS EXPERTS - ATMOSPHERE,1Z2VW7552098561068,2026-03-16,2026-03-07,0,0,Outbound Freight,0.36,0.02,0.38
14534997,IF4041438598,32133400,H4P0C9AT - AT MONT-ROYAL,5.20346E+11,2026-03-16,2026-03-07,0,0,Outbound Freight,4,0.2,4.2
14534810,IF4041438600,32133402,K6A2R2SPO - SPORTS EXPERTS,1Z2VW7552092980287,2026-03-16,2026-03-07,0,0,Outbound Freight,1.91,0.25,2.16
14534620,IF4041438616,32133792,"H1R3H7SEF - SEF 414 GALERIE D'ANJOU,",5.20347E+11,2026-03-16,2026-03-07,0,0,Outbound Freight,1.36,0.07,1.43
14534280,IF4041438645,32134284,J8T6G3PRO - Promenades Gatineau,5.20346E+11,2026-03-16,2026-03-07,0,0,Outbound Freight,0.81,0.04,0.85
14535031,IF4041438647,32134286,J9A0C7PLA - Plateau des Grives,5.20347E+11,2026-03-16,2026-03-07,0,0,Outbound Freight,4.56,0.23,4.79
14534707,IF4041438648,32134287,J7R4Z3SPO - SPORTS EXPERTS - ATMOSPHERE,1Z2VW7552095499614,2026-03-16,2026-03-07,0,0,Outbound Freight,1.52,0.08,1.6
14534334,IF4041438663,32134299,J2C6Y7PRO - Promenades Drummondville,1Z2VW7552092047232,2026-03-16,2026-03-07,0,0,Outbound Freight,0.89,0.04,0.93
14547120,IF4041438763,2026_03_05_03_11B,J1L3A6SAI - SAIL 31 - SHERBROOKE,5.20349E+11,2026-03-19,2026-03-07,0,0,Outbound Freight,17.7,0.89,18.59
14547101,IF4041438774,2026_03_05_03_11B,L7P0N6SAI - SAIL 24,5.20347E+11,2026-03-19,2026-03-07,0,0,Outbound Freight,12.79,1.66,14.45
14547111,IF4041438777,2026_03_05_03_11B,L1J0B6SAI - SAIL 23,5.20348E+11,2026-03-19,2026-03-07,0,0,Outbound Freight,14.06,1.83,15.89
14547125,IF4041438786,2026_03_05_03_11B,K1G3X8SAI - SAIL 21,5.20351E+11,2026-03-19,2026-03-07,0,0,Outbound Freight,29.41,3.82,33.23
14534836,IF4041438894,32141682,S9A3W6FF2 - FF2,5.20354E+11,2026-03-16,2026-03-07,0,0,Outbound Freight,2.12,0.11,2.23
14535013,IF4041438903,32141689,T7E1T7JEN - JENSENS LIFESTYLE CLOTHING,5.20352E+11,2026-03-16,2026-03-07,0,0,Outbound Freight,4.22,0.21,4.43
14547113,IF4041438907,2026_03_05_03_11B,N3C1Z4SAI - SAIL 26,5.20348E+11,2026-03-19,2026-03-07,0,0,Outbound Freight,11.92,1.55,13.47
14547128,IF4041438914,2026_03_05_03_11B,T8V3B1THE - The Drop Rideshop,5.20353E+11,2026-03-19,2026-03-07,0,0,Outbound Freight,13.51,0.68,14.19
14534923,IF4041438915,32141698,T4R1N9EDG - EDGE CLOTHING,5.20353E+11,2026-03-16,2026-03-07,0,0,Outbound Freight,2.75,0.14,2.89
14533569,IF4041438991,32144894,N0B1S0ARI - ARIA BOUTIQUE,1Z2VW7552097170009,2026-03-16,2026-03-07,0,0,Outbound Freight,0.19,0.02,0.21
14533965,IF4041439485,32168608,B2H2P6PIC - PICTOU MANAGEMENT LTD dba MINERS APPAREL,1Z2VW7552092005910,2026-03-16,2026-03-07,0,0,Outbound Freight,0.45,0.06,0.51
14535049,IF4041439491,32168614,S0A2P0OUT - OUT OF THE BOX STORE,5.20354E+11,2026-03-16,2026-03-07,0,0,Outbound Freight,4.96,0.25,5.21
14533568,IF4041439705,32182508,L9H1T7ADV - ADVENTURE ATTIC,1Z2VW7552098378365,2026-03-16,2026-03-07,0,0,Outbound Freight,0.19,0.02,0.21
14533547,IF4041439729,32183646,K9J2T7WIL - WILD ROCK OUTFITTERS,1Z2VW7552093486695,2026-03-16,2026-03-07,0,0,Outbound Freight,0.42,0.05,0.47
14533570,IF4041440968,32262013,K0E1T0ONC - ONCE @426 BOUTIQUE + MARKET,1Z2VW7552091923644,2026-03-16,2026-03-07,0,0,Outbound Freight,0.19,0.02,0.21
14539783,IF4041440780,Adjustment,V6A2E4TEN - tentree,19888315,2026-03-17,2026-03-12,0,0,Outbound Freight,47.2,2.36,49.56
14539781,IF4041442225,Adjustment,V5J3G6CAN - CANADA GARDENWORKS LTD dba GARDENWORKS,19888326,2026-03-17,2026-03-12,0,0,Outbound Freight,8.18,0.41,8.59
14564312,IF4041440787,2026_03_12_03_18B,R7N1J2507 - 5077070 MANITOBA LTD. dba PARKLAND SOURC,LSHP47280606,2026-03-23,2026-03-13,0,0,Outbound Freight,4.99,0.25,5.24
14539836,IF4041441517,Adjustment,V7R4J1CAP - CAPILANO TRADING POST,19888293,2026-03-17,2026-03-13,0,0,Outbound Freight,44.61,2.23,46.84
14563181,IF4041438555,2026_03_12_03_18B,J6W3Z5SPO - SPORTS EXPERTS - ATMOSPHERE,1Z2VW7552093422897,2026-03-23,2026-03-14,0,0,Outbound Freight,0.38,0.02,0.4
14564249,IF4041438559,2026_03_12_03_18B,J6K1C6SPO - SPORTS EXPERTS 466,1Z2VW7552099769413,2026-03-23,2026-03-14,0,0,Outbound Freight,4.18,0.21,4.39
14563951,IF4041438560,2026_03_12_03_18B,H9R5J1CEN - Centre Fairview Pointe-Claire,1Z2VW7552096897487,2026-03-23,2026-03-14,0,0,Outbound Freight,1.73,0.09,1.82
14563301,IF4041438561,2026_03_12_03_18B,H8N1X1SPO - SPORTS EXPERTS - ATMOSPHERE,1Z2VW7552095076624,2026-03-23,2026-03-14,0,0,Outbound Freight,0.38,0.02,0.4
14563061,IF4041438562,2026_03_12_03_18B,J2S4Z5SPO - SPORTS EXPERTS,1Z2VW7552092735855,2026-03-23,2026-03-14,0,0,Outbound Freight,0.32,0.02,0.34
14564280,IF4041438563,2026_03_12_03_18B,J1L1C9SPO - SPORTS EXPERTS - ATMOSPHERE,1Z2VW7552096889405,2026-03-23,2026-03-14,0,0,Outbound Freight,4.48,0.22,4.7
14563058,IF4041438564,2026_03_12_03_18B,H3P3E9CEN - Centre Rockland,1Z2VW7552092183433,2026-03-23,2026-03-14,0,0,Outbound Freight,0.32,0.02,0.34
14563943,IF4041438565,2026_03_12_03_18B,J2C6Y7PRO - Promenades Drummondville,1Z2VW7552090571704,2026-03-23,2026-03-14,0,0,Outbound Freight,1.71,0.09,1.8
14564405,IF4041438568,2026_03_12_03_18B,J8E2Z9SPO - SPORTS EXPERTS - ATMOSPHERE,1Z2VW7552096443476,2026-03-23,2026-03-14,0,0,Outbound Freight,6.83,0.34,7.17
14564149,IF4041438571,2026_03_12_03_18B,G9A6J2SPO - SPORTS EXPERTS - ATMOSPHERE,1Z2VW7552091746514,2026-03-23,2026-03-14,0,0,Outbound Freight,3.06,0.15,3.21
14563003,IF4041438574,2026_03_12_03_18B,J2C6Y7PRO - Promenades Drummondville,1Z2VW7552097804548,2026-03-23,2026-03-14,0,0,Outbound Freight,0.28,0.01,0.29
14564418,IF4041438586,2026_03_12_03_18B,"H1R3H7SEF - SEF 414 GALERIE D'ANJOU,",1Z2VW7552097186743,2026-03-23,2026-03-14,0,0,Outbound Freight,6.4,0.32,6.72
14563353,IF4041438599,2026_03_12_03_18B,J7Y3S7SPO - SPORTS EXPERTS - ATMOSPHERE,1Z2VW7552097385644,2026-03-23,2026-03-14,0,0,Outbound Freight,0.59,0.03,0.62
14563293,IF4041438605,2026_03_12_03_18B,J2S4Z5SPO - SPORTS EXPERTS,1Z2VW7552094352149,2026-03-23,2026-03-14,0,0,Outbound Freight,0.5,0.03,0.53
14563673,IF4041438607,2026_03_12_03_18B,J3V6A8SPO - SPORTS EXPERTS - ATMOSPHERE 584,1Z2VW7552091992230,2026-03-23,2026-03-14,0,0,Outbound Freight,0.99,0.05,1.04
14564233,IF4041438608,2026_03_12_03_18B,H9R5J1CEN - Centre Fairview Pointe-Claire,1Z2VW7552090170601,2026-03-23,2026-03-14,0,0,Outbound Freight,3.99,0.2,4.19
14564160,IF4041438632,2026_03_12_03_18B,J6A5N4GAL - Galeries Rive-Nord,1Z2VW7552098666580,2026-03-23,2026-03-14,0,0,Outbound Freight,3.12,0.16,3.28
14564098,IF4041438637,2026_03_12_03_18B,J7A3T2SPO - SPORTS EXPERTS - ATMOSPHERE,1Z2VW7552095069669,2026-03-23,2026-03-14,0,0,Outbound Freight,2.55,0.13,2.68
14564103,IF4041438640,2026_03_12_03_18B,J4Y0A5QUA - Quartier Dix-30,1Z2VW7552095351988,2026-03-23,2026-03-14,0,0,Outbound Freight,2.59,0.13,2.72
14564403,IF4041438643,2026_03_12_03_18B,J7V8W5SPO - SPORTS EXPERTS - ATMOSPHERE,1Z2VW7552093827521,2026-03-23,2026-03-14,0,0,Outbound Freight,6.23,0.31,6.54
14560034,IF4041438646,2026_03_23C,G9A6M1SPO - SPORTS EXPERTS - ATMOSPHERE,1Z2VW7552099894715,2026-03-23,2026-03-14,0,0,Outbound Freight,5.74,0.29,6.03
14564374,IF4041438655,2026_03_12_03_18B,G4X2A9CAR - Carrefour Gaspé,1Z2VW7552096205625,2026-03-23,2026-03-14,0,0,Outbound Freight,7.52,0.38,7.9
14564092,IF4041438760,2026_03_12_03_18B,J4G1R3SAI - SAIL 80,1Z2VW7552099619825,2026-03-23,2026-03-14,0,0,Outbound Freight,2.51,0.13,2.64
14581936,IF4041438770,2026_03_12_03_18B,J7V0N3SAI - SAIL 27,1Z2VW7552098079483,2026-03-26,2026-03-14,0,0,Outbound Freight,12.21,0.61,12.82
14581937,IF4041438784,2026_03_12_03_18B,J3G0S5SAI - SAIL 15,1Z2VW7552098383831,2026-03-26,2026-03-14,0,0,Outbound Freight,17.81,0.89,18.7
14581999,IF4041438792,2026_03_12_03_18B,H4S1N1ALT - ALTITUDE SPORTS,5.20353E+11,2026-03-26,2026-03-14,0,0,Outbound Freight,72.04,3.6,75.64
14564336,IF4041438796,2026_03_12_03_18B,A2H2N2GEO - GEORGES MOUNTAIN VILLAGE,1Z2VW7552090691594,2026-03-23,2026-03-14,0,0,Outbound Freight,5.57,0.84,6.41
14581932,IF4041438812,2026_03_12_03_18B,B3B1S1CLE - CLEVE'S SOURCE FOR SPORTS,1Z2VW7552092704487,2026-03-26,2026-03-14,0,0,Outbound Freight,14.49,2.03,16.52
14564169,IF4041438813,2026_03_12_03_18B,B3B0E6TAK - TAKE IT OUTSIDE INC.,1Z2VW7552090029783,2026-03-23,2026-03-14,0,0,Outbound Freight,3.32,0.46,3.78
14563294,IF4041438827,2026_03_12_03_18B,P5N2W8MOO - MOONBEAM COUNTRY STORE,1Z2VW7552094421449,2026-03-23,2026-03-14,0,0,Outbound Freight,0.37,0.05,0.42
14563908,IF4041438838,2026_03_12_03_18B,B4B0S9PHI - PHIT'CETERA LIFESTYLE WEAR,1Z2VW7552091538801,2026-03-23,2026-03-14,0,0,Outbound Freight,1.52,0.21,1.73
14563541,IF4041438861,2026_03_12_03_18B,P7C5V3FRE - FRESH AIR,5.20354E+11,2026-03-23,2026-03-14,0,0,Outbound Freight,0.82,0.11,0.93
14564339,IF4041438895,2026_03_12_03_18B,R9A1S4FUN - FUNKY THREADZ,5.20354E+11,2026-03-23,2026-03-14,0,0,Outbound Freight,5.77,0.29,6.06
14564117,IF4041438900,2026_03_12_03_18B,J4Y0C4QUI - QUINCAILLERIE TURBO INC,1Z2VW7552094911544,2026-03-23,2026-03-14,0,0,Outbound Freight,2.74,0.14,2.88
14564182,IF4041438902,2026_03_12_03_18B,J4Y0C4QUI - QUINCAILLERIE TURBO INC,1Z2VW7552090954818,2026-03-23,2026-03-14,0,0,Outbound Freight,3.47,0.17,3.64
14564404,IF4041438931,2026_03_12_03_18B,R7N1J2507 - 5077070 MANITOBA LTD. dba PARKLAND SOURC,5.20354E+11,2026-03-23,2026-03-14,0,0,Outbound Freight,6.25,0.31,6.56
14564353,IF4041440821,2026_03_12_03_18B,S0G3N0MCP - MCPHAIL TRAVEL,5.20354E+11,2026-03-23,2026-03-14,0,0,Outbound Freight,6.18,0.31,6.49
14582021,IF4041441529,2026_03_12_03_18B,V8B0B6SEA - SEA TO SKY GONDOLA,5.20366E+11,2026-03-26,2026-03-14,0,0,Outbound Freight,13.08,0.65,13.73
14563000,IF4041438997,2026_03_12_03_18B,E2A1A6THE - THE CAPTAINS CABIN,3.99175E+11,2026-03-23,2026-03-16,0,0,Outbound Freight,0.28,0.04,0.32
14562948,IF4041439740,2026_03_12_03_18B,V0N2J2ALL - ALLISON TAYLOR dba INIS TRADING CO,3.99176E+11,2026-03-23,2026-03-16,0,0,Outbound Freight,0.27,0.01,0.28
14563284,IF4041439866,2026_03_12_03_18B,P0L1N0CHI - CHICO JEANS,3.99178E+11,2026-03-23,2026-03-16,0,0,Outbound Freight,0.51,0.07,0.58
14563001,IF4041440855,2026_03_12_03_18B,B3J2H8SWE - SWEET PEA,3.99178E+11,2026-03-23,2026-03-16,0,0,Outbound Freight,0.28,0.04,0.32
14502896,IF4041441157,32272522,S9X1Y2MAR - MARTODAMS,LSHP47435618,2026-03-10,2026-03-16,9,3386.5,Outbound Shipment Materials,9.3,1.12,10.42
14502896,IF4041441157,32272522,S9X1Y2MAR - MARTODAMS,LSHP47435618,2026-03-10,2026-03-16,2,3386.5,Outbound Freight,2.5,0.13,2.63
14502899,IF4041441161,32272525,S9X1Y2MAR - MARTODAMS,LSHP47436237,2026-03-10,2026-03-16,9,2759,Outbound Shipment Materials,8.71,1.05,9.76
14502899,IF4041441161,32272525,S9X1Y2MAR - MARTODAMS,LSHP47436237,2026-03-10,2026-03-16,2,2759,Outbound Freight,2.5,0.13,2.63
14457372,IF4041440788,32254107,P1H2B8REF - REFLECTIONS OF MUSKOKA,LSHP47435272,2026-02-27,2026-03-16,4,0,Outbound Freight,311.02,40.43,351.45
14457372,IF4041440788,32254107,P1H2B8REF - REFLECTIONS OF MUSKOKA,LSHP47435272,2026-02-27,2026-03-16,1,0,Outbound Shipment Materials,1.2,0.14,1.34
14457378,IF4041440802,32254218,V3Z1G6ART - ART KNAPP SURREY,LSHP47086216,2026-02-27,2026-03-16,85,3724,Outbound Freight,21.77,1.09,22.86
14457378,IF4041440802,32254218,V3Z1G6ART - ART KNAPP SURREY,LSHP47086216,2026-02-27,2026-03-16,9,3724,Outbound Shipment Materials,9.3,1.12,10.42
14457380,IF4041440806,32254221,V0K2E0OUT - OUTLAW FASHIONS (FCJ ENTERPRISES LTD),LSHP47430332,2026-02-27,2026-03-16,5,1445.5,Outbound Shipment Materials,4.65,0.56,5.21
14457380,IF4041440806,32254221,V0K2E0OUT - OUTLAW FASHIONS (FCJ ENTERPRISES LTD),LSHP47430332,2026-02-27,2026-03-16,52,1445.5,Outbound Freight,22.03,1.1,23.13
14457381,IF4041440808,32254222,A1N1G5ART - ARTHUR JAMES CLOTHING COMPANY,LSHP47249998,2026-02-27,2026-03-16,20,6447.5,Outbound Shipment Materials,20.38,2.45,22.83
14457381,IF4041440808,32254222,A1N1G5ART - ARTHUR JAMES CLOTHING COMPANY,LSHP47249998,2026-02-27,2026-03-16,175,6447.5,Outbound Freight,83.3,12.5,95.8
14457384,IF4041440811,32254225,P1H2B8REF - REFLECTIONS OF MUSKOKA,LSHP47086553,2026-02-27,2026-03-16,37,11254,Outbound Shipment Materials,37.2,4.46,41.66
14457384,IF4041440811,32254225,P1H2B8REF - REFLECTIONS OF MUSKOKA,LSHP47086553,2026-02-27,2026-03-16,298,11254,Outbound Freight,111.85,14.54,126.39
14457385,IF4041440812,32254226,V9L1V8WAL - WALL STREET CLOTHING,LSHP47430367,2026-02-27,2026-03-16,7,2184.5,Outbound Shipment Materials,7.44,0.89,8.33
14457385,IF4041440812,32254226,V9L1V8WAL - WALL STREET CLOTHING,LSHP47430367,2026-02-27,2026-03-16,59,2184.5,Outbound Freight,17.12,0.86,17.98
14457387,IF4041440815,32254229,N0G2V0HIS - HIS STYLE,LSHP47430435,2026-02-27,2026-03-16,56,12987.5,Outbound Shipment Materials,56.38,6.77,63.15
14457387,IF4041440815,32254229,N0G2V0HIS - HIS STYLE,LSHP47430435,2026-02-27,2026-03-16,375,12987.5,Outbound Freight,128.28,16.68,144.96
14457388,IF4041440816,32254628,G9X1K9LE - LE PIONNIER,LSHP47086586,2026-02-27,2026-03-16,94,3525,Outbound Freight,30.62,1.53,32.15
14457388,IF4041440816,32254628,G9X1K9LE - LE PIONNIER,LSHP47086586,2026-02-27,2026-03-16,8,3525,Outbound Shipment Materials,7.55,0.91,8.46
14457391,IF4041440822,32254633,R0M2C0VIR - VIRDEN SPORT AND FASHION,LSHP47430498,2026-02-27,2026-03-16,60,1806,Outbound Freight,26.31,1.32,27.63
14457391,IF4041440822,32254633,R0M2C0VIR - VIRDEN SPORT AND FASHION,LSHP47430498,2026-02-27,2026-03-16,5,1806,Outbound Shipment Materials,4.65,0.56,5.21
14457392,IF4041440825,32254636,V0R1K0XS - XS IV CHEMAINUS  BEYOND THE USUAL,LSHP47430533,2026-02-27,2026-03-16,72,2600.5,Outbound Freight,31.21,1.56,32.77
14457392,IF4041440825,32254636,V0R1K0XS - XS IV CHEMAINUS  BEYOND THE USUAL,LSHP47430533,2026-02-27,2026-03-16,9,2600.5,Outbound Shipment Materials,9.3,1.12,10.42
14457393,IF4041440823,32254634,R0C1B0HP - HP TERGESENS,LSHP47430566,2026-02-27,2026-03-16,8,2995,Outbound Shipment Materials,7.58,0.91,8.49
14457393,IF4041440823,32254634,R0C1B0HP - HP TERGESENS,LSHP47430566,2026-02-27,2026-03-16,76,2995,Outbound Freight,31.21,1.56,32.77
14502789,IF4041443344,32362759,V8B0B6SEA - SEA TO SKY GONDOLA,LSHP47442982,2026-03-10,2026-03-16,1,0,Outbound Shipment Materials,0.6,0.07,0.67
14502789,IF4041443344,32362759,V8B0B6SEA - SEA TO SKY GONDOLA,LSHP47442982,2026-03-10,2026-03-16,2,0,Outbound Freight,70.5,3.53,74.03
14502815,IF4041441571,32295579,J7R4Z3SPO - SPORTS EXPERTS - ATMOSPHERE,LSHP47430602,2026-03-10,2026-03-16,4,871.5,Outbound Shipment Materials,4.06,0.48,4.54
14502815,IF4041441571,32295579,J7R4Z3SPO - SPORTS EXPERTS - ATMOSPHERE,LSHP47430602,2026-03-10,2026-03-16,33,871.5,Outbound Freight,17.73,0.89,18.62
14502819,IF4041441572,32295580,E3V1T9SPO - SPORTS EXPERTS,LSHP47430642,2026-03-10,2026-03-16,32,765,Outbound Freight,29.26,4.39,33.65
14502819,IF4041441572,32295580,E3V1T9SPO - SPORTS EXPERTS,LSHP47430642,2026-03-10,2026-03-16,4,765,Outbound Shipment Materials,4.06,0.48,4.54
14502821,IF4041441573,32295581,E3V1T9SPO - SPORTS EXPERTS,LSHP47430675,2026-03-10,2026-03-16,51,1819.5,Outbound Freight,35.19,5.28,40.47
14502821,IF4041441573,32295581,E3V1T9SPO - SPORTS EXPERTS,LSHP47430675,2026-03-10,2026-03-16,5,1819.5,Outbound Shipment Materials,4.65,0.56,5.21
14502823,IF4041441574,32295582,J3G4J2SPO - SPORTS EXPERTS,LSHP47430708,2026-03-10,2026-03-16,67,1752,Outbound Freight,34.7,1.74,36.44
14502823,IF4041441574,32295582,J3G4J2SPO - SPORTS EXPERTS,LSHP47430708,2026-03-10,2026-03-16,8,1752,Outbound Shipment Materials,7.58,0.91,8.49
14502826,IF4041441576,32295583,J0K2N0BUY - Buying Member 712,LSHP47430752,2026-03-10,2026-03-16,144,4767,Outbound Freight,80.44,4.02,84.46
14502826,IF4041441576,32295583,J0K2N0BUY - Buying Member 712,LSHP47430752,2026-03-10,2026-03-16,17,4767,Outbound Shipment Materials,17.42,2.09,19.51
14502829,IF4041441577,32295584,G2J1R8MÉG - Méga Centre Le Bourgneuf,LSHP47434429,2026-03-10,2026-03-16,4,631.5,Outbound Shipment Materials,4.06,0.48,4.54
14502829,IF4041441577,32295584,G2J1R8MÉG - Méga Centre Le Bourgneuf,LSHP47434429,2026-03-10,2026-03-16,21,631.5,Outbound Freight,17.73,0.89,18.62
14502832,IF4041441578,32295585,J7R4Z3SPO - SPORTS EXPERTS - ATMOSPHERE,LSHP47430785,2026-03-10,2026-03-16,37,1533,Outbound Freight,26.31,1.32,27.63
14502832,IF4041441578,32295585,J7R4Z3SPO - SPORTS EXPERTS - ATMOSPHERE,LSHP47430785,2026-03-10,2026-03-16,5,1533,Outbound Shipment Materials,4.65,0.56,5.21
14502834,IF4041441579,32295586,J0R1R6SPO - SPORTS EXPERTS - ATMOSPHERE,LSHP47430849,2026-03-10,2026-03-16,2,352,Outbound Shipment Materials,1.78,0.21,1.99
14502834,IF4041441579,32295586,J0R1R6SPO - SPORTS EXPERTS - ATMOSPHERE,LSHP47430849,2026-03-10,2026-03-16,8,352,Outbound Freight,18.75,0.94,19.69
14502837,IF4041441581,32295588,J7A3T2SPO - SPORTS EXPERTS - ATMOSPHERE,LSHP47430901,2026-03-10,2026-03-16,9,3758,Outbound Shipment Materials,8.71,1.05,9.76
14502837,IF4041441581,32295588,J7A3T2SPO - SPORTS EXPERTS - ATMOSPHERE,LSHP47430901,2026-03-10,2026-03-16,87,3758,Outbound Freight,32.95,1.65,34.6
14502839,IF4041441582,32295589,J7Y3S7SPO - SPORTS EXPERTS - ATMOSPHERE,LSHP47430925,2026-03-10,2026-03-16,4,1259.5,Outbound Shipment Materials,4.06,0.48,4.54
14502839,IF4041441582,32295589,J7Y3S7SPO - SPORTS EXPERTS - ATMOSPHERE,LSHP47430925,2026-03-10,2026-03-16,41,1259.5,Outbound Freight,20,1,21
14502841,IF4041441583,32295590,G2K1N4GAL - Galeries de la Capitale,LSHP47430949,2026-03-10,2026-03-16,51,1783,Outbound Freight,26.31,1.32,27.63
14502841,IF4041441583,32295590,G2K1N4GAL - Galeries de la Capitale,LSHP47430949,2026-03-10,2026-03-16,5,1783,Outbound Shipment Materials,4.65,0.56,5.21
14502845,IF4041441585,32295592,J0K2N0BUY - Buying Member 712,LSHP47430981,2026-03-10,2026-03-16,5,2126.5,Outbound Shipment Materials,4.65,0.56,5.21
14502845,IF4041441585,32295592,J0K2N0BUY - Buying Member 712,LSHP47430981,2026-03-10,2026-03-16,64,2126.5,Outbound Freight,40.59,2.03,42.62
14502853,IF4041441603,32297218,V6H3S4MAK - MAKE,LSHP47386048,2026-03-10,2026-03-16,280,7547,Outbound Freight,59.93,3,62.93
14502853,IF4041441603,32297218,V6H3S4MAK - MAKE,LSHP47386048,2026-03-10,2026-03-16,37,7547,Outbound Shipment Materials,36.61,4.39,41
14502858,IF4041441604,32297219,V6B1B2MAK - MAKE GASTOWN,LSHP47386417,2026-03-10,2026-03-16,202,5448,Outbound Freight,45.4,2.27,47.67
14502858,IF4041441604,32297219,V6B1B2MAK - MAKE GASTOWN,LSHP47386417,2026-03-10,2026-03-16,23,5448,Outbound Shipment Materials,23.25,2.79,26.04
14502860,IF4041442245,32317329,J7R4Z3SPO - SPORTS EXPERTS - ATMOSPHERE,LSHP47431040,2026-03-10,2026-03-16,4,535.86,Outbound Shipment Materials,4.06,0.48,4.54
14502860,IF4041442245,32317329,J7R4Z3SPO - SPORTS EXPERTS - ATMOSPHERE,LSHP47431040,2026-03-10,2026-03-16,18,535.86,Outbound Freight,17.73,0.89,18.62
14502874,IF4041441127,32272496,V0J3A0CAL - CALIFORNIA DREAMIN,LSHP47386485,2026-03-10,2026-03-16,14,3067.5,Outbound Shipment Materials,13.95,1.68,15.63
14502874,IF4041441127,32272496,V0J3A0CAL - CALIFORNIA DREAMIN,LSHP47386485,2026-03-10,2026-03-16,109,3067.5,Outbound Freight,29.69,1.48,31.17
14502878,IF4041441128,32272497,V0E2S0WEA - WEARABOUTS - REVELSTOKE,LSHP47386469,2026-03-10,2026-03-16,10,3214.5,Outbound Shipment Materials,9.6,1.15,10.75
14502878,IF4041441128,32272497,V0E2S0WEA - WEARABOUTS - REVELSTOKE,LSHP47386469,2026-03-10,2026-03-16,83,3214.5,Outbound Freight,26.93,1.35,28.28
14502883,IF4041441131,32272498,B0T1W0LOC - LOCKE'S SPORTING AND OUTDOOR ADVENTURE,LSHP47405225,2026-03-10,2026-03-16,23,7424,Outbound Shipment Materials,23.25,2.79,26.04
14502883,IF4041441131,32272498,B0T1W0LOC - LOCKE'S SPORTING AND OUTDOOR ADVENTURE,LSHP47405225,2026-03-10,2026-03-16,188,7424,Outbound Freight,113.24,15.85,129.09
14502887,IF4041441138,32272504,T9M0C4TNT - TNT CLOTHING,LSHP47386457,2026-03-10,2026-03-16,24,1008.5,Outbound Freight,15.18,0.76,15.94
14502887,IF4041441138,32272504,T9M0C4TNT - TNT CLOTHING,LSHP47386457,2026-03-10,2026-03-16,4,1008.5,Outbound Shipment Materials,4.06,0.48,4.54
14502888,IF4041441143,32272509,G9X1K9LE - LE PIONNIER,LSHP47386454,2026-03-10,2026-03-16,77,2387.5,Outbound Freight,33.72,1.69,35.41
14502888,IF4041441143,32272509,G9X1K9LE - LE PIONNIER,LSHP47386454,2026-03-10,2026-03-16,9,2387.5,Outbound Shipment Materials,8.71,1.05,9.76
14502890,IF4041441148,32272513,V1E1B4HAR - HARTTY CLOTHING,LSHP47386493,2026-03-10,2026-03-16,180,6179.5,Outbound Freight,28.71,1.44,30.15
14502890,IF4041441148,32272513,V1E1B4HAR - HARTTY CLOTHING,LSHP47386493,2026-03-10,2026-03-16,14,6179.5,Outbound Shipment Materials,13.95,1.68,15.63
14502897,IF4041441158,32272523,T4R1N9EDG - EDGE CLOTHING,LSHP47431193,2026-03-10,2026-03-16,4,1211,Outbound Shipment Materials,4.06,0.48,4.54
14502897,IF4041441158,32272523,T4R1N9EDG - EDGE CLOTHING,LSHP47431193,2026-03-10,2026-03-16,32,1211,Outbound Freight,17.99,0.9,18.89
14502900,IF4041441163,32272527,V1R4C2JJS - JJS FASHIONS,LSHP47386439,2026-03-10,2026-03-16,85,2500.5,Outbound Freight,15.32,0.77,16.09
14502900,IF4041441163,32272527,V1R4C2JJS - JJS FASHIONS,LSHP47386439,2026-03-10,2026-03-16,5,2500.5,Outbound Shipment Materials,4.65,0.56,5.21
14502901,IF4041442172,32314668,B2G2C4WIL - WILFRED AND PARKER BOUTIQUE,LSHP47386542,2026-03-10,2026-03-16,13,3403,Outbound Shipment Materials,12.77,1.53,14.3
14502901,IF4041442172,32314668,B2G2C4WIL - WILFRED AND PARKER BOUTIQUE,LSHP47386542,2026-03-10,2026-03-16,81,3403,Outbound Freight,58.01,8.12,66.13
14515281,IF4041443650,32373888,T2E6W5MRG - MRG - BANFF #573,LSHP47442824,2026-03-11,2026-03-16,8,2787,Outbound Shipment Materials,7.58,0.91,8.49
14515281,IF4041443650,32373888,T2E6W5MRG - MRG - BANFF #573,LSHP47442824,2026-03-11,2026-03-16,1,2787,Outbound Freight,4,0.2,4.2
14516786,IF4041443971,32382752,V7B1K4VAN - VANCOUVER LP WDFG,LSHP47443039,2026-03-11,2026-03-16,71,13540,Outbound Shipment Materials,70.69,8.48,79.17
14516786,IF4041443971,32382752,V7B1K4VAN - VANCOUVER LP WDFG,LSHP47443039,2026-03-11,2026-03-16,440,13540,Outbound Freight,129.14,6.46,135.6
14519846,IF4041444212,32391358,T1L1B2BAN - Banff Gondola – BGS,LSHP47415160,2026-03-12,2026-03-16,3,0,Outbound Freight,13.66,0.68,14.34
14519846,IF4041444212,32391358,T1L1B2BAN - Banff Gondola – BGS,LSHP47415160,2026-03-12,2026-03-16,4,0,Outbound Shipment Materials,4.06,0.48,4.54
14457389,IF4041440818,32254630,K2P1L9BOO - BOOGIE + BIRDIE,1Z2VW7552097098713,2026-02-27,2026-03-16,5,1958,Outbound Shipment Materials,4.65,0.56,5.21
14457389,IF4041440818,32254630,K2P1L9BOO - BOOGIE + BIRDIE,1Z2VW7552097098713,2026-02-27,2026-03-16,67,1958,Outbound Freight,23.63,3.07,26.7
14502843,IF4041441584,32295591,J9P5K1CAR - Carrefour du Nord-Ouest,3.99646E+11,2026-03-10,2026-03-16,92,3626,Outbound Freight,39.62,1.98,41.6
14502843,IF4041441584,32295591,J9P5K1CAR - Carrefour du Nord-Ouest,3.99646E+11,2026-03-10,2026-03-16,9,3626,Outbound Shipment Materials,9.3,1.12,10.42
14502848,IF4041441587,32295594,E3V1T9SPO - SPORTS EXPERTS,3.99646E+11,2026-03-10,2026-03-16,121,3990,Outbound Freight,40.33,6.05,46.38
14502848,IF4041441587,32295594,E3V1T9SPO - SPORTS EXPERTS,3.99646E+11,2026-03-10,2026-03-16,9,3990,Outbound Shipment Materials,9.3,1.12,10.42
14502903,IF4041442176,32314672,J6E3H4KOI - KOIA VETEMENTS,3.99576E+11,2026-03-10,2026-03-16,95,3399.5,Outbound Freight,39.62,1.98,41.6
14502903,IF4041442176,32314672,J6E3H4KOI - KOIA VETEMENTS,3.99576E+11,2026-03-10,2026-03-16,9,3399.5,Outbound Shipment Materials,9.3,1.12,10.42
14518834,IF4041444034,32384221,G0C2B0RHE - RHEAL PITRE A FILS LTEE,3.99664E+11,2026-03-12,2026-03-16,14,4743,Outbound Shipment Materials,14.24,1.71,15.95
14518834,IF4041444034,32384221,G0C2B0RHE - RHEAL PITRE A FILS LTEE,3.99664E+11,2026-03-12,2026-03-16,144,4743,Outbound Freight,48.19,2.41,50.6
14457386,IF4041440813,32254227,S3N0K4KW - KW MENS WEAR LTD,5.20375E+11,2026-02-27,2026-03-16,59,1823,Outbound Freight,29.76,1.49,31.25
14457386,IF4041440813,32254227,S3N0K4KW - KW MENS WEAR LTD,5.20375E+11,2026-02-27,2026-03-16,9,1823,Outbound Shipment Materials,8.71,1.05,9.76
14502790,IF4041443345,32362761,V0N3A0TRA - TRAIL BAY SOURCE FOR SPORTS,5.20376E+11,2026-03-10,2026-03-16,0,0,Outbound Shipment Materials,0.3,0.04,0.34
14502790,IF4041443345,32362761,V0N3A0TRA - TRAIL BAY SOURCE FOR SPORTS,5.20376E+11,2026-03-10,2026-03-16,1,0,Outbound Freight,5.25,0.26,5.51
14502835,IF4041441580,32295587,J1L1K1SPO - SPORTS EXPERTS 528,5.20375E+11,2026-03-10,2026-03-16,135,4529.5,Outbound Freight,38.14,1.91,40.05
14502835,IF4041441580,32295587,J1L1K1SPO - SPORTS EXPERTS 528,5.20375E+11,2026-03-10,2026-03-16,9,4529.5,Outbound Shipment Materials,9.3,1.12,10.42
14502846,IF4041441586,32295593,J3A1M1SPO - SPORTS EXPERTS 408,5.20375E+11,2026-03-10,2026-03-16,113,3988.5,Outbound Freight,39.12,1.96,41.08
14502846,IF4041441586,32295593,J3A1M1SPO - SPORTS EXPERTS 408,5.20375E+11,2026-03-10,2026-03-16,9,3988.5,Outbound Shipment Materials,9.3,1.12,10.42
14502866,IF4041442246,32317333,Y1A2B3COA - COAST MOUNTAIN,5.20375E+11,2026-03-10,2026-03-16,13,3164.21,Outbound Shipment Materials,13.36,1.61,14.97
14502866,IF4041442246,32317333,Y1A2B3COA - COAST MOUNTAIN,5.20375E+11,2026-03-10,2026-03-16,1,3164.21,Outbound Freight,7.75,0.39,8.14
14502870,IF4041442247,32317334,Y1A2B3COA - COAST MOUNTAIN,5.20375E+11,2026-03-10,2026-03-16,9,1393.8,Outbound Shipment Materials,8.71,1.05,9.76
14502870,IF4041442247,32317334,Y1A2B3COA - COAST MOUNTAIN,5.20375E+11,2026-03-10,2026-03-16,1,1393.8,Outbound Freight,6.5,0.33,6.83
14502889,IF4041441146,32272511,V2J2M5PEA - PEARLS FASHION,5.20372E+11,2026-03-10,2026-03-16,64,1989.5,Outbound Freight,19.14,0.96,20.1
14502889,IF4041441146,32272511,V2J2M5PEA - PEARLS FASHION,5.20372E+11,2026-03-10,2026-03-16,8,1989.5,Outbound Shipment Materials,7.58,0.91,8.49
14502891,IF4041441150,32272515,S0L1S0CAM - CAMERONS CLOTHING COMPANY,5.20372E+11,2026-03-10,2026-03-16,9,1953.5,Outbound Shipment Materials,8.71,1.05,9.76
14502891,IF4041441150,32272515,S0L1S0CAM - CAMERONS CLOTHING COMPANY,5.20372E+11,2026-03-10,2026-03-16,56,1953.5,Outbound Freight,29.3,1.47,30.77
14502892,IF4041441151,32272516,S0L1S0CAM - CAMERONS CLOTHING COMPANY,5.20372E+11,2026-03-10,2026-03-16,5,1332,Outbound Shipment Materials,4.65,0.56,5.21
14502892,IF4041441151,32272516,S0L1S0CAM - CAMERONS CLOTHING COMPANY,5.20372E+11,2026-03-10,2026-03-16,32,1332,Outbound Freight,21.9,1.1,23
14502893,IF4041441154,32272519,T8V3B1THE - The Drop Rideshop,5.20375E+11,2026-03-10,2026-03-16,86,3312.5,Outbound Freight,33.95,1.7,35.65
14502893,IF4041441154,32272519,T8V3B1THE - The Drop Rideshop,5.20375E+11,2026-03-10,2026-03-16,9,3312.5,Outbound Shipment Materials,9.3,1.12,10.42
14502895,IF4041441155,32272520,T8V3B1THE - The Drop Rideshop,5.20375E+11,2026-03-10,2026-03-16,90,2839.5,Outbound Freight,36.98,1.85,38.83
14502895,IF4041441155,32272520,T8V3B1THE - The Drop Rideshop,5.20375E+11,2026-03-10,2026-03-16,13,2839.5,Outbound Shipment Materials,13.36,1.61,14.97
14502898,IF4041441159,32272524,S0E1T0HI - HI FASHION CLOTHING,5.20372E+11,2026-03-10,2026-03-16,30,956,Outbound Freight,19.89,0.99,20.88
14502898,IF4041441159,32272524,S0E1T0HI - HI FASHION CLOTHING,5.20372E+11,2026-03-10,2026-03-16,5,956,Outbound Shipment Materials,4.65,0.56,5.21
14502902,IF4041442173,32314669,S0G3N0MCP - MCPHAIL TRAVEL,5.20372E+11,2026-03-10,2026-03-16,16,624,Outbound Freight,14.82,0.74,15.56
14502902,IF4041442173,32314669,S0G3N0MCP - MCPHAIL TRAVEL,5.20372E+11,2026-03-10,2026-03-16,3,624,Outbound Shipment Materials,2.93,0.36,3.29
14502904,IF4041442275,32318552,V8B0B6SEA - SEA TO SKY GONDOLA,5.20372E+11,2026-03-10,2026-03-16,23,6246,Outbound Shipment Materials,23.25,2.79,26.04
14502904,IF4041442275,32318552,V8B0B6SEA - SEA TO SKY GONDOLA,5.20372E+11,2026-03-10,2026-03-16,144,6246,Outbound Freight,58.96,2.95,61.91
14518832,IF4041444027,32384216,P1B7K9510 - 510494 Ontario Inc. dba Lefebvre's Sourc,5.20376E+11,2026-03-12,2026-03-16,9,2810,Outbound Shipment Materials,9.3,1.12,10.42
14518832,IF4041444027,32384216,P1B7K9510 - 510494 Ontario Inc. dba Lefebvre's Sourc,5.20376E+11,2026-03-12,2026-03-16,88,2810,Outbound Freight,39.62,5.15,44.77
14518833,IF4041444029,32384218,L1A1N2G F - G FACEY CLOTHING,5.20376E+11,2026-03-12,2026-03-16,17,4844.5,Outbound Shipment Materials,17.17,2.06,19.23
14518833,IF4041444029,32384218,L1A1N2G F - G FACEY CLOTHING,5.20376E+11,2026-03-12,2026-03-16,126,4844.5,Outbound Freight,49.76,6.47,56.23
14519847,IF4041444211,32391357,V0A1H0GOL - Golden Skybridge – GSB,4.00747E+15,2026-03-12,2026-03-16,3,0,Outbound Freight,12.15,0.61,12.76
14519847,IF4041444211,32391357,V0A1H0GOL - Golden Skybridge – GSB,4.00747E+15,2026-03-12,2026-03-16,4,0,Outbound Shipment Materials,4.06,0.48,4.54
14518836,IF4041441149,32272514,V0R2Z0TOF - TOFINO FISHING AND TRADING,LSHP47467184,2026-03-12,2026-03-17,9,1023,Outbound Shipment Materials,8.77,1.05,9.82
14518836,IF4041441149,32272514,V0R2Z0TOF - TOFINO FISHING AND TRADING,LSHP47467184,2026-03-12,2026-03-17,3,1023,Outbound Freight,3.75,0.19,3.94
14457394,IF4041440826,32254637,G9X1K9LE - LE PIONNIER,LSHP47465575,2026-02-27,2026-03-17,5,137.5,Outbound Freight,18.73,0.94,19.67
14457394,IF4041440826,32254637,G9X1K9LE - LE PIONNIER,LSHP47465575,2026-02-27,2026-03-17,0,137.5,Outbound Shipment Materials,0.48,0.05,0.53
14518837,IF4041441153,32272518,T9W1C5ARM - ARMSTRONGS CLOTHING AND SPORTS,LSHP47454890,2026-03-12,2026-03-17,5,1470,Outbound Shipment Materials,4.65,0.56,5.21
14518837,IF4041441153,32272518,T9W1C5ARM - ARMSTRONGS CLOTHING AND SPORTS,LSHP47454890,2026-03-12,2026-03-17,49,1470,Outbound Freight,19.54,0.98,20.52
14518839,IF4041441165,32272529,T9W1C5ARM - ARMSTRONGS CLOTHING AND SPORTS,LSHP47454245,2026-03-12,2026-03-17,4,783,Outbound Shipment Materials,4.06,0.48,4.54
14518839,IF4041441165,32272529,T9W1C5ARM - ARMSTRONGS CLOTHING AND SPORTS,LSHP47454245,2026-03-12,2026-03-17,26,783,Outbound Freight,14.55,0.73,15.28
14518840,IF4041442166,32314664,A1C1K2ETH - ETHEREAL BOUTIQUE,LSHP47455883,2026-03-12,2026-03-17,12,3905,Outbound Shipment Materials,12.23,1.47,13.7
14518840,IF4041442166,32314664,A1C1K2ETH - ETHEREAL BOUTIQUE,LSHP47455883,2026-03-12,2026-03-17,88,3905,Outbound Freight,57.75,8.66,66.41
14522621,IF4041444266,32392660,T8S1R7FRO - FRONTLINE,LSHP47481729,2026-03-13,2026-03-17,15,549,Outbound Freight,14.55,0.73,15.28
14522621,IF4041444266,32392660,T8S1R7FRO - FRONTLINE,LSHP47481729,2026-03-13,2026-03-17,4,549,Outbound Shipment Materials,4.06,0.48,4.54
14535340,IF4041445303,32418785,B3B1Z2URB - Urbanbutter Creative Group inc,LSHP47484377,2026-03-16,2026-03-17,25,2725,Outbound Freight,38.45,5.38,43.83
14535340,IF4041445303,32418785,B3B1Z2URB - Urbanbutter Creative Group inc,LSHP47484377,2026-03-16,2026-03-17,9,2725,Outbound Shipment Materials,8.71,1.05,9.76
14500089,IF4041443277,32360317,V3Z1A5MEC - MEC Western Distribution Centre,5.20377E+11,2026-03-09,2026-03-17,151,6644,Outbound Freight,64.71,3.24,67.95
14500089,IF4041443277,32360317,V3Z1A5MEC - MEC Western Distribution Centre,5.20377E+11,2026-03-09,2026-03-17,16,6644,EDI Labels,16,0.8,16.8
14500089,IF4041443277,32360317,V3Z1A5MEC - MEC Western Distribution Centre,5.20377E+11,2026-03-09,2026-03-17,24,6644,Outbound Shipment Materials,23.86,2.86,26.72
14518835,IF4041444035,32384222,V9W8C9SPI - SPINNERS SPORTS CAMPBELL RIVER,5.20377E+11,2026-03-12,2026-03-17,7,3062,Outbound Shipment Materials,7.12,0.86,7.98
14518835,IF4041444035,32384222,V9W8C9SPI - SPINNERS SPORTS CAMPBELL RIVER,5.20377E+11,2026-03-12,2026-03-17,1,3062,Outbound Freight,1.25,0.06,1.31
14518838,IF4041441162,32272526,T8L4R2WIN - WINNERS WAY SOURCE FOR SPORTS,5.20377E+11,2026-03-12,2026-03-17,8,1446.5,Outbound Shipment Materials,7.58,0.91,8.49
14518838,IF4041441162,32272526,T8L4R2WIN - WINNERS WAY SOURCE FOR SPORTS,5.20377E+11,2026-03-12,2026-03-17,2,1446.5,Outbound Freight,2.5,0.13,2.63
14518841,IF4041444028,32384217,P3E6K7RAM - RAMAKKOS SOURCE FOR ADVENTURE,5.20377E+11,2026-03-12,2026-03-17,36,6233,Outbound Shipment Materials,35.6,4.27,39.87
14518841,IF4041444028,32384217,P3E6K7RAM - RAMAKKOS SOURCE FOR ADVENTURE,5.20377E+11,2026-03-12,2026-03-17,5,6233,Outbound Freight,6.25,0.31,6.56
14535339,IF4041444570,32400381,V0J1E0BLU - BLU JAY SPORTS,4.00747E+15,2026-03-16,2026-03-17,3,88,Outbound Shipment Materials,2.79,0.34,3.13
14535339,IF4041444570,32400381,V0J1E0BLU - BLU JAY SPORTS,4.00747E+15,2026-03-16,2026-03-17,2,88,Outbound Freight,12.98,0.65,13.63
14535343,IF4041441615,32297230,A2B1K7GEN - GENTLEMAN B LIFESTYLE,LSHP47502696,2026-03-16,2026-03-18,129,3970,Outbound Freight,58.51,8.78,67.29
14535343,IF4041441615,32297230,A2B1K7GEN - GENTLEMAN B LIFESTYLE,LSHP47502696,2026-03-16,2026-03-18,15,3970,Outbound Shipment Materials,15.24,1.83,17.07
14538955,IF4041445384,32420539,G2K1N4GAL - Galeries de la Capitale,3.99745E+11,2026-03-17,2026-03-18,9,4553,Outbound Shipment Materials,9.3,1.12,10.42
14538955,IF4041445384,32420539,G2K1N4GAL - Galeries de la Capitale,3.99745E+11,2026-03-17,2026-03-18,164,4553,Outbound Freight,45.98,2.3,48.28
14535344,IF4041441618,32297233,J9L1M8LE - LE COUREUR DES BOIS,5.2038E+11,2026-03-16,2026-03-18,19,6771.5,Outbound Shipment Materials,18.6,2.23,20.83
14535344,IF4041441618,32297233,J9L1M8LE - LE COUREUR DES BOIS,5.2038E+11,2026-03-16,2026-03-18,190,6771.5,Outbound Freight,77.69,3.88,81.57
14538953,IF4041445315,32419087,L6T4H8THE - The Nuance Group (Canada) Inc,5.20379E+11,2026-03-17,2026-03-18,1,22.5,Outbound Freight,12.76,1.66,14.42
14538953,IF4041445315,32419087,L6T4H8THE - The Nuance Group (Canada) Inc,5.20379E+11,2026-03-17,2026-03-18,3,22.5,Outbound Shipment Materials,2.79,0.34,3.13
14518322,IF4041441600,Consolidated Shipment,"L5T1A7LID - LIDS CANADA, INC.",5964187,2026-03-12,2026-03-18,55,64102.5,Outbound Shipment Materials,54.62,6.55,61.17
14518322,IF4041441600,Consolidated Shipment,"L5T1A7LID - LIDS CANADA, INC.",5964187,2026-03-12,2026-03-18,2,64102.5,Pallet Prep,21,1.05,22.05
14518322,IF4041441600,Consolidated Shipment,"L5T1A7LID - LIDS CANADA, INC.",5964187,2026-03-12,2026-03-18,3,64102.5,Outbound Freight,24,1.2,25.2
14538954,IF4041445383,32420538,J9P5K1CAR - Carrefour du Nord-Ouest,LSHP47517041,2026-03-17,2026-03-19,22,5892.5,Outbound Shipment Materials,22.07,2.64,24.71
14538954,IF4041445383,32420538,J9P5K1CAR - Carrefour du Nord-Ouest,LSHP47517041,2026-03-17,2026-03-19,165,5892.5,Outbound Freight,80,4,84
14538956,IF4041445385,32420540,J3A1M1SPO - SPORTS EXPERTS 408,3.99745E+11,2026-03-17,2026-03-19,18,405,Outbound Freight,17.27,0.86,18.13
14538956,IF4041445385,32420540,J3A1M1SPO - SPORTS EXPERTS 408,3.99745E+11,2026-03-17,2026-03-19,3,405,Outbound Shipment Materials,2.93,0.36,3.29
14535342,IF4041441869,32303450,V8L1X7COT - COTTONS AND BLUES,LSHP47484290,2026-03-16,2026-03-20,9,2300,Outbound Shipment Materials,9.3,1.12,10.42
14535342,IF4041441869,32303450,V8L1X7COT - COTTONS AND BLUES,LSHP47484290,2026-03-16,2026-03-20,63,2300,Outbound Freight,23.3,1.17,24.47
14530585,IF4041441555,Consolidated Shipment,L5W1Y6NLS - NLS-SPORTING LIFE,3.99802E+11,2026-03-16,2026-03-20,51,7450,Outbound Shipment Materials,50.56,6.07,56.63
14530585,IF4041441555,Consolidated Shipment,L5W1Y6NLS - NLS-SPORTING LIFE,3.99802E+11,2026-03-16,2026-03-20,17,7450,EDI Labels,17,0.85,17.85
14530585,IF4041441555,Consolidated Shipment,L5W1Y6NLS - NLS-SPORTING LIFE,3.99802E+11,2026-03-16,2026-03-20,16,7450,Outbound Freight,85.25,4.26,89.51
14535341,IF4041441168,32272946,V0N2P0THE - THE CLOTHES INN,5.20378E+11,2026-03-16,2026-03-20,14,4217.5,Outbound Shipment Materials,13.95,1.68,15.63
14535341,IF4041441168,32272946,V0N2P0THE - THE CLOTHES INN,5.20378E+11,2026-03-16,2026-03-20,107,4217.5,Outbound Freight,40.15,2.01,42.16
14545552,IF4041445790,32436291,L6T4H8THE - The Nuance Group (Canada) Inc,5.20383E+11,2026-03-19,2026-03-20,52,10755.5,Outbound Shipment Materials,52.17,6.26,58.43
14545552,IF4041445790,32436291,L6T4H8THE - The Nuance Group (Canada) Inc,5.20383E+11,2026-03-19,2026-03-20,326,10755.5,Outbound Freight,117.61,15.29,132.9
14502861,IF4041441606,32297221,T6E6H7BEL - BELOW THE BELT LTD.,A09802159,2026-03-10,2026-03-20,56,20030,Outbound Shipment Materials,56.48,6.77,63.25
14502861,IF4041441606,32297221,T6E6H7BEL - BELOW THE BELT LTD.,A09802159,2026-03-10,2026-03-20,1,20030,Outbound Freight,16,0.8,16.8
14535345,IF4041441623,32297238,J9L1M8LE - LE COUREUR DES BOIS,LSHP47484713,2026-03-16,2026-03-23,22,866,Outbound Freight,24.99,1.25,26.24
14535345,IF4041441623,32297238,J9L1M8LE - LE COUREUR DES BOIS,LSHP47484713,2026-03-16,2026-03-23,4,866,Outbound Shipment Materials,4.06,0.48,4.54
14535346,IF4041443456,32367323,V7R4K9GRO - GROUSE MOUNTAIN RESORTS LTD.,LSHP47485133,2026-03-16,2026-03-23,1,0,Outbound Freight,10.56,0.53,11.09
14535346,IF4041443456,32367323,V7R4K9GRO - GROUSE MOUNTAIN RESORTS LTD.,LSHP47485133,2026-03-16,2026-03-23,3,0,Outbound Shipment Materials,2.93,0.36,3.29
14538957,IF4041445386,32420945,G2J1R8MÉG - Méga Centre Le Bourgneuf,LSHP47607875,2026-03-17,2026-03-23,4,892,Outbound Shipment Materials,4.06,0.48,4.54
14538957,IF4041445386,32420945,G2J1R8MÉG - Méga Centre Le Bourgneuf,LSHP47607875,2026-03-17,2026-03-23,32,892,Outbound Freight,18.91,0.95,19.86
14538958,IF4041445388,32420946,J1L1K1SPO - SPORTS EXPERTS 528,LSHP47607851,2026-03-17,2026-03-23,7,2292.5,Outbound Shipment Materials,7.44,0.89,8.33
14538958,IF4041445388,32420946,J1L1K1SPO - SPORTS EXPERTS 528,LSHP47607851,2026-03-17,2026-03-23,82,2292.5,Outbound Freight,32.72,1.64,34.36
14538968,IF4041445448,32423377,V7R4K9GRO - GROUSE MOUNTAIN RESORTS LTD.,LSHP47519285,2026-03-17,2026-03-23,17,2736,Outbound Shipment Materials,16.88,2.02,18.9
14538968,IF4041445448,32423377,V7R4K9GRO - GROUSE MOUNTAIN RESORTS LTD.,LSHP47519285,2026-03-17,2026-03-23,64,2736,Outbound Freight,34.24,1.71,35.95
14547518,IF4041445950,32441581,E3B1B2THE - THE RADICAL EDGE,3.99818E+11,2026-03-19,2026-03-23,4,0,Outbound Shipment Materials,4.06,0.48,4.54
14547518,IF4041445950,32441581,E3B1B2THE - THE RADICAL EDGE,3.99818E+11,2026-03-19,2026-03-23,2,0,Outbound Freight,22.25,3.34,25.59
14549607,IF4041446000,32442765,E8J1T7DAZ - DAZE SPORTS EXCELLENCE,LSHP47575564,2026-03-20,2026-03-23,3,485.5,Outbound Shipment Materials,2.93,0.36,3.29
14549607,IF4041446000,32442765,E8J1T7DAZ - DAZE SPORTS EXCELLENCE,LSHP47575564,2026-03-20,2026-03-23,18,485.5,Outbound Freight,25.57,3.84,29.41
14543871,IF4041445739,32435053,V3K6V7BEL - BELOW THE BELT - COQUITLAM,LSHP47607842,2026-03-18,2026-03-23,1,0,Outbound Shipment Materials,0.6,0.07,0.67
14543871,IF4041445739,32435053,V3K6V7BEL - BELOW THE BELT - COQUITLAM,LSHP47607842,2026-03-18,2026-03-23,2,0,Outbound Freight,68.14,3.41,71.55
14540102,IF4041445545,32426538,V8B0B6SEA - SEA TO SKY GONDOLA,5.2038E+11,2026-03-17,2026-03-23,247,5653.5,Outbound Freight,43.5,2.18,45.68
14540102,IF4041445545,32426538,V8B0B6SEA - SEA TO SKY GONDOLA,5.2038E+11,2026-03-17,2026-03-23,18,5653.5,Outbound Shipment Materials,18.01,2.16,20.17
14535348,IF4041443457,32367324,S7N1A9OUT - OUTTER LIMITS,LSHP47485257,2026-03-16,2026-03-25,3,0,Outbound Shipment Materials,2.93,0.36,3.29
14535348,IF4041443457,32367324,S7N1A9OUT - OUTTER LIMITS,LSHP47485257,2026-03-16,2026-03-25,1,0,Outbound Freight,12.78,0.64,13.42
14570258,IF4041444042,32384227,E1V6S1DEN - DENIM WEARHOUSE,LSHP47645105,2026-03-24,2026-03-25,88,2668,Outbound Freight,36.64,5.5,42.14
14570258,IF4041444042,32384227,E1V6S1DEN - DENIM WEARHOUSE,LSHP47645105,2026-03-24,2026-03-25,9,2668,Outbound Shipment Materials,8.71,1.05,9.76
14570260,IF4041444044,32384229,B5A1E7EVE - EVERY BLOOMIN THING,LSHP47645277,2026-03-24,2026-03-25,6,1590,Outbound Shipment Materials,5.84,0.7,6.54
14570260,IF4041444044,32384229,B5A1E7EVE - EVERY BLOOMIN THING,LSHP47645277,2026-03-24,2026-03-25,35,1590,Outbound Freight,25.2,3.53,28.73
14570261,IF4041444045,32384230,B5A1E7EVE - EVERY BLOOMIN THING,LSHP47671791,2026-03-24,2026-03-25,37,1251,Outbound Freight,28.07,3.93,32
14570261,IF4041444045,32384230,B5A1E7EVE - EVERY BLOOMIN THING,LSHP47671791,2026-03-24,2026-03-25,5,1251,Outbound Shipment Materials,4.65,0.56,5.21
14570263,IF4041444047,32384232,B0E1N0CAP - CAPER GYM AND FITNESS INC dba THE CENTRA,LSHP47672651,2026-03-24,2026-03-25,9,2348,Outbound Shipment Materials,8.71,1.05,9.76
14570263,IF4041444047,32384232,B0E1N0CAP - CAPER GYM AND FITNESS INC dba THE CENTRA,LSHP47672651,2026-03-24,2026-03-25,60,2348,Outbound Freight,66.08,9.25,75.33
14570296,IF4041444355,32395987,J9E3C5MAN - MANI PIECES PLUS INC dba BUCKS SPORTS SH,LSHP47645075,2026-03-24,2026-03-25,3,0,Outbound Shipment Materials,2.93,0.36,3.29
14570296,IF4041444355,32395987,J9E3C5MAN - MANI PIECES PLUS INC dba BUCKS SPORTS SH,LSHP47645075,2026-03-24,2026-03-25,1,0,Outbound Freight,16.79,0.84,17.63
14570266,IF4041444050,32384235,A1B4J9ALP - ALPINE COUNTRY LODGE LTD,3.99953E+11,2026-03-24,2026-03-25,9,3196,Outbound Shipment Materials,9.3,1.12,10.42
14570266,IF4041444050,32384235,A1B4J9ALP - ALPINE COUNTRY LODGE LTD,3.99953E+11,2026-03-24,2026-03-25,69,3196,Outbound Freight,40.5,6.08,46.58
14570297,IF4041444356,32395988,G0C1E0SPO - SPORTS EXPERTS 674,3.99924E+11,2026-03-24,2026-03-25,3,0,Outbound Shipment Materials,2.93,0.36,3.29
14570297,IF4041444356,32395988,G0C1E0SPO - SPORTS EXPERTS 674,3.99924E+11,2026-03-24,2026-03-25,1,0,Outbound Freight,28.28,1.41,29.69
14535347,IF4041442390,32324737,S7N1A9OUT - OUTTER LIMITS,5.20378E+11,2026-03-16,2026-03-25,12,2933.5,Outbound Shipment Materials,12.23,1.47,13.7
14535347,IF4041442390,32324737,S7N1A9OUT - OUTTER LIMITS,5.20378E+11,2026-03-16,2026-03-25,71,2933.5,Outbound Freight,31.15,1.56,32.71
14549606,IF4041445999,32442764,T7E1T7JEN - JENSENS LIFESTYLE CLOTHING,5.20425E+11,2026-03-20,2026-03-25,2,158.1,Outbound Shipment Materials,1.78,0.21,1.99
14549606,IF4041445999,32442764,T7E1T7JEN - JENSENS LIFESTYLE CLOTHING,5.20425E+11,2026-03-20,2026-03-25,4,158.1,Outbound Freight,11.97,0.6,12.57
14559645,IF4041446665,32471990,V0N1B1CAM - CAMP LIFESTYLE AND COFFEE CO,4.00747E+15,2026-03-23,2026-03-25,1,0,Outbound Freight,18,0.9,18.9
14559645,IF4041446665,32471990,V0N1B1CAM - CAMP LIFESTYLE AND COFFEE CO,4.00747E+15,2026-03-23,2026-03-25,4,0,Outbound Shipment Materials,4.06,0.48,4.54
14570254,IF4041444037,32384223,N5A3G8GRU - GRUV,5.20424E+11,2026-03-24,2026-03-25,142,4336,Outbound Freight,40.11,5.21,45.32
14570254,IF4041444037,32384223,N5A3G8GRU - GRUV,5.20424E+11,2026-03-24,2026-03-25,9,4336,Outbound Shipment Materials,9.3,1.12,10.42
14570255,IF4041444038,32384224,N0B2N0CHA - CHANGE LIFESTYLE & APPAREL,5.20424E+11,2026-03-24,2026-03-25,13,4073,Outbound Shipment Materials,13.36,1.61,14.97
14570255,IF4041444038,32384224,N0B2N0CHA - CHANGE LIFESTYLE & APPAREL,5.20424E+11,2026-03-24,2026-03-25,114,4073,Outbound Freight,44.35,5.77,50.12
14570256,IF4041444040,32384225,T0E1E0RAN - RANSOM,5.20424E+11,2026-03-24,2026-03-25,8,2420,Outbound Shipment Materials,7.58,0.91,8.49
14570256,IF4041444040,32384225,T0E1E0RAN - RANSOM,5.20424E+11,2026-03-24,2026-03-25,71,2420,Outbound Freight,22.38,1.12,23.5
14570257,IF4041444041,32384226,V1T9H2WEA - WEARABOUTS - VERNON,4.00747E+15,2026-03-24,2026-03-25,4,1278,Outbound Shipment Materials,4.06,0.48,4.54
14570257,IF4041444041,32384226,V1T9H2WEA - WEARABOUTS - VERNON,4.00747E+15,2026-03-24,2026-03-25,35,1278,Outbound Freight,9.36,0.47,9.83
14570264,IF4041444048,32384233,V7M2J5NOR - NORTH SHORE SKI AND BOARD,4.00747E+15,2026-03-24,2026-03-25,5,2163,Outbound Shipment Materials,4.65,0.56,5.21
14570264,IF4041444048,32384233,V7M2J5NOR - NORTH SHORE SKI AND BOARD,4.00747E+15,2026-03-24,2026-03-25,52,2163,Outbound Freight,13.41,0.67,14.08
14570265,IF4041444049,32384234,V7M2J5NOR - NORTH SHORE SKI AND BOARD,4.00747E+15,2026-03-24,2026-03-25,4,1077,Outbound Shipment Materials,4.06,0.48,4.54
14570265,IF4041444049,32384234,V7M2J5NOR - NORTH SHORE SKI AND BOARD,4.00747E+15,2026-03-24,2026-03-25,36,1077,Outbound Freight,10.04,0.5,10.54
14570268,IF4041444052,32384237,R7A1G6STR - STREAM N WOOD,5.20426E+11,2026-03-24,2026-03-25,92,2689.5,Outbound Freight,26.7,1.34,28.04
14570268,IF4041444052,32384237,R7A1G6STR - STREAM N WOOD,5.20426E+11,2026-03-24,2026-03-25,8,2689.5,Outbound Shipment Materials,8.12,0.98,9.1
14570269,IF4041444058,32384238,S0C0R0KIN - KINGS DEPARTMENT STORE,5.20426E+11,2026-03-24,2026-03-25,54,1965,Outbound Freight,20.32,1.02,21.34
14570269,IF4041444058,32384238,S0C0R0KIN - KINGS DEPARTMENT STORE,5.20426E+11,2026-03-24,2026-03-25,5,1965,Outbound Shipment Materials,4.65,0.56,5.21
14570271,IF4041444060,32384240,M1B5K7TOR - TORONTO ZOO,5.20425E+11,2026-03-24,2026-03-25,65,21552,Outbound Shipment Materials,64.82,7.78,72.6
14570271,IF4041444060,32384240,M1B5K7TOR - TORONTO ZOO,5.20425E+11,2026-03-24,2026-03-25,748,21552,Outbound Freight,172.61,22.44,195.05
14570275,IF4041444072,32384775,V0N2J2ALL - ALLISON TAYLOR dba INIS TRADING CO,4.00747E+15,2026-03-24,2026-03-25,4,1323,Outbound Shipment Materials,4.06,0.48,4.54
14570275,IF4041444072,32384775,V0N2J2ALL - ALLISON TAYLOR dba INIS TRADING CO,4.00747E+15,2026-03-24,2026-03-25,32,1323,Outbound Freight,18,0.9,18.9
14570289,IF4041444347,32395979,A1B4J9ALP - ALPINE COUNTRY LODGE LTD,4.00747E+15,2026-03-24,2026-03-25,1,0,Outbound Freight,19.09,2.86,21.95
14570289,IF4041444347,32395979,A1B4J9ALP - ALPINE COUNTRY LODGE LTD,4.00747E+15,2026-03-24,2026-03-25,3,0,Outbound Shipment Materials,2.93,0.36,3.29
14570290,IF4041444349,32395981,T0G2A1DIS - DISTRACTIONS,5.20424E+11,2026-03-24,2026-03-25,3,0,Outbound Shipment Materials,2.93,0.36,3.29
14570290,IF4041444349,32395981,T0G2A1DIS - DISTRACTIONS,5.20424E+11,2026-03-24,2026-03-25,1,0,Outbound Freight,13.22,0.66,13.88
14570291,IF4041444350,32395982,S4N0P9FRE - FRESH AIR EXPERIENCE,4.00747E+15,2026-03-24,2026-03-25,3,0,Outbound Shipment Materials,2.93,0.36,3.29
14570291,IF4041444350,32395982,S4N0P9FRE - FRESH AIR EXPERIENCE,4.00747E+15,2026-03-24,2026-03-25,1,0,Outbound Freight,11.88,0.59,12.47
14570292,IF4041444351,32395983,S6V4V3FRE - FRESH AIR EXPERIENCE,5.20424E+11,2026-03-24,2026-03-25,3,0,Outbound Shipment Materials,2.93,0.36,3.29
14570292,IF4041444351,32395983,S6V4V3FRE - FRESH AIR EXPERIENCE,5.20424E+11,2026-03-24,2026-03-25,1,0,Outbound Freight,13.41,0.67,14.08
14570293,IF4041444352,32395984,K0M1A0BUC - BUCKEYE SURF AND SNOW,4.00747E+15,2026-03-24,2026-03-25,3,0,Outbound Shipment Materials,2.93,0.36,3.29
14570293,IF4041444352,32395984,K0M1A0BUC - BUCKEYE SURF AND SNOW,4.00747E+15,2026-03-24,2026-03-25,1,0,Outbound Freight,21,2.73,23.73
14570294,IF4041444353,32395985,K6V3P7FAN - FANCY THAT  LIMESTONE AND IVY,4.00747E+15,2026-03-24,2026-03-25,1,0,Outbound Freight,15.17,1.97,17.14
14570294,IF4041444353,32395985,K6V3P7FAN - FANCY THAT  LIMESTONE AND IVY,4.00747E+15,2026-03-24,2026-03-25,3,0,Outbound Shipment Materials,2.93,0.36,3.29
14570295,IF4041444354,32395986,M1B5K7TOR - TORONTO ZOO,4.00747E+15,2026-03-24,2026-03-25,1,0,Outbound Freight,13.88,1.8,15.68
14570295,IF4041444354,32395986,M1B5K7TOR - TORONTO ZOO,4.00747E+15,2026-03-24,2026-03-25,3,0,Outbound Shipment Materials,2.93,0.36,3.29
14570298,IF4041444357,32395989,J1X2A9SPO - SPORTS EXPERTS 468 (NORMANDIN),4.00747E+15,2026-03-24,2026-03-25,1,0,Outbound Freight,15.17,0.76,15.93
14570298,IF4041444357,32395989,J1X2A9SPO - SPORTS EXPERTS 468 (NORMANDIN),4.00747E+15,2026-03-24,2026-03-25,3,0,Outbound Shipment Materials,2.93,0.36,3.29
14570299,IF4041444358,32395990,J2K3G8SPO - SPORTS EXPERTS 479,4.00747E+15,2026-03-24,2026-03-25,1,0,Outbound Freight,15.17,0.76,15.93
14570299,IF4041444358,32395990,J2K3G8SPO - SPORTS EXPERTS 479,4.00747E+15,2026-03-24,2026-03-25,3,0,Outbound Shipment Materials,2.93,0.36,3.29
14570300,IF4041444359,32395991,V2C5N8TRU - TRUE OUTDOORS,4.00747E+15,2026-03-24,2026-03-25,3,0,Outbound Shipment Materials,2.93,0.36,3.29
14570300,IF4041444359,32395991,V2C5N8TRU - TRUE OUTDOORS,4.00747E+15,2026-03-24,2026-03-25,1,0,Outbound Freight,8.78,0.44,9.22
14570313,IF4041444348,32395980,B0S1A0CRO - CROWN & ANCHOR ELEVATED LIVING,4.00747E+15,2026-03-24,2026-03-25,3,0,Outbound Shipment Materials,2.93,0.36,3.29
14570313,IF4041444348,32395980,B0S1A0CRO - CROWN & ANCHOR ELEVATED LIVING,4.00747E+15,2026-03-24,2026-03-25,1,0,Outbound Freight,21,2.94,23.94
14571265,IF4041443274,Consolidated Shipment,V3Z1A5MEC - MEC Western Distribution Centre,19887383,2026-03-24,2026-03-26,59,12545.5,Outbound Shipment Materials,58.71,7.05,65.76
14571265,IF4041443274,Consolidated Shipment,V3Z1A5MEC - MEC Western Distribution Centre,19887383,2026-03-24,2026-03-26,40,12545.5,EDI Labels,40,2,42
14571265,IF4041443274,Consolidated Shipment,V3Z1A5MEC - MEC Western Distribution Centre,19887383,2026-03-24,2026-03-26,484,12545.5,Outbound Freight,167.25,8.36,175.61
14571265,IF4041443274,Consolidated Shipment,V3Z1A5MEC - MEC Western Distribution Centre,19887383,2026-03-24,2026-03-26,1,12545.5,Pallet Prep,20.25,1.01,21.26
14571265,IF4041443274,Consolidated Shipment,V3Z1A5MEC - MEC Western Distribution Centre,19887383,2026-03-24,2026-03-26,1,12545.5,Manual BOL,12,0.6,12.6
14572007,IF4041443276,Consolidated Shipment,J7V5V5C/O - c/o Groupe Sure Track,KEL3259726,2026-03-24,2026-03-26,1,67565,Manual BOL,12,0.6,12.6
14572007,IF4041443276,Consolidated Shipment,J7V5V5C/O - c/o Groupe Sure Track,KEL3259726,2026-03-24,2026-03-26,2,67565,Pallet Prep,40.5,2.03,42.53
14572007,IF4041443276,Consolidated Shipment,J7V5V5C/O - c/o Groupe Sure Track,KEL3259726,2026-03-24,2026-03-26,258,67565,Outbound Shipment Materials,258.03,30.96,288.99
14572007,IF4041443276,Consolidated Shipment,J7V5V5C/O - c/o Groupe Sure Track,KEL3259726,2026-03-24,2026-03-26,1953,67565,Outbound Freight,557.91,27.9,585.81
14572007,IF4041443276,Consolidated Shipment,J7V5V5C/O - c/o Groupe Sure Track,KEL3259726,2026-03-24,2026-03-26,160,67565,EDI Labels,160,8,168
14549610,IF4041443459,32367326,B4P1E1WIL - WILD LILY,3.99981E+11,2026-03-20,2026-03-26,1,0,Outbound Freight,17.43,2.44,19.87
14549610,IF4041443459,32367326,B4P1E1WIL - WILD LILY,3.99981E+11,2026-03-20,2026-03-26,3,0,Outbound Shipment Materials,2.93,0.36,3.29
14570267,IF4041444051,32384236,V8J1P2HOM - HOMEWORK,LSHP47675551,2026-03-24,2026-03-26,5,1601,Outbound Shipment Materials,4.65,0.56,5.21
14570267,IF4041444051,32384236,V8J1P2HOM - HOMEWORK,LSHP47675551,2026-03-24,2026-03-26,50,1601,Outbound Freight,15.82,0.79,16.61
14570270,IF4041444059,32384239,K9J2T7WIL - WILD ROCK OUTFITTERS,LSHP47678956,2026-03-24,2026-03-26,40,1499.5,Outbound Freight,27.69,3.6,31.29
14570270,IF4041444059,32384239,K9J2T7WIL - WILD ROCK OUTFITTERS,LSHP47678956,2026-03-24,2026-03-26,7,1499.5,Outbound Shipment Materials,6.99,0.84,7.83
14570272,IF4041444068,32384771,J9E3C5MAN - MANI PIECES PLUS INC dba BUCKS SPORTS SH,LSHP47681700,2026-03-24,2026-03-26,513,13990.5,Outbound Freight,120.52,6.03,126.55
14570272,IF4041444068,32384771,J9E3C5MAN - MANI PIECES PLUS INC dba BUCKS SPORTS SH,LSHP47681700,2026-03-24,2026-03-26,49,13990.5,Outbound Shipment Materials,48.67,5.84,54.51
14570278,IF4041444079,32384780,G6P4A2SIG - SIGNE POUR LUI INC.,LSHP47681564,2026-03-24,2026-03-26,26,735.5,Outbound Freight,20.52,1.03,21.55
14570278,IF4041444079,32384780,G6P4A2SIG - SIGNE POUR LUI INC.,LSHP47681564,2026-03-24,2026-03-26,4,735.5,Outbound Shipment Materials,4.06,0.48,4.54
14570303,IF4041446660,32471987,J2K3G8SPO - SPORTS EXPERTS 479,LSHP47681790,2026-03-24,2026-03-26,12,408,Outbound Freight,20.52,1.03,21.55
14570303,IF4041446660,32471987,J2K3G8SPO - SPORTS EXPERTS 479,LSHP47681790,2026-03-24,2026-03-26,4,408,Outbound Shipment Materials,4.06,0.48,4.54
14570305,IF4041446662,32471989,J1X2A9SPO - SPORTS EXPERTS 468 (NORMANDIN),LSHP47681780,2026-03-24,2026-03-26,4,498,Outbound Shipment Materials,4.06,0.48,4.54
14570305,IF4041446662,32471989,J1X2A9SPO - SPORTS EXPERTS 468 (NORMANDIN),LSHP47681780,2026-03-24,2026-03-26,16,498,Outbound Freight,20.52,1.03,21.55
14570307,IF4041446677,32472208,A1B4J9ALP - ALPINE COUNTRY LODGE LTD,LSHP47681820,2026-03-24,2026-03-26,84,2383.5,Outbound Freight,49.06,7.36,56.42
14570307,IF4041446677,32472208,A1B4J9ALP - ALPINE COUNTRY LODGE LTD,LSHP47681820,2026-03-24,2026-03-26,9,2383.5,Outbound Shipment Materials,8.71,1.05,9.76
14549615,IF4041443527,32370436,E5B1A8MY - MY SPACE GIFT SHOP,1Z2VW7552092942345,2026-03-20,2026-03-26,33,8932.5,Outbound Shipment Materials,32.55,3.91,36.46
14549615,IF4041443527,32370436,E5B1A8MY - MY SPACE GIFT SHOP,1Z2VW7552092942345,2026-03-20,2026-03-26,225,8932.5,Outbound Freight,150.83,22.62,173.45
14547523,IF4041443303,32360925,V2G4T6CAR - CARIBOU SKI SOURCE FOR SPORTS,5.20427E+11,2026-03-19,2026-03-26,13,4222.5,Outbound Shipment Materials,13.36,1.61,14.97
14547523,IF4041443303,32360925,V2G4T6CAR - CARIBOU SKI SOURCE FOR SPORTS,5.20427E+11,2026-03-19,2026-03-26,1,4222.5,Outbound Freight,7.75,0.39,8.14
14570262,IF4041444046,32384231,B5A1E7EVE - EVERY BLOOMIN THING,4.00747E+15,2026-03-24,2026-03-26,6,135,Outbound Freight,16.78,2.35,19.13
14570262,IF4041444046,32384231,B5A1E7EVE - EVERY BLOOMIN THING,4.00747E+15,2026-03-24,2026-03-26,3,135,Outbound Shipment Materials,2.79,0.34,3.13
14570273,IF4041444070,32384773,V0N3A0TRA - TRAIL BAY SOURCE FOR SPORTS,5.20427E+11,2026-03-24,2026-03-26,4,607.5,Outbound Shipment Materials,4.06,0.48,4.54
14570273,IF4041444070,32384773,V0N3A0TRA - TRAIL BAY SOURCE FOR SPORTS,5.20427E+11,2026-03-24,2026-03-26,1,607.5,Outbound Freight,5.25,0.26,5.51
14570274,IF4041444071,32384774,V1C3R3GER - GERICK SPORTS,5.20426E+11,2026-03-24,2026-03-26,9,3120,Outbound Shipment Materials,9.3,1.12,10.42
14570274,IF4041444071,32384774,V1C3R3GER - GERICK SPORTS,5.20426E+11,2026-03-24,2026-03-26,90,3120,Outbound Freight,29.19,1.46,30.65
14570277,IF4041444075,32384778,T0G2A1DIS - DISTRACTIONS,5.20426E+11,2026-03-24,2026-03-26,38,1363,Outbound Freight,21.54,1.08,22.62
14570277,IF4041444075,32384778,T0G2A1DIS - DISTRACTIONS,5.20426E+11,2026-03-24,2026-03-26,7,1363,Outbound Shipment Materials,7.12,0.86,7.98
14570279,IF4041444082,32384783,S6V4V3FRE - FRESH AIR EXPERIENCE,5.20426E+11,2026-03-24,2026-03-26,127,3748.5,Outbound Freight,42.17,2.11,44.28
14570279,IF4041444082,32384783,S6V4V3FRE - FRESH AIR EXPERIENCE,5.20426E+11,2026-03-24,2026-03-26,19,3748.5,Outbound Shipment Materials,18.89,2.26,21.15
14570280,IF4041444083,32384784,V9W8C9SPI - SPINNERS SPORTS CAMPBELL RIVER,5.20427E+11,2026-03-24,2026-03-26,9,4336,Outbound Shipment Materials,9.3,1.12,10.42
14570280,IF4041444083,32384784,V9W8C9SPI - SPINNERS SPORTS CAMPBELL RIVER,5.20427E+11,2026-03-24,2026-03-26,2,4336,Outbound Freight,2.5,0.13,2.63
14570281,IF4041444084,32384785,K0M1A0BUC - BUCKEYE SURF AND SNOW,5.20426E+11,2026-03-24,2026-03-26,19,5204.5,Outbound Shipment Materials,18.89,2.26,21.15
14570281,IF4041444084,32384785,K0M1A0BUC - BUCKEYE SURF AND SNOW,5.20426E+11,2026-03-24,2026-03-26,151,5204.5,Outbound Freight,63.37,8.24,71.61
14570282,IF4041444085,32384786,K6V3P7FAN - FANCY THAT  LIMESTONE AND IVY,5.20426E+11,2026-03-24,2026-03-26,9,2427.5,Outbound Shipment Materials,8.71,1.05,9.76
14570282,IF4041444085,32384786,K6V3P7FAN - FANCY THAT  LIMESTONE AND IVY,5.20426E+11,2026-03-24,2026-03-26,62,2427.5,Outbound Freight,35.19,4.57,39.76
14570283,IF4041444086,32384787,V1N2M9MAL - MALLARDS SOURCE FOR SPORTS,5.20426E+11,2026-03-24,2026-03-26,21,6723.5,Outbound Shipment Materials,21.36,2.57,23.93
14570283,IF4041444086,32384787,V1N2M9MAL - MALLARDS SOURCE FOR SPORTS,5.20426E+11,2026-03-24,2026-03-26,3,6723.5,Outbound Freight,3.75,0.19,3.94
14570284,IF4041444087,32384788,R0G0J0KNO - KNOCKABOUTS INC.,5.20427E+11,2026-03-24,2026-03-26,4,787.5,Outbound Shipment Materials,4.06,0.48,4.54
14570284,IF4041444087,32384788,R0G0J0KNO - KNOCKABOUTS INC.,5.20427E+11,2026-03-24,2026-03-26,35,787.5,Outbound Freight,21.27,1.06,22.33
14570285,IF4041444184,32390143,V8B0G8VAL - VALHALLA PURE SQUAMISH,5.20426E+11,2026-03-24,2026-03-26,86,2822,Outbound Freight,31.15,1.56,32.71
14570285,IF4041444184,32390143,V8B0G8VAL - VALHALLA PURE SQUAMISH,5.20426E+11,2026-03-24,2026-03-26,14,2822,Outbound Shipment Materials,14.24,1.71,15.95
14570286,IF4041444185,32390142,V8B0G8VAL - VALHALLA PURE SQUAMISH,4.00747E+15,2026-03-24,2026-03-26,8,3811.5,Outbound Shipment Materials,7.58,0.91,8.49
14570286,IF4041444185,32390142,V8B0G8VAL - VALHALLA PURE SQUAMISH,4.00747E+15,2026-03-24,2026-03-26,108,3811.5,Outbound Freight,23.92,1.2,25.12
14570288,IF4041444186,32390144,P0J1P0A1 - A1 SOURCE FOR SPORTS,3.99962E+11,2026-03-24,2026-03-26,14,3416,Outbound Shipment Materials,13.95,1.68,15.63
14570288,IF4041444186,32390144,P0J1P0A1 - A1 SOURCE FOR SPORTS,3.99962E+11,2026-03-24,2026-03-26,117,3416,Outbound Freight,69.53,9.04,78.57
14570304,IF4041446661,32471988,E1X1G5SPO - SPORTS EXPERTS 646,4.00747E+15,2026-03-24,2026-03-26,3,157.5,Outbound Shipment Materials,2.93,0.36,3.29
14570304,IF4041446661,32471988,E1X1G5SPO - SPORTS EXPERTS 646,4.00747E+15,2026-03-24,2026-03-26,7,157.5,Outbound Freight,21,3.15,24.15
14570308,IF4041446690,32472221,L9H1T7ADV - ADVENTURE ATTIC,5.20426E+11,2026-03-24,2026-03-26,5,2523,Outbound Shipment Materials,4.65,0.56,5.21
14570308,IF4041446690,32472221,L9H1T7ADV - ADVENTURE ATTIC,5.20426E+11,2026-03-24,2026-03-26,70,2523,Outbound Freight,25.13,3.27,28.4
14578081,IF4041447107,32486310,T2E6W5MRG - MRG - BANFF #573,5.20427E+11,2026-03-25,2026-03-26,132,4341,Outbound Freight,44.44,2.22,46.66
14578081,IF4041447107,32486310,T2E6W5MRG - MRG - BANFF #573,5.20427E+11,2026-03-25,2026-03-26,25,4341,Outbound Shipment Materials,25.42,3.05,28.47
14578084,IF4041444491,32399551,P5N2W8MOO - MOONBEAM COUNTRY STORE,5.20427E+11,2026-03-25,2026-03-26,101,3565.5,Outbound Freight,50.82,6.61,57.43
14578084,IF4041444491,32399551,P5N2W8MOO - MOONBEAM COUNTRY STORE,5.20427E+11,2026-03-25,2026-03-26,9,3565.5,Outbound Shipment Materials,9.3,1.12,10.42
14570259,IF4041444043,32384228,A0G3A0BLU - BLUE RIDGE INC.,LSHP47710553,2026-03-24,2026-03-27,2,45,Outbound Shipment Materials,1.78,0.21,1.99
14570259,IF4041444043,32384228,A0G3A0BLU - BLUE RIDGE INC.,LSHP47710553,2026-03-24,2026-03-27,2,45,Outbound Freight,25.81,3.87,29.68
14578083,IF4041447103,32486199,G0C1E0SPO - SPORTS EXPERTS 674,LSHP47711814,2026-03-25,2026-03-27,7,708.76,Outbound Shipment Materials,6.85,0.82,7.67
14578083,IF4041447103,32486199,G0C1E0SPO - SPORTS EXPERTS 674,LSHP47711814,2026-03-25,2026-03-27,26,708.76,Outbound Freight,42.66,2.13,44.79
14547519,IF4041445444,32423374,H1G6M7LA - LA CORDEE,5.20384E+11,2026-03-19,2026-03-27,808,24832,Outbound Freight,139.89,6.99,146.88
14547519,IF4041445444,32423374,H1G6M7LA - LA CORDEE,5.20384E+11,2026-03-19,2026-03-27,54,24832,Outbound Shipment Materials,54.08,6.49,60.57
14547520,IF4041445445,32423375,H1G6M7LA - LA CORDEE,5.20384E+11,2026-03-19,2026-03-27,31,7721,Outbound Shipment Materials,30.66,3.68,34.34
14547520,IF4041445445,32423375,H1G6M7LA - LA CORDEE,5.20384E+11,2026-03-19,2026-03-27,246,7721,Outbound Freight,63.32,3.17,66.49
14547521,IF4041445447,32423376,H1G6M7LA - LA CORDEE,5.20384E+11,2026-03-19,2026-03-27,8,3068,Outbound Shipment Materials,7.58,0.91,8.49
14547521,IF4041445447,32423376,H1G6M7LA - LA CORDEE,5.20384E+11,2026-03-19,2026-03-27,52,3068,Outbound Freight,31.15,1.56,32.71
14547522,IF4041443300,32360923,T7A1S4254 - 2545501 Alberta Ltd. dba Eigthy Eight Cl,5.20384E+11,2026-03-19,2026-03-27,63,2580,Outbound Freight,21.52,1.08,22.6
14547522,IF4041443300,32360923,T7A1S4254 - 2545501 Alberta Ltd. dba Eigthy Eight Cl,5.20384E+11,2026-03-19,2026-03-27,8,2580,Outbound Shipment Materials,8.12,0.98,9.1
14570276,IF4041444073,32384776,T1R1E842 - 42 STREET,5.20428E+11,2026-03-24,2026-03-27,89,2517,Outbound Freight,23.22,1.16,24.38
14570276,IF4041444073,32384776,T1R1E842 - 42 STREET,5.20428E+11,2026-03-24,2026-03-27,8,2517,Outbound Shipment Materials,8.12,0.98,9.1
14570306,IF4041446674,32472205,T6E6H7BEL - BELOW THE BELT LTD.,14540306,2026-03-24,2026-03-27,1,23145,Pallet Prep,10.5,0.53,11.03
14570306,IF4041446674,32472205,T6E6H7BEL - BELOW THE BELT LTD.,14540306,2026-03-24,2026-03-27,48,23145,Outbound Shipment Materials,47.7,5.73,53.43
14570306,IF4041446674,32472205,T6E6H7BEL - BELOW THE BELT LTD.,14540306,2026-03-24,2026-03-27,1,23145,Outbound Freight,12,0.6,12.6
14583975,IF4041444568,Consolidated Shipment,V3Z1A5MEC - MEC Western Distribution Centre,19887405,2026-03-26,2026-03-30,1364,49958.5,Outbound Freight,178.7,8.94,187.64
14583975,IF4041444568,Consolidated Shipment,V3Z1A5MEC - MEC Western Distribution Centre,19887405,2026-03-26,2026-03-30,1,49958.5,Manual BOL,12,0.6,12.6
14583975,IF4041444568,Consolidated Shipment,V3Z1A5MEC - MEC Western Distribution Centre,19887405,2026-03-26,2026-03-30,165,49958.5,Outbound Shipment Materials,164.72,19.77,184.49
14583975,IF4041444568,Consolidated Shipment,V3Z1A5MEC - MEC Western Distribution Centre,19887405,2026-03-26,2026-03-30,1,49958.5,Pallet Prep,20.25,1.01,21.26
14583975,IF4041444568,Consolidated Shipment,V3Z1A5MEC - MEC Western Distribution Centre,19887405,2026-03-26,2026-03-30,106,49958.5,EDI Labels,106,5.3,111.3
14549611,IF4041443521,32370430,B4B0S9PHI - PHIT'CETERA LIFESTYLE WEAR,LSHP47575539,2026-03-20,2026-03-31,5,1421,Outbound Shipment Materials,4.65,0.56,5.21
14549611,IF4041443521,32370430,B4B0S9PHI - PHIT'CETERA LIFESTYLE WEAR,LSHP47575539,2026-03-20,2026-03-31,45,1421,Outbound Freight,28.71,4.02,32.73
14549612,IF4041443522,32370431,E8J1T7DAZ - DAZE SPORTS EXCELLENCE,LSHP47575532,2026-03-20,2026-03-31,111,3555,Outbound Freight,62.07,9.31,71.38
14549612,IF4041443522,32370431,E8J1T7DAZ - DAZE SPORTS EXCELLENCE,LSHP47575532,2026-03-20,2026-03-31,13,3555,Outbound Shipment Materials,13.36,1.61,14.97
14549613,IF4041443523,32370432,B4P1E1WIL - WILD LILY,LSHP47575541,2026-03-20,2026-03-31,8,2368,Outbound Shipment Materials,7.58,0.91,8.49
14549613,IF4041443523,32370432,B4P1E1WIL - WILD LILY,LSHP47575541,2026-03-20,2026-03-31,58,2368,Outbound Freight,35.14,4.92,40.06
14549614,IF4041443526,32370435,N0B1S0ARI - ARIA BOUTIQUE,LSHP47575527,2026-03-20,2026-03-31,74,2294.5,Outbound Freight,29.73,3.86,33.59
14549614,IF4041443526,32370435,N0B1S0ARI - ARIA BOUTIQUE,LSHP47575527,2026-03-20,2026-03-31,5,2294.5,Outbound Shipment Materials,4.65,0.56,5.21
14549616,IF4041444025,32384214,V5L1Y9MAK - MAKE VANCOUVER FULFILLMENT CENTRE,LSHP47575584,2026-03-20,2026-03-31,331,10476,Outbound Freight,60.73,3.04,63.77
14549616,IF4041444025,32384214,V5L1Y9MAK - MAKE VANCOUVER FULFILLMENT CENTRE,LSHP47575584,2026-03-20,2026-03-31,35,10476,Outbound Shipment Materials,35.48,4.25,39.73
14549617,IF4041445443,32423373,V6B1B2MAK - MAKE GASTOWN,LSHP47575592,2026-03-20,2026-03-31,141,4189,Outbound Freight,27.51,1.38,28.89
14549617,IF4041445443,32423373,V6B1B2MAK - MAKE GASTOWN,LSHP47575592,2026-03-20,2026-03-31,14,4189,Outbound Shipment Materials,13.95,1.68,15.63
14549609,IF4041443458,32367325,E5B1A8MY - MY SPACE GIFT SHOP,4.00747E+15,2026-03-20,2026-03-31,3,0,Outbound Shipment Materials,2.93,0.36,3.29
14549609,IF4041443458,32367325,E5B1A8MY - MY SPACE GIFT SHOP,4.00747E+15,2026-03-20,2026-03-31,1,0,Outbound Freight,26.18,3.93,30.11
14588539,IF4041447467,32500311,V0R2G0SWO - SWORDFERN BOUTIQUE,4.00747E+15,2026-03-27,2026-03-31,13,2680,Outbound Shipment Materials,13.36,1.61,14.97
14588539,IF4041447467,32500311,V0R2G0SWO - SWORDFERN BOUTIQUE,4.00747E+15,2026-03-27,2026-03-31,82,2680,Outbound Freight,93.03,4.65,97.68
14597515,IF4041444492,32399554,V0G1S0VAL - Valhalla Pure Outfitters-04,4.00747E+15,2026-03-30,2026-03-31,5,810.5,Outbound Shipment Materials,4.65,0.56,5.21
14597515,IF4041444492,32399554,V0G1S0VAL - Valhalla Pure Outfitters-04,4.00747E+15,2026-03-30,2026-03-31,21,810.5,Outbound Freight,22.69,1.13,23.82
14597516,IF4041444493,32399555,V0G1S0VAL - Valhalla Pure Outfitters-04,4.00747E+15,2026-03-30,2026-03-31,5,1793.5,Outbound Shipment Materials,4.65,0.56,5.21
14597516,IF4041444493,32399555,V0G1S0VAL - Valhalla Pure Outfitters-04,4.00747E+15,2026-03-30,2026-03-31,41,1793.5,Outbound Freight,22.69,1.13,23.82
Storage,Client Ref 1,Client Ref 2,Shipped From,BOL Number,,,,,Service,,,
20895,,,,,2026-04-01,2026-03-31,125208,0,Storage,9199.51,459.98,9659.49
Work Order,Client Ref 1,Client Ref 2,Parent Document,PO Number,,,,,Service,,,
3892443,CC 03-16-2026,,,,2026-03-16,2026-03-16,2,0,Cycle Count,118.13,5.91,124.04
3892648,IF4041443277,32360317,717454,717454,2026-03-17,2026-03-17,0,0,Data Entry Labour,3.78,0.19,3.97
3899967,BigSteelBox,INV-360807,,,2026-03-27,2026-03-17,1,0,Recoverable Materials,277.87,33.34,311.21
3892649,IF4041443277,32360317,717454,717454,2026-03-17,2026-03-17,0,0,Vendor Compliance,15.59,0.78,16.37
3893006,IF4041441606,32297221,206855,206855,2026-03-17,2026-03-17,5,0,Warehouse Labour,236.25,11.81,248.06
3893129,IF4041443271,32360311,717443,717443,2026-03-17,2026-03-17,1,0,Warehouse Labour,47.25,2.36,49.61
3893129,IF4041443271,32360311,717443,717443,2026-03-17,2026-03-17,131,0,Shop Supplies,1.31,0.07,1.38
3892960,RMA89388,RMA89388,,,2026-03-17,2026-03-17,8,0,Service Center Labor,378,18.9,396.9
3893132,Tagging,,,,2026-03-17,2026-03-17,0,0,Warehouse Labour,23.63,1.18,24.81
3893137,CC 03-17-2026,,,,2026-03-17,2026-03-17,2,0,Cycle Count,118.13,5.91,124.04
3893144,IF4041443276,32360316,717448,717448,2026-03-17,2026-03-17,1,0,Warehouse Labour,47.25,2.36,49.61
3893144,IF4041443276,32360316,717448,717448,2026-03-17,2026-03-17,100,0,Shop Supplies,1,0.05,1.05
3893147,IF4041443275,32360315,717447,717447,2026-03-17,2026-03-17,1,0,Warehouse Labour,47.25,2.36,49.61
3893147,IF4041443275,32360315,717447,717447,2026-03-17,2026-03-17,119,0,Shop Supplies,1.19,0.06,1.25
3893149,IF4041443274,32360314,717446,717446,2026-03-17,2026-03-17,1,0,Warehouse Labour,47.25,2.36,49.61
3893149,IF4041443274,32360314,717446,717446,2026-03-17,2026-03-17,77,0,Shop Supplies,0.77,0.04,0.81
3893150,IF4041443273,32360313,717445,717445,2026-03-17,2026-03-17,176,0,Shop Supplies,1.76,0.09,1.85
3893150,IF4041443273,32360313,717445,717445,2026-03-17,2026-03-17,1,0,Warehouse Labour,47.25,2.36,49.61
3893153,IF4041443272,32360312,717444,717444,2026-03-17,2026-03-17,1,0,Warehouse Labour,47.25,2.36,49.61
3893153,IF4041443272,32360312,717444,717444,2026-03-17,2026-03-17,100,0,Shop Supplies,1,0.05,1.05
3882793,IF4041441606,32297221,206855,206855,2026-03-03,2026-03-18,3,0,Warehouse Labour,129.94,6.5,136.44
3893796,IF4041444568,32400284,714268,714268,2026-03-18,2026-03-18,100,0,Shop Supplies,1,0.05,1.05
3893796,IF4041444568,32400284,714268,714268,2026-03-18,2026-03-18,1,0,Warehouse Labour,47.25,2.36,49.61
3893799,IF4041444566,32400283,714269,714269,2026-03-18,2026-03-18,1,0,Warehouse Labour,47.25,2.36,49.61
3893799,IF4041444566,32400283,714269,714269,2026-03-18,2026-03-18,100,0,Shop Supplies,1,0.05,1.05
3893821,IF4041444563,32400281,717450,717450,2026-03-18,2026-03-18,1,0,Warehouse Labour,47.25,2.36,49.61
3893821,IF4041444563,32400281,717450,717450,2026-03-18,2026-03-18,74,0,Shop Supplies,0.74,0.04,0.78
3887479,IF4041443276,32360316,717448,717448,2026-03-09,2026-03-18,1,0,Tagging,47.25,2.36,49.61
3887480,IF4041443275,32360315,717447,717447,2026-03-09,2026-03-18,1,0,Tagging,47.25,2.36,49.61
3887485,IF4041443272,32360312,717444,717444,2026-03-09,2026-03-18,1,0,Tagging,47.25,2.36,49.61
3887483,IF4041443273,32360313,717445,717445,2026-03-09,2026-03-18,2,0,Tagging,82.69,4.13,86.82
3893861,IF4041444569,32400285,714266,714266,2026-03-18,2026-03-18,125,0,Shop Supplies,1.25,0.06,1.31
3893861,IF4041444569,32400285,714266,714266,2026-03-18,2026-03-18,1,0,Warehouse Labour,47.25,2.36,49.61
3893863,IF4041444564,32400282,717455,717455,2026-03-18,2026-03-18,1,0,Warehouse Labour,47.25,2.36,49.61
3893863,IF4041444564,32400282,717455,717455,2026-03-18,2026-03-18,150,0,Shop Supplies,1.5,0.08,1.58
3893870,CC 03-18-2026,,,,2026-03-18,2026-03-18,2,0,Cycle Count,94.5,4.73,99.23
3893910,IF4041444571,32400286,714258,714258,2026-03-18,2026-03-18,125,0,Shop Supplies,1.25,0.06,1.31
3893910,IF4041444571,32400286,714258,714258,2026-03-18,2026-03-18,1,0,Warehouse Labour,47.25,2.36,49.61
3887482,IF4041443274,32360314,717446,717446,2026-03-09,2026-03-18,1,0,Tagging,35.44,1.77,37.21
3891950,IF4041444566,32400283,714269,714269,2026-03-16,2026-03-18,1,0,Tagging,47.25,2.36,49.61
3891957,IF4041444568,32400284,714268,714268,2026-03-16,2026-03-18,1,0,Tagging,47.25,2.36,49.61
3893626,RETAGGING,OVERSHIP GO BOLT,,,2026-03-18,2026-03-18,0,0,Service Center Labor,23.63,1.18,24.81
3893930,IF4041444562,32400280,717449,717449,2026-03-18,2026-03-18,1,0,Warehouse Labour,47.25,2.36,49.61
3893930,IF4041444562,32400280,717449,717449,2026-03-18,2026-03-18,174,0,Shop Supplies,1.74,0.09,1.83
3891947,IF4041444563,32400281,717450,717450,2026-03-16,2026-03-18,1,0,Tagging,37.8,1.89,39.69
3891949,IF4041444564,32400282,717455,717455,2026-03-16,2026-03-19,2,0,Tagging,70.88,3.54,74.42
3894186,IF4041444575,32400289,717456,717456,2026-03-19,2026-03-19,1,0,Warehouse Labour,47.25,2.36,49.61
3894186,IF4041444575,32400289,717456,717456,2026-03-19,2026-03-19,302,0,Shop Supplies,3.02,0.15,3.17
3894242,IF4041444574,32400288,714272,714272,2026-03-19,2026-03-19,200,0,Shop Supplies,2,0.1,2.1
3894242,IF4041444574,32400288,714272,714272,2026-03-19,2026-03-19,1,0,Warehouse Labour,47.25,2.36,49.61
3894302,IF4041444573,32400287,714264,714264,2026-03-19,2026-03-19,1,0,Warehouse Labour,47.25,2.36,49.61
3894302,IF4041444573,32400287,714264,714264,2026-03-19,2026-03-19,200,0,Shop Supplies,2,0.1,2.1
3894346,IF4041444576,32400290,717458,717458,2026-03-19,2026-03-19,312,0,Shop Supplies,3.12,0.16,3.28
3894346,IF4041444576,32400290,717458,717458,2026-03-19,2026-03-19,1,0,Warehouse Labour,47.25,2.36,49.61
3891986,IF4041444571,32400286,714258,714258,2026-03-16,2026-03-19,1,0,Tagging,59.06,2.95,62.01
3891990,IF4041444575,32400289,717456,717456,2026-03-16,2026-03-19,2,0,Tagging,94.5,4.73,99.23
3891945,IF4041444562,32400280,717449,717449,2026-03-16,2026-03-19,2,0,Tagging,94.5,4.73,99.23
3887488,IF4041443271,32360311,717443,717443,2026-03-09,2026-03-19,2,0,Tagging,70.88,3.54,74.42
3891985,IF4041444569,32400285,714266,714266,2026-03-16,2026-03-19,1,0,Tagging,47.25,2.36,49.61
3894504,CC 03-19-2026,,,,2026-03-19,2026-03-19,6,0,Cycle Count,259.88,12.99,272.87
3894980,IF4041441555,Consolidated Shipment,SLI-058739,SLI-058739,2026-03-20,2026-03-20,0,0,Vendor Compliance,7.56,0.38,7.94
3895010,IF4041443602,32372348,717457,717457,2026-03-20,2026-03-20,298,0,Shop Supplies,2.98,0.15,3.13
3895010,IF4041443602,32372348,717457,717457,2026-03-20,2026-03-20,1,0,Warehouse Labour,47.25,2.36,49.61
3895011,IF4041443600,32372346,714267,714267,2026-03-20,2026-03-20,1,0,Warehouse Labour,47.25,2.36,49.61
3895011,IF4041443600,32372346,714267,714267,2026-03-20,2026-03-20,125,0,Shop Supplies,1.25,0.06,1.31
3895016,IF4041443599,32372345,714259,714259,2026-03-20,2026-03-20,1,0,Warehouse Labour,47.25,2.36,49.61
3895016,IF4041443599,32372345,714259,714259,2026-03-20,2026-03-20,125,0,Shop Supplies,1.25,0.06,1.31
3895020,IF4041443598,32372344,714265,714265,2026-03-20,2026-03-20,1,0,Warehouse Labour,47.25,2.36,49.61
3895020,IF4041443598,32372344,714265,714265,2026-03-20,2026-03-20,200,0,Shop Supplies,2,0.1,2.1
3895023,IF4041443601,32372347,714273,714273,2026-03-20,2026-03-20,200,0,Shop Supplies,2,0.1,2.1
3895023,IF4041443601,32372347,714273,714273,2026-03-20,2026-03-20,1,0,Warehouse Labour,47.25,2.36,49.61
3891991,IF4041444576,32400290,717458,717458,2026-03-16,2026-03-20,2,0,Tagging,118.13,5.91,124.04
3891989,IF4041444574,32400288,714272,714272,2026-03-16,2026-03-20,2,0,Tagging,94.5,4.73,99.23
3891987,IF4041444573,32400287,714264,714264,2026-03-16,2026-03-20,2,0,Tagging,94.5,4.73,99.23
3895645,IF4041443603,32372349,717459,717459,2026-03-20,2026-03-20,1,0,Warehouse Labour,47.25,2.36,49.61
3895645,IF4041443603,32372349,717459,717459,2026-03-20,2026-03-20,288,0,Shop Supplies,2.88,0.14,3.02
3896258,IF4041443602,32372348,717457,717457,2026-03-20,2026-03-20,2,0,Tagging,118.13,5.91,124.04
3896288,IF4041445546,32426537,184279,184279,2026-03-20,2026-03-20,2,0,Warehouse Labour,94.5,4.73,99.23
3896288,IF4041445546,32426537,184279,184279,2026-03-20,2026-03-20,1406,0,Shop Supplies,14.06,0.7,14.76
3896300,IF4041443600,32372346,714267,714267,2026-03-20,2026-03-20,1,0,Tagging,47.25,2.36,49.61
3896404,Tagging,,,,2026-03-20,2026-03-20,6,0,Tagging,283.5,14.18,297.68
3897853,IF4041445546,32426537,184279,184279,2026-03-23,2026-03-23,6,0,Tagging,283.5,14.18,297.68
3897856,IF4041445430,32422883,184252,184252,2026-03-23,2026-03-23,178,0,Shop Supplies,1.78,0.09,1.87
3897856,IF4041445430,32422883,184252,184252,2026-03-23,2026-03-23,1,0,Warehouse Labour,47.25,2.36,49.61
3897857,IF4041445440,32422890,184275,184275,2026-03-23,2026-03-23,1,0,Warehouse Labour,47.25,2.36,49.61
3897857,IF4041445440,32422890,184275,184275,2026-03-23,2026-03-23,78,0,Shop Supplies,0.78,0.04,0.82
3897858,IF4041445441,32422891,184276,184276,2026-03-23,2026-03-23,78,0,Shop Supplies,0.78,0.04,0.82
3897858,IF4041445441,32422891,184276,184276,2026-03-23,2026-03-23,1,0,Warehouse Labour,47.25,2.36,49.61
3897859,IF4041445442,32423372,184277,184277,2026-03-23,2026-03-23,78,0,Shop Supplies,0.78,0.04,0.82
3897859,IF4041445442,32423372,184277,184277,2026-03-23,2026-03-23,1,0,Warehouse Labour,47.25,2.36,49.61
3897860,IF4041445542,32426536,184278,184278,2026-03-23,2026-03-23,78,0,Shop Supplies,0.78,0.04,0.82
3897860,IF4041445542,32426536,184278,184278,2026-03-23,2026-03-23,1,0,Warehouse Labour,47.25,2.36,49.61
3897861,IF4041445544,32426534,184262,184262,2026-03-23,2026-03-23,1,0,Warehouse Labour,47.25,2.36,49.61
3897861,IF4041445544,32426534,184262,184262,2026-03-23,2026-03-23,78,0,Shop Supplies,0.78,0.04,0.82
3897862,IF4041445418,32422873,184242,184242,2026-03-23,2026-03-23,253,0,Shop Supplies,2.53,0.13,2.66
3897862,IF4041445418,32422873,184242,184242,2026-03-23,2026-03-23,1,0,Warehouse Labour,47.25,2.36,49.61
3897863,IF4041445424,32422877,184243,184243,2026-03-23,2026-03-23,253,0,Shop Supplies,2.53,0.13,2.66
3897863,IF4041445424,32422877,184243,184243,2026-03-23,2026-03-23,1,0,Warehouse Labour,47.25,2.36,49.61
3897864,IF4041445427,32422880,184248,184248,2026-03-23,2026-03-23,178,0,Shop Supplies,1.78,0.09,1.87
3897864,IF4041445427,32422880,184248,184248,2026-03-23,2026-03-23,1,0,Warehouse Labour,47.25,2.36,49.61
3898147,IF4041445543,32426535,184257,184257,2026-03-24,2026-03-24,96,0,Shop Supplies,0.96,0.05,1.01
3898147,IF4041445543,32426535,184257,184257,2026-03-24,2026-03-24,1,0,Warehouse Labour,47.25,2.36,49.61
3898148,IF4041445439,32422889,184263,184263,2026-03-24,2026-03-24,78,0,Shop Supplies,0.78,0.04,0.82
3898148,IF4041445439,32422889,184263,184263,2026-03-24,2026-03-24,1,0,Warehouse Labour,47.25,2.36,49.61
3898149,IF4041445437,32422888,184261,184261,2026-03-24,2026-03-24,1,0,Warehouse Labour,47.25,2.36,49.61
3898149,IF4041445437,32422888,184261,184261,2026-03-24,2026-03-24,90,0,Shop Supplies,0.9,0.05,0.95
3898150,IF4041445436,32422887,184260,184260,2026-03-24,2026-03-24,90,0,Shop Supplies,0.9,0.05,0.95
3898150,IF4041445436,32422887,184260,184260,2026-03-24,2026-03-24,1,0,Warehouse Labour,47.25,2.36,49.61
3898151,IF4041445434,32422886,184259,184259,2026-03-24,2026-03-24,1,0,Warehouse Labour,47.25,2.36,49.61
3898151,IF4041445434,32422886,184259,184259,2026-03-24,2026-03-24,90,0,Shop Supplies,0.9,0.05,0.95
3898152,IF4041445433,32422885,184258,184258,2026-03-24,2026-03-24,95,0,Shop Supplies,0.95,0.05,1
3898152,IF4041445433,32422885,184258,184258,2026-03-24,2026-03-24,1,0,Warehouse Labour,47.25,2.36,49.61
3898153,IF4041445432,32422884,184256,184256,2026-03-24,2026-03-24,96,0,Shop Supplies,0.96,0.05,1.01
3898153,IF4041445432,32422884,184256,184256,2026-03-24,2026-03-24,1,0,Warehouse Labour,47.25,2.36,49.61
3898154,IF4041445429,32422882,184251,184251,2026-03-24,2026-03-24,178,0,Shop Supplies,1.78,0.09,1.87
3898154,IF4041445429,32422882,184251,184251,2026-03-24,2026-03-24,1,0,Warehouse Labour,47.25,2.36,49.61
3896323,IF4041443601,32372347,714273,714273,2026-03-20,2026-03-24,2,0,Tagging,94.5,4.73,99.23
3896325,IF4041443603,32372349,717459,717459,2026-03-20,2026-03-24,3,0,Tagging,129.94,6.5,136.44
3896322,IF4041443599,32372345,714259,714259,2026-03-20,2026-03-24,1,0,Tagging,47.25,2.36,49.61
3896319,IF4041443598,32372344,714265,714265,2026-03-20,2026-03-24,2,0,Tagging,94.5,4.73,99.23
3893878,IF4041445433,32422885,184258,184258,2026-03-18,2026-03-24,2,0,Tagging,118.13,5.91,124.04
3893897,IF4041445546,32426537,184279,184279,2026-03-18,2026-03-24,10,0,Tagging,472.5,23.63,496.13
3893872,IF4041445427,32422880,184248,184248,2026-03-18,2026-03-24,2,0,Tagging,102.53,5.13,107.66
3898591,CC 03-24-2026,,,,2026-03-24,2026-03-24,1,0,Cycle Count,47.25,2.36,49.61
3893879,IF4041445434,32422886,184259,184259,2026-03-18,2026-03-24,2,0,Tagging,94.5,4.73,99.23
3893891,IF4041445542,32426536,184278,184278,2026-03-18,2026-03-24,2,0,Tagging,94.5,4.73,99.23
3893889,IF4041445441,32422891,184276,184276,2026-03-18,2026-03-24,2,0,Tagging,94.5,4.73,99.23
3898623,SSCC LABELS,MEC,,,2026-03-24,2026-03-24,1,0,Data Entry Labour,47.25,2.36,49.61
3898625,PO04698,31269286,,,2026-03-24,2026-03-25,4,0,Repackaging,0.72,0.04,0.76
3893895,IF4041445544,32426534,184262,184262,2026-03-18,2026-03-25,2,0,Tagging,94.5,4.73,99.23
3893884,IF4041445439,32422889,184263,184263,2026-03-18,2026-03-25,2,0,Tagging,94.5,4.73,99.23
3893869,IF4041445418,32422873,184242,184242,2026-03-18,2026-03-25,4,0,Tagging,189,9.45,198.45
3893871,IF4041445424,32422877,184243,184243,2026-03-18,2026-03-25,4,0,Tagging,189,9.45,198.45
3893874,IF4041445429,32422882,184251,184251,2026-03-18,2026-03-25,3,0,Tagging,141.75,7.09,148.84
3899086,Maste Carton Error,,,,2026-03-25,2026-03-25,0,0,Warehouse Labour,23.63,1.18,24.81
3899094,Master Carton Error,,,,2026-03-25,2026-03-25,0,0,Warehouse Labour,23.63,1.18,24.81
3899201,CC 03-25-2026,,,,2026-03-25,2026-03-25,6,0,Cycle Count,271.69,13.58,285.27
3899251,IF4041445405,32422449,184028,184028,2026-03-25,2026-03-25,219,0,Shop Supplies,2.19,0.11,2.3
3899251,IF4041445405,32422449,184028,184028,2026-03-25,2026-03-25,6,0,Warehouse Labour,283.5,14.18,297.68
3898945,4701,,,,2026-03-25,2026-03-26,4,0,Repackaging,0.72,0.04,0.76
3893876,IF4041445432,32422884,184256,184256,2026-03-18,2026-03-26,2,0,Tagging,70.88,3.54,74.42
3893881,IF4041445436,32422887,184260,184260,2026-03-18,2026-03-26,2,0,Tagging,70.88,3.54,74.42
3893894,IF4041445543,32426535,184257,184257,2026-03-18,2026-03-26,2,0,Tagging,70.88,3.54,74.42
3893882,IF4041445437,32422888,184261,184261,2026-03-18,2026-03-26,2,0,Tagging,70.88,3.54,74.42
3893875,IF4041445430,32422883,184252,184252,2026-03-18,2026-03-26,3,0,Tagging,141.75,7.09,148.84
3893887,IF4041445440,32422890,184275,184275,2026-03-18,2026-03-26,1,0,Tagging,59.06,2.95,62.01
3893890,IF4041445442,32423372,184277,184277,2026-03-18,2026-03-26,1,0,Tagging,59.06,2.95,62.01
3893915,IF4041445425,32422878,184044,184044,2026-03-18,2026-03-26,2,0,Tagging,70.88,3.54,74.42
3899582,IF4041445425,32422878,184044,184044,2026-03-26,2026-03-26,1,0,Warehouse Labour,47.25,2.36,49.61
3899582,IF4041445425,32422878,184044,184044,2026-03-26,2026-03-26,67,0,Shop Supplies,0.67,0.03,0.7
3897832,IF4041446674,32472205,206856,206856,2026-03-23,2026-03-26,8,0,Warehouse Labour,386.03,19.3,405.33
3893920,IF4041445541,32426533,184047,184047,2026-03-18,2026-03-26,1,0,Tagging,59.06,2.95,62.01
3899602,IF4041445541,32426533,184047,184047,2026-03-26,2026-03-26,1,0,Warehouse Labour,47.25,2.36,49.61
3899602,IF4041445541,32426533,184047,184047,2026-03-26,2026-03-26,67,0,Shop Supplies,0.67,0.03,0.7
3893913,IF4041445423,32422876,184043,184043,2026-03-18,2026-03-26,2,0,Tagging,70.88,3.54,74.42
3899615,IF4041445423,32422876,184043,184043,2026-03-26,2026-03-26,67,0,Shop Supplies,0.67,0.03,0.7
3899615,IF4041445423,32422876,184043,184043,2026-03-26,2026-03-26,1,0,Warehouse Labour,47.25,2.36,49.61
3899664,IF4041445420,32422875,184042,184042,2026-03-26,2026-03-26,1,0,Warehouse Labour,47.25,2.36,49.61
3899664,IF4041445420,32422875,184042,184042,2026-03-26,2026-03-26,67,0,Shop Supplies,0.67,0.03,0.7
3893912,IF4041445420,32422875,184042,184042,2026-03-18,2026-03-26,2,0,Tagging,70.88,3.54,74.42
3893899,IF4041445404,32422448,184027,184027,2026-03-18,2026-03-26,4,0,Tagging,189,9.45,198.45
3899748,IF4041445404,32422448,184027,184027,2026-03-26,2026-03-26,301,0,Shop Supplies,3.01,0.15,3.16
3899811,CC 03-26-2026,,,,2026-03-26,2026-03-26,2,0,Cycle Count,70.88,3.54,74.42
3899813,IF4041445428,32422881,184048,184048,2026-03-26,2026-03-26,990,0,Shop Supplies,9.9,0.5,10.4
3899813,IF4041445428,32422881,184048,184048,2026-03-26,2026-03-26,3,0,Warehouse Labour,141.75,7.09,148.84
3899814,IF4041445406,32422450,184030,184030,2026-03-26,2026-03-26,2,0,Warehouse Labour,94.5,4.73,99.23
3899814,IF4041445406,32422450,184030,184030,2026-03-26,2026-03-26,219,0,Shop Supplies,2.19,0.11,2.3
3899816,IF4041445407,32422451,184031,184031,2026-03-26,2026-03-26,219,0,Shop Supplies,2.19,0.11,2.3
3899816,IF4041445407,32422451,184031,184031,2026-03-26,2026-03-26,2,0,Warehouse Labour,94.5,4.73,99.23
3899817,IF4041445410,32422452,184032,184032,2026-03-26,2026-03-26,133,0,Shop Supplies,1.33,0.07,1.4
3899817,IF4041445410,32422452,184032,184032,2026-03-26,2026-03-26,1,0,Warehouse Labour,47.25,2.36,49.61
3899819,IF4041445403,32422447,184024,184024,2026-03-26,2026-03-26,303,0,Warehouse Labour,97.51,4.88,102.39
3899820,IF4041445411,32422453,184033,184033,2026-03-26,2026-03-26,1,0,Warehouse Labour,47.25,2.36,49.61
3899820,IF4041445411,32422453,184033,184033,2026-03-26,2026-03-26,133,0,Shop Supplies,1.33,0.07,1.4
3899821,IF4041445412,32422454,184034,184034,2026-03-26,2026-03-26,133,0,Shop Supplies,1.33,0.07,1.4
3899821,IF4041445412,32422454,184034,184034,2026-03-26,2026-03-26,1,0,Warehouse Labour,47.25,2.36,49.61
3899822,IF4041445413,32422455,184036,184036,2026-03-26,2026-03-26,1,0,Warehouse Labour,47.25,2.36,49.61
3899822,IF4041445413,32422455,184036,184036,2026-03-26,2026-03-26,129,0,Shop Supplies,1.29,0.06,1.35
3899823,IF4041445415,32422871,184037,184037,2026-03-26,2026-03-26,129,0,Shop Supplies,1.29,0.06,1.35
3899823,IF4041445415,32422871,184037,184037,2026-03-26,2026-03-26,1,0,Warehouse Labour,47.25,2.36,49.61
3899824,IF4041445419,32422874,184041,184041,2026-03-26,2026-03-26,1,0,Warehouse Labour,47.25,2.36,49.61
3899824,IF4041445419,32422874,184041,184041,2026-03-26,2026-03-26,67,0,Shop Supplies,0.67,0.03,0.7
3899825,IF4041445426,32422879,184045,184045,2026-03-26,2026-03-26,67,0,Shop Supplies,0.67,0.03,0.7
3899825,IF4041445426,32422879,184045,184045,2026-03-26,2026-03-26,1,0,Warehouse Labour,47.25,2.36,49.61
3893900,IF4041445405,32422449,184028,184028,2026-03-18,2026-03-26,4,0,Tagging,189,9.45,198.45
3893916,IF4041445426,32422879,184045,184045,2026-03-18,2026-03-26,2,0,Tagging,70.88,3.54,74.42
3893898,IF4041445403,32422447,184024,184024,2026-03-18,2026-03-26,4,0,Tagging,189,9.45,198.45
3900048,Applying SSCC Labels,MEC,,,2026-03-27,2026-03-27,1,0,Vendor Compliance,47.25,2.36,49.61
3900071,Creating SSCC labels,MEC,,,2026-03-27,2026-03-27,2,0,Data Entry Labour,82.69,4.13,86.82
3893902,IF4041445407,32422451,184031,184031,2026-03-18,2026-03-27,4,0,Tagging,189,9.45,198.45
3900084,IF4041445416,32422872,184038,184038,2026-03-27,2026-03-27,129,0,Shop Supplies,1.29,0.06,1.35
3900084,IF4041445416,32422872,184038,184038,2026-03-27,2026-03-27,1,0,Warehouse Labour,47.25,2.36,49.61
3893909,IF4041445416,32422872,184038,184038,2026-03-18,2026-03-27,2,0,Tagging,70.88,3.54,74.42
3893911,IF4041445419,32422874,184041,184041,2026-03-18,2026-03-27,2,0,Tagging,70.88,3.54,74.42
3893901,IF4041445406,32422450,184030,184030,2026-03-18,2026-03-27,4,0,Tagging,189,9.45,198.45
3893907,IF4041445413,32422455,184036,184036,2026-03-18,2026-03-27,2,0,Tagging,106.31,5.32,111.63
3893908,IF4041445415,32422871,184037,184037,2026-03-18,2026-03-27,2,0,Tagging,106.31,5.32,111.63
3893904,IF4041445411,32422453,184033,184033,2026-03-18,2026-03-27,2,0,Tagging,106.31,5.32,111.63
3893906,IF4041445412,32422454,184034,184034,2026-03-18,2026-03-27,2,0,Tagging,106.31,5.32,111.63
3893903,IF4041445410,32422452,184032,184032,2026-03-18,2026-03-27,2,0,Tagging,106.31,5.32,111.63
3900928,CANCELLED ORDERS,Mar-26,,,2026-03-30,2026-03-30,8,0,Order Cancel/Mod.,16,0.8,16.8
3901011,PALLET STORAGE,Apr-26,,,2026-03-30,2026-03-30,2,0,Storage,70,3.5,73.5
3893918,IF4041445428,32422881,184048,184048,2026-03-18,2026-03-30,11,0,Tagging,519.75,25.99,545.74
3901189,Master Carton Error,,,,2026-03-30,2026-03-30,0,0,Warehouse Labour,23.63,1.18,24.81
3901294,CC 03-30-2026,,,,2026-03-30,2026-03-30,1,0,Cycle Count,35.44,1.77,37.21
3901295,IF4041444577,32400291,299640,299640,2026-03-30,2026-03-30,22,0,Tagging,1039.5,51.98,1091.48
3901720,IF4041446686,32472218,2P000026165,2P000026165,2026-03-31,2026-03-31,867,0,Shop Supplies,8.67,0.43,9.1
3901720,IF4041446686,32472218,2P000026165,2P000026165,2026-03-31,2026-03-31,1,0,Warehouse Labour,47.25,2.36,49.61
3897833,IF4041446686,32472218,2P000026165,2P000026165,2026-03-23,2026-03-31,4,0,Tagging,165.38,8.27,173.65
3897834,IF4041446687,32472219,2P000026165,2P000026165,2026-03-23,2026-03-31,3,0,Tagging,141.75,7.09,148.84
3901915,IF4041444577,32400291,299640,299640,2026-03-31,2026-03-31,10,0,Tagging,472.5,23.63,496.13
"Thursday, April 2, 2026",,,,,,,,,,,,
