OrderID,Client Ref 1,Client Ref 2,Customer,PO Number,Doc. Date,Completed,Units,Value,Service,Charges,Taxes,Inv. Amt
16490517,IF4041450001,32594204,T4V1P9THE - THE TRENDY WALRUS,Sasquatch fill in,2026-04-08,2026-04-10,15,337.5,Order NonMasterPack,7.5,0.38,7.88
16490517,IF4041450001,32594204,T4V1P9THE - THE TRENDY WALRUS,Sasquatch fill in,2026-04-08,2026-04-10,1,337.5,Order Processing,2,0.1,2.1
16496421,IF4041450235,32606272,V5A1V7SAV - Save On Stitch,SRL-ADD,2026-04-10,2026-04-14,1,49,Order NonMasterPack,0.5,0.03,0.53
16496421,IF4041450235,32606272,V5A1V7SAV - Save On Stitch,SRL-ADD,2026-04-10,2026-04-14,1,49,Order Processing,2,0.1,2.1
16496425,IF4041450251,32606586,B3B1Z2URB - Urbanbutter Creative Group inc,rain jackets_4,2026-04-10,2026-04-10,4,436,Order NonMasterPack,2,0.1,2.1
16496425,IF4041450251,32606586,B3B1Z2URB - Urbanbutter Creative Group inc,rain jackets_4,2026-04-10,2026-04-10,1,436,Order Processing,2,0.1,2.1
16392735,IF4041444074,32384777,R0C1B0HP - HP TERGESENS,10TREE,2026-03-12,2026-04-01,1,2791,Order Processing,2,0.1,2.1
16392735,IF4041444074,32384777,R0C1B0HP - HP TERGESENS,10TREE,2026-03-12,2026-04-01,84,2791,Order NonMasterPack,42,2.1,44.1
16397041,IF4041444489,32399552,V0G1S0VAL - Valhalla Pure Outfitters-04,ACC-April-TEN-SS26,2026-03-13,2026-04-06,22,574,Order NonMasterPack,11,0.55,11.55
16397041,IF4041444489,32399552,V0G1S0VAL - Valhalla Pure Outfitters-04,ACC-April-TEN-SS26,2026-03-13,2026-04-06,1,574,Order Processing,2,0.1,2.1
16397045,IF4041444495,32399557,K8P5A5TRA - TRAILHEAD BELLEVILLE,Bell - SS26April,2026-03-13,2026-04-09,71,1911.5,Order NonMasterPack,35.5,1.78,37.28
16397045,IF4041444495,32399557,K8P5A5TRA - TRAILHEAD BELLEVILLE,Bell - SS26April,2026-03-13,2026-04-09,1,1911.5,Order Processing,2,0.1,2.1
16397046,IF4041444496,32399558,K7L1B5TRA - TRAILHEAD KINGSTON,King - SS26April,2026-03-13,2026-04-09,108,3225.5,Order NonMasterPack,54,2.7,56.7
16397046,IF4041444496,32399558,K7L1B5TRA - TRAILHEAD KINGSTON,King - SS26April,2026-03-13,2026-04-09,1,3225.5,Order Processing,2,0.1,2.1
16397047,IF4041444497,32399559,T7P2J8A&M - A&M CLOTHING AND SHOES,Women's Summer 26,2026-03-13,2026-04-06,1,1233,Order Processing,2,0.1,2.1
16397047,IF4041444497,32399559,T7P2J8A&M - A&M CLOTHING AND SHOES,Women's Summer 26,2026-03-13,2026-04-06,36,1233,Order NonMasterPack,18,0.9,18.9
16397048,IF4041444498,32399560,V0A1K0THE - THE INSIDE EDGE SPORTS STORE LTD,20260406,2026-03-13,2026-04-06,63,2096.5,Order NonMasterPack,31.5,1.58,33.08
16397048,IF4041444498,32399560,V0A1K0THE - THE INSIDE EDGE SPORTS STORE LTD,20260406,2026-03-13,2026-04-06,1,2096.5,Order Processing,2,0.1,2.1
16397049,IF4041444501,32399562,T7P2J8A&M - A&M CLOTHING AND SHOES,Men's Summer 26,2026-03-13,2026-04-06,1,1174.5,Order Processing,2,0.1,2.1
16397049,IF4041444501,32399562,T7P2J8A&M - A&M CLOTHING AND SHOES,Men's Summer 26,2026-03-13,2026-04-06,37,1174.5,Order NonMasterPack,18.5,0.93,19.43
16397050,IF4041444502,32399563,S4N0P9FRE - FRESH AIR EXPERIENCE,S26RegTentree,2026-03-13,2026-04-07,55,1495.5,Order NonMasterPack,27.5,1.38,28.88
16397050,IF4041444502,32399563,S4N0P9FRE - FRESH AIR EXPERIENCE,S26RegTentree,2026-03-13,2026-04-07,1,1495.5,Order Processing,2,0.1,2.1
16397051,IF4041444507,32399566,V0G1R0TOU - TOUCH OF FASHION,spring 26 #2,2026-03-13,2026-04-06,97,2637.5,Order NonMasterPack,48.5,2.43,50.93
16397051,IF4041444507,32399566,V0G1R0TOU - TOUCH OF FASHION,spring 26 #2,2026-03-13,2026-04-06,1,2637.5,Order Processing,2,0.1,2.1
16408700,IF4041445403,32422447,V8L3S8BC - BC Ferries Retail Department,184024,2026-03-17,2026-04-02,301,12074,Order NonMasterPack,150.5,7.53,158.03
16408700,IF4041445403,32422447,V8L3S8BC - BC Ferries Retail Department,184024,2026-03-17,2026-04-02,1,12074,Order Processing,2,0.1,2.1
16408701,IF4041445404,32422448,V8L3S8BC - BC Ferries Retail Department,184027,2026-03-17,2026-04-02,301,12074,Order NonMasterPack,150.5,7.53,158.03
16408701,IF4041445404,32422448,V8L3S8BC - BC Ferries Retail Department,184027,2026-03-17,2026-04-02,1,12074,Order Processing,2,0.1,2.1
16408702,IF4041445405,32422449,V8L3S8BC - BC Ferries Retail Department,184028,2026-03-17,2026-04-02,219,8632,Order NonMasterPack,109.5,5.48,114.98
16408702,IF4041445405,32422449,V8L3S8BC - BC Ferries Retail Department,184028,2026-03-17,2026-04-02,1,8632,Order Processing,2,0.1,2.1
16408703,IF4041445406,32422450,V8L3S8BC - BC Ferries Retail Department,184030,2026-03-17,2026-04-02,219,8632,Order NonMasterPack,109.5,5.48,114.98
16408703,IF4041445406,32422450,V8L3S8BC - BC Ferries Retail Department,184030,2026-03-17,2026-04-02,1,8632,Order Processing,2,0.1,2.1
16408704,IF4041445407,32422451,V8L3S8BC - BC Ferries Retail Department,184031,2026-03-17,2026-04-02,1,8632,Order Processing,2,0.1,2.1
16408704,IF4041445407,32422451,V8L3S8BC - BC Ferries Retail Department,184031,2026-03-17,2026-04-02,219,8632,Order NonMasterPack,109.5,5.48,114.98
16408705,IF4041445410,32422452,V8L3S8BC - BC Ferries Retail Department,184032,2026-03-17,2026-04-02,133,5386,Order NonMasterPack,66.5,3.33,69.83
16408705,IF4041445410,32422452,V8L3S8BC - BC Ferries Retail Department,184032,2026-03-17,2026-04-02,1,5386,Order Processing,2,0.1,2.1
16408706,IF4041445411,32422453,V8L3S8BC - BC Ferries Retail Department,184033,2026-03-17,2026-04-02,133,5386,Order NonMasterPack,66.5,3.33,69.83
16408706,IF4041445411,32422453,V8L3S8BC - BC Ferries Retail Department,184033,2026-03-17,2026-04-02,1,5386,Order Processing,2,0.1,2.1
16408707,IF4041445412,32422454,V8L3S8BC - BC Ferries Retail Department,184034,2026-03-17,2026-04-02,133,5386,Order NonMasterPack,66.5,3.33,69.83
16408707,IF4041445412,32422454,V8L3S8BC - BC Ferries Retail Department,184034,2026-03-17,2026-04-02,1,5386,Order Processing,2,0.1,2.1
16408708,IF4041445413,32422455,V8L3S8BC - BC Ferries Retail Department,184036,2026-03-17,2026-04-02,129,5301,Order NonMasterPack,64.5,3.23,67.73
16408708,IF4041445413,32422455,V8L3S8BC - BC Ferries Retail Department,184036,2026-03-17,2026-04-02,1,5301,Order Processing,2,0.1,2.1
16408709,IF4041445415,32422871,V8L3S8BC - BC Ferries Retail Department,184037,2026-03-17,2026-04-02,129,5301,Order NonMasterPack,64.5,3.23,67.73
16408709,IF4041445415,32422871,V8L3S8BC - BC Ferries Retail Department,184037,2026-03-17,2026-04-02,1,5301,Order Processing,2,0.1,2.1
16408710,IF4041445416,32422872,V8L3S8BC - BC Ferries Retail Department,184038,2026-03-17,2026-04-02,128,5252,Order NonMasterPack,64,3.2,67.2
16408710,IF4041445416,32422872,V8L3S8BC - BC Ferries Retail Department,184038,2026-03-17,2026-04-02,1,5252,Order Processing,2,0.1,2.1
16408711,IF4041445418,32422873,V8L3S8BC - BC Ferries Retail Department,184242,2026-03-17,2026-04-02,253,9082.5,Order NonMasterPack,126.5,6.33,132.83
16408711,IF4041445418,32422873,V8L3S8BC - BC Ferries Retail Department,184242,2026-03-17,2026-04-02,1,9082.5,Order Processing,2,0.1,2.1
16408712,IF4041445419,32422874,V8L3S8BC - BC Ferries Retail Department,184041,2026-03-17,2026-04-02,67,2447.5,Order NonMasterPack,33.5,1.68,35.18
16408712,IF4041445419,32422874,V8L3S8BC - BC Ferries Retail Department,184041,2026-03-17,2026-04-02,1,2447.5,Order Processing,2,0.1,2.1
16408713,IF4041445420,32422875,V8L3S8BC - BC Ferries Retail Department,184042,2026-03-17,2026-04-02,67,2447.5,Order NonMasterPack,33.5,1.68,35.18
16408713,IF4041445420,32422875,V8L3S8BC - BC Ferries Retail Department,184042,2026-03-17,2026-04-02,1,2447.5,Order Processing,2,0.1,2.1
16408714,IF4041445423,32422876,V8L3S8BC - BC Ferries Retail Department,184043,2026-03-17,2026-04-02,1,2447.5,Order Processing,2,0.1,2.1
16408714,IF4041445423,32422876,V8L3S8BC - BC Ferries Retail Department,184043,2026-03-17,2026-04-02,67,2447.5,Order NonMasterPack,33.5,1.68,35.18
16408715,IF4041445424,32422877,V8L3S8BC - BC Ferries Retail Department,184243,2026-03-17,2026-04-02,253,9082.5,Order NonMasterPack,126.5,6.33,132.83
16408715,IF4041445424,32422877,V8L3S8BC - BC Ferries Retail Department,184243,2026-03-17,2026-04-02,1,9082.5,Order Processing,2,0.1,2.1
16408716,IF4041445425,32422878,V8L3S8BC - BC Ferries Retail Department,184044,2026-03-17,2026-04-02,67,2447.5,Order NonMasterPack,33.5,1.68,35.18
16408716,IF4041445425,32422878,V8L3S8BC - BC Ferries Retail Department,184044,2026-03-17,2026-04-02,1,2447.5,Order Processing,2,0.1,2.1
16408717,IF4041445426,32422879,V8L3S8BC - BC Ferries Retail Department,184045,2026-03-17,2026-04-02,1,2447.5,Order Processing,2,0.1,2.1
16408717,IF4041445426,32422879,V8L3S8BC - BC Ferries Retail Department,184045,2026-03-17,2026-04-02,67,2447.5,Order NonMasterPack,33.5,1.68,35.18
16408718,IF4041445427,32422880,V8L3S8BC - BC Ferries Retail Department,184248,2026-03-17,2026-04-02,178,6671,Order NonMasterPack,89,4.45,93.45
16408718,IF4041445427,32422880,V8L3S8BC - BC Ferries Retail Department,184248,2026-03-17,2026-04-02,1,6671,Order Processing,2,0.1,2.1
16408719,IF4041445428,32422881,V8L3S8BC - BC Ferries Retail Department,184048,2026-03-17,2026-04-02,930,31687,Order NonMasterPack,465,23.25,488.25
16408719,IF4041445428,32422881,V8L3S8BC - BC Ferries Retail Department,184048,2026-03-17,2026-04-02,2,31687,Order Master Pack Carton,4,0.2,4.2
16408719,IF4041445428,32422881,V8L3S8BC - BC Ferries Retail Department,184048,2026-03-17,2026-04-02,1,31687,Order Processing,2,0.1,2.1
16408720,IF4041445429,32422882,V8L3S8BC - BC Ferries Retail Department,184251,2026-03-17,2026-04-02,1,6671,Order Processing,2,0.1,2.1
16408720,IF4041445429,32422882,V8L3S8BC - BC Ferries Retail Department,184251,2026-03-17,2026-04-02,178,6671,Order NonMasterPack,89,4.45,93.45
16408721,IF4041445430,32422883,V8L3S8BC - BC Ferries Retail Department,184252,2026-03-17,2026-04-02,178,6671,Order NonMasterPack,89,4.45,93.45
16408721,IF4041445430,32422883,V8L3S8BC - BC Ferries Retail Department,184252,2026-03-17,2026-04-02,1,6671,Order Processing,2,0.1,2.1
16408722,IF4041445432,32422884,V8L3S8BC - BC Ferries Retail Department,184256,2026-03-17,2026-04-02,1,3152,Order Processing,2,0.1,2.1
16408722,IF4041445432,32422884,V8L3S8BC - BC Ferries Retail Department,184256,2026-03-17,2026-04-02,96,3152,Order NonMasterPack,48,2.4,50.4
16408723,IF4041445433,32422885,V8L3S8BC - BC Ferries Retail Department,184258,2026-03-17,2026-04-02,96,3152,Order NonMasterPack,48,2.4,50.4
16408723,IF4041445433,32422885,V8L3S8BC - BC Ferries Retail Department,184258,2026-03-17,2026-04-02,1,3152,Order Processing,2,0.1,2.1
16408724,IF4041445434,32422886,V8L3S8BC - BC Ferries Retail Department,184259,2026-03-17,2026-04-02,90,3022,Order NonMasterPack,45,2.25,47.25
16408724,IF4041445434,32422886,V8L3S8BC - BC Ferries Retail Department,184259,2026-03-17,2026-04-02,1,3022,Order Processing,2,0.1,2.1
16408725,IF4041445436,32422887,V8L3S8BC - BC Ferries Retail Department,184260,2026-03-17,2026-04-02,1,3022,Order Processing,2,0.1,2.1
16408725,IF4041445436,32422887,V8L3S8BC - BC Ferries Retail Department,184260,2026-03-17,2026-04-02,90,3022,Order NonMasterPack,45,2.25,47.25
16408726,IF4041445437,32422888,V8L3S8BC - BC Ferries Retail Department,184261,2026-03-17,2026-04-02,90,3022,Order NonMasterPack,45,2.25,47.25
16408726,IF4041445437,32422888,V8L3S8BC - BC Ferries Retail Department,184261,2026-03-17,2026-04-02,1,3022,Order Processing,2,0.1,2.1
16408727,IF4041445439,32422889,V8L3S8BC - BC Ferries Retail Department,184263,2026-03-17,2026-04-02,78,2529,Order NonMasterPack,39,1.95,40.95
16408727,IF4041445439,32422889,V8L3S8BC - BC Ferries Retail Department,184263,2026-03-17,2026-04-02,1,2529,Order Processing,2,0.1,2.1
16408728,IF4041445440,32422890,V8L3S8BC - BC Ferries Retail Department,184275,2026-03-17,2026-04-02,78,2494,Order NonMasterPack,39,1.95,40.95
16408728,IF4041445440,32422890,V8L3S8BC - BC Ferries Retail Department,184275,2026-03-17,2026-04-02,1,2494,Order Processing,2,0.1,2.1
16408729,IF4041445441,32422891,V8L3S8BC - BC Ferries Retail Department,184276,2026-03-17,2026-04-02,1,2494,Order Processing,2,0.1,2.1
16408729,IF4041445441,32422891,V8L3S8BC - BC Ferries Retail Department,184276,2026-03-17,2026-04-02,78,2494,Order NonMasterPack,39,1.95,40.95
16408730,IF4041445442,32423372,V8L3S8BC - BC Ferries Retail Department,184277,2026-03-17,2026-04-02,78,2494,Order NonMasterPack,39,1.95,40.95
16408730,IF4041445442,32423372,V8L3S8BC - BC Ferries Retail Department,184277,2026-03-17,2026-04-02,1,2494,Order Processing,2,0.1,2.1
16409160,IF4041445541,32426533,V8L3S8BC - BC Ferries Retail Department,184047,2026-03-17,2026-04-02,1,2447.5,Order Processing,2,0.1,2.1
16409160,IF4041445541,32426533,V8L3S8BC - BC Ferries Retail Department,184047,2026-03-17,2026-04-02,67,2447.5,Order NonMasterPack,33.5,1.68,35.18
16409161,IF4041445542,32426536,V8L3S8BC - BC Ferries Retail Department,184278,2026-03-17,2026-04-02,78,2494,Order NonMasterPack,39,1.95,40.95
16409161,IF4041445542,32426536,V8L3S8BC - BC Ferries Retail Department,184278,2026-03-17,2026-04-02,1,2494,Order Processing,2,0.1,2.1
16409162,IF4041445543,32426535,V8L3S8BC - BC Ferries Retail Department,184257,2026-03-17,2026-04-02,96,3152,Order NonMasterPack,48,2.4,50.4
16409162,IF4041445543,32426535,V8L3S8BC - BC Ferries Retail Department,184257,2026-03-17,2026-04-02,1,3152,Order Processing,2,0.1,2.1
16409163,IF4041445544,32426534,V8L3S8BC - BC Ferries Retail Department,184262,2026-03-17,2026-04-02,78,2529,Order NonMasterPack,39,1.95,40.95
16409163,IF4041445544,32426534,V8L3S8BC - BC Ferries Retail Department,184262,2026-03-17,2026-04-02,1,2529,Order Processing,2,0.1,2.1
16409165,IF4041445546,32426537,V8L3S8BC - BC Ferries Retail Department,184279,2026-03-17,2026-04-02,1332,42888,Order NonMasterPack,666,33.3,699.3
16409165,IF4041445546,32426537,V8L3S8BC - BC Ferries Retail Department,184279,2026-03-17,2026-04-02,1,42888,Order Processing,2,0.1,2.1
16409165,IF4041445546,32426537,V8L3S8BC - BC Ferries Retail Department,184279,2026-03-17,2026-04-02,4,42888,Order Master Pack Carton,8,0.4,8.4
16431488,IF4041446683,32472213,A0P1E0BLI - BLIZZARD CORP. LTD.,TTS26D2,2026-03-23,2026-04-02,67,2566,Order NonMasterPack,33.5,1.68,35.18
16431488,IF4041446683,32472213,A0P1E0BLI - BLIZZARD CORP. LTD.,TTS26D2,2026-03-23,2026-04-02,1,2566,Order Processing,2,0.1,2.1
16431490,IF4041446687,32472219,"L5T1A7LID - LIDS CANADA, INC.",2P000026165,2026-03-23,2026-04-06,3,8167.5,Order Master Pack Carton,6,0.3,6.3
16431490,IF4041446687,32472219,"L5T1A7LID - LIDS CANADA, INC.",2P000026165,2026-03-23,2026-04-06,145,8167.5,Order NonMasterPack,72.5,3.63,76.13
16431490,IF4041446687,32472219,"L5T1A7LID - LIDS CANADA, INC.",2P000026165,2026-03-23,2026-04-06,1,8167.5,Order Processing,2,0.1,2.1
16443637,IF4041447054,32485950,V3Z1G6ART - ART KNAPP SURREY,apr,2026-03-25,2026-04-13,70,3681,Order NonMasterPack,35,1.75,36.75
16443637,IF4041447054,32485950,V3Z1G6ART - ART KNAPP SURREY,apr,2026-03-25,2026-04-13,1,3681,Order Processing,2,0.1,2.1
16443638,IF4041447055,32485949,T1W2B6VAL - VALHALLA PURE OUTFITTERS - CANMORE,14-TTImensApr15/26,2026-03-25,2026-04-15,156,5219.5,Order NonMasterPack,78,3.9,81.9
16443638,IF4041447055,32485949,T1W2B6VAL - VALHALLA PURE OUTFITTERS - CANMORE,14-TTImensApr15/26,2026-03-25,2026-04-15,1,5219.5,Order Processing,2,0.1,2.1
16443639,IF4041447057,32485954,K0J1B0MAD - MADAWASKA OUTDOORS,su26,2026-03-25,2026-04-15,23,864.5,Order NonMasterPack,11.5,0.58,12.08
16443639,IF4041447057,32485954,K0J1B0MAD - MADAWASKA OUTDOORS,su26,2026-03-25,2026-04-15,1,864.5,Order Processing,2,0.1,2.1
16443640,IF4041447058,32485952,T1W2B6VAL - VALHALLA PURE OUTFITTERS - CANMORE,14-TTIapr15Wmns&Accessories,2026-03-25,2026-04-15,164,5661,Order NonMasterPack,82,4.1,86.1
16443640,IF4041447058,32485952,T1W2B6VAL - VALHALLA PURE OUTFITTERS - CANMORE,14-TTIapr15Wmns&Accessories,2026-03-25,2026-04-15,1,5661,Order Processing,2,0.1,2.1
16443641,IF4041447060,32485955,P1B7K9510 - 510494 Ontario Inc. dba Lefebvre's Sourc,4989,2026-03-25,2026-04-15,66,2187,Order NonMasterPack,33,1.65,34.65
16443641,IF4041447060,32485955,P1B7K9510 - 510494 Ontario Inc. dba Lefebvre's Sourc,4989,2026-03-25,2026-04-15,1,2187,Order Processing,2,0.1,2.1
16443642,IF4041447062,32485958,V0R1X0NOR - NORTH ROAD SPORTS,TentreeS26-2,2026-03-25,2026-04-06,65,2228,Order NonMasterPack,32.5,1.63,34.13
16443642,IF4041447062,32485958,V0R1X0NOR - NORTH ROAD SPORTS,TentreeS26-2,2026-03-25,2026-04-06,1,2228,Order Processing,2,0.1,2.1
16443643,IF4041447064,32485959,V9L1V8WAL - WALL STREET CLOTHING,Mens Apr 15 Spr26,2026-03-25,2026-04-15,42,1423,Order NonMasterPack,21,1.05,22.05
16443643,IF4041447064,32485959,V9L1V8WAL - WALL STREET CLOTHING,Mens Apr 15 Spr26,2026-03-25,2026-04-15,1,1423,Order Processing,2,0.1,2.1
16443644,IF4041447066,32485960,V9L1V8WAL - WALL STREET CLOTHING,Wmns Apr15 Spr26,2026-03-25,2026-04-15,64,2341.5,Order NonMasterPack,32,1.6,33.6
16443644,IF4041447066,32485960,V9L1V8WAL - WALL STREET CLOTHING,Wmns Apr15 Spr26,2026-03-25,2026-04-15,1,2341.5,Order Processing,2,0.1,2.1
16443645,IF4041447071,32485964,L1A1N2G F - G FACEY CLOTHING,SS26 tentree Feb ship order 3of3,2026-03-25,2026-04-15,1,5653.5,Order Processing,2,0.1,2.1
16443645,IF4041447071,32485964,L1A1N2G F - G FACEY CLOTHING,SS26 tentree Feb ship order 3of3,2026-03-25,2026-04-15,146,5653.5,Order NonMasterPack,73,3.65,76.65
16443646,IF4041447072,32485968,K2P1L9BOO - BOOGIE + BIRDIE,SS26,2026-03-25,2026-04-15,1,759,Order Processing,2,0.1,2.1
16443646,IF4041447072,32485968,K2P1L9BOO - BOOGIE + BIRDIE,SS26,2026-03-25,2026-04-15,28,759,Order NonMasterPack,14,0.7,14.7
16443648,IF4041447074,32485970,V0J2N0LOC - LOCAL SUPPLY CO,SP26-2,2026-03-25,2026-04-14,1,2198.5,Order Processing,2,0.1,2.1
16443648,IF4041447074,32485970,V0J2N0LOC - LOCAL SUPPLY CO,SP26-2,2026-03-25,2026-04-14,64,2198.5,Order NonMasterPack,32,1.6,33.6
16443649,IF4041447078,32485975,N0H2C0MIK - MIKE GRAHAM dba THE CABANA,PORT-SP26-2,2026-03-25,2026-04-13,87,3452,Order NonMasterPack,43.5,2.18,45.68
16443649,IF4041447078,32485975,N0H2C0MIK - MIKE GRAHAM dba THE CABANA,PORT-SP26-2,2026-03-25,2026-04-13,1,3452,Order Processing,2,0.1,2.1
16443650,IF4041447080,32485974,N2Z2Y2WES - WESTSHORE CLOTHING,SS26 tentree order,2026-03-25,2026-04-15,166,5709.5,Order NonMasterPack,83,4.15,87.15
16443650,IF4041447080,32485974,N2Z2Y2WES - WESTSHORE CLOTHING,SS26 tentree order,2026-03-25,2026-04-15,1,5709.5,Order Processing,2,0.1,2.1
16443653,IF4041447083,32485977,T7E1T7JEN - JENSENS LIFESTYLE CLOTHING,APRDEL26,2026-03-25,2026-04-15,151,4001,Order NonMasterPack,75.5,3.78,79.28
16443653,IF4041447083,32485977,T7E1T7JEN - JENSENS LIFESTYLE CLOTHING,APRDEL26,2026-03-25,2026-04-15,1,4001,Order Processing,2,0.1,2.1
16443654,IF4041447084,32485980,T0L2H0KAN - KANANASKIS OUTFITTERS LTD,Access.,2026-03-25,2026-04-13,76,1337,Order NonMasterPack,38,1.9,39.9
16443654,IF4041447084,32485980,T0L2H0KAN - KANANASKIS OUTFITTERS LTD,Access.,2026-03-25,2026-04-13,1,1337,Order Processing,2,0.1,2.1
16443655,IF4041447085,32485981,J2S3J1BOU - BOUTIQUE MV dba M&V,coll 2,2026-03-25,2026-04-15,48,2422,Order NonMasterPack,24,1.2,25.2
16443655,IF4041447085,32485981,J2S3J1BOU - BOUTIQUE MV dba M&V,coll 2,2026-03-25,2026-04-15,1,2422,Order Processing,2,0.1,2.1
16443656,IF4041447087,32485982,T0L2H0KAN - KANANASKIS OUTFITTERS LTD,Wms Late,2026-03-25,2026-04-13,74,2443,Order NonMasterPack,37,1.85,38.85
16443656,IF4041447087,32485982,T0L2H0KAN - KANANASKIS OUTFITTERS LTD,Wms Late,2026-03-25,2026-04-13,1,2443,Order Processing,2,0.1,2.1
16443657,IF4041447088,32485984,T0L2H0KAN - KANANASKIS OUTFITTERS LTD,Mns Late,2026-03-25,2026-04-13,44,1323.5,Order NonMasterPack,22,1.1,23.1
16443657,IF4041447088,32485984,T0L2H0KAN - KANANASKIS OUTFITTERS LTD,Mns Late,2026-03-25,2026-04-13,1,1323.5,Order Processing,2,0.1,2.1
16443658,IF4041447090,32485985,T8V3B1THE - The Drop Rideshop,TenTreeMenSp26-04,2026-03-25,2026-04-13,89,2419,Order NonMasterPack,44.5,2.23,46.73
16443658,IF4041447090,32485985,T8V3B1THE - The Drop Rideshop,TenTreeMenSp26-04,2026-03-25,2026-04-13,1,2419,Order Processing,2,0.1,2.1
16443659,IF4041447092,32485989,T0H1L0BOY - BOYTS LTD.,BOYTSSPR26-2,2026-03-25,2026-04-13,1,3779.5,Order Processing,2,0.1,2.1
16443659,IF4041447092,32485989,T0H1L0BOY - BOYTS LTD.,BOYTSSPR26-2,2026-03-25,2026-04-13,121,3779.5,Order NonMasterPack,60.5,3.03,63.53
16448218,IF4041447264,32492147,J7V5V5C/O - c/o Groupe Sure Track,717792,2026-03-26,2026-04-13,95,2137.5,Order NonMasterPack,47.5,2.38,49.88
16448218,IF4041447264,32492147,J7V5V5C/O - c/o Groupe Sure Track,717792,2026-03-26,2026-04-13,1,2137.5,Order Processing,2,0.1,2.1
16469119,IF4041448178,32530208,K0L2H0COT - COTTAGE TOYS,SS26 Tentree April order,2026-03-31,2026-04-15,1,8922.5,Order Processing,2,0.1,2.1
16469119,IF4041448178,32530208,K0L2H0COT - COTTAGE TOYS,SS26 Tentree April order,2026-03-31,2026-04-15,255,8922.5,Order NonMasterPack,127.5,6.38,133.88
16469120,IF4041448179,32530209,J7C3V6PER - PERFORMANCE SPORTS EXTREMES INC dba PRFO,TEN2APP2261305,2026-03-31,2026-04-13,203,6819,Order NonMasterPack,101.5,5.08,106.58
16469120,IF4041448179,32530209,J7C3V6PER - PERFORMANCE SPORTS EXTREMES INC dba PRFO,TEN2APP2261305,2026-03-31,2026-04-13,1,6819,Order Processing,2,0.1,2.1
16469121,IF4041448180,32530210,P5A1Y3108 - 108 LIFESTYLE AND SPORTING GOODS,Spring 2026,2026-03-31,2026-04-15,176,5511.5,Order NonMasterPack,88,4.4,92.4
16469121,IF4041448180,32530210,P5A1Y3108 - 108 LIFESTYLE AND SPORTING GOODS,Spring 2026,2026-03-31,2026-04-15,1,5511.5,Order Processing,2,0.1,2.1
16469126,IF4041448188,32530218,V0R1K0XS - XS IV CHEMAINUS  BEYOND THE USUAL,BTU SPSU26 Ship 3,2026-03-31,2026-04-15,80,2921.5,Order NonMasterPack,40,2,42
16469126,IF4041448188,32530218,V0R1K0XS - XS IV CHEMAINUS  BEYOND THE USUAL,BTU SPSU26 Ship 3,2026-03-31,2026-04-15,1,2921.5,Order Processing,2,0.1,2.1
16469566,IF4041448293,32535567,B3B0E6TAK - TAKE IT OUTSIDE INC.,4007-DX,2026-03-31,2026-04-01,3,67.5,Order NonMasterPack,1.5,0.08,1.58
16469566,IF4041448293,32535567,B3B0E6TAK - TAKE IT OUTSIDE INC.,4007-DX,2026-03-31,2026-04-01,1,67.5,Order Processing,2,0.1,2.1
16469567,IF4041448294,32535566,N5A3G8GRU - GRUV,1Sp26,2026-03-31,2026-04-01,9,202.5,Order NonMasterPack,4.5,0.23,4.73
16469567,IF4041448294,32535566,N5A3G8GRU - GRUV,1Sp26,2026-03-31,2026-04-01,1,202.5,Order Processing,2,0.1,2.1
16469568,IF4041448295,32535568,B3B1S1CLE - CLEVE'S SOURCE FOR SPORTS,136121,2026-03-31,2026-04-01,20,450,Order NonMasterPack,10,0.5,10.5
16469568,IF4041448295,32535568,B3B1S1CLE - CLEVE'S SOURCE FOR SPORTS,136121,2026-03-31,2026-04-01,1,450,Order Processing,2,0.1,2.1
16469569,IF4041448296,32535569,V0R1M0WAB - WABISABI BOARDWEAR,Tentree Men SP26 Feb,2026-03-31,2026-04-01,6,135,Order NonMasterPack,3,0.15,3.15
16469569,IF4041448296,32535569,V0R1M0WAB - WABISABI BOARDWEAR,Tentree Men SP26 Feb,2026-03-31,2026-04-01,1,135,Order Processing,2,0.1,2.1
16469570,IF4041448297,32535570,H7L5Z6A/S - A/S Les Boutiques Tremblant,DCTR0000690,2026-03-31,2026-04-01,10,225,Order NonMasterPack,5,0.25,5.25
16469570,IF4041448297,32535570,H7L5Z6A/S - A/S Les Boutiques Tremblant,DCTR0000690,2026-03-31,2026-04-01,1,225,Order Processing,2,0.1,2.1
16469571,IF4041448298,32535571,A2H2N2GEO - GEORGES MOUNTAIN VILLAGE,SS26,2026-03-31,2026-04-01,5,112.5,Order NonMasterPack,2.5,0.13,2.63
16469571,IF4041448298,32535571,A2H2N2GEO - GEORGES MOUNTAIN VILLAGE,SS26,2026-03-31,2026-04-01,1,112.5,Order Processing,2,0.1,2.1
16469572,IF4041448299,32535572,A0G3A0BLU - BLUE RIDGE INC.,Ten Tree SS26,2026-03-31,2026-04-01,5,112.5,Order NonMasterPack,2.5,0.13,2.63
16469572,IF4041448299,32535572,A0G3A0BLU - BLUE RIDGE INC.,Ten Tree SS26,2026-03-31,2026-04-01,1,112.5,Order Processing,2,0.1,2.1
16469573,IF4041448300,32535573,E3B1B2THE - THE RADICAL EDGE,S26a,2026-03-31,2026-04-01,3,67.5,Order NonMasterPack,1.5,0.08,1.58
16469573,IF4041448300,32535573,E3B1B2THE - THE RADICAL EDGE,S26a,2026-03-31,2026-04-01,1,67.5,Order Processing,2,0.1,2.1
16469574,IF4041448301,32535574,B5A1E7EVE - EVERY BLOOMIN THING,KN060225C,2026-03-31,2026-04-01,1,202.5,Order Processing,2,0.1,2.1
16469574,IF4041448301,32535574,B5A1E7EVE - EVERY BLOOMIN THING,KN060225C,2026-03-31,2026-04-01,9,202.5,Order NonMasterPack,4.5,0.23,4.73
16469575,IF4041448302,32535575,V0B1M0EDG - EDGE OF THE WORLD BOARD SHOP,SP26 MENS WMNS,2026-03-31,2026-04-01,1,315,Order Processing,2,0.1,2.1
16469575,IF4041448302,32535575,V0B1M0EDG - EDGE OF THE WORLD BOARD SHOP,SP26 MENS WMNS,2026-03-31,2026-04-01,14,315,Order NonMasterPack,7,0.35,7.35
16469576,IF4041448303,32535576,V9Y8E9LAC - LACE IT UP aka JAYS MENS WEAR,TTMens261,2026-03-31,2026-04-01,4,90,Order NonMasterPack,2,0.1,2.1
16469576,IF4041448303,32535576,V9Y8E9LAC - LACE IT UP aka JAYS MENS WEAR,TTMens261,2026-03-31,2026-04-01,1,90,Order Processing,2,0.1,2.1
16469577,IF4041448304,32535577,P1B7K9510 - 510494 Ontario Inc. dba Lefebvre's Sourc,4988,2026-03-31,2026-04-02,1,67.5,Order Processing,2,0.1,2.1
16469577,IF4041448304,32535577,P1B7K9510 - 510494 Ontario Inc. dba Lefebvre's Sourc,4988,2026-03-31,2026-04-02,3,67.5,Order NonMasterPack,1.5,0.08,1.58
16469578,IF4041448305,32535578,E2A1A6THE - THE CAPTAINS CABIN,TENTREE S26,2026-03-31,2026-04-01,5,112.5,Order NonMasterPack,2.5,0.13,2.63
16469578,IF4041448305,32535578,E2A1A6THE - THE CAPTAINS CABIN,TENTREE S26,2026-03-31,2026-04-01,1,112.5,Order Processing,2,0.1,2.1
16469579,IF4041448306,32535579,P3E6K7RAM - RAMAKKOS SOURCE FOR ADVENTURE,TENSS26BK1,2026-03-31,2026-04-02,4,90,Order NonMasterPack,2,0.1,2.1
16469579,IF4041448306,32535579,P3E6K7RAM - RAMAKKOS SOURCE FOR ADVENTURE,TENSS26BK1,2026-03-31,2026-04-02,1,90,Order Processing,2,0.1,2.1
16469580,IF4041448307,32535580,B2N4B5TAK - TAKE IT OUTSIDE INC.,4006-Truro,2026-03-31,2026-04-01,3,67.5,Order NonMasterPack,1.5,0.08,1.58
16469580,IF4041448307,32535580,B2N4B5TAK - TAKE IT OUTSIDE INC.,4006-Truro,2026-03-31,2026-04-01,1,67.5,Order Processing,2,0.1,2.1
16469581,IF4041448308,32535581,V1C3R3GER - GERICK SPORTS,tentree sp261,2026-03-31,2026-04-01,1,112.5,Order Processing,2,0.1,2.1
16469581,IF4041448308,32535581,V1C3R3GER - GERICK SPORTS,tentree sp261,2026-03-31,2026-04-01,5,112.5,Order NonMasterPack,2.5,0.13,2.63
16469582,IF4041448309,32535582,S0E0A7HAR - HAROLDS FOOTWEAR APPAREL,sp26MNS,2026-03-31,2026-04-01,6,135,Order NonMasterPack,3,0.15,3.15
16469582,IF4041448309,32535582,S0E0A7HAR - HAROLDS FOOTWEAR APPAREL,sp26MNS,2026-03-31,2026-04-01,1,135,Order Processing,2,0.1,2.1
16469583,IF4041448310,32535583,G3A0P5LAT - LATULIPPE DISTRIBUTION CENTER,130512,2026-03-31,2026-04-02,1,67.5,Order Processing,2,0.1,2.1
16469583,IF4041448310,32535583,G3A0P5LAT - LATULIPPE DISTRIBUTION CENTER,130512,2026-03-31,2026-04-02,3,67.5,Order NonMasterPack,1.5,0.08,1.58
16469584,IF4041448311,32535584,P0T1T0BRA - BRAGGS,SS26 tentree order,2026-03-31,2026-04-01,1,90,Order Processing,2,0.1,2.1
16469584,IF4041448311,32535584,P0T1T0BRA - BRAGGS,SS26 tentree order,2026-03-31,2026-04-01,4,90,Order NonMasterPack,2,0.1,2.1
16469585,IF4041448312,32535585,L1A1N2G F - G FACEY CLOTHING,SS26 tentree Feb ship order 2of3,2026-03-31,2026-04-01,6,135,Order NonMasterPack,3,0.15,3.15
16469585,IF4041448312,32535585,L1A1N2G F - G FACEY CLOTHING,SS26 tentree Feb ship order 2of3,2026-03-31,2026-04-01,1,135,Order Processing,2,0.1,2.1
16469586,IF4041448313,32535586,G3A0P5LAT - LATULIPPE DISTRIBUTION CENTER,130511,2026-03-31,2026-04-02,3,67.5,Order NonMasterPack,1.5,0.08,1.58
16469586,IF4041448313,32535586,G3A0P5LAT - LATULIPPE DISTRIBUTION CENTER,130511,2026-03-31,2026-04-02,1,67.5,Order Processing,2,0.1,2.1
16469587,IF4041448314,32535587,V0J1Z0CHI - CHIAS DREAM CLOSET,SP 26 MW,2026-03-31,2026-04-01,1,67.5,Order Processing,2,0.1,2.1
16469587,IF4041448314,32535587,V0J1Z0CHI - CHIAS DREAM CLOSET,SP 26 MW,2026-03-31,2026-04-01,3,67.5,Order NonMasterPack,1.5,0.08,1.58
16469588,IF4041448315,32535588,G3A0P5LAT - LATULIPPE DISTRIBUTION CENTER,130510,2026-03-31,2026-04-02,1,67.5,Order Processing,2,0.1,2.1
16469588,IF4041448315,32535588,G3A0P5LAT - LATULIPPE DISTRIBUTION CENTER,130510,2026-03-31,2026-04-02,3,67.5,Order NonMasterPack,1.5,0.08,1.58
16469589,IF4041448316,32535589,V9W8C9SPI - SPINNERS SPORTS CAMPBELL RIVER,10TMEN031526,2026-03-31,2026-04-02,7,179,Order NonMasterPack,3.5,0.18,3.68
16469589,IF4041448316,32535589,V9W8C9SPI - SPINNERS SPORTS CAMPBELL RIVER,10TMEN031526,2026-03-31,2026-04-02,1,179,Order Processing,2,0.1,2.1
16469590,IF4041448317,32535590,T0L2H0KAN - KANANASKIS OUTFITTERS LTD,Mns Early,2026-03-31,2026-04-01,3,67.5,Order NonMasterPack,1.5,0.08,1.58
16469590,IF4041448317,32535590,T0L2H0KAN - KANANASKIS OUTFITTERS LTD,Mns Early,2026-03-31,2026-04-01,1,67.5,Order Processing,2,0.1,2.1
16469591,IF4041448318,32535591,G0C2B0RHE - RHEAL PITRE A FILS LTEE,VN-150326,2026-03-31,2026-04-01,6,135,Order NonMasterPack,3,0.15,3.15
16469591,IF4041448318,32535591,G0C2B0RHE - RHEAL PITRE A FILS LTEE,VN-150326,2026-03-31,2026-04-01,1,135,Order Processing,2,0.1,2.1
16469592,IF4041448319,32535592,R0L1Z0RUM - RUMORS,rumtentreeSPR26,2026-03-31,2026-04-01,3,67.5,Order NonMasterPack,1.5,0.08,1.58
16469592,IF4041448319,32535592,R0L1Z0RUM - RUMORS,rumtentreeSPR26,2026-03-31,2026-04-01,1,67.5,Order Processing,2,0.1,2.1
16469593,IF4041448320,32535593,V2A5A4FRE - FREE RIDE PENTICTON,WSTenTreeSp26,2026-03-31,2026-04-01,4,90,Order NonMasterPack,2,0.1,2.1
16469593,IF4041448320,32535593,V2A5A4FRE - FREE RIDE PENTICTON,WSTenTreeSp26,2026-03-31,2026-04-01,1,90,Order Processing,2,0.1,2.1
16469594,IF4041448321,32535594,T0C2L0JOH - JOHNS MENSWEAR,SPSU26,2026-03-31,2026-04-01,11,247.5,Order NonMasterPack,5.5,0.28,5.78
16469594,IF4041448321,32535594,T0C2L0JOH - JOHNS MENSWEAR,SPSU26,2026-03-31,2026-04-01,1,247.5,Order Processing,2,0.1,2.1
16469595,IF4041448322,32535595,V2A5A4FRE - FREE RIDE PENTICTON,PenTenTreeSp26,2026-03-31,2026-04-01,4,90,Order NonMasterPack,2,0.1,2.1
16469595,IF4041448322,32535595,V2A5A4FRE - FREE RIDE PENTICTON,PenTenTreeSp26,2026-03-31,2026-04-01,1,90,Order Processing,2,0.1,2.1
16469596,IF4041448324,32535597,J4Y0C4QUI - QUINCAILLERIE TURBO INC,SS2026-H,2026-03-31,2026-04-01,4,90,Order NonMasterPack,2,0.1,2.1
16469596,IF4041448324,32535597,J4Y0C4QUI - QUINCAILLERIE TURBO INC,SS2026-H,2026-03-31,2026-04-01,1,90,Order Processing,2,0.1,2.1
16469597,IF4041448325,32535598,A1B4J9ALP - ALPINE COUNTRY LODGE LTD,SS26,2026-03-31,2026-04-01,3,67.5,Order NonMasterPack,1.5,0.08,1.58
16469597,IF4041448325,32535598,A1B4J9ALP - ALPINE COUNTRY LODGE LTD,SS26,2026-03-31,2026-04-01,1,67.5,Order Processing,2,0.1,2.1
16469598,IF4041448326,32535599,V7M2J5NOR - NORTH SHORE SKI AND BOARD,PBMAPR1 6%,2026-03-31,2026-04-01,1,202.5,Order Processing,2,0.1,2.1
16469598,IF4041448326,32535599,V7M2J5NOR - NORTH SHORE SKI AND BOARD,PBMAPR1 6%,2026-03-31,2026-04-01,9,202.5,Order NonMasterPack,4.5,0.23,4.73
16469599,IF4041448327,32535600,V0H1H0CRE - CREATIVE CUSTOM EMBROIDERY dba WORK N PL,26-Feb,2026-03-31,2026-04-02,1,180,Order Processing,2,0.1,2.1
16469599,IF4041448327,32535600,V0H1H0CRE - CREATIVE CUSTOM EMBROIDERY dba WORK N PL,26-Feb,2026-03-31,2026-04-02,8,180,Order NonMasterPack,4,0.2,4.2
16469600,IF4041448328,32535601,J0K2T0PIS - PISCINES ET SPAS STE-JULIENNE,Tentree SP26,2026-03-31,2026-04-01,1,90,Order Processing,2,0.1,2.1
16469600,IF4041448328,32535601,J0K2T0PIS - PISCINES ET SPAS STE-JULIENNE,Tentree SP26,2026-03-31,2026-04-01,4,90,Order NonMasterPack,2,0.1,2.1
16472036,IF4041448405,32537857,J1L3A6MOM - MOMO SPORTS SHERBROOKE,TENTREEMAFPE26-SH,2026-04-01,2026-04-02,1,270,Order Processing,2,0.1,2.1
16472036,IF4041448405,32537857,J1L3A6MOM - MOMO SPORTS SHERBROOKE,TENTREEMAFPE26-SH,2026-04-01,2026-04-02,12,270,Order NonMasterPack,6,0.3,6.3
16472037,IF4041448406,32537858,J2J0C2MOM - MOMO SPORTS GRANBY,GRTENTREEMAFPE26,2026-04-01,2026-04-07,6,135,Order NonMasterPack,3,0.15,3.15
16472037,IF4041448406,32537858,J2J0C2MOM - MOMO SPORTS GRANBY,GRTENTREEMAFPE26,2026-04-01,2026-04-07,1,135,Order Processing,2,0.1,2.1
16473070,IF4041448501,32542970,V0G1S0VAL - Valhalla Pure Outfitters-04,Womens-April-TEN-SS26,2026-04-01,2026-04-06,8,287.5,Order NonMasterPack,4,0.2,4.2
16473070,IF4041448501,32542970,V0G1S0VAL - Valhalla Pure Outfitters-04,Womens-April-TEN-SS26,2026-04-01,2026-04-06,1,287.5,Order Processing,2,0.1,2.1
16474673,IF4041448527,32544118,L9H1T7ADV - ADVENTURE ATTIC,SS26 tentree ship 2 Apr,2026-04-02,2026-04-06,4,90,Order NonMasterPack,2,0.1,2.1
16474673,IF4041448527,32544118,L9H1T7ADV - ADVENTURE ATTIC,SS26 tentree ship 2 Apr,2026-04-02,2026-04-06,1,90,Order Processing,2,0.1,2.1
16474674,IF4041448528,32544119,J6W3Z5SPO - SPORTS EXPERTS - ATMOSPHERE,4262104-851,2026-04-02,2026-04-06,16,360,Order NonMasterPack,8,0.4,8.4
16474674,IF4041448528,32544119,J6W3Z5SPO - SPORTS EXPERTS - ATMOSPHERE,4262104-851,2026-04-02,2026-04-06,1,360,Order Processing,2,0.1,2.1
16474675,IF4041448529,32544120,J8E2Z9SPO - SPORTS EXPERTS - ATMOSPHERE,4262104-870,2026-04-02,2026-04-06,13,292.5,Order NonMasterPack,6.5,0.33,6.83
16474675,IF4041448529,32544120,J8E2Z9SPO - SPORTS EXPERTS - ATMOSPHERE,4262104-870,2026-04-02,2026-04-06,1,292.5,Order Processing,2,0.1,2.1
16474676,IF4041448530,32544121,H3B1E2SPO - SPORTS EXPERTS 534,4262104-534,2026-04-02,2026-04-06,24,540,Order NonMasterPack,12,0.6,12.6
16474676,IF4041448530,32544121,H3B1E2SPO - SPORTS EXPERTS 534,4262104-534,2026-04-02,2026-04-06,1,540,Order Processing,2,0.1,2.1
16474677,IF4041448531,32544122,G9A6J2SPO - SPORTS EXPERTS - ATMOSPHERE,4262104-589,2026-04-02,2026-04-06,16,360,Order NonMasterPack,8,0.4,8.4
16474677,IF4041448531,32544122,G9A6J2SPO - SPORTS EXPERTS - ATMOSPHERE,4262104-589,2026-04-02,2026-04-06,1,360,Order Processing,2,0.1,2.1
16474678,IF4041448532,32544123,G5L7Y5SPO - SPORTS EXPERTS,4262104-775,2026-04-02,2026-04-06,10,225,Order NonMasterPack,5,0.25,5.25
16474678,IF4041448532,32544123,G5L7Y5SPO - SPORTS EXPERTS,4262104-775,2026-04-02,2026-04-06,1,225,Order Processing,2,0.1,2.1
16474679,IF4041448533,32544124,J2C6Y7PRO - Promenades Drummondville,4262104-861,2026-04-02,2026-04-06,8,180,Order NonMasterPack,4,0.2,4.2
16474679,IF4041448533,32544124,J2C6Y7PRO - Promenades Drummondville,4262104-861,2026-04-02,2026-04-06,1,180,Order Processing,2,0.1,2.1
16474680,IF4041448534,32544125,J7A3T2SPO - SPORTS EXPERTS - ATMOSPHERE,4262104-699,2026-04-02,2026-04-06,28,630,Order NonMasterPack,14,0.7,14.7
16474680,IF4041448534,32544125,J7A3T2SPO - SPORTS EXPERTS - ATMOSPHERE,4262104-699,2026-04-02,2026-04-06,1,630,Order Processing,2,0.1,2.1
16474681,IF4041448535,32544126,H3P3E9CEN - Centre Rockland,4262104-852,2026-04-02,2026-04-06,8,180,Order NonMasterPack,4,0.2,4.2
16474681,IF4041448535,32544126,H3P3E9CEN - Centre Rockland,4262104-852,2026-04-02,2026-04-06,1,180,Order Processing,2,0.1,2.1
16474682,IF4041448536,32544127,J2G8K1SPO - Sports Experts 410,4262104-410,2026-04-02,2026-04-06,14,315,Order NonMasterPack,7,0.35,7.35
16474682,IF4041448536,32544127,J2G8K1SPO - Sports Experts 410,4262104-410,2026-04-02,2026-04-06,1,315,Order Processing,2,0.1,2.1
16474683,IF4041448537,32544128,G9A6M1SPO - SPORTS EXPERTS - ATMOSPHERE,4262104-866,2026-04-02,2026-04-06,16,360,Order NonMasterPack,8,0.4,8.4
16474683,IF4041448537,32544128,G9A6M1SPO - SPORTS EXPERTS - ATMOSPHERE,4262104-866,2026-04-02,2026-04-06,1,360,Order Processing,2,0.1,2.1
16474684,IF4041448538,32544129,J6K1C6SPO - SPORTS EXPERTS 466,4262104-466,2026-04-02,2026-04-06,6,135,Order NonMasterPack,3,0.15,3.15
16474684,IF4041448538,32544129,J6K1C6SPO - SPORTS EXPERTS 466,4262104-466,2026-04-02,2026-04-06,1,135,Order Processing,2,0.1,2.1
16474685,IF4041448539,32544130,J4Y0A5QUA - Quartier Dix-30,4262104-842,2026-04-02,2026-04-06,1,540,Order Processing,2,0.1,2.1
16474685,IF4041448539,32544130,J4Y0A5QUA - Quartier Dix-30,4262104-842,2026-04-02,2026-04-06,24,540,Order NonMasterPack,12,0.6,12.6
16474686,IF4041448540,32544131,J0R1R6SPO - SPORTS EXPERTS - ATMOSPHERE,4262104-834,2026-04-02,2026-04-06,30,675,Order NonMasterPack,15,0.75,15.75
16474686,IF4041448540,32544131,J0R1R6SPO - SPORTS EXPERTS - ATMOSPHERE,4262104-834,2026-04-02,2026-04-06,1,675,Order Processing,2,0.1,2.1
16474687,IF4041448541,32544132,J9X6H7SPO - SPORTS EXPERTS,4262104-849,2026-04-02,2026-04-06,6,135,Order NonMasterPack,3,0.15,3.15
16474687,IF4041448541,32544132,J9X6H7SPO - SPORTS EXPERTS,4262104-849,2026-04-02,2026-04-06,1,135,Order Processing,2,0.1,2.1
16474688,IF4041448542,32544133,J9A0C7PLA - Plateau des Grives,4262104-3307,2026-04-02,2026-04-06,16,360,Order NonMasterPack,8,0.4,8.4
16474688,IF4041448542,32544133,J9A0C7PLA - Plateau des Grives,4262104-3307,2026-04-02,2026-04-06,1,360,Order Processing,2,0.1,2.1
16474689,IF4041448543,32544134,J6E6X6ATM - ATMOSPHERE #882 (Sports 12345 INC),4262104-882,2026-04-02,2026-04-06,23,517.5,Order NonMasterPack,11.5,0.58,12.08
16474689,IF4041448543,32544134,J6E6X6ATM - ATMOSPHERE #882 (Sports 12345 INC),4262104-882,2026-04-02,2026-04-06,1,517.5,Order Processing,2,0.1,2.1
16474690,IF4041448545,32544135,G7H5N6PLA - Place du Royaume,4262104-484,2026-04-02,2026-04-06,11,247.5,Order NonMasterPack,5.5,0.28,5.78
16474690,IF4041448545,32544135,G7H5N6PLA - Place du Royaume,4262104-484,2026-04-02,2026-04-06,1,247.5,Order Processing,2,0.1,2.1
16474691,IF4041448547,32544136,J7V8W5SPO - SPORTS EXPERTS - ATMOSPHERE,4262104-3308,2026-04-02,2026-04-06,1,517.5,Order Processing,2,0.1,2.1
16474691,IF4041448547,32544136,J7V8W5SPO - SPORTS EXPERTS - ATMOSPHERE,4262104-3308,2026-04-02,2026-04-06,23,517.5,Order NonMasterPack,11.5,0.58,12.08
16474692,IF4041448548,32544137,G6S1C1SPO - SPORTS EXPERTS,4262104-427,2026-04-02,2026-04-06,16,360,Order NonMasterPack,8,0.4,8.4
16474692,IF4041448548,32544137,G6S1C1SPO - SPORTS EXPERTS,4262104-427,2026-04-02,2026-04-06,1,360,Order Processing,2,0.1,2.1
16474693,IF4041448549,32544138,E1X1G5SPO - SPORTS EXPERTS 646,4262106-646,2026-04-02,2026-04-13,7,157.5,Order NonMasterPack,3.5,0.18,3.68
16474693,IF4041448549,32544138,E1X1G5SPO - SPORTS EXPERTS 646,4262106-646,2026-04-02,2026-04-13,1,157.5,Order Processing,2,0.1,2.1
16474694,IF4041448550,32544139,G9N7C1SPO - SPORTS EXPERTS - ATMOSPHERE,4262104-883,2026-04-02,2026-04-06,6,135,Order NonMasterPack,3,0.15,3.15
16474694,IF4041448550,32544139,G9N7C1SPO - SPORTS EXPERTS - ATMOSPHERE,4262104-883,2026-04-02,2026-04-06,1,135,Order Processing,2,0.1,2.1
16474695,IF4041448551,32544140,"H1R3H7SEF - SEF 414 GALERIE D'ANJOU,",4262104-414,2026-04-02,2026-04-06,1,540,Order Processing,2,0.1,2.1
16474695,IF4041448551,32544140,"H1R3H7SEF - SEF 414 GALERIE D'ANJOU,",4262104-414,2026-04-02,2026-04-06,24,540,Order NonMasterPack,12,0.6,12.6
16474696,IF4041448552,32544141,G2K1N4GAL - Galeries de la Capitale,4262106-734,2026-04-02,2026-04-13,96,2252,Order NonMasterPack,48,2.4,50.4
16474696,IF4041448552,32544141,G2K1N4GAL - Galeries de la Capitale,4262106-734,2026-04-02,2026-04-13,1,2252,Order Processing,2,0.1,2.1
16474697,IF4041448554,32544142,G1V2L1PLA - Place Ste-Foy,4262104-3702,2026-04-02,2026-04-06,24,540,Order NonMasterPack,12,0.6,12.6
16474697,IF4041448554,32544142,G1V2L1PLA - Place Ste-Foy,4262104-3702,2026-04-02,2026-04-06,1,540,Order Processing,2,0.1,2.1
16474698,IF4041448555,32544143,J7R4Z3SPO - SPORTS EXPERTS - ATMOSPHERE,4262104-864,2026-04-02,2026-04-06,6,135,Order NonMasterPack,3,0.15,3.15
16474698,IF4041448555,32544143,J7R4Z3SPO - SPORTS EXPERTS - ATMOSPHERE,4262104-864,2026-04-02,2026-04-06,1,135,Order Processing,2,0.1,2.1
16474699,IF4041448556,32544144,J0T1T0SPO - SPORTS EXPERTS 620 (DAUDELIN),4262104-620,2026-04-02,2026-04-06,1,135,Order Processing,2,0.1,2.1
16474699,IF4041448556,32544144,J0T1T0SPO - SPORTS EXPERTS 620 (DAUDELIN),4262104-620,2026-04-02,2026-04-06,6,135,Order NonMasterPack,3,0.15,3.15
16474700,IF4041448557,32544145,J6T1A9SPO - Sports Experts,4262104-454,2026-04-02,2026-04-06,12,270,Order NonMasterPack,6,0.3,6.3
16474700,IF4041448557,32544145,J6T1A9SPO - Sports Experts,4262104-454,2026-04-02,2026-04-06,1,270,Order Processing,2,0.1,2.1
16474701,IF4041448558,32544146,J1X2A9SPO - SPORTS EXPERTS 468 (NORMANDIN),4262106-468,2026-04-02,2026-04-13,155,4876.5,Order NonMasterPack,77.5,3.88,81.38
16474701,IF4041448558,32544146,J1X2A9SPO - SPORTS EXPERTS 468 (NORMANDIN),4262106-468,2026-04-02,2026-04-13,1,4876.5,Order Processing,2,0.1,2.1
16474702,IF4041448559,32544147,G6V6Y8SPO - SPORTS EXPERTS,4262104-495,2026-04-02,2026-04-06,20,450,Order NonMasterPack,10,0.5,10.5
16474702,IF4041448559,32544147,G6V6Y8SPO - SPORTS EXPERTS,4262104-495,2026-04-02,2026-04-06,1,450,Order Processing,2,0.1,2.1
16474703,IF4041448561,32544148,J4K2V1PLA - Place Longueuil,4262106-538,2026-04-02,2026-04-13,1,827.5,Order Processing,2,0.1,2.1
16474703,IF4041448561,32544148,J4K2V1PLA - Place Longueuil,4262106-538,2026-04-02,2026-04-13,32,827.5,Order NonMasterPack,16,0.8,16.8
16474704,IF4041448562,32544149,J6A5N4GAL - Galeries Rive-Nord,4262104-863,2026-04-02,2026-04-06,1,450,Order Processing,2,0.1,2.1
16474704,IF4041448562,32544149,J6A5N4GAL - Galeries Rive-Nord,4262104-863,2026-04-02,2026-04-06,20,450,Order NonMasterPack,10,0.5,10.5
16474705,IF4041448563,32544150,G5R4C2CEN - Centre Commercial RiviÃ¨re-du-Loup,4262104-421,2026-04-02,2026-04-06,1,450,Order Processing,2,0.1,2.1
16474705,IF4041448563,32544150,G5R4C2CEN - Centre Commercial RiviÃ¨re-du-Loup,4262104-421,2026-04-02,2026-04-06,20,450,Order NonMasterPack,10,0.5,10.5
16474706,IF4041448564,32544151,G0C1E0SPO - SPORTS EXPERTS 674,4262106-674,2026-04-02,2026-04-15,165,4239,Order NonMasterPack,82.5,4.13,86.63
16474706,IF4041448564,32544151,G0C1E0SPO - SPORTS EXPERTS 674,4262106-674,2026-04-02,2026-04-15,1,4239,Order Processing,2,0.1,2.1
16474707,IF4041448565,32544152,J9T4B2SPO - SPORTS EXPERTS,4262104-855,2026-04-02,2026-04-06,6,135,Order NonMasterPack,3,0.15,3.15
16474707,IF4041448565,32544152,J9T4B2SPO - SPORTS EXPERTS,4262104-855,2026-04-02,2026-04-06,1,135,Order Processing,2,0.1,2.1
16474708,IF4041448566,32544153,H9R5J1CEN - Centre Fairview Pointe-Claire,4262106-586,2026-04-02,2026-04-13,14,315,Order NonMasterPack,7,0.35,7.35
16474708,IF4041448566,32544153,H9R5J1CEN - Centre Fairview Pointe-Claire,4262106-586,2026-04-02,2026-04-13,1,315,Order Processing,2,0.1,2.1
16474709,IF4041448567,32544154,H4P0C9AT - AT MONT-ROYAL,4262104-3315,2026-04-02,2026-04-06,1,180,Order Processing,2,0.1,2.1
16474709,IF4041448567,32544154,H4P0C9AT - AT MONT-ROYAL,4262104-3315,2026-04-02,2026-04-06,8,180,Order NonMasterPack,4,0.2,4.2
16474710,IF4041448568,32544155,J7Y3S7SPO - SPORTS EXPERTS - ATMOSPHERE,4262104-877,2026-04-02,2026-04-06,1,540,Order Processing,2,0.1,2.1
16474710,IF4041448568,32544155,J7Y3S7SPO - SPORTS EXPERTS - ATMOSPHERE,4262104-877,2026-04-02,2026-04-06,24,540,Order NonMasterPack,12,0.6,12.6
16474711,IF4041448569,32544156,J2K3G8SPO - SPORTS EXPERTS 479,4262106-479,2026-04-02,2026-04-13,1,2995.5,Order Processing,2,0.1,2.1
16474711,IF4041448569,32544156,J2K3G8SPO - SPORTS EXPERTS 479,4262106-479,2026-04-02,2026-04-13,96,2995.5,Order NonMasterPack,48,2.4,50.4
16474712,IF4041448570,32544157,K6A2R2SPO - SPORTS EXPERTS,4262104-788,2026-04-02,2026-04-06,1,157.5,Order Processing,2,0.1,2.1
16474712,IF4041448570,32544157,K6A2R2SPO - SPORTS EXPERTS,4262104-788,2026-04-02,2026-04-06,7,157.5,Order NonMasterPack,3.5,0.18,3.68
16474713,IF4041448571,32544158,G8L1H3LES - Les Promenades du Boulevard,4262104-622,2026-04-02,2026-04-06,12,270,Order NonMasterPack,6,0.3,6.3
16474713,IF4041448571,32544158,G8L1H3LES - Les Promenades du Boulevard,4262104-622,2026-04-02,2026-04-06,1,270,Order Processing,2,0.1,2.1
16474714,IF4041448572,32544159,G1C5R9PRO - Promenade Beauport,4262104-763,2026-04-02,2026-04-06,20,450,Order NonMasterPack,10,0.5,10.5
16474714,IF4041448572,32544159,G1C5R9PRO - Promenade Beauport,4262104-763,2026-04-02,2026-04-06,1,450,Order Processing,2,0.1,2.1
16474715,IF4041448573,32544160,G1V2L8SPO - Sports Experts,4262104-415,2026-04-02,2026-04-06,28,630,Order NonMasterPack,14,0.7,14.7
16474715,IF4041448573,32544160,G1V2L8SPO - Sports Experts,4262104-415,2026-04-02,2026-04-06,1,630,Order Processing,2,0.1,2.1
16474716,IF4041448574,32544161,J9X2R3SPO - SPORTS EXPERTS - ATMOSPHERE,4262106-3305,2026-04-02,2026-04-13,136,4700.5,Order NonMasterPack,68,3.4,71.4
16474716,IF4041448574,32544161,J9X2R3SPO - SPORTS EXPERTS - ATMOSPHERE,4262106-3305,2026-04-02,2026-04-13,1,4700.5,Order Processing,2,0.1,2.1
16474717,IF4041448575,32544162,G7H5N6SPO - SPORTS EXPERTS - ATMOSPHERE,4262104-698,2026-04-02,2026-04-06,24,540,Order NonMasterPack,12,0.6,12.6
16474717,IF4041448575,32544162,G7H5N6SPO - SPORTS EXPERTS - ATMOSPHERE,4262104-698,2026-04-02,2026-04-06,1,540,Order Processing,2,0.1,2.1
16474718,IF4041448576,32544163,G2J1R8MÃ‰G - MÃ©ga Centre Le Bourgneuf,4262106-682,2026-04-02,2026-04-13,6,135,Order NonMasterPack,3,0.15,3.15
16474718,IF4041448576,32544163,G2J1R8MÃ‰G - MÃ©ga Centre Le Bourgneuf,4262106-682,2026-04-02,2026-04-13,1,135,Order Processing,2,0.1,2.1
16474719,IF4041448577,32544164,J8T6G3PRO - Promenades Gatineau,4262104-845,2026-04-02,2026-04-06,18,405,Order NonMasterPack,9,0.45,9.45
16474719,IF4041448577,32544164,J8T6G3PRO - Promenades Gatineau,4262104-845,2026-04-02,2026-04-06,1,405,Order Processing,2,0.1,2.1
16474720,IF4041448579,32544165,J0K2N0BUY - Buying Member 712,4262106-712,2026-04-02,2026-04-13,1,1348,Order Processing,2,0.1,2.1
16474720,IF4041448579,32544165,J0K2N0BUY - Buying Member 712,4262106-712,2026-04-02,2026-04-13,32,1348,Order NonMasterPack,16,0.8,16.8
16474721,IF4041448580,32544166,J3V6A8SPO - SPORTS EXPERTS - ATMOSPHERE 584,4262104-526,2026-04-02,2026-04-06,32,720,Order NonMasterPack,16,0.8,16.8
16474721,IF4041448580,32544166,J3V6A8SPO - SPORTS EXPERTS - ATMOSPHERE 584,4262104-526,2026-04-02,2026-04-06,1,720,Order Processing,2,0.1,2.1
16474722,IF4041448581,32544167,E1X1G5SPO - SPORTS EXPERTS 646,4262102-646,2026-04-02,2026-04-13,30,922.5,Order NonMasterPack,15,0.75,15.75
16474722,IF4041448581,32544167,E1X1G5SPO - SPORTS EXPERTS 646,4262102-646,2026-04-02,2026-04-13,1,922.5,Order Processing,2,0.1,2.1
16474723,IF4041448582,32544168,H9R5J1CEN - Centre Fairview Pointe-Claire,4262104-586,2026-04-02,2026-04-06,22,495,Order NonMasterPack,11,0.55,11.55
16474723,IF4041448582,32544168,H9R5J1CEN - Centre Fairview Pointe-Claire,4262104-586,2026-04-02,2026-04-06,1,495,Order Processing,2,0.1,2.1
16474724,IF4041448583,32544169,J4K2V1PLA - Place Longueuil,4262102-538,2026-04-02,2026-04-13,15,710,Order NonMasterPack,7.5,0.38,7.88
16474724,IF4041448583,32544169,J4K2V1PLA - Place Longueuil,4262102-538,2026-04-02,2026-04-13,1,710,Order Processing,2,0.1,2.1
16474725,IF4041448584,32544170,J3V6A8SPO - SPORTS EXPERTS - ATMOSPHERE 584,4262102-526,2026-04-02,2026-04-13,12,270,Order NonMasterPack,6,0.3,6.3
16474725,IF4041448584,32544170,J3V6A8SPO - SPORTS EXPERTS - ATMOSPHERE 584,4262102-526,2026-04-02,2026-04-13,1,270,Order Processing,2,0.1,2.1
16474726,IF4041448585,32544171,G2J1R8MÃ‰G - MÃ©ga Centre Le Bourgneuf,4262102-682,2026-04-02,2026-04-13,1,693,Order Processing,2,0.1,2.1
16474726,IF4041448585,32544171,G2J1R8MÃ‰G - MÃ©ga Centre Le Bourgneuf,4262102-682,2026-04-02,2026-04-13,18,693,Order NonMasterPack,9,0.45,9.45
16474727,IF4041448586,32544172,T8V4C2SPO - SPORTS EXPERTS,RETENSP26GP,2026-04-02,2026-04-06,6,128.28,Order NonMasterPack,3,0.15,3.15
16474727,IF4041448586,32544172,T8V4C2SPO - SPORTS EXPERTS,RETENSP26GP,2026-04-02,2026-04-06,1,128.28,Order Processing,2,0.1,2.1
16474728,IF4041448587,32544173,J7R4Z3SPO - SPORTS EXPERTS - ATMOSPHERE,4262102-864,2026-04-02,2026-04-13,6,294,Order NonMasterPack,3,0.15,3.15
16474728,IF4041448587,32544173,J7R4Z3SPO - SPORTS EXPERTS - ATMOSPHERE,4262102-864,2026-04-02,2026-04-13,1,294,Order Processing,2,0.1,2.1
16474729,IF4041448588,32544174,V1J5Z2ERN - Ernies Sports Experts,RETENSP26FSJ,2026-04-02,2026-04-06,6,128.28,Order NonMasterPack,3,0.15,3.15
16474729,IF4041448588,32544174,V1J5Z2ERN - Ernies Sports Experts,RETENSP26FSJ,2026-04-02,2026-04-06,1,128.28,Order Processing,2,0.1,2.1
16474730,IF4041448589,32544175,J2K3G8SPO - SPORTS EXPERTS 479,4262102-479,2026-04-02,2026-04-13,67,2561.5,Order NonMasterPack,33.5,1.68,35.18
16474730,IF4041448589,32544175,J2K3G8SPO - SPORTS EXPERTS 479,4262102-479,2026-04-02,2026-04-13,1,2561.5,Order Processing,2,0.1,2.1
16474731,IF4041448590,32544176,G4R1Y5PLA - Place de Ville,B250708,2026-04-02,2026-04-06,16,342.08,Order NonMasterPack,8,0.4,8.4
16474731,IF4041448590,32544176,G4R1Y5PLA - Place de Ville,B250708,2026-04-02,2026-04-06,1,342.08,Order Processing,2,0.1,2.1
16474732,IF4041448591,32544177,J0K2N0BUY - Buying Member 712,4262102-712,2026-04-02,2026-04-14,48,1700,Order NonMasterPack,24,1.2,25.2
16474732,IF4041448591,32544177,J0K2N0BUY - Buying Member 712,4262102-712,2026-04-02,2026-04-14,1,1700,Order Processing,2,0.1,2.1
16474733,IF4041448592,32544178,J9P5K1CAR - Carrefour du Nord-Ouest,4262105-3306,2026-04-02,2026-04-06,18,405,Order NonMasterPack,9,0.45,9.45
16474733,IF4041448592,32544178,J9P5K1CAR - Carrefour du Nord-Ouest,4262105-3306,2026-04-02,2026-04-06,1,405,Order Processing,2,0.1,2.1
16474734,IF4041448593,32544179,J1X2A9SPO - SPORTS EXPERTS 468 (NORMANDIN),4262102-468,2026-04-02,2026-04-13,86,3243.5,Order NonMasterPack,43,2.15,45.15
16474734,IF4041448593,32544179,J1X2A9SPO - SPORTS EXPERTS 468 (NORMANDIN),4262102-468,2026-04-02,2026-04-13,1,3243.5,Order Processing,2,0.1,2.1
16474735,IF4041448594,32544180,G2K1N4GAL - Galeries de la Capitale,4262105-734,2026-04-02,2026-04-06,28,630,Order NonMasterPack,14,0.7,14.7
16474735,IF4041448594,32544180,G2K1N4GAL - Galeries de la Capitale,4262105-734,2026-04-02,2026-04-06,1,630,Order Processing,2,0.1,2.1
16474736,IF4041448595,32544181,J3A1M1SPO - SPORTS EXPERTS 408,4262105-408,2026-04-02,2026-04-06,1,270,Order Processing,2,0.1,2.1
16474736,IF4041448595,32544181,J3A1M1SPO - SPORTS EXPERTS 408,4262105-408,2026-04-02,2026-04-06,12,270,Order NonMasterPack,6,0.3,6.3
16474737,IF4041448597,32544182,G2J1R8MÃ‰G - MÃ©ga Centre Le Bourgneuf,4262105-682,2026-04-02,2026-04-06,16,360,Order NonMasterPack,8,0.4,8.4
16474737,IF4041448597,32544182,G2J1R8MÃ‰G - MÃ©ga Centre Le Bourgneuf,4262105-682,2026-04-02,2026-04-06,1,360,Order Processing,2,0.1,2.1
16474738,IF4041448598,32544183,J1L1K1SPO - SPORTS EXPERTS 528,4262105-528,2026-04-02,2026-04-06,1,180,Order Processing,2,0.1,2.1
16474738,IF4041448598,32544183,J1L1K1SPO - SPORTS EXPERTS 528,4262105-528,2026-04-02,2026-04-06,8,180,Order NonMasterPack,4,0.2,4.2
16474739,IF4041448599,32544185,G2K1N4GAL - Galeries de la Capitale,4262102-734,2026-04-02,2026-04-13,103,3318,Order NonMasterPack,51.5,2.58,54.08
16474739,IF4041448599,32544185,G2K1N4GAL - Galeries de la Capitale,4262102-734,2026-04-02,2026-04-13,1,3318,Order Processing,2,0.1,2.1
16474740,IF4041448600,32544186,J9X2R3SPO - SPORTS EXPERTS - ATMOSPHERE,4262102-3305,2026-04-02,2026-04-13,104,4437.5,Order NonMasterPack,52,2.6,54.6
16474740,IF4041448600,32544186,J9X2R3SPO - SPORTS EXPERTS - ATMOSPHERE,4262102-3305,2026-04-02,2026-04-13,1,4437.5,Order Processing,2,0.1,2.1
16474741,IF4041448601,32544187,G0C1E0SPO - SPORTS EXPERTS 674,4262102-674,2026-04-02,2026-04-15,402,13946,Order NonMasterPack,201,10.05,211.05
16474741,IF4041448601,32544187,G0C1E0SPO - SPORTS EXPERTS 674,4262102-674,2026-04-02,2026-04-15,1,13946,Order Processing,2,0.1,2.1
16474742,IF4041448602,32544188,J9X2R3SPO - SPORTS EXPERTS - ATMOSPHERE,4262106-3305,2026-04-02,2026-04-13,1,640,Order Processing,2,0.1,2.1
16474742,IF4041448602,32544188,J9X2R3SPO - SPORTS EXPERTS - ATMOSPHERE,4262106-3305,2026-04-02,2026-04-13,1,640,Order Master Pack Carton,2,0.1,2.1
16474743,IF4041448603,32544189,G0C1E0SPO - SPORTS EXPERTS 674,4262102,2026-04-02,2026-04-15,1,390,Order Processing,2,0.1,2.1
16474743,IF4041448603,32544189,G0C1E0SPO - SPORTS EXPERTS 674,4262102,2026-04-02,2026-04-15,10,390,Order NonMasterPack,5,0.25,5.25
16474744,IF4041448604,32544190,Y1A2B3COA - COAST MOUNTAIN,3004001,2026-04-02,2026-04-13,141,5316,Order NonMasterPack,70.5,3.53,74.03
16474744,IF4041448604,32544190,Y1A2B3COA - COAST MOUNTAIN,3004001,2026-04-02,2026-04-13,1,5316,Order Processing,2,0.1,2.1
16474745,IF4041448605,32544525,Y1A2B3COA - COAST MOUNTAIN,3003997,2026-04-02,2026-04-13,143,4380,Order NonMasterPack,71.5,3.58,75.08
16474745,IF4041448605,32544525,Y1A2B3COA - COAST MOUNTAIN,3003997,2026-04-02,2026-04-13,1,4380,Order Processing,2,0.1,2.1
16484486,IF4041448807,32553401,V6B1B2MAK - MAKE GASTOWN,10502-RET2-JBO,2026-04-06,2026-04-07,1,180,Order Processing,2,0.1,2.1
16484486,IF4041448807,32553401,V6B1B2MAK - MAKE GASTOWN,10502-RET2-JBO,2026-04-06,2026-04-07,8,180,Order NonMasterPack,4,0.2,4.2
16484487,IF4041448808,32553402,R0C1B0HP - HP TERGESENS,10TREE,2026-04-06,2026-04-10,4,90,Order NonMasterPack,2,0.1,2.1
16484487,IF4041448808,32553402,R0C1B0HP - HP TERGESENS,10TREE,2026-04-06,2026-04-10,1,90,Order Processing,2,0.1,2.1
16491119,IF4041450085,32599233,V7B1W2HUD - Hudson Grp VANCOUVER INT'L AIRPORT,4503798749,2026-04-08,2026-04-10,1,10504,Order Master Pack Carton,2,0.1,2.1
16491119,IF4041450085,32599233,V7B1W2HUD - Hudson Grp VANCOUVER INT'L AIRPORT,4503798749,2026-04-08,2026-04-10,285,10504,Order NonMasterPack,142.5,7.13,149.63
16491119,IF4041450085,32599233,V7B1W2HUD - Hudson Grp VANCOUVER INT'L AIRPORT,4503798749,2026-04-08,2026-04-10,1,10504,Order Processing,2,0.1,2.1
16497546,IF4041450359,32612596,V7B1K4VAN - VANCOUVER LP WDFG,4503801640,2026-04-10,2026-04-15,322,11479.5,Order NonMasterPack,161,8.05,169.05
16497546,IF4041450359,32612596,V7B1K4VAN - VANCOUVER LP WDFG,4503801640,2026-04-10,2026-04-15,1,11479.5,Order Processing,2,0.1,2.1
16470397,IF4041448363,32537124,R3J0Y7JAY - JAY HARRISON,promo Jay,2026-03-31,2026-04-01,9,206.5,Order NonMasterPack,4.5,0.23,4.73
16470397,IF4041448363,32537124,R3J0Y7JAY - JAY HARRISON,promo Jay,2026-03-31,2026-04-01,1,206.5,Order Processing,2,0.1,2.1
16506634,IF4041450732,32622335,N0G2V0HIS - HIS STYLE,tentree promo - Kelly,2026-04-14,2026-04-15,7,190.5,Order NonMasterPack,3.5,0.18,3.68
16506634,IF4041450732,32622335,N0G2V0HIS - HIS STYLE,tentree promo - Kelly,2026-04-14,2026-04-15,1,190.5,Order Processing,2,0.1,2.1
16405087,IF4041444577,32400291,L4W5M7C/O - c/o Lowe-Martin,299640,2026-03-16,2026-04-14,130,142272,Order Master Pack Carton,260,13,273
16405087,IF4041444577,32400291,L4W5M7C/O - c/o Lowe-Martin,299640,2026-03-16,2026-04-14,653,142272,Order NonMasterPack,326.5,16.33,342.83
16405087,IF4041444577,32400291,L4W5M7C/O - c/o Lowe-Martin,299640,2026-03-16,2026-04-14,1,142272,Order Processing,2,0.1,2.1
16430041,IF4041446633,32471534,V0G1S0VAL - Valhalla Pure Outfitters-04,Shelf Talker,2026-03-23,2026-04-06,1,0,Handling,0.55,0.03,0.58
16430041,IF4041446633,32471534,V0G1S0VAL - Valhalla Pure Outfitters-04,Shelf Talker,2026-03-23,2026-04-06,1,0,Order Processing,2,0.1,2.1
16430042,IF4041446634,32471535,R7N1C3WOW - WOW! Mabuhay,Shelf Talker,2026-03-23,2026-04-08,1,0,Order Processing,2,0.1,2.1
16430042,IF4041446634,32471535,R7N1C3WOW - WOW! Mabuhay,Shelf Talker,2026-03-23,2026-04-08,1,0,Handling,0.55,0.03,0.58
16431489,IF4041446686,32472218,"L5T1A7LID - LIDS CANADA, INC.",2P000026165,2026-03-23,2026-04-06,5,11340,Order Master Pack Carton,10,0.5,10.5
16431489,IF4041446686,32472218,"L5T1A7LID - LIDS CANADA, INC.",2P000026165,2026-03-23,2026-04-06,1,11340,Order Processing,2,0.1,2.1
16431489,IF4041446686,32472218,"L5T1A7LID - LIDS CANADA, INC.",2P000026165,2026-03-23,2026-04-06,144,11340,Order NonMasterPack,72,3.6,75.6
16448209,IF4041447224,32491241,K7L1B5TRA - TRAILHEAD KINGSTON,Shelf Talker,2026-03-26,2026-04-09,1,0,Handling,0.55,0.03,0.58
16448209,IF4041447224,32491241,K7L1B5TRA - TRAILHEAD KINGSTON,Shelf Talker,2026-03-26,2026-04-09,1,0,Order Processing,2,0.1,2.1
16448210,IF4041447225,32491242,K8P5A5TRA - TRAILHEAD BELLEVILLE,Shelf Talker,2026-03-26,2026-04-09,1,0,Handling,0.55,0.03,0.58
16448210,IF4041447225,32491242,K8P5A5TRA - TRAILHEAD BELLEVILLE,Shelf Talker,2026-03-26,2026-04-09,1,0,Order Processing,2,0.1,2.1
16448211,IF4041447227,32491244,J7C3V6PER - PERFORMANCE SPORTS EXTREMES INC dba PRFO,Shelf Talker,2026-03-26,2026-04-06,1,0,Handling,0.55,0.03,0.58
16448211,IF4041447227,32491244,J7C3V6PER - PERFORMANCE SPORTS EXTREMES INC dba PRFO,Shelf Talker,2026-03-26,2026-04-06,1,0,Order Processing,2,0.1,2.1
16448212,IF4041447228,32491245,N2Z2Y2WES - WESTSHORE CLOTHING,Shelf Talker,2026-03-26,2026-04-15,1,0,Handling,0.55,0.03,0.58
16448212,IF4041447228,32491245,N2Z2Y2WES - WESTSHORE CLOTHING,Shelf Talker,2026-03-26,2026-04-15,1,0,Order Processing,2,0.1,2.1
16448213,IF4041447229,32491246,P5A1Y3108 - 108 LIFESTYLE AND SPORTING GOODS,Shelf Talker,2026-03-26,2026-04-08,1,0,Order Processing,2,0.1,2.1
16448213,IF4041447229,32491246,P5A1Y3108 - 108 LIFESTYLE AND SPORTING GOODS,Shelf Talker,2026-03-26,2026-04-08,1,0,Handling,0.55,0.03,0.58
16448214,IF4041447230,32491247,K0L1C0MAC - MACK ATTACK OUTDOORS,Shelf Talker,2026-03-26,2026-04-15,1,0,Handling,0.55,0.03,0.58
16448214,IF4041447230,32491247,K0L1C0MAC - MACK ATTACK OUTDOORS,Shelf Talker,2026-03-26,2026-04-15,1,0,Order Processing,2,0.1,2.1
16448215,IF4041447231,32491248,J4K2V1PLA - Place Longueuil,Shelf Talker,2026-03-26,2026-04-08,1,0,Handling,0.55,0.03,0.58
16448215,IF4041447231,32491248,J4K2V1PLA - Place Longueuil,Shelf Talker,2026-03-26,2026-04-08,1,0,Order Processing,2,0.1,2.1
16448216,IF4041447232,32491249,J9X2R3SPO - SPORTS EXPERTS - ATMOSPHERE,Shelf Talker,2026-03-26,2026-04-08,1,0,Order Processing,2,0.1,2.1
16448216,IF4041447232,32491249,J9X2R3SPO - SPORTS EXPERTS - ATMOSPHERE,Shelf Talker,2026-03-26,2026-04-08,1,0,Handling,0.55,0.03,0.58
16448217,IF4041447233,32491250,V0R2L0MAL - MALAHAT SKYWALK,Shelf Talker,2026-03-26,2026-04-08,1,0,Handling,0.55,0.03,0.58
16448217,IF4041447233,32491250,V0R2L0MAL - MALAHAT SKYWALK,Shelf Talker,2026-03-26,2026-04-08,1,0,Order Processing,2,0.1,2.1
16469117,IF4041448140,32528532,V6H3S4MAK - MAKE,tentree GI fixtures,2026-03-31,2026-04-07,3,0,Handling,13.2,0.66,13.86
16469117,IF4041448140,32528532,V6H3S4MAK - MAKE,tentree GI fixtures,2026-03-31,2026-04-07,1,0,Order Processing,2,0.1,2.1
16469118,IF4041448141,32528539,V1R4C2JJS - JJS FASHIONS,Fixtures,2026-03-31,2026-04-01,2,0,Handling,1.1,0.06,1.16
16469118,IF4041448141,32528539,V1R4C2JJS - JJS FASHIONS,Fixtures,2026-03-31,2026-04-01,1,0,Order Processing,2,0.1,2.1
16470396,IF4041448342,32536719,V8E0Z5CAN - Canadian Resort Hotels Ltd. Partnership,tentree fixtures att: josh fraser,2026-03-31,2026-04-07,2,0,Handling,8.8,0.44,9.24
16470396,IF4041448342,32536719,V8E0Z5CAN - Canadian Resort Hotels Ltd. Partnership,tentree fixtures att: josh fraser,2026-03-31,2026-04-07,1,0,Order Processing,2,0.1,2.1
16487880,IF4041449903,32590846,L7P0N6SAI - SAIL 24,tentree POP English,2026-04-07,2026-04-08,1,0,Handling,0.55,0.03,0.58
16487880,IF4041449903,32590846,L7P0N6SAI - SAIL 24,tentree POP English,2026-04-07,2026-04-08,1,0,Order Processing,2,0.1,2.1
16488503,IF4041449934,32592395,L4G3H7ST - ST ANDREW'S COLLEGE,Att: Doug - tentree chalkboards/POP,2026-04-07,2026-04-10,1,0,Order Processing,2,0.1,2.1
16488503,IF4041449934,32592395,L4G3H7ST - ST ANDREW'S COLLEGE,Att: Doug - tentree chalkboards/POP,2026-04-07,2026-04-10,4,0,Handling,9.9,0.5,10.4
16488504,IF4041449936,32592397,V0R1X0NOR - NORTH ROAD SPORTS,fixture,2026-04-07,2026-04-10,2,0,Handling,8.8,0.44,9.24
16488504,IF4041449936,32592397,V0R1X0NOR - NORTH ROAD SPORTS,fixture,2026-04-07,2026-04-10,1,0,Order Processing,2,0.1,2.1
16488505,IF4041449939,32592398,V0A1H0TOP - TOP NOTCH,fixture,2026-04-07,2026-04-10,1,0,Order Processing,2,0.1,2.1
16488505,IF4041449939,32592398,V0A1H0TOP - TOP NOTCH,fixture,2026-04-07,2026-04-10,2,0,Handling,8.8,0.44,9.24
16488506,IF4041449940,32592399,V5J3G6CAN - CANADA GARDENWORKS LTD dba GARDENWORKS,tentree Aframe mallardville,2026-04-07,2026-04-09,1,0,Handling,4.4,0.22,4.62
16488506,IF4041449940,32592399,V5J3G6CAN - CANADA GARDENWORKS LTD dba GARDENWORKS,tentree Aframe mallardville,2026-04-07,2026-04-09,1,0,Order Processing,2,0.1,2.1
16488507,IF4041449942,32592500,V0H1H0CRE - CREATIVE CUSTOM EMBROIDERY dba WORK N PL,fixture,2026-04-07,2026-04-13,1,0,Order Processing,2,0.1,2.1
16488507,IF4041449942,32592500,V0H1H0CRE - CREATIVE CUSTOM EMBROIDERY dba WORK N PL,fixture,2026-04-07,2026-04-13,1,0,Handling,4.4,0.22,4.62
16488508,IF4041449943,32592501,V2A7N1CAN - CANADA GARDENWORKS LTD dba GARDENWORKS,tentree Aframe penticton,2026-04-07,2026-04-09,1,0,Order Processing,2,0.1,2.1
16488508,IF4041449943,32592501,V2A7N1CAN - CANADA GARDENWORKS LTD dba GARDENWORKS,tentree Aframe penticton,2026-04-07,2026-04-09,1,0,Handling,4.4,0.22,4.62
16488509,IF4041449944,32592502,V1K1B8WOR - WORK N PLAY CLOTHING CO,fixture,2026-04-07,2026-04-13,1,0,Order Processing,2,0.1,2.1
16488509,IF4041449944,32592502,V1K1B8WOR - WORK N PLAY CLOTHING CO,fixture,2026-04-07,2026-04-13,1,0,Handling,4.4,0.22,4.62
16488510,IF4041449945,32592503,V2J2M5PEA - PEARLS FASHION,fixture,2026-04-07,2026-04-10,1,0,Order Processing,2,0.1,2.1
16488510,IF4041449945,32592503,V2J2M5PEA - PEARLS FASHION,fixture,2026-04-07,2026-04-10,2,0,Handling,8.8,0.44,9.24
16488511,IF4041449946,32592504,V0E2S0WEA - WEARABOUTS - REVELSTOKE,fixture,2026-04-07,2026-04-13,1,0,Handling,4.4,0.22,4.62
16488511,IF4041449946,32592504,V0E2S0WEA - WEARABOUTS - REVELSTOKE,fixture,2026-04-07,2026-04-13,1,0,Order Processing,2,0.1,2.1
16490549,IF4041450057,32597991,V6B1B2MAK - MAKE GASTOWN,GT fixtures tentree,2026-04-08,2026-04-09,2,0,Handling,8.8,0.44,9.24
16490549,IF4041450057,32597991,V6B1B2MAK - MAKE GASTOWN,GT fixtures tentree,2026-04-08,2026-04-09,1,0,Order Processing,2,0.1,2.1
16490550,IF4041450058,32597992,V8J1P2HOM - HOMEWORK,fixture,2026-04-08,2026-04-10,1,0,Order Processing,2,0.1,2.1
16490550,IF4041450058,32597992,V8J1P2HOM - HOMEWORK,fixture,2026-04-08,2026-04-10,1,0,Handling,4.4,0.22,4.62
16490551,IF4041450059,32597993,V6B1B2MAK - MAKE GASTOWN,GT fixtures tentree,2026-04-08,2026-04-09,1,0,Handling,4.4,0.22,4.62
16490551,IF4041450059,32597993,V6B1B2MAK - MAKE GASTOWN,GT fixtures tentree,2026-04-08,2026-04-09,1,0,Order Processing,2,0.1,2.1
16490552,IF4041450061,32597994,V1T9H2WEA - WEARABOUTS - VERNON,fixture,2026-04-08,2026-04-13,1,0,Handling,4.4,0.22,4.62
16490552,IF4041450061,32597994,V1T9H2WEA - WEARABOUTS - VERNON,fixture,2026-04-08,2026-04-13,1,0,Order Processing,2,0.1,2.1
16491120,IF4041450084,32599232,V7B1W2HUD - Hudson Grp VANCOUVER INT'L AIRPORT,4503798748,2026-04-08,2026-04-10,435,13877.5,Order NonMasterPack,217.5,10.88,228.38
16491120,IF4041450084,32599232,V7B1W2HUD - Hudson Grp VANCOUVER INT'L AIRPORT,4503798748,2026-04-08,2026-04-10,1,13877.5,Order Processing,2,0.1,2.1
16491120,IF4041450084,32599232,V7B1W2HUD - Hudson Grp VANCOUVER INT'L AIRPORT,4503798748,2026-04-08,2026-04-10,2,13877.5,Order Master Pack Carton,4,0.2,4.2
16496422,IF4041450244,32606379,V1E1B4HAR - HARTTY CLOTHING,fixture,2026-04-10,2026-04-15,1,0,Order Processing,2,0.1,2.1
16496422,IF4041450244,32606379,V1E1B4HAR - HARTTY CLOTHING,fixture,2026-04-10,2026-04-15,1,0,Handling,4.4,0.22,4.62
16496423,IF4041450246,32606381,V9L1V8WAL - WALL STREET CLOTHING,fixture,2026-04-10,2026-04-15,1,0,Order Processing,2,0.1,2.1
16496423,IF4041450246,32606381,V9L1V8WAL - WALL STREET CLOTHING,fixture,2026-04-10,2026-04-15,1,0,Handling,4.4,0.22,4.62
16496424,IF4041450247,32606382,V9K1S7COV - COVET BOUTIQUE,fixture,2026-04-10,2026-04-15,1,0,Handling,4.4,0.22,4.62
16496424,IF4041450247,32606382,V9K1S7COV - COVET BOUTIQUE,fixture,2026-04-10,2026-04-15,1,0,Order Processing,2,0.1,2.1
16506125,IF4041450630,32620396,V8E0Z5CAN - Canadian Resort Hotels Ltd. Partnership,tentree fixtures att: josh fraser,2026-04-14,2026-04-15,1,0,Handling,4.4,0.22,4.62
16506125,IF4041450630,32620396,V8E0Z5CAN - Canadian Resort Hotels Ltd. Partnership,tentree fixtures att: josh fraser,2026-04-14,2026-04-15,1,0,Order Processing,2,0.1,2.1
16506126,IF4041450631,32620497,P1B6J3LAK - LAKEHEAD UNIVERSITY ALUMNI BOOKSTORE,tentree signage for store,2026-04-14,2026-04-15,3,0,Handling,9.35,0.47,9.82
16506126,IF4041450631,32620497,P1B6J3LAK - LAKEHEAD UNIVERSITY ALUMNI BOOKSTORE,tentree signage for store,2026-04-14,2026-04-15,1,0,Order Processing,2,0.1,2.1
1036423,PO04704,31269913,,S06527955,2026-04-06,2026-04-09,192,0,Receiving,13.44,0.67,14.11
1036423,PO04704,31269913,,S06527955,2026-04-06,2026-04-09,1,0,Receipt Processing,10,0.5,10.5
1036423,PO04704,31269913,,S06527955,2026-04-06,2026-04-09,192,0,Receipt Mixed Carton Unit,34.56,1.73,36.29
1036423,PO04704,31269913,,S06527955,2026-04-06,2026-04-09,192,0,Storage,9.6,0.48,10.08
1037412,PO04702,31269290,,8.70103E+11,2026-04-08,2026-04-09,1,0,Receipt Processing,10,0.5,10.5
1037412,PO04702,31269290,,8.70103E+11,2026-04-08,2026-04-09,8,0,Receiving,0.56,0.03,0.59
1037412,PO04702,31269290,,8.70103E+11,2026-04-08,2026-04-09,8,0,Receipt Mixed Carton Unit,1.44,0.07,1.51
1037412,PO04702,31269290,,8.70103E+11,2026-04-08,2026-04-09,8,0,Storage,0.4,0.02,0.42
1037418,PO04701,31269289,,8.89864E+11,2026-04-08,2026-04-09,1,0,Receipt Processing,10,0.5,10.5
1037418,PO04701,31269289,,8.89864E+11,2026-04-08,2026-04-09,121,0,Receiving,8.47,0.42,8.89
1037418,PO04701,31269289,,8.89864E+11,2026-04-08,2026-04-09,81,0,Inbound Units Audit,14.58,0.73,15.31
1037418,PO04701,31269289,,8.89864E+11,2026-04-08,2026-04-09,121,0,Receipt Mixed Carton Unit,21.78,1.09,22.87
1037418,PO04701,31269289,,8.89864E+11,2026-04-08,2026-04-09,121,0,Storage,6.05,0.3,6.35
1038992,PO04702,31269290,,8.70379E+11,2026-04-14,2026-04-15,1,0,Receipt Processing,10,0.5,10.5
1038992,PO04702,31269290,,8.70379E+11,2026-04-14,2026-04-15,4,0,Receiving,0.28,0.01,0.29
1038992,PO04702,31269290,,8.70379E+11,2026-04-14,2026-04-15,4,0,Storage,0.2,0.01,0.21
1037786,PO 04702,Unexpected,,8.70103E+11,2026-04-09,2026-04-10,1,0,Receipt Processing,10,0.5,10.5
1037786,PO 04702,Unexpected,,8.70103E+11,2026-04-09,2026-04-10,4,0,Receiving,0.28,0.01,0.29
1037786,PO 04702,Unexpected,,8.70103E+11,2026-04-09,2026-04-10,4,0,Storage,0.2,0.01,0.21
1037856,04701 Unexpected,,,8.89864E+11,2026-04-09,2026-04-09,1,0,Receipt Processing,10,0.5,10.5
1037856,04701 Unexpected,,,8.89864E+11,2026-04-09,2026-04-09,8,0,Receipt Mixed Carton Unit,1.44,0.07,1.51
1037856,04701 Unexpected,,,8.89864E+11,2026-04-09,2026-04-09,8,0,Receiving,0.56,0.03,0.59
1037856,04701 Unexpected,,,8.89864E+11,2026-04-09,2026-04-09,8,0,Storage,0.4,0.02,0.42
1035863,RMA89832,32390548,MAKE VANCOUVER FULFILLMENT CENTRE (V5L1Y9MAK),KA006407,2026-04-01,2026-04-01,10,0,Returns,45.4,2.27,47.67
1035863,RMA89832,32390548,MAKE VANCOUVER FULFILLMENT CENTRE (V5L1Y9MAK),KA006407,2026-04-01,2026-04-01,0,0,Service Center Labor,3.78,0.19,3.97
1035863,RMA89832,32390548,MAKE VANCOUVER FULFILLMENT CENTRE (V5L1Y9MAK),KA006407,2026-04-01,2026-04-01,10,0,Restock,44,2.2,46.2
1035863,RMA89832,32390548,MAKE VANCOUVER FULFILLMENT CENTRE (V5L1Y9MAK),KA006407,2026-04-01,2026-04-01,10,0,Storage,65,3.25,68.25
1036925,RMA89817,32379367,HUDSON GRP VANCOUVER INT'L AIRPORT (V7B1W2HUD),A09908193-0001,2026-04-07,2026-04-07,8,0,Service Center Labor,378,18.9,396.9
1036925,RMA89817,32379367,HUDSON GRP VANCOUVER INT'L AIRPORT (V7B1W2HUD),A09908193-0001,2026-04-07,2026-04-07,94,0,Restock,23.5,1.17,24.67
1036925,RMA89817,32379367,HUDSON GRP VANCOUVER INT'L AIRPORT (V7B1W2HUD),A09908193-0001,2026-04-07,2026-04-07,94,0,Returns,64.38,3.22,67.6
1036925,RMA89817,32379367,HUDSON GRP VANCOUVER INT'L AIRPORT (V7B1W2HUD),A09908193-0001,2026-04-07,2026-04-07,5,0,Shop Supplies,1.2,0.06,1.26
1036925,RMA89817,32379367,HUDSON GRP VANCOUVER INT'L AIRPORT (V7B1W2HUD),A09908193-0001,2026-04-07,2026-04-07,94,0,Storage,4.7,0.23,4.93
1037180,RMA89818,32379368,THE NUANCEGROUP INC (L6T4H8THE),A09896499-0001,2026-04-07,2026-04-08,52,0,Returns,36.24,1.81,38.05
1037180,RMA89818,32379368,THE NUANCEGROUP INC (L6T4H8THE),A09896499-0001,2026-04-07,2026-04-08,4,0,Service Center Labor,165.38,8.27,173.65
1037180,RMA89818,32379368,THE NUANCEGROUP INC (L6T4H8THE),A09896499-0001,2026-04-07,2026-04-08,52,0,Restock,13,0.65,13.65
1037180,RMA89818,32379368,THE NUANCEGROUP INC (L6T4H8THE),A09896499-0001,2026-04-07,2026-04-08,52,0,Storage,2.6,0.13,2.73
1037848,RMA90046,32529274,KALECO (V1T5H7KAL),6.00664E+15,2026-04-09,2026-04-09,5,0,Returns,4.75,0.24,4.99
1037848,RMA90046,32529274,KALECO (V1T5H7KAL),6.00664E+15,2026-04-09,2026-04-09,0,0,Service Center Labor,8.03,0.4,8.43
1037848,RMA90046,32529274,KALECO (V1T5H7KAL),6.00664E+15,2026-04-09,2026-04-09,5,0,Restock,1.25,0.06,1.31
1037848,RMA90046,32529274,KALECO (V1T5H7KAL),6.00664E+15,2026-04-09,2026-04-09,5,0,Storage,0.25,0.01,0.26
1038310,RMA90044,32528322,MAKE VANCOUVER FULFILLMENT CENTER (V5L1Y9MAK),8.70192E+11,2026-04-10,2026-04-10,5,0,Returns,4.75,0.24,4.99
1038310,RMA90044,32528322,MAKE VANCOUVER FULFILLMENT CENTER (V5L1Y9MAK),8.70192E+11,2026-04-10,2026-04-10,0,0,Service Center Labor,1.42,0.07,1.49
1038310,RMA90044,32528322,MAKE VANCOUVER FULFILLMENT CENTER (V5L1Y9MAK),8.70192E+11,2026-04-10,2026-04-10,5,0,Restock,1.25,0.06,1.31
1038310,RMA90044,32528322,MAKE VANCOUVER FULFILLMENT CENTER (V5L1Y9MAK),8.70192E+11,2026-04-10,2026-04-10,5,0,Storage,0.25,0.01,0.26
14637664,IF4041450001,32594204,T4V1P9THE - THE TRENDY WALRUS,4.00747E+15,2026-04-08,2026-04-10,15,337.5,Outbound Freight,11.46,0.57,12.03
14637664,IF4041450001,32594204,T4V1P9THE - THE TRENDY WALRUS,4.00747E+15,2026-04-08,2026-04-10,3,337.5,Outbound Shipment Materials,2.79,0.34,3.13
14643765,IF4041450235,32606272,V5A1V7SAV - Save On Stitch,4.00747E+15,2026-04-10,2026-04-14,2,49,Outbound Shipment Materials,1.78,0.21,1.99
14643765,IF4041450235,32606272,V5A1V7SAV - Save On Stitch,4.00747E+15,2026-04-10,2026-04-14,1,49,Outbound Freight,8.19,0.41,8.6
14643727,IF4041450251,32606586,B3B1Z2URB - Urbanbutter Creative Group inc,3.80403E+11,2026-04-10,2026-04-10,4,436,Outbound Freight,22.84,3.2,26.04
14643727,IF4041450251,32606586,B3B1Z2URB - Urbanbutter Creative Group inc,3.80403E+11,2026-04-10,2026-04-10,1,436,Outbound Shipment Materials,0.63,0.07,0.7
14577050,IF4041444074,32384777,R0C1B0HP - HP TERGESENS,LSHP47710631,2026-03-25,2026-04-01,6,2791,Outbound Shipment Materials,6.43,0.77,7.2
14577050,IF4041444074,32384777,R0C1B0HP - HP TERGESENS,LSHP47710631,2026-03-25,2026-04-01,84,2791,Outbound Freight,34.64,1.73,36.37
14597514,IF4041444489,32399552,V0G1S0VAL - Valhalla Pure Outfitters-04,4.00747E+15,2026-03-30,2026-04-06,4,574,Outbound Shipment Materials,4.06,0.48,4.54
14597514,IF4041444489,32399552,V0G1S0VAL - Valhalla Pure Outfitters-04,4.00747E+15,2026-03-30,2026-04-06,22,574,Outbound Freight,18.39,0.92,19.31
14597517,IF4041444497,32399559,T7P2J8A&M - A&M CLOTHING AND SHOES,LSHP47784860,2026-03-30,2026-04-06,36,1233,Outbound Freight,16.6,0.83,17.43
14597517,IF4041444497,32399559,T7P2J8A&M - A&M CLOTHING AND SHOES,LSHP47784860,2026-03-30,2026-04-06,4,1233,Outbound Shipment Materials,4.06,0.48,4.54
14597518,IF4041444498,32399560,V0A1K0THE - THE INSIDE EDGE SPORTS STORE LTD,LSHP47784859,2026-03-30,2026-04-06,63,2096.5,Outbound Freight,16.1,0.81,16.91
14597518,IF4041444498,32399560,V0A1K0THE - THE INSIDE EDGE SPORTS STORE LTD,LSHP47784859,2026-03-30,2026-04-06,5,2096.5,Outbound Shipment Materials,4.65,0.56,5.21
14597519,IF4041444507,32399566,V0G1R0TOU - TOUCH OF FASHION,LSHP47784872,2026-03-30,2026-04-06,9,2637.5,Outbound Shipment Materials,8.71,1.05,9.76
14597519,IF4041444507,32399566,V0G1R0TOU - TOUCH OF FASHION,LSHP47784872,2026-03-30,2026-04-06,97,2637.5,Outbound Freight,21.78,1.09,22.87
14599167,IF4041444502,32399563,S4N0P9FRE - FRESH AIR EXPERIENCE,4.00747E+15,2026-03-30,2026-04-07,55,1495.5,Outbound Freight,21.28,1.06,22.34
14599167,IF4041444502,32399563,S4N0P9FRE - FRESH AIR EXPERIENCE,4.00747E+15,2026-03-30,2026-04-07,5,1495.5,Outbound Shipment Materials,4.65,0.56,5.21
14599168,IF4041444501,32399562,T7P2J8A&M - A&M CLOTHING AND SHOES,LSHP47784919,2026-03-30,2026-04-06,37,1174.5,Outbound Freight,16.6,0.83,17.43
14599168,IF4041444501,32399562,T7P2J8A&M - A&M CLOTHING AND SHOES,LSHP47784919,2026-03-30,2026-04-06,4,1174.5,Outbound Shipment Materials,4.06,0.48,4.54
14603628,IF4041444495,32399557,K8P5A5TRA - TRAILHEAD BELLEVILLE,LSHP47840995,2026-03-31,2026-04-09,5,1911.5,Outbound Shipment Materials,4.65,0.56,5.21
14603628,IF4041444495,32399557,K8P5A5TRA - TRAILHEAD BELLEVILLE,LSHP47840995,2026-03-31,2026-04-09,71,1911.5,Outbound Freight,30.61,3.98,34.59
14603629,IF4041444496,32399558,K7L1B5TRA - TRAILHEAD KINGSTON,5.20439E+11,2026-03-31,2026-04-09,16,3225.5,Outbound Shipment Materials,15.89,1.9,17.79
14603629,IF4041444496,32399558,K7L1B5TRA - TRAILHEAD KINGSTON,5.20439E+11,2026-03-31,2026-04-09,108,3225.5,Outbound Freight,42.32,5.5,47.82
14603632,IF4041446683,32472213,A0P1E0BLI - BLIZZARD CORP. LTD.,4.00747E+15,2026-03-31,2026-04-02,67,2566,Outbound Freight,149.3,22.4,171.7
14603632,IF4041446683,32472213,A0P1E0BLI - BLIZZARD CORP. LTD.,4.00747E+15,2026-03-31,2026-04-02,12,2566,Outbound Shipment Materials,11.64,1.39,13.03
14604082,IF4041448293,32535567,B3B0E6TAK - TAKE IT OUTSIDE INC.,3.80152E+11,2026-03-31,2026-04-01,0,67.5,Outbound Shipment Materials,0.48,0.05,0.53
14604082,IF4041448293,32535567,B3B0E6TAK - TAKE IT OUTSIDE INC.,3.80152E+11,2026-03-31,2026-04-01,3,67.5,Outbound Freight,16.9,2.37,19.27
14604083,IF4041448294,32535566,N5A3G8GRU - GRUV,4.00747E+15,2026-03-31,2026-04-01,9,202.5,Outbound Freight,12.83,1.67,14.5
14604083,IF4041448294,32535566,N5A3G8GRU - GRUV,4.00747E+15,2026-03-31,2026-04-01,2,202.5,Outbound Shipment Materials,1.9,0.23,2.13
14604084,IF4041448295,32535568,B3B1S1CLE - CLEVE'S SOURCE FOR SPORTS,4.00747E+15,2026-03-31,2026-04-01,20,450,Outbound Freight,17.99,2.52,20.51
14604084,IF4041448295,32535568,B3B1S1CLE - CLEVE'S SOURCE FOR SPORTS,4.00747E+15,2026-03-31,2026-04-01,3,450,Outbound Shipment Materials,2.93,0.36,3.29
14604085,IF4041448296,32535569,V0R1M0WAB - WABISABI BOARDWEAR,5.20436E+11,2026-03-31,2026-04-01,6,135,Outbound Freight,13.22,0.66,13.88
14604085,IF4041448296,32535569,V0R1M0WAB - WABISABI BOARDWEAR,5.20436E+11,2026-03-31,2026-04-01,0,135,Outbound Shipment Materials,0.48,0.05,0.53
14604086,IF4041448297,32535570,H7L5Z6A/S - A/S Les Boutiques Tremblant,5.20437E+11,2026-03-31,2026-04-01,10,225,Outbound Freight,12.76,0.64,13.4
14604086,IF4041448297,32535570,H7L5Z6A/S - A/S Les Boutiques Tremblant,5.20437E+11,2026-03-31,2026-04-01,2,225,Outbound Shipment Materials,1.9,0.23,2.13
14604087,IF4041448298,32535571,A2H2N2GEO - GEORGES MOUNTAIN VILLAGE,3.80153E+11,2026-03-31,2026-04-01,0,112.5,Outbound Shipment Materials,0.48,0.05,0.53
14604087,IF4041448298,32535571,A2H2N2GEO - GEORGES MOUNTAIN VILLAGE,3.80153E+11,2026-03-31,2026-04-01,5,112.5,Outbound Freight,28.21,4.23,32.44
14604088,IF4041448300,32535573,E3B1B2THE - THE RADICAL EDGE,3.80153E+11,2026-03-31,2026-04-01,3,67.5,Outbound Freight,16.9,2.54,19.44
14604088,IF4041448300,32535573,E3B1B2THE - THE RADICAL EDGE,3.80153E+11,2026-03-31,2026-04-01,0,67.5,Outbound Shipment Materials,0.48,0.05,0.53
14604089,IF4041448301,32535574,B5A1E7EVE - EVERY BLOOMIN THING,4.00747E+15,2026-03-31,2026-04-01,2,202.5,Outbound Shipment Materials,1.9,0.23,2.13
14604089,IF4041448301,32535574,B5A1E7EVE - EVERY BLOOMIN THING,4.00747E+15,2026-03-31,2026-04-01,9,202.5,Outbound Freight,16.51,2.31,18.82
14604090,IF4041448302,32535575,V0B1M0EDG - EDGE OF THE WORLD BOARD SHOP,LSHP47845280,2026-03-31,2026-04-01,14,315,Outbound Freight,18.54,0.93,19.47
14604090,IF4041448302,32535575,V0B1M0EDG - EDGE OF THE WORLD BOARD SHOP,LSHP47845280,2026-03-31,2026-04-01,3,315,Outbound Shipment Materials,2.79,0.34,3.13
14604091,IF4041448303,32535576,V9Y8E9LAC - LACE IT UP aka JAYS MENS WEAR,4.00747E+15,2026-03-31,2026-04-01,0,90,Outbound Shipment Materials,0.48,0.05,0.53
14604091,IF4041448303,32535576,V9Y8E9LAC - LACE IT UP aka JAYS MENS WEAR,4.00747E+15,2026-03-31,2026-04-01,4,90,Outbound Freight,9.19,0.46,9.65
14604092,IF4041448307,32535580,B2N4B5TAK - TAKE IT OUTSIDE INC.,3.80153E+11,2026-03-31,2026-04-01,3,67.5,Outbound Freight,16.9,2.37,19.27
14604092,IF4041448307,32535580,B2N4B5TAK - TAKE IT OUTSIDE INC.,3.80153E+11,2026-03-31,2026-04-01,0,67.5,Outbound Shipment Materials,0.48,0.05,0.53
14604093,IF4041448308,32535581,V1C3R3GER - GERICK SPORTS,4.00747E+15,2026-03-31,2026-04-01,5,112.5,Outbound Freight,11.51,0.58,12.09
14604093,IF4041448308,32535581,V1C3R3GER - GERICK SPORTS,4.00747E+15,2026-03-31,2026-04-01,0,112.5,Outbound Shipment Materials,0.48,0.05,0.53
14604095,IF4041448311,32535584,P0T1T0BRA - BRAGGS,LSHP47839780,2026-03-31,2026-04-01,0,90,Outbound Shipment Materials,0.48,0.05,0.53
14604095,IF4041448311,32535584,P0T1T0BRA - BRAGGS,LSHP47839780,2026-03-31,2026-04-01,4,90,Outbound Freight,25.79,3.35,29.14
14604097,IF4041448314,32535587,V0J1Z0CHI - CHIAS DREAM CLOSET,LSHP47839828,2026-03-31,2026-04-01,3,67.5,Outbound Freight,11.79,0.59,12.38
14604097,IF4041448314,32535587,V0J1Z0CHI - CHIAS DREAM CLOSET,LSHP47839828,2026-03-31,2026-04-01,0,67.5,Outbound Shipment Materials,0.48,0.05,0.53
14604099,IF4041448317,32535590,T0L2H0KAN - KANANASKIS OUTFITTERS LTD,LSHP47839914,2026-03-31,2026-04-01,0,67.5,Outbound Shipment Materials,0.48,0.05,0.53
14604099,IF4041448317,32535590,T0L2H0KAN - KANANASKIS OUTFITTERS LTD,LSHP47839914,2026-03-31,2026-04-01,3,67.5,Outbound Freight,13.09,0.65,13.74
14604100,IF4041448319,32535592,R0L1Z0RUM - RUMORS,LSHP47839999,2026-03-31,2026-04-01,0,67.5,Outbound Shipment Materials,0.48,0.05,0.53
14604100,IF4041448319,32535592,R0L1Z0RUM - RUMORS,LSHP47839999,2026-03-31,2026-04-01,3,67.5,Outbound Freight,17.22,0.86,18.08
14604101,IF4041448320,32535593,V2A5A4FRE - FREE RIDE PENTICTON,LSHP47840104,2026-03-31,2026-04-01,4,90,Outbound Freight,10.03,0.5,10.53
14604101,IF4041448320,32535593,V2A5A4FRE - FREE RIDE PENTICTON,LSHP47840104,2026-03-31,2026-04-01,0,90,Outbound Shipment Materials,0.48,0.05,0.53
14604102,IF4041448321,32535594,T0C2L0JOH - JOHNS MENSWEAR,5.20437E+11,2026-03-31,2026-04-01,2,247.5,Outbound Shipment Materials,1.9,0.23,2.13
14604102,IF4041448321,32535594,T0C2L0JOH - JOHNS MENSWEAR,5.20437E+11,2026-03-31,2026-04-01,11,247.5,Outbound Freight,12.06,0.6,12.66
14604103,IF4041448322,32535595,V2A5A4FRE - FREE RIDE PENTICTON,LSHP47840173,2026-03-31,2026-04-01,4,90,Outbound Freight,10.03,0.5,10.53
14604103,IF4041448322,32535595,V2A5A4FRE - FREE RIDE PENTICTON,LSHP47840173,2026-03-31,2026-04-01,0,90,Outbound Shipment Materials,0.48,0.05,0.53
14604104,IF4041448324,32535597,J4Y0C4QUI - QUINCAILLERIE TURBO INC,5.20436E+11,2026-03-31,2026-04-01,4,90,Outbound Freight,14.03,0.7,14.73
14604104,IF4041448324,32535597,J4Y0C4QUI - QUINCAILLERIE TURBO INC,5.20436E+11,2026-03-31,2026-04-01,0,90,Outbound Shipment Materials,0.48,0.05,0.53
14604105,IF4041448328,32535601,J0K2T0PIS - PISCINES ET SPAS STE-JULIENNE,LSHP47840310,2026-03-31,2026-04-01,0,90,Outbound Shipment Materials,0.48,0.05,0.53
14604105,IF4041448328,32535601,J0K2T0PIS - PISCINES ET SPAS STE-JULIENNE,LSHP47840310,2026-03-31,2026-04-01,4,90,Outbound Freight,26.44,1.32,27.76
14604106,IF4041448327,32535600,V0H1H0CRE - CREATIVE CUSTOM EMBROIDERY dba WORK N PL,5.20438E+11,2026-03-31,2026-04-02,8,180,Outbound Freight,16.48,0.82,17.3
14604106,IF4041448327,32535600,V0H1H0CRE - CREATIVE CUSTOM EMBROIDERY dba WORK N PL,5.20438E+11,2026-03-31,2026-04-02,2,180,Outbound Shipment Materials,1.9,0.23,2.13
14604107,IF4041448299,32535572,A0G3A0BLU - BLUE RIDGE INC.,LSHP47840362,2026-03-31,2026-04-01,0,112.5,Outbound Shipment Materials,0.48,0.05,0.53
14604107,IF4041448299,32535572,A0G3A0BLU - BLUE RIDGE INC.,LSHP47840362,2026-03-31,2026-04-01,5,112.5,Outbound Freight,26.45,3.97,30.42
14604108,IF4041448305,32535578,E2A1A6THE - THE CAPTAINS CABIN,4.00747E+15,2026-03-31,2026-04-01,0,112.5,Outbound Shipment Materials,0.48,0.05,0.53
14604108,IF4041448305,32535578,E2A1A6THE - THE CAPTAINS CABIN,4.00747E+15,2026-03-31,2026-04-01,5,112.5,Outbound Freight,18.93,2.84,21.77
14604109,IF4041448309,32535582,S0E0A7HAR - HAROLDS FOOTWEAR APPAREL,5.20436E+11,2026-03-31,2026-04-01,6,135,Outbound Freight,14.03,0.7,14.73
14604109,IF4041448309,32535582,S0E0A7HAR - HAROLDS FOOTWEAR APPAREL,5.20436E+11,2026-03-31,2026-04-01,0,135,Outbound Shipment Materials,0.48,0.05,0.53
14604110,IF4041448304,32535577,P1B7K9510 - 510494 Ontario Inc. dba Lefebvre's Sourc,5.20438E+11,2026-03-31,2026-04-02,2,67.5,Outbound Shipment Materials,1.78,0.21,1.99
14604110,IF4041448304,32535577,P1B7K9510 - 510494 Ontario Inc. dba Lefebvre's Sourc,5.20438E+11,2026-03-31,2026-04-02,3,67.5,Outbound Freight,15.22,1.98,17.2
14604111,IF4041448312,32535585,L1A1N2G F - G FACEY CLOTHING,4.00747E+15,2026-03-31,2026-04-01,6,135,Outbound Freight,13.85,1.8,15.65
14604111,IF4041448312,32535585,L1A1N2G F - G FACEY CLOTHING,4.00747E+15,2026-03-31,2026-04-01,0,135,Outbound Shipment Materials,0.48,0.05,0.53
14604112,IF4041448316,32535589,V9W8C9SPI - SPINNERS SPORTS CAMPBELL RIVER,5.20438E+11,2026-03-31,2026-04-02,2,179,Outbound Shipment Materials,1.78,0.21,1.99
14604112,IF4041448316,32535589,V9W8C9SPI - SPINNERS SPORTS CAMPBELL RIVER,5.20438E+11,2026-03-31,2026-04-02,1,179,Outbound Freight,1.25,0.06,1.31
14604113,IF4041448318,32535591,G0C2B0RHE - RHEAL PITRE A FILS LTEE,3.80154E+11,2026-03-31,2026-04-01,6,135,Outbound Freight,28.21,1.41,29.62
14604113,IF4041448318,32535591,G0C2B0RHE - RHEAL PITRE A FILS LTEE,3.80154E+11,2026-03-31,2026-04-01,0,135,Outbound Shipment Materials,0.48,0.05,0.53
14604114,IF4041448306,32535579,P3E6K7RAM - RAMAKKOS SOURCE FOR ADVENTURE,5.20438E+11,2026-03-31,2026-04-02,0,90,Outbound Shipment Materials,0.48,0.05,0.53
14604114,IF4041448306,32535579,P3E6K7RAM - RAMAKKOS SOURCE FOR ADVENTURE,5.20438E+11,2026-03-31,2026-04-02,1,90,Outbound Freight,1.25,0.06,1.31
14604115,IF4041448325,32535598,A1B4J9ALP - ALPINE COUNTRY LODGE LTD,4.00747E+15,2026-03-31,2026-04-01,3,67.5,Outbound Freight,18.93,2.84,21.77
14604115,IF4041448325,32535598,A1B4J9ALP - ALPINE COUNTRY LODGE LTD,4.00747E+15,2026-03-31,2026-04-01,0,67.5,Outbound Shipment Materials,0.48,0.05,0.53
14604116,IF4041448326,32535599,V7M2J5NOR - NORTH SHORE SKI AND BOARD,4.00747E+15,2026-03-31,2026-04-01,9,202.5,Outbound Freight,7.22,0.36,7.58
14604116,IF4041448326,32535599,V7M2J5NOR - NORTH SHORE SKI AND BOARD,4.00747E+15,2026-03-31,2026-04-01,2,202.5,Outbound Shipment Materials,1.9,0.23,2.13
14606068,IF4041445418,Consolidated Shipment,V8L3S8BC - BC Ferries Retail Department,5964192,2026-04-01,2026-04-02,6908,243050,Outbound Freight,2249.14,112.46,2361.6
14606068,IF4041445418,Consolidated Shipment,V8L3S8BC - BC Ferries Retail Department,5964192,2026-04-01,2026-04-02,1438,243050,Outbound Shipment Materials,1437.52,172.51,1610.03
14606068,IF4041445418,Consolidated Shipment,V8L3S8BC - BC Ferries Retail Department,5964192,2026-04-01,2026-04-02,1,243050,Manual BOL,12,0.6,12.6
14606068,IF4041445418,Consolidated Shipment,V8L3S8BC - BC Ferries Retail Department,5964192,2026-04-01,2026-04-02,8,243050,Pallet Prep,84,4.2,88.2
14606494,IF4041448405,32537857,J1L3A6MOM - MOMO SPORTS SHERBROOKE,5.20438E+11,2026-04-01,2026-04-02,2,270,Outbound Shipment Materials,1.78,0.21,1.99
14606494,IF4041448405,32537857,J1L3A6MOM - MOMO SPORTS SHERBROOKE,5.20438E+11,2026-04-01,2026-04-02,1,270,Outbound Freight,5.25,0.26,5.51
14606495,IF4041448406,32537858,J2J0C2MOM - MOMO SPORTS GRANBY,4.00747E+15,2026-04-01,2026-04-07,2,135,Outbound Shipment Materials,1.78,0.21,1.99
14606495,IF4041448406,32537858,J2J0C2MOM - MOMO SPORTS GRANBY,4.00747E+15,2026-04-01,2026-04-07,6,135,Outbound Freight,18.23,0.91,19.14
14607401,IF4041448501,32542970,V0G1S0VAL - Valhalla Pure Outfitters-04,LSHP47880082,2026-04-01,2026-04-06,8,287.5,Outbound Freight,21.32,1.07,22.39
14607401,IF4041448501,32542970,V0G1S0VAL - Valhalla Pure Outfitters-04,LSHP47880082,2026-04-01,2026-04-06,4,287.5,Outbound Shipment Materials,4.06,0.48,4.54
14608707,IF4041447054,32485950,V3Z1G6ART - ART KNAPP SURREY,LSHP47880052,2026-04-02,2026-04-13,7,3681,Outbound Shipment Materials,7.44,0.89,8.33
14608707,IF4041447054,32485950,V3Z1G6ART - ART KNAPP SURREY,LSHP47880052,2026-04-02,2026-04-13,70,3681,Outbound Freight,18.6,0.93,19.53
14608708,IF4041447062,32485958,V0R1X0NOR - NORTH ROAD SPORTS,4.00747E+15,2026-04-02,2026-04-06,65,2228,Outbound Freight,33.68,1.68,35.36
14608708,IF4041447062,32485958,V0R1X0NOR - NORTH ROAD SPORTS,4.00747E+15,2026-04-02,2026-04-06,5,2228,Outbound Shipment Materials,4.65,0.56,5.21
14608709,IF4041447078,32485975,N0H2C0MIK - MIKE GRAHAM dba THE CABANA,LSHP47880162,2026-04-02,2026-04-13,87,3452,Outbound Freight,43.9,5.71,49.61
14608709,IF4041447078,32485975,N0H2C0MIK - MIKE GRAHAM dba THE CABANA,LSHP47880162,2026-04-02,2026-04-13,9,3452,Outbound Shipment Materials,9.3,1.12,10.42
14608710,IF4041447084,32485980,T0L2H0KAN - KANANASKIS OUTFITTERS LTD,LSHP47880321,2026-04-02,2026-04-13,76,1337,Outbound Freight,19.46,0.97,20.43
14608710,IF4041447084,32485980,T0L2H0KAN - KANANASKIS OUTFITTERS LTD,LSHP47880321,2026-04-02,2026-04-13,5,1337,Outbound Shipment Materials,4.65,0.56,5.21
14608711,IF4041447087,32485982,T0L2H0KAN - KANANASKIS OUTFITTERS LTD,LSHP47880361,2026-04-02,2026-04-13,5,2443,Outbound Shipment Materials,4.65,0.56,5.21
14608711,IF4041447087,32485982,T0L2H0KAN - KANANASKIS OUTFITTERS LTD,LSHP47880361,2026-04-02,2026-04-13,74,2443,Outbound Freight,20.9,1.05,21.95
14608712,IF4041447088,32485984,T0L2H0KAN - KANANASKIS OUTFITTERS LTD,LSHP47880359,2026-04-02,2026-04-13,4,1323.5,Outbound Shipment Materials,4.06,0.48,4.54
14608712,IF4041447088,32485984,T0L2H0KAN - KANANASKIS OUTFITTERS LTD,LSHP47880359,2026-04-02,2026-04-13,44,1323.5,Outbound Freight,16.95,0.85,17.8
14608713,IF4041447090,32485985,T8V3B1THE - The Drop Rideshop,5.2045E+11,2026-04-02,2026-04-13,12,2419,Outbound Shipment Materials,12.09,1.45,13.54
14608713,IF4041447090,32485985,T8V3B1THE - The Drop Rideshop,5.2045E+11,2026-04-02,2026-04-13,89,2419,Outbound Freight,33.19,1.66,34.85
14608714,IF4041447092,32485989,T0H1L0BOY - BOYTS LTD.,LSHP47880548,2026-04-02,2026-04-13,9,3779.5,Outbound Shipment Materials,9.3,1.12,10.42
14608714,IF4041447092,32485989,T0H1L0BOY - BOYTS LTD.,LSHP47880548,2026-04-02,2026-04-13,121,3779.5,Outbound Freight,35.32,1.77,37.09
14608716,IF4041447264,32492147,J7V5V5C/O - c/o Groupe Sure Track,5.20453E+11,2026-04-02,2026-04-13,95,2137.5,Outbound Freight,37.49,1.87,39.36
14608716,IF4041447264,32492147,J7V5V5C/O - c/o Groupe Sure Track,5.20453E+11,2026-04-02,2026-04-13,15,2137.5,Outbound Shipment Materials,14.65,1.76,16.41
14608716,IF4041447264,32492147,J7V5V5C/O - c/o Groupe Sure Track,5.20453E+11,2026-04-02,2026-04-13,10,2137.5,EDI Labels,10,0.5,10.5
14608717,IF4041448179,32530209,J7C3V6PER - PERFORMANCE SPORTS EXTREMES INC dba PRFO,LSHP47880648,2026-04-02,2026-04-13,203,6819,Outbound Freight,60.04,3,63.04
14608717,IF4041448179,32530209,J7C3V6PER - PERFORMANCE SPORTS EXTREMES INC dba PRFO,LSHP47880648,2026-04-02,2026-04-13,17,6819,Outbound Shipment Materials,16.88,2.02,18.9
14608718,IF4041447074,32485970,V0J2N0LOC - LOCAL SUPPLY CO,LSHP47880695,2026-04-02,2026-04-14,64,2198.5,Outbound Freight,31.38,1.57,32.95
14608718,IF4041447074,32485970,V0J2N0LOC - LOCAL SUPPLY CO,LSHP47880695,2026-04-02,2026-04-14,6,2198.5,Outbound Shipment Materials,6.43,0.77,7.2
14609026,IF4041448310,Consolidated Shipment,G3A0P5LAT - LATULIPPE DISTRIBUTION CENTER,5.20438E+11,2026-04-02,2026-04-02,5,202.5,Outbound Shipment Materials,5.34,0.64,5.98
14609026,IF4041448310,Consolidated Shipment,G3A0P5LAT - LATULIPPE DISTRIBUTION CENTER,5.20438E+11,2026-04-02,2026-04-02,3,202.5,Outbound Freight,15.75,0.79,16.54
14609069,IF4041448528,32544119,J6W3Z5SPO - SPORTS EXPERTS - ATMOSPHERE,4.00747E+15,2026-04-02,2026-04-06,3,360,Outbound Shipment Materials,2.93,0.36,3.29
14609069,IF4041448528,32544119,J6W3Z5SPO - SPORTS EXPERTS - ATMOSPHERE,4.00747E+15,2026-04-02,2026-04-06,16,360,Outbound Freight,15.91,0.8,16.71
14609070,IF4041448529,32544120,J8E2Z9SPO - SPORTS EXPERTS - ATMOSPHERE,4.00747E+15,2026-04-02,2026-04-06,13,292.5,Outbound Freight,15.91,0.8,16.71
14609070,IF4041448529,32544120,J8E2Z9SPO - SPORTS EXPERTS - ATMOSPHERE,4.00747E+15,2026-04-02,2026-04-06,3,292.5,Outbound Shipment Materials,2.93,0.36,3.29
14609071,IF4041448530,32544121,H3B1E2SPO - SPORTS EXPERTS 534,5.20442E+11,2026-04-02,2026-04-06,4,540,Outbound Shipment Materials,4.06,0.48,4.54
14609071,IF4041448530,32544121,H3B1E2SPO - SPORTS EXPERTS 534,5.20442E+11,2026-04-02,2026-04-06,24,540,Outbound Freight,17.78,0.89,18.67
14609072,IF4041448531,32544122,G9A6J2SPO - SPORTS EXPERTS - ATMOSPHERE,4.00747E+15,2026-04-02,2026-04-06,16,360,Outbound Freight,15.91,0.8,16.71
14609072,IF4041448531,32544122,G9A6J2SPO - SPORTS EXPERTS - ATMOSPHERE,4.00747E+15,2026-04-02,2026-04-06,3,360,Outbound Shipment Materials,2.93,0.36,3.29
14609073,IF4041448532,32544123,G5L7Y5SPO - SPORTS EXPERTS,5.20442E+11,2026-04-02,2026-04-06,3,225,Outbound Shipment Materials,2.79,0.34,3.13
14609073,IF4041448532,32544123,G5L7Y5SPO - SPORTS EXPERTS,5.20442E+11,2026-04-02,2026-04-06,1,225,Outbound Freight,1.25,0.06,1.31
14609074,IF4041448534,32544125,J7A3T2SPO - SPORTS EXPERTS - ATMOSPHERE,4.00747E+15,2026-04-02,2026-04-06,3,630,Outbound Shipment Materials,2.93,0.36,3.29
14609074,IF4041448534,32544125,J7A3T2SPO - SPORTS EXPERTS - ATMOSPHERE,4.00747E+15,2026-04-02,2026-04-06,28,630,Outbound Freight,16.31,0.82,17.13
14609075,IF4041448533,32544124,J2C6Y7PRO - Promenades Drummondville,4.00747E+15,2026-04-02,2026-04-06,8,180,Outbound Freight,14.23,0.71,14.94
14609075,IF4041448533,32544124,J2C6Y7PRO - Promenades Drummondville,4.00747E+15,2026-04-02,2026-04-06,2,180,Outbound Shipment Materials,1.78,0.21,1.99
14609076,IF4041448535,32544126,H3P3E9CEN - Centre Rockland,5.20442E+11,2026-04-02,2026-04-06,3,180,Outbound Shipment Materials,2.79,0.34,3.13
14609076,IF4041448535,32544126,H3P3E9CEN - Centre Rockland,5.20442E+11,2026-04-02,2026-04-06,8,180,Outbound Freight,13.47,0.67,14.14
14609077,IF4041448536,32544127,J2G8K1SPO - Sports Experts 410,3.80198E+11,2026-04-02,2026-04-06,14,315,Outbound Freight,15.78,0.79,16.57
14609077,IF4041448536,32544127,J2G8K1SPO - Sports Experts 410,3.80198E+11,2026-04-02,2026-04-06,3,315,Outbound Shipment Materials,2.79,0.34,3.13
14609078,IF4041448537,32544128,G9A6M1SPO - SPORTS EXPERTS - ATMOSPHERE,4.00747E+15,2026-04-02,2026-04-06,3,360,Outbound Shipment Materials,2.93,0.36,3.29
14609078,IF4041448537,32544128,G9A6M1SPO - SPORTS EXPERTS - ATMOSPHERE,4.00747E+15,2026-04-02,2026-04-06,16,360,Outbound Freight,15.91,0.8,16.71
14609079,IF4041448538,32544129,J6K1C6SPO - SPORTS EXPERTS 466,3.80199E+11,2026-04-02,2026-04-06,2,135,Outbound Shipment Materials,1.78,0.21,1.99
14609079,IF4041448538,32544129,J6K1C6SPO - SPORTS EXPERTS 466,3.80199E+11,2026-04-02,2026-04-06,6,135,Outbound Freight,15.47,0.77,16.24
14609080,IF4041448539,32544130,J4Y0A5QUA - Quartier Dix-30,5.20439E+11,2026-04-02,2026-04-06,3,540,Outbound Shipment Materials,2.93,0.36,3.29
14609080,IF4041448539,32544130,J4Y0A5QUA - Quartier Dix-30,5.20439E+11,2026-04-02,2026-04-06,24,540,Outbound Freight,15.22,0.76,15.98
14609081,IF4041448540,32544131,J0R1R6SPO - SPORTS EXPERTS - ATMOSPHERE,LSHP47909437,2026-04-02,2026-04-06,4,675,Outbound Shipment Materials,4.06,0.48,4.54
14609081,IF4041448540,32544131,J0R1R6SPO - SPORTS EXPERTS - ATMOSPHERE,LSHP47909437,2026-04-02,2026-04-06,30,675,Outbound Freight,21.13,1.06,22.19
14609082,IF4041448541,32544132,J9X6H7SPO - SPORTS EXPERTS,3.80266E+11,2026-04-02,2026-04-06,6,135,Outbound Freight,26.83,1.34,28.17
14609082,IF4041448541,32544132,J9X6H7SPO - SPORTS EXPERTS,3.80266E+11,2026-04-02,2026-04-06,2,135,Outbound Shipment Materials,1.78,0.21,1.99
14609083,IF4041448542,32544133,J9A0C7PLA - Plateau des Grives,5.20442E+11,2026-04-02,2026-04-06,16,360,Outbound Freight,13.47,0.67,14.14
14609083,IF4041448542,32544133,J9A0C7PLA - Plateau des Grives,5.20442E+11,2026-04-02,2026-04-06,3,360,Outbound Shipment Materials,2.79,0.34,3.13
14609084,IF4041448545,32544135,G7H5N6PLA - Place du Royaume,LSHP47880810,2026-04-02,2026-04-06,3,247.5,Outbound Shipment Materials,2.79,0.34,3.13
14609084,IF4041448545,32544135,G7H5N6PLA - Place du Royaume,LSHP47880810,2026-04-02,2026-04-06,11,247.5,Outbound Freight,19.8,0.99,20.79
14609085,IF4041448543,32544134,J6E6X6ATM - ATMOSPHERE #882 (Sports 12345 INC),4.00747E+15,2026-04-02,2026-04-06,23,517.5,Outbound Freight,15.91,0.8,16.71
14609085,IF4041448543,32544134,J6E6X6ATM - ATMOSPHERE #882 (Sports 12345 INC),4.00747E+15,2026-04-02,2026-04-06,3,517.5,Outbound Shipment Materials,2.93,0.36,3.29
14609086,IF4041448547,32544136,J7V8W5SPO - SPORTS EXPERTS - ATMOSPHERE,LSHP47909541,2026-04-02,2026-04-06,23,517.5,Outbound Freight,18.73,0.94,19.67
14609086,IF4041448547,32544136,J7V8W5SPO - SPORTS EXPERTS - ATMOSPHERE,LSHP47909541,2026-04-02,2026-04-06,4,517.5,Outbound Shipment Materials,4.06,0.48,4.54
14609087,IF4041448548,32544137,G6S1C1SPO - SPORTS EXPERTS,5.20442E+11,2026-04-02,2026-04-06,3,360,Outbound Shipment Materials,2.79,0.34,3.13
14609087,IF4041448548,32544137,G6S1C1SPO - SPORTS EXPERTS,5.20442E+11,2026-04-02,2026-04-06,1,360,Outbound Freight,1.25,0.06,1.31
14609088,IF4041448550,32544139,G9N7C1SPO - SPORTS EXPERTS - ATMOSPHERE,4.00747E+15,2026-04-02,2026-04-06,6,135,Outbound Freight,15.27,0.76,16.03
14609088,IF4041448550,32544139,G9N7C1SPO - SPORTS EXPERTS - ATMOSPHERE,4.00747E+15,2026-04-02,2026-04-06,2,135,Outbound Shipment Materials,1.78,0.21,1.99
14609089,IF4041448551,32544140,"H1R3H7SEF - SEF 414 GALERIE D'ANJOU,",5.20442E+11,2026-04-02,2026-04-06,4,540,Outbound Shipment Materials,4.06,0.48,4.54
14609089,IF4041448551,32544140,"H1R3H7SEF - SEF 414 GALERIE D'ANJOU,",5.20442E+11,2026-04-02,2026-04-06,24,540,Outbound Freight,17.78,0.89,18.67
14609090,IF4041448554,32544142,G1V2L1PLA - Place Ste-Foy,5.20442E+11,2026-04-02,2026-04-06,3,540,Outbound Shipment Materials,2.93,0.36,3.29
14609090,IF4041448554,32544142,G1V2L1PLA - Place Ste-Foy,5.20442E+11,2026-04-02,2026-04-06,1,540,Outbound Freight,1.25,0.06,1.31
14609091,IF4041448555,32544143,J7R4Z3SPO - SPORTS EXPERTS - ATMOSPHERE,4.00747E+15,2026-04-02,2026-04-06,2,135,Outbound Shipment Materials,1.78,0.21,1.99
14609091,IF4041448555,32544143,J7R4Z3SPO - SPORTS EXPERTS - ATMOSPHERE,4.00747E+15,2026-04-02,2026-04-06,6,135,Outbound Freight,14.23,0.71,14.94
14609092,IF4041448556,32544144,J0T1T0SPO - SPORTS EXPERTS 620 (DAUDELIN),LSHP47910177,2026-04-02,2026-04-06,6,135,Outbound Freight,25.93,1.3,27.23
14609092,IF4041448556,32544144,J0T1T0SPO - SPORTS EXPERTS 620 (DAUDELIN),LSHP47910177,2026-04-02,2026-04-06,2,135,Outbound Shipment Materials,1.78,0.21,1.99
14609093,IF4041448557,32544145,J6T1A9SPO - Sports Experts,4.00747E+15,2026-04-02,2026-04-06,2,270,Outbound Shipment Materials,1.78,0.21,1.99
14609093,IF4041448557,32544145,J6T1A9SPO - Sports Experts,4.00747E+15,2026-04-02,2026-04-06,12,270,Outbound Freight,14.23,0.71,14.94
14609094,IF4041448559,32544147,G6V6Y8SPO - SPORTS EXPERTS,5.20442E+11,2026-04-02,2026-04-06,3,450,Outbound Shipment Materials,2.93,0.36,3.29
14609094,IF4041448559,32544147,G6V6Y8SPO - SPORTS EXPERTS,5.20442E+11,2026-04-02,2026-04-06,1,450,Outbound Freight,1.25,0.06,1.31
14609095,IF4041448562,32544149,J6A5N4GAL - Galeries Rive-Nord,4.00747E+15,2026-04-02,2026-04-06,3,450,Outbound Shipment Materials,2.93,0.36,3.29
14609095,IF4041448562,32544149,J6A5N4GAL - Galeries Rive-Nord,4.00747E+15,2026-04-02,2026-04-06,20,450,Outbound Freight,15.91,0.8,16.71
14609096,IF4041448563,32544150,G5R4C2CEN - Centre Commercial RiviÃ¨re-du-Loup,5.20442E+11,2026-04-02,2026-04-06,3,450,Outbound Shipment Materials,2.93,0.36,3.29
14609096,IF4041448563,32544150,G5R4C2CEN - Centre Commercial RiviÃ¨re-du-Loup,5.20442E+11,2026-04-02,2026-04-06,1,450,Outbound Freight,1.25,0.06,1.31
14609097,IF4041448565,32544152,J9T4B2SPO - SPORTS EXPERTS,4.00747E+15,2026-04-02,2026-04-06,2,135,Outbound Shipment Materials,1.78,0.21,1.99
14609097,IF4041448565,32544152,J9T4B2SPO - SPORTS EXPERTS,4.00747E+15,2026-04-02,2026-04-06,6,135,Outbound Freight,22.03,1.1,23.13
14609098,IF4041448567,32544154,H4P0C9AT - AT MONT-ROYAL,5.20442E+11,2026-04-02,2026-04-06,2,180,Outbound Shipment Materials,1.78,0.21,1.99
14609098,IF4041448567,32544154,H4P0C9AT - AT MONT-ROYAL,5.20442E+11,2026-04-02,2026-04-06,8,180,Outbound Freight,13.1,0.66,13.76
14609099,IF4041448568,32544155,J7Y3S7SPO - SPORTS EXPERTS - ATMOSPHERE,4.00747E+15,2026-04-02,2026-04-06,24,540,Outbound Freight,15.91,0.8,16.71
14609099,IF4041448568,32544155,J7Y3S7SPO - SPORTS EXPERTS - ATMOSPHERE,4.00747E+15,2026-04-02,2026-04-06,3,540,Outbound Shipment Materials,2.93,0.36,3.29
14609100,IF4041448570,32544157,K6A2R2SPO - SPORTS EXPERTS,4.00747E+15,2026-04-02,2026-04-06,3,157.5,Outbound Shipment Materials,2.79,0.34,3.13
14609100,IF4041448570,32544157,K6A2R2SPO - SPORTS EXPERTS,4.00747E+15,2026-04-02,2026-04-06,7,157.5,Outbound Freight,14.47,1.88,16.35
14609101,IF4041448571,32544158,G8L1H3LES - Les Promenades du Boulevard,4.00747E+15,2026-04-02,2026-04-06,12,270,Outbound Freight,20.34,1.02,21.36
14609101,IF4041448571,32544158,G8L1H3LES - Les Promenades du Boulevard,4.00747E+15,2026-04-02,2026-04-06,3,270,Outbound Shipment Materials,2.79,0.34,3.13
14609102,IF4041448572,32544159,G1C5R9PRO - Promenade Beauport,5.20442E+11,2026-04-02,2026-04-06,3,450,Outbound Shipment Materials,2.93,0.36,3.29
14609102,IF4041448572,32544159,G1C5R9PRO - Promenade Beauport,5.20442E+11,2026-04-02,2026-04-06,1,450,Outbound Freight,1.25,0.06,1.31
14609103,IF4041448573,32544160,G1V2L8SPO - Sports Experts,5.20442E+11,2026-04-02,2026-04-06,4,630,Outbound Shipment Materials,4.06,0.48,4.54
14609103,IF4041448573,32544160,G1V2L8SPO - Sports Experts,5.20442E+11,2026-04-02,2026-04-06,1,630,Outbound Freight,1.25,0.06,1.31
14609104,IF4041448575,32544162,G7H5N6SPO - SPORTS EXPERTS - ATMOSPHERE,4.00747E+15,2026-04-02,2026-04-06,24,540,Outbound Freight,18.49,0.92,19.41
14609104,IF4041448575,32544162,G7H5N6SPO - SPORTS EXPERTS - ATMOSPHERE,4.00747E+15,2026-04-02,2026-04-06,3,540,Outbound Shipment Materials,2.93,0.36,3.29
14609105,IF4041448577,32544164,J8T6G3PRO - Promenades Gatineau,4.00747E+15,2026-04-02,2026-04-06,3,405,Outbound Shipment Materials,2.79,0.34,3.13
14609105,IF4041448577,32544164,J8T6G3PRO - Promenades Gatineau,4.00747E+15,2026-04-02,2026-04-06,18,405,Outbound Freight,14.47,0.72,15.19
14609106,IF4041448580,32544166,J3V6A8SPO - SPORTS EXPERTS - ATMOSPHERE 584,LSHP47910086,2026-04-02,2026-04-06,4,720,Outbound Shipment Materials,4.06,0.48,4.54
14609106,IF4041448580,32544166,J3V6A8SPO - SPORTS EXPERTS - ATMOSPHERE 584,LSHP47910086,2026-04-02,2026-04-06,32,720,Outbound Freight,19.47,0.97,20.44
14609107,IF4041448582,32544168,H9R5J1CEN - Centre Fairview Pointe-Claire,4.00747E+15,2026-04-02,2026-04-06,3,495,Outbound Shipment Materials,2.93,0.36,3.29
14609107,IF4041448582,32544168,H9R5J1CEN - Centre Fairview Pointe-Claire,4.00747E+15,2026-04-02,2026-04-06,22,495,Outbound Freight,16.31,0.82,17.13
14609108,IF4041448586,32544172,T8V4C2SPO - SPORTS EXPERTS,5.20442E+11,2026-04-02,2026-04-06,2,128.28,Outbound Shipment Materials,1.78,0.21,1.99
14609108,IF4041448586,32544172,T8V4C2SPO - SPORTS EXPERTS,5.20442E+11,2026-04-02,2026-04-06,6,128.28,Outbound Freight,12.62,0.63,13.25
14609109,IF4041448588,32544174,V1J5Z2ERN - Ernies Sports Experts,5.20442E+11,2026-04-02,2026-04-06,6,128.28,Outbound Freight,12.24,0.61,12.85
14609109,IF4041448588,32544174,V1J5Z2ERN - Ernies Sports Experts,5.20442E+11,2026-04-02,2026-04-06,2,128.28,Outbound Shipment Materials,1.78,0.21,1.99
14609110,IF4041448590,32544176,G4R1Y5PLA - Place de Ville,LSHP47880832,2026-04-02,2026-04-06,3,342.08,Outbound Shipment Materials,2.79,0.34,3.13
14609110,IF4041448590,32544176,G4R1Y5PLA - Place de Ville,LSHP47880832,2026-04-02,2026-04-06,16,342.08,Outbound Freight,24.06,1.2,25.26
14609111,IF4041448592,32544178,J9P5K1CAR - Carrefour du Nord-Ouest,4.00747E+15,2026-04-02,2026-04-06,3,405,Outbound Shipment Materials,2.93,0.36,3.29
14609111,IF4041448592,32544178,J9P5K1CAR - Carrefour du Nord-Ouest,4.00747E+15,2026-04-02,2026-04-06,18,405,Outbound Freight,20.02,1,21.02
14609112,IF4041448594,32544180,G2K1N4GAL - Galeries de la Capitale,LSHP47908614,2026-04-02,2026-04-06,3,630,Outbound Shipment Materials,2.93,0.36,3.29
14609112,IF4041448594,32544180,G2K1N4GAL - Galeries de la Capitale,LSHP47908614,2026-04-02,2026-04-06,28,630,Outbound Freight,18.73,0.94,19.67
14609113,IF4041448595,32544181,J3A1M1SPO - SPORTS EXPERTS 408,4.00747E+15,2026-04-02,2026-04-06,12,270,Outbound Freight,14.47,0.72,15.19
14609113,IF4041448595,32544181,J3A1M1SPO - SPORTS EXPERTS 408,4.00747E+15,2026-04-02,2026-04-06,3,270,Outbound Shipment Materials,2.79,0.34,3.13
14609114,IF4041448597,32544182,G2J1R8MÃ‰G - MÃ©ga Centre Le Bourgneuf,4.00747E+15,2026-04-02,2026-04-06,16,360,Outbound Freight,14.47,0.72,15.19
14609114,IF4041448597,32544182,G2J1R8MÃ‰G - MÃ©ga Centre Le Bourgneuf,4.00747E+15,2026-04-02,2026-04-06,3,360,Outbound Shipment Materials,2.79,0.34,3.13
14609115,IF4041448598,32544183,J1L1K1SPO - SPORTS EXPERTS 528,4.00747E+15,2026-04-02,2026-04-06,8,180,Outbound Freight,14.23,0.71,14.94
14609115,IF4041448598,32544183,J1L1K1SPO - SPORTS EXPERTS 528,4.00747E+15,2026-04-02,2026-04-06,2,180,Outbound Shipment Materials,1.78,0.21,1.99
14609116,IF4041448527,32544118,L9H1T7ADV - ADVENTURE ATTIC,5.20439E+11,2026-04-02,2026-04-06,4,90,Outbound Freight,13.1,1.7,14.8
14609116,IF4041448527,32544118,L9H1T7ADV - ADVENTURE ATTIC,5.20439E+11,2026-04-02,2026-04-06,2,90,Outbound Shipment Materials,1.78,0.21,1.99
14619297,IF4041448807,32553401,V6B1B2MAK - MAKE GASTOWN,4.00747E+15,2026-04-06,2026-04-07,8,180,Outbound Freight,8.39,0.42,8.81
14619297,IF4041448807,32553401,V6B1B2MAK - MAKE GASTOWN,4.00747E+15,2026-04-06,2026-04-07,0,180,Outbound Shipment Materials,0.48,0.05,0.53
14623704,IF4041438613,2026_01_01_04_01B,J0T1T0SPO - SPORTS EXPERTS 620 (DAUDELIN),LSHP46965441,2026-04-07,2026-02-27,0,0,Outbound Freight,1.21,0.06,1.27
14623740,IF4041438660,2026_01_01_04_01B,T1W1P4SPO - SPORTS EXPERTS,LSHP46985959,2026-04-07,2026-02-27,0,0,Outbound Freight,1.44,0.07,1.51
14623777,IF4041439010,2026_01_01_04_01B,T1R1E842 - 42 STREET,LSHP47042406,2026-04-07,2026-02-27,0,0,Outbound Freight,1.69,0.08,1.77
14623778,IF4041438919,2026_01_01_04_01B,T0L2H0KAN - KANANASKIS OUTFITTERS LTD,LSHP47045026,2026-04-07,2026-02-27,0,0,Outbound Freight,1.69,0.08,1.77
14623826,IF4041438820,2026_01_01_04_01B,V0R1M0WAB - WABISABI BOARDWEAR,5.20349E+11,2026-04-07,2026-02-28,0,0,Outbound Freight,2.04,0.1,2.14
14623837,IF4041438656,2026_01_01_04_01B,T8V4C2SPO - SPORTS EXPERTS,LSHP47054792,2026-04-07,2026-02-27,0,0,Outbound Freight,2.19,0.11,2.3
14623875,IF4041438769,2026_01_01_04_01B,T9E0V978 - 9785 Paradies Edmonton,5.20347E+11,2026-04-07,2026-02-28,0,0,Outbound Freight,2.76,0.14,2.9
14623884,IF4041439000,2026_01_01_04_01B,T0H1L0BOY - BOYTS LTD.,LSHP47044731,2026-04-07,2026-02-27,0,0,Outbound Freight,3.08,0.15,3.23
14623907,IF4041438483,2026_01_01_04_01B,T8V3Y2ACT - ACTION SPORTS,LSHP46978662,2026-04-07,2026-02-27,0,0,Outbound Freight,4.06,0.2,4.26
14623922,IF4041438590,2026_01_01_04_01B,G4X2A9CAR - Carrefour GaspÃ©,LSHP46953078,2026-04-07,2026-02-27,0,0,Outbound Freight,4.77,0.24,5.01
14623924,IF4041438584,2026_01_01_04_01B,G7H5N6PLA - Place du Royaume,LSHP46931621,2026-04-07,2026-02-27,0,0,Outbound Freight,4.86,0.24,5.1
14623942,IF4041438583,2026_01_01_04_01B,J6E6X6ATM - ATMOSPHERE #882 (Sports 12345 INC),LSHP46953168,2026-04-07,2026-02-27,0,0,Outbound Freight,6.34,0.32,6.66
14630402,IF4041441582,2026_01_01_04_01B,J7Y3S7SPO - SPORTS EXPERTS - ATMOSPHERE,LSHP47430925,2026-04-07,2026-03-20,0,0,Outbound Freight,0.3,0.02,0.32
14630921,IF4041444184,2026_01_01_04_01B,V8B0G8VAL - VALHALLA PURE SQUAMISH,5.20426E+11,2026-04-07,2026-03-28,0,0,Outbound Freight,0.42,0.02,0.44
14630996,IF4041440816,2026_01_01_04_01B,G9X1K9LE - LE PIONNIER,LSHP47086586,2026-04-07,2026-03-20,0,0,Outbound Freight,0.45,0.02,0.47
14631480,IF4041440804,2026_01_01_04_01B,V1E4N6WEA - WEARABOUTS,LSHP47086127,2026-04-07,2026-03-20,0,0,Outbound Freight,0.67,0.03,0.7
14631749,IF4041440815,2026_01_01_04_01B,N0G2V0HIS - HIS STYLE,LSHP47430435,2026-04-07,2026-03-20,0,0,Outbound Freight,0.79,0.1,0.89
14632212,IF4041440818,2026_01_01_04_01B,K2P1L9BOO - BOOGIE + BIRDIE,1Z2VW7552097098713,2026-04-07,2026-03-21,0,0,Outbound Freight,1.1,0.14,1.24
14632382,IF4041440823,2026_01_01_04_01B,R0C1B0HP - HP TERGESENS,LSHP47430566,2026-04-07,2026-03-20,0,0,Outbound Freight,1.27,0.06,1.33
14632624,IF4041441581,2026_01_01_04_01B,J7A3T2SPO - SPORTS EXPERTS - ATMOSPHERE,LSHP47430901,2026-04-07,2026-03-20,0,0,Outbound Freight,1.48,0.07,1.55
14632943,IF4041441168,2026_01_01_04_01B,V0N2P0THE - THE CLOTHES INN,5.20378E+11,2026-04-07,2026-03-28,0,0,Outbound Freight,1.67,0.08,1.75
14633238,IF4041442275,2026_01_01_04_01B,V8B0B6SEA - SEA TO SKY GONDOLA,5.20372E+11,2026-04-07,2026-03-21,0,0,Outbound Freight,2.08,0.1,2.18
14633680,IF4041444040,2026_01_01_04_01B,T0E1E0RAN - RANSOM,5.20424E+11,2026-04-07,2026-03-28,0,0,Outbound Freight,2.5,0.13,2.63
14633884,IF4041445383,2026_01_01_04_01B,J9P5K1CAR - Carrefour du Nord-Ouest,LSHP47517041,2026-04-07,2026-03-27,0,0,Outbound Freight,3.18,0.16,3.34
14633965,IF4041444029,2026_01_01_04_01B,L1A1N2G F - G FACEY CLOTHING,5.20376E+11,2026-04-07,2026-03-28,0,0,Outbound Freight,3.45,0.45,3.9
14634036,IF4041445790,2026_01_01_04_01B,L6T4H8THE - The Nuance Group (Canada) Inc,5.20383E+11,2026-04-07,2026-03-28,0,0,Outbound Freight,3.94,0.51,4.45
14634098,IF4041441586,2026_01_01_04_01B,J3A1M1SPO - SPORTS EXPERTS 408,5.20375E+11,2026-04-07,2026-03-28,0,0,Outbound Freight,4.24,0.21,4.45
14634307,IF4041441580,2026_01_01_04_01B,J1L1K1SPO - SPORTS EXPERTS 528,5.20375E+11,2026-04-07,2026-03-28,0,0,Outbound Freight,5.72,0.29,6.01
14634511,IF4041441608,2026_01_01_04_01B,H4S1N1ALT - ALTITUDE SPORTS,5.2037E+11,2026-04-07,2026-03-21,0,0,Outbound Freight,9.17,0.46,9.63
14634553,IF4041447055,32485949,T1W2B6VAL - VALHALLA PURE OUTFITTERS - CANMORE,5.20444E+11,2026-04-07,2026-04-15,19,5219.5,Outbound Shipment Materials,18.6,2.23,20.83
14634553,IF4041447055,32485949,T1W2B6VAL - VALHALLA PURE OUTFITTERS - CANMORE,5.20444E+11,2026-04-07,2026-04-15,156,5219.5,Outbound Freight,47.21,2.36,49.57
14634554,IF4041447057,32485954,K0J1B0MAD - MADAWASKA OUTDOORS,4.00747E+15,2026-04-07,2026-04-15,23,864.5,Outbound Freight,28.05,3.65,31.7
14634554,IF4041447057,32485954,K0J1B0MAD - MADAWASKA OUTDOORS,4.00747E+15,2026-04-07,2026-04-15,4,864.5,Outbound Shipment Materials,4.06,0.48,4.54
14634555,IF4041447058,32485952,T1W2B6VAL - VALHALLA PURE OUTFITTERS - CANMORE,5.20444E+11,2026-04-07,2026-04-15,164,5661,Outbound Freight,42.8,2.14,44.94
14634555,IF4041447058,32485952,T1W2B6VAL - VALHALLA PURE OUTFITTERS - CANMORE,5.20444E+11,2026-04-07,2026-04-15,17,5661,Outbound Shipment Materials,16.88,2.02,18.9
14634556,IF4041447064,32485959,V9L1V8WAL - WALL STREET CLOTHING,4.00747E+15,2026-04-07,2026-04-15,5,1423,Outbound Shipment Materials,4.65,0.56,5.21
14634556,IF4041447064,32485959,V9L1V8WAL - WALL STREET CLOTHING,4.00747E+15,2026-04-07,2026-04-15,42,1423,Outbound Freight,14.88,0.74,15.62
14634557,IF4041447066,32485960,V9L1V8WAL - WALL STREET CLOTHING,LSHP47957459,2026-04-07,2026-04-15,7,2341.5,Outbound Shipment Materials,7.44,0.89,8.33
14634557,IF4041447066,32485960,V9L1V8WAL - WALL STREET CLOTHING,LSHP47957459,2026-04-07,2026-04-15,64,2341.5,Outbound Freight,19,0.95,19.95
14634558,IF4041447071,32485964,L1A1N2G F - G FACEY CLOTHING,1Z2VW7552099201687,2026-04-07,2026-04-15,146,5653.5,Outbound Freight,40.72,5.29,46.01
14634558,IF4041447071,32485964,L1A1N2G F - G FACEY CLOTHING,1Z2VW7552099201687,2026-04-07,2026-04-15,14,5653.5,Outbound Shipment Materials,13.95,1.68,15.63
14634560,IF4041447072,32485968,K2P1L9BOO - BOOGIE + BIRDIE,5.20444E+11,2026-04-07,2026-04-15,28,759,Outbound Freight,20.98,2.73,23.71
14634560,IF4041447072,32485968,K2P1L9BOO - BOOGIE + BIRDIE,5.20444E+11,2026-04-07,2026-04-15,5,759,Outbound Shipment Materials,4.65,0.56,5.21
14634562,IF4041447080,32485974,N2Z2Y2WES - WESTSHORE CLOTHING,1Z2VW7552090452244,2026-04-07,2026-04-15,18,5709.5,Outbound Shipment Materials,18.01,2.16,20.17
14634562,IF4041447080,32485974,N2Z2Y2WES - WESTSHORE CLOTHING,1Z2VW7552090452244,2026-04-07,2026-04-15,166,5709.5,Outbound Freight,44.45,5.78,50.23
14634565,IF4041447083,32485977,T7E1T7JEN - JENSENS LIFESTYLE CLOTHING,5.20492E+11,2026-04-07,2026-04-15,151,4001,Outbound Freight,37.18,1.86,39.04
14634565,IF4041447083,32485977,T7E1T7JEN - JENSENS LIFESTYLE CLOTHING,5.20492E+11,2026-04-07,2026-04-15,13,4001,Outbound Shipment Materials,13.36,1.61,14.97
14634566,IF4041447085,32485981,J2S3J1BOU - BOUTIQUE MV dba M&V,LSHP47958109,2026-04-07,2026-04-15,48,2422,Outbound Freight,29.87,1.49,31.36
14634566,IF4041447085,32485981,J2S3J1BOU - BOUTIQUE MV dba M&V,LSHP47958109,2026-04-07,2026-04-15,5,2422,Outbound Shipment Materials,4.65,0.56,5.21
14634576,IF4041448178,32530208,K0L2H0COT - COTTAGE TOYS,LSHP47991454,2026-04-07,2026-04-15,31,8922.5,Outbound Shipment Materials,30.83,3.7,34.53
14634576,IF4041448178,32530208,K0L2H0COT - COTTAGE TOYS,LSHP47991454,2026-04-07,2026-04-15,255,8922.5,Outbound Freight,85.53,11.12,96.65
14634577,IF4041448180,32530210,P5A1Y3108 - 108 LIFESTYLE AND SPORTING GOODS,5.20492E+11,2026-04-07,2026-04-15,23,5511.5,Outbound Shipment Materials,22.66,2.72,25.38
14634577,IF4041448180,32530210,P5A1Y3108 - 108 LIFESTYLE AND SPORTING GOODS,5.20492E+11,2026-04-07,2026-04-15,5,5511.5,Outbound Freight,6.25,0.31,6.56
14634580,IF4041448188,32530218,V0R1K0XS - XS IV CHEMAINUS  BEYOND THE USUAL,5.20447E+11,2026-04-07,2026-04-15,14,2921.5,Outbound Shipment Materials,13.95,1.68,15.63
14634580,IF4041448188,32530218,V0R1K0XS - XS IV CHEMAINUS  BEYOND THE USUAL,5.20447E+11,2026-04-07,2026-04-15,80,2921.5,Outbound Freight,37.08,1.85,38.93
14634581,IF4041448549,32544138,E1X1G5SPO - SPORTS EXPERTS 646,4.00747E+15,2026-04-07,2026-04-13,7,157.5,Outbound Freight,19.42,2.91,22.33
14634581,IF4041448549,32544138,E1X1G5SPO - SPORTS EXPERTS 646,4.00747E+15,2026-04-07,2026-04-13,2,157.5,Outbound Shipment Materials,1.78,0.21,1.99
14634582,IF4041448552,32544141,G2K1N4GAL - Galeries de la Capitale,1Z2VW7552091805414,2026-04-07,2026-04-13,8,2252,Outbound Shipment Materials,7.58,0.91,8.49
14634582,IF4041448552,32544141,G2K1N4GAL - Galeries de la Capitale,1Z2VW7552091805414,2026-04-07,2026-04-13,96,2252,Outbound Freight,29.01,1.45,30.46
14634583,IF4041448558,32544146,J1X2A9SPO - SPORTS EXPERTS 468 (NORMANDIN),1Z2VW7552096457872,2026-04-07,2026-04-13,155,4876.5,Outbound Freight,52.93,2.65,55.58
14634583,IF4041448558,32544146,J1X2A9SPO - SPORTS EXPERTS 468 (NORMANDIN),1Z2VW7552096457872,2026-04-07,2026-04-13,18,4876.5,Outbound Shipment Materials,18.01,2.16,20.17
14634584,IF4041448561,32544148,J4K2V1PLA - Place Longueuil,5.20453E+11,2026-04-07,2026-04-13,4,827.5,Outbound Shipment Materials,4.06,0.48,4.54
14634584,IF4041448561,32544148,J4K2V1PLA - Place Longueuil,5.20453E+11,2026-04-07,2026-04-13,32,827.5,Outbound Freight,17.78,0.89,18.67
14634585,IF4041448564,32544151,G0C1E0SPO - SPORTS EXPERTS 674,1Z2VW7552090889032,2026-04-07,2026-04-15,165,4239,Outbound Freight,67.62,3.38,71
14634585,IF4041448564,32544151,G0C1E0SPO - SPORTS EXPERTS 674,1Z2VW7552090889032,2026-04-07,2026-04-15,16,4239,Outbound Shipment Materials,15.83,1.9,17.73
14634586,IF4041448566,32544153,H9R5J1CEN - Centre Fairview Pointe-Claire,5.20453E+11,2026-04-07,2026-04-13,3,315,Outbound Shipment Materials,2.93,0.36,3.29
14634586,IF4041448566,32544153,H9R5J1CEN - Centre Fairview Pointe-Claire,5.20453E+11,2026-04-07,2026-04-13,14,315,Outbound Freight,14.79,0.74,15.53
14634587,IF4041448569,32544156,J2K3G8SPO - SPORTS EXPERTS 479,5.20454E+11,2026-04-07,2026-04-13,12,2995.5,Outbound Shipment Materials,12.23,1.47,13.7
14634587,IF4041448569,32544156,J2K3G8SPO - SPORTS EXPERTS 479,5.20454E+11,2026-04-07,2026-04-13,96,2995.5,Outbound Freight,41.79,2.09,43.88
14634588,IF4041448574,32544161,J9X2R3SPO - SPORTS EXPERTS - ATMOSPHERE,3.80461E+11,2026-04-07,2026-04-13,12,4700.5,Outbound Shipment Materials,12.23,1.47,13.7
14634588,IF4041448574,32544161,J9X2R3SPO - SPORTS EXPERTS - ATMOSPHERE,3.80461E+11,2026-04-07,2026-04-13,136,4700.5,Outbound Freight,72.13,3.61,75.74
14634589,IF4041448576,32544163,G2J1R8MÃ‰G - MÃ©ga Centre Le Bourgneuf,4.00747E+15,2026-04-07,2026-04-13,6,135,Outbound Freight,14.57,0.73,15.3
14634589,IF4041448576,32544163,G2J1R8MÃ‰G - MÃ©ga Centre Le Bourgneuf,4.00747E+15,2026-04-07,2026-04-13,3,135,Outbound Shipment Materials,2.79,0.34,3.13
14634590,IF4041448579,32544165,J0K2N0BUY - Buying Member 712,LSHP48084746,2026-04-07,2026-04-13,4,1348,Outbound Shipment Materials,4.06,0.48,4.54
14634590,IF4041448579,32544165,J0K2N0BUY - Buying Member 712,LSHP48084746,2026-04-07,2026-04-13,32,1348,Outbound Freight,34.24,1.71,35.95
14634591,IF4041448581,32544167,E1X1G5SPO - SPORTS EXPERTS 646,LSHP48084694,2026-04-07,2026-04-13,30,922.5,Outbound Freight,24.79,3.72,28.51
14634591,IF4041448581,32544167,E1X1G5SPO - SPORTS EXPERTS 646,LSHP48084694,2026-04-07,2026-04-13,4,922.5,Outbound Shipment Materials,4.06,0.48,4.54
14634592,IF4041448583,32544169,J4K2V1PLA - Place Longueuil,5.20453E+11,2026-04-07,2026-04-13,15,710,Outbound Freight,17.78,0.89,18.67
14634592,IF4041448583,32544169,J4K2V1PLA - Place Longueuil,5.20453E+11,2026-04-07,2026-04-13,4,710,Outbound Shipment Materials,4.06,0.48,4.54
14634593,IF4041448584,32544170,J3V6A8SPO - SPORTS EXPERTS - ATMOSPHERE 584,4.00747E+15,2026-04-07,2026-04-13,12,270,Outbound Freight,14.33,0.72,15.05
14634593,IF4041448584,32544170,J3V6A8SPO - SPORTS EXPERTS - ATMOSPHERE 584,4.00747E+15,2026-04-07,2026-04-13,2,270,Outbound Shipment Materials,1.78,0.21,1.99
14634594,IF4041448585,32544171,G2J1R8MÃ‰G - MÃ©ga Centre Le Bourgneuf,4.00747E+15,2026-04-07,2026-04-13,3,693,Outbound Shipment Materials,2.93,0.36,3.29
14634594,IF4041448585,32544171,G2J1R8MÃ‰G - MÃ©ga Centre Le Bourgneuf,4.00747E+15,2026-04-07,2026-04-13,18,693,Outbound Freight,16.02,0.8,16.82
14634595,IF4041448587,32544173,J7R4Z3SPO - SPORTS EXPERTS - ATMOSPHERE,LSHP48083439,2026-04-07,2026-04-13,1,294,Outbound Shipment Materials,0.63,0.07,0.7
14634595,IF4041448587,32544173,J7R4Z3SPO - SPORTS EXPERTS - ATMOSPHERE,LSHP48083439,2026-04-07,2026-04-13,6,294,Outbound Freight,19.56,0.98,20.54
14634596,IF4041448589,32544175,J2K3G8SPO - SPORTS EXPERTS 479,1Z2VW7552094775193,2026-04-07,2026-04-13,9,2561.5,Outbound Shipment Materials,9.3,1.12,10.42
14634596,IF4041448589,32544175,J2K3G8SPO - SPORTS EXPERTS 479,1Z2VW7552094775193,2026-04-07,2026-04-13,67,2561.5,Outbound Freight,36.83,1.84,38.67
14634597,IF4041448593,32544179,J1X2A9SPO - SPORTS EXPERTS 468 (NORMANDIN),1Z2VW7552094842360,2026-04-07,2026-04-13,12,3243.5,Outbound Shipment Materials,12.23,1.47,13.7
14634597,IF4041448593,32544179,J1X2A9SPO - SPORTS EXPERTS 468 (NORMANDIN),1Z2VW7552094842360,2026-04-07,2026-04-13,86,3243.5,Outbound Freight,39.71,1.99,41.7
14634598,IF4041448599,32544185,G2K1N4GAL - Galeries de la Capitale,1Z2VW7552096220635,2026-04-07,2026-04-13,10,3318,Outbound Shipment Materials,10.05,1.2,11.25
14634598,IF4041448599,32544185,G2K1N4GAL - Galeries de la Capitale,1Z2VW7552096220635,2026-04-07,2026-04-13,103,3318,Outbound Freight,35.44,1.77,37.21
14634599,IF4041448600,32544186,J9X2R3SPO - SPORTS EXPERTS - ATMOSPHERE,3.80469E+11,2026-04-07,2026-04-13,14,4437.5,Outbound Shipment Materials,14.24,1.71,15.95
14634599,IF4041448600,32544186,J9X2R3SPO - SPORTS EXPERTS - ATMOSPHERE,3.80469E+11,2026-04-07,2026-04-13,104,4437.5,Outbound Freight,48.34,2.42,50.76
14634600,IF4041448602,32544188,J9X2R3SPO - SPORTS EXPERTS - ATMOSPHERE,LSHP48084618,2026-04-07,2026-04-13,0,640,Outbound Shipment Materials,0.3,0.04,0.34
14634600,IF4041448602,32544188,J9X2R3SPO - SPORTS EXPERTS - ATMOSPHERE,LSHP48084618,2026-04-07,2026-04-13,10,640,Outbound Freight,42.95,2.15,45.1
14634601,IF4041448603,32544189,G0C1E0SPO - SPORTS EXPERTS 674,3.8038E+11,2026-04-07,2026-04-15,10,390,Outbound Freight,26.83,1.34,28.17
14634601,IF4041448603,32544189,G0C1E0SPO - SPORTS EXPERTS 674,3.8038E+11,2026-04-07,2026-04-15,2,390,Outbound Shipment Materials,1.78,0.21,1.99
14634602,IF4041448604,32544190,Y1A2B3COA - COAST MOUNTAIN,5.20454E+11,2026-04-07,2026-04-13,13,5316,Outbound Shipment Materials,13.36,1.61,14.97
14634602,IF4041448604,32544190,Y1A2B3COA - COAST MOUNTAIN,5.20454E+11,2026-04-07,2026-04-13,3,5316,Outbound Freight,3.75,0.19,3.94
14634603,IF4041448605,32544525,Y1A2B3COA - COAST MOUNTAIN,5.20454E+11,2026-04-07,2026-04-13,12,4380,Outbound Shipment Materials,11.77,1.41,13.18
14634603,IF4041448605,32544525,Y1A2B3COA - COAST MOUNTAIN,5.20454E+11,2026-04-07,2026-04-13,2,4380,Outbound Freight,6.5,0.33,6.83
14634759,IF4041448808,32553402,R0C1B0HP - HP TERGESENS,LSHP48045599,2026-04-07,2026-04-10,4,90,Outbound Freight,17.3,0.87,18.17
14634759,IF4041448808,32553402,R0C1B0HP - HP TERGESENS,LSHP48045599,2026-04-07,2026-04-10,0,90,Outbound Shipment Materials,0.48,0.05,0.53
14634760,IF4041447060,32485955,P1B7K9510 - 510494 Ontario Inc. dba Lefebvre's Sourc,5.20449E+11,2026-04-07,2026-04-15,66,2187,Outbound Freight,29.85,3.88,33.73
14634760,IF4041447060,32485955,P1B7K9510 - 510494 Ontario Inc. dba Lefebvre's Sourc,5.20449E+11,2026-04-07,2026-04-15,5,2187,Outbound Shipment Materials,4.65,0.56,5.21
14634761,IF4041448591,32544177,J0K2N0BUY - Buying Member 712,LSHP48096236,2026-04-07,2026-04-14,4,1700,Outbound Shipment Materials,4.06,0.48,4.54
14634761,IF4041448591,32544177,J0K2N0BUY - Buying Member 712,LSHP48096236,2026-04-07,2026-04-14,48,1700,Outbound Freight,34.24,1.71,35.95
14634762,IF4041448601,32544187,G0C1E0SPO - SPORTS EXPERTS 674,1Z2VW7552096322052,2026-04-07,2026-04-15,402,13946,Outbound Freight,141.32,7.07,148.39
14634762,IF4041448601,32544187,G0C1E0SPO - SPORTS EXPERTS 674,1Z2VW7552096322052,2026-04-07,2026-04-15,42,13946,Outbound Shipment Materials,41.85,5.02,46.87
14637602,IF4041443277,2026_01_01_04_01B,V3Z1A5MEC - MEC Western Distribution Centre,5.20377E+11,2026-04-08,2026-03-21,0,0,Outbound Freight,10.74,0.54,11.28
14637709,IF4041444027,2026_04_08C,P1B7K9510 - 510494 Ontario Inc. dba Lefebvre's Sourc,5.20376E+11,2026-04-08,2026-03-28,0,0,Outbound Freight,39.6,5.15,44.75
14638353,IF4041450085,32599233,V7B1W2HUD - Hudson Grp VANCOUVER INT'L AIRPORT,LSHP48021931,2026-04-08,2026-04-10,56,10504,Outbound Shipment Materials,55.8,6.7,62.5
14638353,IF4041450085,32599233,V7B1W2HUD - Hudson Grp VANCOUVER INT'L AIRPORT,LSHP48021931,2026-04-08,2026-04-10,292,10504,Outbound Freight,104.89,5.24,110.13
14640186,IF4041438805,2026_01_01_04_01B,H7L5Z6A/S - A/S Les Boutiques Tremblant,5.20339E+11,2026-04-09,2026-02-28,0,0,Outbound Freight,17.06,0.85,17.91
14640193,IF4041438860,2026_01_01_04_01B,R1A1V2KEY - KEYSTONE SOURCE FOR SPORTS,5.2035E+11,2026-04-09,2026-03-07,0,0,Outbound Freight,16.47,0.82,17.29
14640195,IF4041438776,2026_01_01_04_01B,J4Y0G4SAI - SAIL 18,5.20351E+11,2026-04-09,2026-03-07,0,0,Outbound Freight,52.87,2.64,55.51
14640237,IF4041441618,2026_01_01_04_01B,J9L1M8LE - LE COUREUR DES BOIS,5.2038E+11,2026-04-09,2026-03-28,0,0,Outbound Freight,50.44,2.52,52.96
14644902,IF4041450359,32612596,V7B1K4VAN - VANCOUVER LP WDFG,LSHP48132317,2026-04-10,2026-04-15,34,11479.5,Outbound Shipment Materials,34.43,4.13,38.56
14644902,IF4041450359,32612596,V7B1K4VAN - VANCOUVER LP WDFG,LSHP48132317,2026-04-10,2026-04-15,322,11479.5,Outbound Freight,69.47,3.47,72.94
14604845,IF4041448363,32537124,R3J0Y7JAY - JAY HARRISON,4.00747E+15,2026-03-31,2026-04-01,9,206.5,Outbound Freight,11.58,0.58,12.16
14604845,IF4041448363,32537124,R3J0Y7JAY - JAY HARRISON,4.00747E+15,2026-03-31,2026-04-01,2,206.5,Outbound Shipment Materials,1.9,0.23,2.13
14653918,IF4041450732,32622335,N0G2V0HIS - HIS STYLE,3.8053E+11,2026-04-14,2026-04-15,7,190.5,Outbound Freight,41.17,5.35,46.52
14653918,IF4041450732,32622335,N0G2V0HIS - HIS STYLE,3.8053E+11,2026-04-14,2026-04-15,4,190.5,Outbound Shipment Materials,4.06,0.48,4.54
14572717,IF4041444577,32400291,L4W5M7C/O - c/o Lowe-Martin,14572717,2026-03-24,2026-04-14,158,142272,Outbound Shipment Materials,158.47,19.01,177.48
14572717,IF4041444577,32400291,L4W5M7C/O - c/o Lowe-Martin,14572717,2026-03-24,2026-04-14,4801,142272,Outbound Freight,1891,245.51,2136.51
14572717,IF4041444577,32400291,L4W5M7C/O - c/o Lowe-Martin,14572717,2026-03-24,2026-04-14,1,142272,Manual BOL,12,0.6,12.6
14572717,IF4041444577,32400291,L4W5M7C/O - c/o Lowe-Martin,14572717,2026-03-24,2026-04-14,11,142272,Pallet Prep,115.5,5.78,121.28
14597520,IF4041446633,32471534,V0G1S0VAL - Valhalla Pure Outfitters-04,4.00747E+15,2026-03-30,2026-04-06,3,0,Outbound Shipment Materials,2.93,0.36,3.29
14597520,IF4041446633,32471534,V0G1S0VAL - Valhalla Pure Outfitters-04,4.00747E+15,2026-03-30,2026-04-06,1,0,Outbound Freight,15.65,0.78,16.43
14597527,IF4041446634,32471535,R7N1C3WOW - WOW! Mabuhay,5.20433E+11,2026-03-30,2026-04-08,3,0,Outbound Shipment Materials,2.93,0.36,3.29
14597527,IF4041446634,32471535,R7N1C3WOW - WOW! Mabuhay,5.20433E+11,2026-03-30,2026-04-08,1,0,Outbound Freight,18.38,0.92,19.3
14603624,IF4041448141,32528539,V1R4C2JJS - JJS FASHIONS,LSHP47837185,2026-03-31,2026-04-01,2,0,Outbound Freight,15.14,0.76,15.9
14603624,IF4041448141,32528539,V1R4C2JJS - JJS FASHIONS,LSHP47837185,2026-03-31,2026-04-01,5,0,Outbound Shipment Materials,4.65,0.56,5.21
14603625,IF4041448140,32528532,V6H3S4MAK - MAKE,LSHP47937186,2026-03-31,2026-04-07,3,0,Outbound Freight,154.78,7.74,162.52
14603625,IF4041448140,32528532,V6H3S4MAK - MAKE,LSHP47937186,2026-03-31,2026-04-07,1,0,Outbound Shipment Materials,0.9,0.11,1.01
14603630,IF4041447224,32491241,K7L1B5TRA - TRAILHEAD KINGSTON,4.00747E+15,2026-03-31,2026-04-09,3,0,Outbound Shipment Materials,2.93,0.36,3.29
14603630,IF4041447224,32491241,K7L1B5TRA - TRAILHEAD KINGSTON,4.00747E+15,2026-03-31,2026-04-09,1,0,Outbound Freight,15.49,2.01,17.5
14603631,IF4041447225,32491242,K8P5A5TRA - TRAILHEAD BELLEVILLE,4.00747E+15,2026-03-31,2026-04-09,1,0,Outbound Freight,15.49,2.01,17.5
14603631,IF4041447225,32491242,K8P5A5TRA - TRAILHEAD BELLEVILLE,4.00747E+15,2026-03-31,2026-04-09,3,0,Outbound Shipment Materials,2.93,0.36,3.29
14604844,IF4041448342,32536719,V8E0Z5CAN - Canadian Resort Hotels Ltd. Partnership,LSHP47937166,2026-03-31,2026-04-07,2,0,Outbound Freight,117.14,5.86,123
14604844,IF4041448342,32536719,V8E0Z5CAN - Canadian Resort Hotels Ltd. Partnership,LSHP47937166,2026-03-31,2026-04-07,1,0,Outbound Shipment Materials,0.6,0.07,0.67
14606549,IF4041446686,Consolidated Shipment,"L5T1A7LID - LIDS CANADA, INC.",5964194,2026-04-01,2026-04-06,1,19507.5,Pallet Prep,10.5,0.53,11.03
14606549,IF4041446686,Consolidated Shipment,"L5T1A7LID - LIDS CANADA, INC.",5964194,2026-04-01,2026-04-06,30,19507.5,Outbound Shipment Materials,30.3,3.64,33.94
14606549,IF4041446686,Consolidated Shipment,"L5T1A7LID - LIDS CANADA, INC.",5964194,2026-04-01,2026-04-06,2,19507.5,Outbound Freight,20,1,21
14608715,IF4041447227,32491244,J7C3V6PER - PERFORMANCE SPORTS EXTREMES INC dba PRFO,4.00747E+15,2026-04-02,2026-04-06,3,0,Outbound Shipment Materials,2.93,0.36,3.29
14608715,IF4041447227,32491244,J7C3V6PER - PERFORMANCE SPORTS EXTREMES INC dba PRFO,4.00747E+15,2026-04-02,2026-04-06,1,0,Outbound Freight,15.91,0.8,16.71
14610663,IF4041440782,Adjustment,V6H3S4MAK - MAKE,19888304,2026-04-02,2026-03-31,0,0,Outbound Freight,261.7,13.09,274.79
14620158,IF4041440784,Adjustment,B3B1S1CLE - CLEVE'S SOURCE FOR SPORTS,KEL3259705,2026-04-06,2026-04-02,0,0,Outbound Freight,102.03,14.28,116.31
14629938,IF4041444211,2026_01_01_04_01B,V0A1H0GOL - Golden Skybridge â€“ GSB,4.00747E+15,2026-04-07,2026-03-21,0,0,Outbound Freight,0.14,0.01,0.15
14633885,IF4041449903,32590846,L7P0N6SAI - SAIL 24,5.20446E+11,2026-04-07,2026-04-08,3,0,Outbound Shipment Materials,2.93,0.36,3.29
14633885,IF4041449903,32590846,L7P0N6SAI - SAIL 24,5.20446E+11,2026-04-07,2026-04-08,1,0,Outbound Freight,14.79,1.92,16.71
14633885,IF4041449903,32590846,L7P0N6SAI - SAIL 24,5.20446E+11,2026-04-07,2026-04-08,1,0,EDI Labels,1,0.05,1.05
14634567,IF4041447228,32491245,N2Z2Y2WES - WESTSHORE CLOTHING,4.00747E+15,2026-04-07,2026-04-15,1,0,Outbound Freight,14.55,1.89,16.44
14634567,IF4041447228,32491245,N2Z2Y2WES - WESTSHORE CLOTHING,4.00747E+15,2026-04-07,2026-04-15,3,0,Outbound Shipment Materials,2.93,0.36,3.29
14634568,IF4041447229,32491246,P5A1Y3108 - 108 LIFESTYLE AND SPORTING GOODS,4.00747E+15,2026-04-07,2026-04-08,3,0,Outbound Shipment Materials,2.93,0.36,3.29
14634568,IF4041447229,32491246,P5A1Y3108 - 108 LIFESTYLE AND SPORTING GOODS,4.00747E+15,2026-04-07,2026-04-08,1,0,Outbound Freight,22.03,2.86,24.89
14634569,IF4041447230,32491247,K0L1C0MAC - MACK ATTACK OUTDOORS,3.80314E+11,2026-04-07,2026-04-15,3,0,Outbound Shipment Materials,2.93,0.36,3.29
14634569,IF4041447230,32491247,K0L1C0MAC - MACK ATTACK OUTDOORS,3.80314E+11,2026-04-07,2026-04-15,1,0,Outbound Freight,17.43,2.27,19.7
14634570,IF4041447231,32491248,J4K2V1PLA - Place Longueuil,5.20446E+11,2026-04-07,2026-04-08,1,0,Outbound Freight,14.79,0.74,15.53
14634570,IF4041447231,32491248,J4K2V1PLA - Place Longueuil,5.20446E+11,2026-04-07,2026-04-08,3,0,Outbound Shipment Materials,2.93,0.36,3.29
14634571,IF4041447232,32491249,J9X2R3SPO - SPORTS EXPERTS - ATMOSPHERE,3.80342E+11,2026-04-07,2026-04-08,1,0,Outbound Freight,29.3,1.47,30.77
14634571,IF4041447232,32491249,J9X2R3SPO - SPORTS EXPERTS - ATMOSPHERE,3.80342E+11,2026-04-07,2026-04-08,3,0,Outbound Shipment Materials,2.93,0.36,3.29
14634572,IF4041447233,32491250,V0R2L0MAL - MALAHAT SKYWALK,4.00747E+15,2026-04-07,2026-04-08,3,0,Outbound Shipment Materials,2.93,0.36,3.29
14634572,IF4041447233,32491250,V0R2L0MAL - MALAHAT SKYWALK,4.00747E+15,2026-04-07,2026-04-08,1,0,Outbound Freight,24.12,1.21,25.33
14635175,IF4041449934,32592395,L4G3H7ST - ST ANDREW'S COLLEGE,1Z2VW7552093442339,2026-04-07,2026-04-10,4,0,Outbound Freight,23.28,3.03,26.31
14635175,IF4041449934,32592395,L4G3H7ST - ST ANDREW'S COLLEGE,1Z2VW7552093442339,2026-04-07,2026-04-10,5,0,Outbound Shipment Materials,4.65,0.56,5.21
14635176,IF4041449940,32592399,V5J3G6CAN - CANADA GARDENWORKS LTD dba GARDENWORKS,LSHP48011287,2026-04-07,2026-04-09,1,0,Outbound Freight,97,4.85,101.85
14635176,IF4041449940,32592399,V5J3G6CAN - CANADA GARDENWORKS LTD dba GARDENWORKS,LSHP48011287,2026-04-07,2026-04-09,0,0,Outbound Shipment Materials,0.3,0.04,0.34
14635177,IF4041449943,32592501,V2A7N1CAN - CANADA GARDENWORKS LTD dba GARDENWORKS,LSHP48011265,2026-04-07,2026-04-09,1,0,Outbound Freight,95.94,4.8,100.74
14635177,IF4041449943,32592501,V2A7N1CAN - CANADA GARDENWORKS LTD dba GARDENWORKS,LSHP48011265,2026-04-07,2026-04-09,0,0,Outbound Shipment Materials,0.3,0.04,0.34
14635178,IF4041449936,32592397,V0R1X0NOR - NORTH ROAD SPORTS,1Z2VW7552093937528,2026-04-07,2026-04-10,1,0,Outbound Shipment Materials,0.6,0.07,0.67
14635178,IF4041449936,32592397,V0R1X0NOR - NORTH ROAD SPORTS,1Z2VW7552093937528,2026-04-07,2026-04-10,2,0,Outbound Freight,133.7,6.69,140.39
14635179,IF4041449939,32592398,V0A1H0TOP - TOP NOTCH,LSHP48025629,2026-04-07,2026-04-10,2,0,Outbound Freight,114.13,5.71,119.84
14635179,IF4041449939,32592398,V0A1H0TOP - TOP NOTCH,LSHP48025629,2026-04-07,2026-04-10,1,0,Outbound Shipment Materials,0.6,0.07,0.67
14635180,IF4041449942,32592500,V0H1H0CRE - CREATIVE CUSTOM EMBROIDERY dba WORK N PL,LSHP48053387,2026-04-07,2026-04-13,1,0,Outbound Freight,99.94,5,104.94
14635180,IF4041449942,32592500,V0H1H0CRE - CREATIVE CUSTOM EMBROIDERY dba WORK N PL,LSHP48053387,2026-04-07,2026-04-13,0,0,Outbound Shipment Materials,0.3,0.04,0.34
14635181,IF4041449944,32592502,V1K1B8WOR - WORK N PLAY CLOTHING CO,LSHP48085801,2026-04-07,2026-04-13,1,0,Outbound Freight,121.08,6.05,127.13
14635181,IF4041449944,32592502,V1K1B8WOR - WORK N PLAY CLOTHING CO,LSHP48085801,2026-04-07,2026-04-13,0,0,Outbound Shipment Materials,0.3,0.04,0.34
14635182,IF4041449945,32592503,V2J2M5PEA - PEARLS FASHION,5.20449E+11,2026-04-07,2026-04-10,2,0,Outbound Freight,92.91,4.65,97.56
14635182,IF4041449945,32592503,V2J2M5PEA - PEARLS FASHION,5.20449E+11,2026-04-07,2026-04-10,1,0,Outbound Shipment Materials,0.6,0.07,0.67
14635183,IF4041449946,32592504,V0E2S0WEA - WEARABOUTS - REVELSTOKE,LSHP48051803,2026-04-07,2026-04-13,0,0,Outbound Shipment Materials,0.3,0.04,0.34
14635183,IF4041449946,32592504,V0E2S0WEA - WEARABOUTS - REVELSTOKE,LSHP48051803,2026-04-07,2026-04-13,1,0,Outbound Freight,96.02,4.8,100.82
14637667,IF4041450057,32597991,V6B1B2MAK - MAKE GASTOWN,LSHP48011703,2026-04-08,2026-04-09,1,0,Outbound Shipment Materials,0.6,0.07,0.67
14637667,IF4041450057,32597991,V6B1B2MAK - MAKE GASTOWN,LSHP48011703,2026-04-08,2026-04-09,2,0,Outbound Freight,112,5.6,117.6
14637668,IF4041450059,32597993,V6B1B2MAK - MAKE GASTOWN,LSHP48011626,2026-04-08,2026-04-09,0,0,Outbound Shipment Materials,0.3,0.04,0.34
14637668,IF4041450059,32597993,V6B1B2MAK - MAKE GASTOWN,LSHP48011626,2026-04-08,2026-04-09,1,0,Outbound Freight,52.76,2.64,55.4
14637669,IF4041450058,32597992,V8J1P2HOM - HOMEWORK,LSHP48025631,2026-04-08,2026-04-10,1,0,Outbound Freight,105.59,5.28,110.87
14637669,IF4041450058,32597992,V8J1P2HOM - HOMEWORK,LSHP48025631,2026-04-08,2026-04-10,0,0,Outbound Shipment Materials,0.3,0.04,0.34
14637670,IF4041450061,32597994,V1T9H2WEA - WEARABOUTS - VERNON,LSHP48051687,2026-04-08,2026-04-13,1,0,Outbound Freight,96.02,4.8,100.82
14637670,IF4041450061,32597994,V1T9H2WEA - WEARABOUTS - VERNON,LSHP48051687,2026-04-08,2026-04-13,0,0,Outbound Shipment Materials,0.3,0.04,0.34
14638354,IF4041450084,32599232,V7B1W2HUD - Hudson Grp VANCOUVER INT'L AIRPORT,LSHP48022968,2026-04-08,2026-04-10,455,13877.5,Outbound Freight,125.65,6.28,131.93
14638354,IF4041450084,32599232,V7B1W2HUD - Hudson Grp VANCOUVER INT'L AIRPORT,LSHP48022968,2026-04-08,2026-04-10,63,13877.5,Outbound Shipment Materials,62.93,7.56,70.49
14643766,IF4041450244,32606379,V1E1B4HAR - HARTTY CLOTHING,LSHP48130204,2026-04-10,2026-04-15,0,0,Outbound Shipment Materials,0.3,0.04,0.34
14643766,IF4041450244,32606379,V1E1B4HAR - HARTTY CLOTHING,LSHP48130204,2026-04-10,2026-04-15,1,0,Outbound Freight,96.02,4.8,100.82
14643767,IF4041450246,32606381,V9L1V8WAL - WALL STREET CLOTHING,LSHP48130090,2026-04-10,2026-04-15,1,0,Outbound Freight,106.52,5.33,111.85
14643767,IF4041450246,32606381,V9L1V8WAL - WALL STREET CLOTHING,LSHP48130090,2026-04-10,2026-04-15,0,0,Outbound Shipment Materials,0.3,0.04,0.34
14643768,IF4041450247,32606382,V9K1S7COV - COVET BOUTIQUE,LSHP48130131,2026-04-10,2026-04-15,1,0,Outbound Freight,106.52,5.33,111.85
14643768,IF4041450247,32606382,V9K1S7COV - COVET BOUTIQUE,LSHP48130131,2026-04-10,2026-04-15,0,0,Outbound Shipment Materials,0.3,0.04,0.34
14653454,IF4041450630,32620396,V8E0Z5CAN - Canadian Resort Hotels Ltd. Partnership,LSHP48130149,2026-04-14,2026-04-15,1,0,Outbound Freight,106.09,5.3,111.39
14653454,IF4041450630,32620396,V8E0Z5CAN - Canadian Resort Hotels Ltd. Partnership,LSHP48130149,2026-04-14,2026-04-15,0,0,Outbound Shipment Materials,0.3,0.04,0.34
14653455,IF4041450631,32620497,P1B6J3LAK - LAKEHEAD UNIVERSITY ALUMNI BOOKSTORE,LSHP48144600,2026-04-14,2026-04-15,4,0,Outbound Shipment Materials,4.36,0.53,4.89
14653455,IF4041450631,32620497,P1B6J3LAK - LAKEHEAD UNIVERSITY ALUMNI BOOKSTORE,LSHP48144600,2026-04-14,2026-04-15,3,0,Outbound Freight,130.85,17.01,147.86
3898824,IF4041444577,32400291,299640,299640,2026-03-25,2026-04-06,10,0,Tagging,472.5,23.63,496.13
3899815,IF4041447311,32493720,206857,206857,2026-03-26,2026-04-10,6,0,Warehouse Labour,283.5,14.18,297.68
3902097,,,,,2026-04-01,2026-04-01,1,0,Administration Fee,250,12.5,262.5
3902098,,,,,2026-04-01,2026-04-01,1,0,Systems Maintenance,500,25,525
3902595,IF4041446687,32472219,2P000026165,2P000026165,2026-04-01,2026-04-01,0,0,Vendor Compliance,23.63,1.18,24.81
3902596,IF4041446687,32472219,2P000026165,2P000026165,2026-04-01,2026-04-01,0,0,Data Entry Labour,23.63,1.18,24.81
3902714,CC 04-01-2026,,,,2026-04-01,2026-04-01,2,0,Cycle Count,118.13,5.91,124.04
3903379,CC 04-02-2026,,,,2026-04-02,2026-04-02,8,0,Cycle Count,378,18.9,396.9
3905436,CC 04-07-2026,,,,2026-04-07,2026-04-07,8,0,Cycle Count,378,18.9,396.9
3906372,PO 04702,Unexpected,,,2026-04-09,2026-04-10,4,0,Repackaging,0.72,0.04,0.76
3906475,IF4041448407,32537859,185863M,185863M,2026-04-09,2026-04-14,0,0,Warehouse Labour,9.45,0.47,9.92
3906476,IF4041447324,32493733,185865W,185865W,2026-04-09,2026-04-13,2,0,Warehouse Labour,118.13,5.91,124.04
3906477,IF4041448186,32530216,185864M,185864M,2026-04-09,2026-04-13,2,0,Warehouse Labour,118.13,5.91,124.04
3906616,CC 04-09-2026,,,,2026-04-09,2026-04-09,9,0,Cycle Count,425.25,21.26,446.51
3906670,Tagging,,,,2026-04-09,2026-04-09,0,0,Warehouse Labour,23.63,1.18,24.81
3908083,IF4041447264,32492147,717792,717792,2026-04-13,2026-04-13,0,0,Data Entry Labour,8.03,0.4,8.43
3908084,IF4041447264,32492147,717792,717792,2026-04-13,2026-04-13,0,0,Vendor Compliance,3.78,0.19,3.97
3908125,IF4041448606,32544526,714263,714263,2026-04-13,2026-04-14,2,0,Tagging,70.88,3.54,74.42
3908130,IF4041448607,32544527,714271,714271,2026-04-13,2026-04-14,1,0,Tagging,59.06,2.95,62.01
3908131,IF4041448608,32544528,714261,714261,2026-04-13,2026-04-14,1,0,Tagging,27.41,1.37,28.78
3908132,IF4041448616,32544536,717791,717791,2026-04-13,2026-04-14,1,0,Tagging,59.06,2.95,62.01
3908133,IF4041448618,32544538,717790,717790,2026-04-13,2026-04-14,0,0,Tagging,19.85,0.99,20.84
3908135,IF4041448609,32544529,717789,717789,2026-04-13,2026-04-14,1,0,Tagging,47.25,2.36,49.61
3908136,IF4041448615,32544535,717788,717788,2026-04-13,2026-04-14,1,0,Tagging,35.44,1.77,37.21
3908138,IF4041448617,32544537,717787,717787,2026-04-13,2026-04-14,1,0,Tagging,47.25,2.36,49.61
3908195,CC 04-13-2026,,,,2026-04-13,2026-04-14,1,0,Cycle Count,47.25,2.36,49.61
3908499,IF4041448606,32544526,714263,714263,2026-04-14,2026-04-14,150,0,Shop Supplies,1.5,0,1.5
3908499,IF4041448606,32544526,714263,714263,2026-04-14,2026-04-14,1,0,Warehouse Labour,47.25,2.36,49.61
3908532,IF4041448607,32544527,714271,714271,2026-04-14,2026-04-14,175,0,Shop Supplies,1.75,0.09,1.84
3908532,IF4041448607,32544527,714271,714271,2026-04-14,2026-04-14,1,0,Warehouse Labour,47.25,2.36,49.61
3908537,IF4041448608,32544528,714261,714261,2026-04-14,2026-04-14,1,0,Warehouse Labour,47.25,2.36,49.61
3908537,IF4041448608,32544528,714261,714261,2026-04-14,2026-04-14,50,0,Shop Supplies,0.5,0.03,0.53
3908570,IF4041448616,32544536,717791,717791,2026-04-14,2026-04-14,1,0,Warehouse Labour,47.25,2.36,49.61
3908570,IF4041448616,32544536,717791,717791,2026-04-14,2026-04-14,100,0,Shop Supplies,1,0.05,1.05
3908571,IF4041448609,32544529,717789,717789,2026-04-14,2026-04-14,1,0,Warehouse Labour,47.25,2.36,49.61
3908571,IF4041448609,32544529,717789,717789,2026-04-14,2026-04-14,150,0,Shop Supplies,1.5,0.08,1.58
3908572,IF4041448615,32544535,717788,717788,2026-04-14,2026-04-14,150,0,Shop Supplies,1.5,0.08,1.58
3908572,IF4041448615,32544535,717788,717788,2026-04-14,2026-04-14,1,0,Warehouse Labour,47.25,2.36,49.61
3908576,IF4041448617,32544537,717787,717787,2026-04-14,2026-04-14,108,0,Shop Supplies,1.08,0.05,1.13
3908576,IF4041448617,32544537,717787,717787,2026-04-14,2026-04-14,1,0,Warehouse Labour,47.25,2.36,49.61
3908577,IF4041448618,32544538,717790,717790,2026-04-14,2026-04-14,1,0,Warehouse Labour,47.25,2.36,49.61
3908577,IF4041448618,32544538,717790,717790,2026-04-14,2026-04-14,72,0,Shop Supplies,0.72,0.04,0.76
