OrderID,Client Ref 1,Client Ref 2,Customer,PO Number,Doc. Date,Completed,Units,Value,Service,Charges,Taxes,Inv. Amt
16530097,IF4041452525,32662129,J1L1C9SPO - SPORTS EXPERTS - ATMOSPHERE,GO260422,2026-04-22,2026-05-01,1,806.18,Order Processing,2,0.1,2.1
16530097,IF4041452525,32662129,J1L1C9SPO - SPORTS EXPERTS - ATMOSPHERE,GO260422,2026-04-22,2026-05-01,30,806.18,Order NonMasterPack,15,0.75,15.75
16531779,IF4041452548,32662857,G3A0P5LAT - LATULIPPE DISTRIBUTION CENTER,134155,2026-04-23,2026-05-01,1,2025,Order Processing,2,0.1,2.1
16531779,IF4041452548,32662857,G3A0P5LAT - LATULIPPE DISTRIBUTION CENTER,134155,2026-04-23,2026-05-01,90,2025,Order NonMasterPack,45,2.25,47.25
16531780,IF4041452549,32662858,T0H2H0LA - LA CRETE SOURCE FOR SPORTS,GK305,2026-04-23,2026-05-01,92,3000,Order NonMasterPack,46,2.3,48.3
16531780,IF4041452549,32662858,T0H2H0LA - LA CRETE SOURCE FOR SPORTS,GK305,2026-04-23,2026-05-01,1,3000,Order Processing,2,0.1,2.1
16543199,IF4041453411,32706104,T1W2B6VAL - VALHALLA PURE OUTFITTERS - CANMORE,14-TTIapr25asap-25%promoNRI,2026-04-27,2026-05-01,33,1358.5,Order NonMasterPack,16.5,0.83,17.33
16543199,IF4041453411,32706104,T1W2B6VAL - VALHALLA PURE OUTFITTERS - CANMORE,14-TTIapr25asap-25%promoNRI,2026-04-27,2026-05-01,1,1358.5,Order Processing,2,0.1,2.1
16550884,IF4041453844,32728598,P7C5V3FRE - FRESH AIR,TentreeFillIn,2026-04-30,2026-05-05,4,110,Order NonMasterPack,2,0.1,2.1
16550884,IF4041453844,32728598,P7C5V3FRE - FRESH AIR,TentreeFillIn,2026-04-30,2026-05-05,1,110,Order Processing,2,0.1,2.1
16566891,IF4041455000,32791209,V6E4G1DMC - DMCL LLP,SPO346879A,2026-05-06,2026-05-07,1,49,Order NonMasterPack,0.5,0.03,0.53
16566891,IF4041455000,32791209,V6E4G1DMC - DMCL LLP,SPO346879A,2026-05-06,2026-05-07,1,49,Order Processing,2,0.1,2.1
16569220,IF4041455102,32794475,V1E4N6WEA - WEARABOUTS,sasp26fill,2026-05-07,2026-05-13,21,472.5,Order NonMasterPack,10.5,0.53,11.03
16569220,IF4041455102,32794475,V1E4N6WEA - WEARABOUTS,sasp26fill,2026-05-07,2026-05-13,1,472.5,Order Processing,2,0.1,2.1
16569221,IF4041455103,32794476,V1E4N6WEA - WEARABOUTS,samayfill,2026-05-07,2026-05-14,5,147,Order NonMasterPack,2.5,0.13,2.63
16569221,IF4041455103,32794476,V1E4N6WEA - WEARABOUTS,samayfill,2026-05-07,2026-05-14,1,147,Order Processing,2,0.1,2.1
16582860,IF4041456244,32837563,V0A1H0TOP - TOP NOTCH,5926,2026-05-11,2026-05-15,35,941.8,Order NonMasterPack,17.5,0.88,18.38
16582860,IF4041456244,32837563,V0A1H0TOP - TOP NOTCH,5926,2026-05-11,2026-05-15,1,941.8,Order Processing,2,0.1,2.1
16582861,IF4041456247,32837665,V1T2B6VAL - Valhalla Pure Outfitters Inc,TEN260508,2026-05-11,2026-05-15,2,45,Order NonMasterPack,1,0.05,1.05
16582861,IF4041456247,32837665,V1T2B6VAL - Valhalla Pure Outfitters Inc,TEN260508,2026-05-11,2026-05-15,1,45,Order Processing,2,0.1,2.1
16543204,IF4041453428,32706740,R3J0Y7JAY - JAY HARRISON,SS27 SMS,2026-04-27,2026-05-01,235,9004,Order NonMasterPack,117.5,5.88,123.38
16543204,IF4041453428,32706740,R3J0Y7JAY - JAY HARRISON,SS27 SMS,2026-04-27,2026-05-01,1,9004,Order Processing,2,0.1,2.1
16566892,IF4041455004,32791313,J4B6G4MAR - MARIE-LYN ADAM,SS27 SMS,2026-05-06,2026-05-07,42,1154,Order NonMasterPack,21,1.05,22.05
16566892,IF4041455004,32791313,J4B6G4MAR - MARIE-LYN ADAM,SS27 SMS,2026-05-06,2026-05-07,1,1154,Order Processing,2,0.1,2.1
16566893,IF4041455005,32791314,B3B1Z2URB - Urbanbutter Creative Group inc,SS27 SMS,2026-05-06,2026-05-07,31,925,Order NonMasterPack,15.5,0.78,16.28
16566893,IF4041455005,32791314,B3B1Z2URB - Urbanbutter Creative Group inc,SS27 SMS,2026-05-06,2026-05-07,1,925,Order Processing,2,0.1,2.1
16566894,IF4041455007,32791317,M4E2E1 - Kelly Holmes /Sprout Sales Inc.,SS27 SMS,2026-05-06,2026-05-07,42,1154,Order NonMasterPack,21,1.05,22.05
16566894,IF4041455007,32791317,M4E2E1 - Kelly Holmes /Sprout Sales Inc.,SS27 SMS,2026-05-06,2026-05-07,1,1154,Order Processing,2,0.1,2.1
16566895,IF4041455008,32791318,R3J0Y7JAY - JAY HARRISON,SS27 SMS,2026-05-06,2026-05-08,40,1092.5,Order NonMasterPack,20,1,21
16566895,IF4041455008,32791318,R3J0Y7JAY - JAY HARRISON,SS27 SMS,2026-05-06,2026-05-08,1,1092.5,Order Processing,2,0.1,2.1
16585167,IF4041456269,32838276,J4B6G4MAR - MARIE-LYN ADAM,SS27 SMS,2026-05-12,2026-05-15,2,45,Order NonMasterPack,1,0.05,1.05
16585167,IF4041456269,32838276,J4B6G4MAR - MARIE-LYN ADAM,SS27 SMS,2026-05-12,2026-05-15,1,45,Order Processing,2,0.1,2.1
16585168,IF4041456274,32838280,B3B1Z2URB - Urbanbutter Creative Group inc,SS27 SMS,2026-05-12,2026-05-15,13,299,Order NonMasterPack,6.5,0.33,6.83
16585168,IF4041456274,32838280,B3B1Z2URB - Urbanbutter Creative Group inc,SS27 SMS,2026-05-12,2026-05-15,1,299,Order Processing,2,0.1,2.1
16585169,IF4041456277,32838284,R3J0Y7JAY - JAY HARRISON,SS27 SMS,2026-05-12,2026-05-15,2,45,Order NonMasterPack,1,0.05,1.05
16585169,IF4041456277,32838284,R3J0Y7JAY - JAY HARRISON,SS27 SMS,2026-05-12,2026-05-15,1,45,Order Processing,2,0.1,2.1
16585170,IF4041456283,32838289,M4E2E1 - Kelly Holmes /Sprout Sales Inc.,SS27 SMS,2026-05-12,2026-05-15,2,45,Order NonMasterPack,1,0.05,1.05
16585170,IF4041456283,32838289,M4E2E1 - Kelly Holmes /Sprout Sales Inc.,SS27 SMS,2026-05-12,2026-05-15,1,45,Order Processing,2,0.1,2.1
16503972,IF4041450615,32618938,S6V4V3FRE - FRESH AIR EXPERIENCE,PA-S26TT2,2026-04-13,2026-05-01,83,2539,Order NonMasterPack,41.5,2.08,43.58
16503972,IF4041450615,32618938,S6V4V3FRE - FRESH AIR EXPERIENCE,PA-S26TT2,2026-04-13,2026-05-01,1,2539,Order Processing,2,0.1,2.1
16503973,IF4041450616,32618937,R9A1L3KLE - KLEEN ALL THE PAS,OCNKickIt10TreeSpring25,2026-04-13,2026-05-01,429,16056.5,Order NonMasterPack,214.5,10.73,225.23
16503973,IF4041450616,32618937,R9A1L3KLE - KLEEN ALL THE PAS,OCNKickIt10TreeSpring25,2026-04-13,2026-05-01,1,16056.5,Order Processing,2,0.1,2.1
16503974,IF4041450620,32619349,V0R2Z0TOF - TOFINO FISHING AND TRADING,ten263,2026-04-13,2026-05-01,31,1197,Order NonMasterPack,15.5,0.78,16.28
16503974,IF4041450620,32619349,V0R2Z0TOF - TOFINO FISHING AND TRADING,ten263,2026-04-13,2026-05-01,1,1197,Order Processing,2,0.1,2.1
16504737,IF4041450626,32619659,V8B0G8VAL - VALHALLA PURE SQUAMISH,TTI-SS26-Hats-Sh2,2026-04-13,2026-05-01,41,922.5,Order NonMasterPack,20.5,1.03,21.53
16504737,IF4041450626,32619659,V8B0G8VAL - VALHALLA PURE SQUAMISH,TTI-SS26-Hats-Sh2,2026-04-13,2026-05-01,1,922.5,Order Processing,2,0.1,2.1
16506127,IF4041450632,32620498,N0B2N0CHA - CHANGE LIFESTYLE & APPAREL,Spring26May,2026-04-14,2026-05-01,1,3496.5,Order Processing,2,0.1,2.1
16506127,IF4041450632,32620498,N0B2N0CHA - CHANGE LIFESTYLE & APPAREL,Spring26May,2026-04-14,2026-05-01,104,3496.5,Order NonMasterPack,52,2.6,54.6
16506128,IF4041450634,32620500,V8E1A5WAD - Waddington Outdoor Whistler,WWTENTREES26002,2026-04-14,2026-05-01,234,7262,Order NonMasterPack,117,5.85,122.85
16506128,IF4041450634,32620500,V8E1A5WAD - Waddington Outdoor Whistler,WWTENTREES26002,2026-04-14,2026-05-01,1,7262,Order Processing,2,0.1,2.1
16506129,IF4041450638,32620504,V2P0J6MOU - MOUNT WADDINGTONS OUTDOORS,MWODTENTREES26002,2026-04-14,2026-05-01,229,7118,Order NonMasterPack,114.5,5.73,120.23
16506129,IF4041450638,32620504,V2P0J6MOU - MOUNT WADDINGTONS OUTDOORS,MWODTENTREES26002,2026-04-14,2026-05-01,1,7118,Order Processing,2,0.1,2.1
16506130,IF4041450639,32620505,E2E2N6RIV - RIVER AND TRAIL OUTDOOR COMPANY,TENS26MAY1,2026-04-14,2026-05-01,40,1371,Order NonMasterPack,20,1,21
16506130,IF4041450639,32620505,E2E2N6RIV - RIVER AND TRAIL OUTDOOR COMPANY,TENS26MAY1,2026-04-14,2026-05-01,1,1371,Order Processing,2,0.1,2.1
16506131,IF4041450641,32620507,N0H2R0BLU - BLUE HERON COMPANY  NET SHED,Blue Heron Shop,2026-04-14,2026-05-01,403,13394.5,Order NonMasterPack,201.5,10.08,211.58
16506131,IF4041450641,32620507,N0H2R0BLU - BLUE HERON COMPANY  NET SHED,Blue Heron Shop,2026-04-14,2026-05-01,1,13394.5,Order Processing,2,0.1,2.1
16506132,IF4041450643,32620509,B0E1N0CAP - CAPER GYM AND FITNESS INC dba THE CENTRA,26-May,2026-04-14,2026-05-01,126,4683,Order NonMasterPack,63,3.15,66.15
16506132,IF4041450643,32620509,B0E1N0CAP - CAPER GYM AND FITNESS INC dba THE CENTRA,26-May,2026-04-14,2026-05-01,1,4683,Order Processing,2,0.1,2.1
16506133,IF4041450646,32620512,P7C5V3FRE - FRESH AIR,TentreeDelTwoSp26,2026-04-14,2026-05-01,111,3776.5,Order NonMasterPack,55.5,2.78,58.28
16506133,IF4041450646,32620512,P7C5V3FRE - FRESH AIR,TentreeDelTwoSp26,2026-04-14,2026-05-01,1,3776.5,Order Processing,2,0.1,2.1
16509722,IF4041450752,32623515,A2N1J3COA - COAST CLOTHING,CO0623,2026-04-15,2026-05-01,47,1959.5,Order NonMasterPack,23.5,1.18,24.68
16509722,IF4041450752,32623515,A2N1J3COA - COAST CLOTHING,CO0623,2026-04-15,2026-05-01,1,1959.5,Order Processing,2,0.1,2.1
16509723,IF4041450753,32623516,V9L1V8WAL - WALL STREET CLOTHING,Wmns May 5 Spr26,2026-04-15,2026-05-05,69,1912.5,Order NonMasterPack,34.5,1.73,36.23
16509723,IF4041450753,32623516,V9L1V8WAL - WALL STREET CLOTHING,Wmns May 5 Spr26,2026-04-15,2026-05-05,1,1912.5,Order Processing,2,0.1,2.1
16509726,IF4041450851,32625201,V9Y8E9LAC - LACE IT UP aka JAYS MENS WEAR,HatsSP262,2026-04-15,2026-05-06,12,270,Order NonMasterPack,6,0.3,6.3
16509726,IF4041450851,32625201,V9Y8E9LAC - LACE IT UP aka JAYS MENS WEAR,HatsSP262,2026-04-15,2026-05-06,1,270,Order Processing,2,0.1,2.1
16509727,IF4041450852,32625202,V9Y8E9LAC - LACE IT UP aka JAYS MENS WEAR,Wmns262,2026-04-15,2026-05-06,20,754,Order NonMasterPack,10,0.5,10.5
16509727,IF4041450852,32625202,V9Y8E9LAC - LACE IT UP aka JAYS MENS WEAR,Wmns262,2026-04-15,2026-05-06,1,754,Order Processing,2,0.1,2.1
16509728,IF4041450853,32625203,V9Y8E9LAC - LACE IT UP aka JAYS MENS WEAR,TTMens262,2026-04-15,2026-05-06,36,790,Order NonMasterPack,18,0.9,18.9
16509728,IF4041450853,32625203,V9Y8E9LAC - LACE IT UP aka JAYS MENS WEAR,TTMens262,2026-04-15,2026-05-06,1,790,Order Processing,2,0.1,2.1
16509729,IF4041450857,32625206,V0A1K0THE - THE INSIDE EDGE SPORTS STORE LTD,20260504,2026-04-15,2026-05-04,46,1142.5,Order NonMasterPack,23,1.15,24.15
16509729,IF4041450857,32625206,V0A1K0THE - THE INSIDE EDGE SPORTS STORE LTD,20260504,2026-04-15,2026-05-04,1,1142.5,Order Processing,2,0.1,2.1
16509730,IF4041450858,32625208,V2A5A4FRE - FREE RIDE PENTICTON,PenWmTentreeSp26-Del2,2026-04-15,2026-05-01,42,1462,Order NonMasterPack,21,1.05,22.05
16509730,IF4041450858,32625208,V2A5A4FRE - FREE RIDE PENTICTON,PenWmTentreeSp26-Del2,2026-04-15,2026-05-01,1,1462,Order Processing,2,0.1,2.1
16516281,IF4041451342,32632067,K7L1B5TRA - TRAILHEAD KINGSTON,King - SS26May,2026-04-17,2026-05-08,81,2935,Order NonMasterPack,40.5,2.03,42.53
16516281,IF4041451342,32632067,K7L1B5TRA - TRAILHEAD KINGSTON,King - SS26May,2026-04-17,2026-05-08,1,2935,Order Processing,2,0.1,2.1
16516282,IF4041451343,32632268,K8P5A5TRA - TRAILHEAD BELLEVILLE,Bell - SS26May,2026-04-17,2026-05-08,20,750.5,Order NonMasterPack,10,0.5,10.5
16516282,IF4041451343,32632268,K8P5A5TRA - TRAILHEAD BELLEVILLE,Bell - SS26May,2026-04-17,2026-05-08,1,750.5,Order Processing,2,0.1,2.1
16523664,IF4041451747,32639963,N0H2C0MIK - MIKE GRAHAM dba THE CABANA,PORT-SU26,2026-04-20,2026-05-11,85,2754,Order NonMasterPack,42.5,2.13,44.63
16523664,IF4041451747,32639963,N0H2C0MIK - MIKE GRAHAM dba THE CABANA,PORT-SU26,2026-04-20,2026-05-11,1,2754,Order Processing,2,0.1,2.1
16523666,IF4041451748,32639964,N0H2G0MIK - MIKE GRAHAM dba THE CABANA,SAUBLE-SU26,2026-04-20,2026-05-11,88,2845,Order NonMasterPack,44,2.2,46.2
16523666,IF4041451748,32639964,N0H2G0MIK - MIKE GRAHAM dba THE CABANA,SAUBLE-SU26,2026-04-20,2026-05-11,1,2845,Order Processing,2,0.1,2.1
16523667,IF4041451749,32639965,V3Z1G6ART - ART KNAPP SURREY,may,2026-04-20,2026-05-11,1,3144,Order Processing,2,0.1,2.1
16523667,IF4041451749,32639965,V3Z1G6ART - ART KNAPP SURREY,may,2026-04-20,2026-05-11,66,3144,Order NonMasterPack,33,1.65,34.65
16530088,IF4041452471,32659970,L5W1Y6NLS - NLS-SPORTING LIFE,SLI-064641,2026-04-22,2026-05-01,1,405,Order Processing,2,0.1,2.1
16530088,IF4041452471,32659970,L5W1Y6NLS - NLS-SPORTING LIFE,SLI-064641,2026-04-22,2026-05-01,18,405,Order NonMasterPack,9,0.45,9.45
16530090,IF4041452461,32659963,L5W1Y6NLS - NLS-SPORTING LIFE,SLI-064646,2026-04-22,2026-05-01,1,405,Order Processing,2,0.1,2.1
16530090,IF4041452461,32659963,L5W1Y6NLS - NLS-SPORTING LIFE,SLI-064646,2026-04-22,2026-05-01,18,405,Order NonMasterPack,9,0.45,9.45
16530091,IF4041452455,32659959,L5W1Y6NLS - NLS-SPORTING LIFE,SLI-064655,2026-04-22,2026-05-01,14,315,Order NonMasterPack,7,0.35,7.35
16530091,IF4041452455,32659959,L5W1Y6NLS - NLS-SPORTING LIFE,SLI-064655,2026-04-22,2026-05-01,1,315,Order Processing,2,0.1,2.1
16530092,IF4041452454,32659958,J7V0N3SAI - SAIL 27,PO00378748,2026-04-22,2026-05-01,16,360,Order NonMasterPack,8,0.4,8.4
16530092,IF4041452454,32659958,J7V0N3SAI - SAIL 27,PO00378748,2026-04-22,2026-05-01,16,360,Order Restocking,4,0.2,4.2
16530092,IF4041452454,32659958,J7V0N3SAI - SAIL 27,PO00378748,2026-04-22,2026-05-01,1,360,Order Processing,2,0.1,2.1
16530093,IF4041452456,32659960,L5W1Y6NLS - NLS-SPORTING LIFE,SLI-064644,2026-04-22,2026-05-01,24,540,Order NonMasterPack,12,0.6,12.6
16530093,IF4041452456,32659960,L5W1Y6NLS - NLS-SPORTING LIFE,SLI-064644,2026-04-22,2026-05-01,1,540,Order Processing,2,0.1,2.1
16530094,IF4041452476,32659972,J4Y0G4SAI - SAIL 18,PO00378743,2026-04-22,2026-05-01,25,562.5,Order NonMasterPack,12.5,0.63,13.13
16530094,IF4041452476,32659972,J4Y0G4SAI - SAIL 18,PO00378743,2026-04-22,2026-05-01,25,562.5,Order Restocking,6.25,0.31,6.56
16530094,IF4041452476,32659972,J4Y0G4SAI - SAIL 18,PO00378743,2026-04-22,2026-05-01,1,562.5,Order Processing,2,0.1,2.1
16530095,IF4041452485,32660354,G2J0B8SAI - SAIL 17,PO00378742,2026-04-22,2026-05-01,32,720,Order NonMasterPack,16,0.8,16.8
16530095,IF4041452485,32660354,G2J0B8SAI - SAIL 17,PO00378742,2026-04-22,2026-05-01,32,720,Order Restocking,8,0.4,8.4
16530095,IF4041452485,32660354,G2J0B8SAI - SAIL 17,PO00378742,2026-04-22,2026-05-01,1,720,Order Processing,2,0.1,2.1
16530096,IF4041452483,32659977,N3C1Z4SAI - SAIL 26,PO00378747,2026-04-22,2026-05-01,16,360,Order NonMasterPack,8,0.4,8.4
16530096,IF4041452483,32659977,N3C1Z4SAI - SAIL 26,PO00378747,2026-04-22,2026-05-01,16,360,Order Restocking,4,0.2,4.2
16530096,IF4041452483,32659977,N3C1Z4SAI - SAIL 26,PO00378747,2026-04-22,2026-05-01,1,360,Order Processing,2,0.1,2.1
16530099,IF4041452448,32659952,L5W1Y6NLS - NLS-SPORTING LIFE,SLI-064647,2026-04-22,2026-05-01,24,540,Order NonMasterPack,12,0.6,12.6
16530099,IF4041452448,32659952,L5W1Y6NLS - NLS-SPORTING LIFE,SLI-064647,2026-04-22,2026-05-01,1,540,Order Processing,2,0.1,2.1
16530100,IF4041452482,32659976,K1G3X8SAI - SAIL 21,PO00378744,2026-04-22,2026-05-01,34,765,Order NonMasterPack,17,0.85,17.85
16530100,IF4041452482,32659976,K1G3X8SAI - SAIL 21,PO00378744,2026-04-22,2026-05-01,34,765,Order Restocking,8.5,0.43,8.93
16530100,IF4041452482,32659976,K1G3X8SAI - SAIL 21,PO00378744,2026-04-22,2026-05-01,1,765,Order Processing,2,0.1,2.1
16530101,IF4041452451,32659955,J1L3A6SAI - SAIL 31 - SHERBROOKE,PO00378751,2026-04-22,2026-05-01,12,270,Order NonMasterPack,6,0.3,6.3
16530101,IF4041452451,32659955,J1L3A6SAI - SAIL 31 - SHERBROOKE,PO00378751,2026-04-22,2026-05-01,12,270,Order Restocking,3,0.15,3.15
16530101,IF4041452451,32659955,J1L3A6SAI - SAIL 31 - SHERBROOKE,PO00378751,2026-04-22,2026-05-01,1,270,Order Processing,2,0.1,2.1
16530102,IF4041452463,32659964,L5W1Y6NLS - NLS-SPORTING LIFE,SLI-064645,2026-04-22,2026-05-01,24,540,Order NonMasterPack,12,0.6,12.6
16530102,IF4041452463,32659964,L5W1Y6NLS - NLS-SPORTING LIFE,SLI-064645,2026-04-22,2026-05-01,1,540,Order Processing,2,0.1,2.1
16530103,IF4041452480,32659975,J3G0S5SAI - SAIL 15,PO00378740,2026-04-22,2026-05-01,21,472.5,Order NonMasterPack,10.5,0.53,11.03
16530103,IF4041452480,32659975,J3G0S5SAI - SAIL 15,PO00378740,2026-04-22,2026-05-01,21,472.5,Order Restocking,5.25,0.26,5.51
16530103,IF4041452480,32659975,J3G0S5SAI - SAIL 15,PO00378740,2026-04-22,2026-05-01,1,472.5,Order Processing,2,0.1,2.1
16530104,IF4041452466,32659966,L7P0N6SAI - SAIL 24,PO00378746,2026-04-22,2026-05-01,1,472.5,Order Processing,2,0.1,2.1
16530104,IF4041452466,32659966,L7P0N6SAI - SAIL 24,PO00378746,2026-04-22,2026-05-01,21,472.5,Order NonMasterPack,10.5,0.53,11.03
16530104,IF4041452466,32659966,L7P0N6SAI - SAIL 24,PO00378746,2026-04-22,2026-05-01,21,472.5,Order Restocking,5.25,0.26,5.51
16530105,IF4041452457,32659961,L5W1Y6NLS - NLS-SPORTING LIFE,SLI-064639,2026-04-22,2026-05-01,24,540,Order NonMasterPack,12,0.6,12.6
16530105,IF4041452457,32659961,L5W1Y6NLS - NLS-SPORTING LIFE,SLI-064639,2026-04-22,2026-05-01,1,540,Order Processing,2,0.1,2.1
16530106,IF4041452473,32659971,L5W1Y6NLS - NLS-SPORTING LIFE,SLI-064652,2026-04-22,2026-05-01,16,360,Order NonMasterPack,8,0.4,8.4
16530106,IF4041452473,32659971,L5W1Y6NLS - NLS-SPORTING LIFE,SLI-064652,2026-04-22,2026-05-01,1,360,Order Processing,2,0.1,2.1
16530107,IF4041452450,32659954,L5W1Y6NLS - NLS-SPORTING LIFE,SLI-064656,2026-04-22,2026-05-01,14,315,Order NonMasterPack,7,0.35,7.35
16530107,IF4041452450,32659954,L5W1Y6NLS - NLS-SPORTING LIFE,SLI-064656,2026-04-22,2026-05-01,1,315,Order Processing,2,0.1,2.1
16530108,IF4041452453,32659957,L5W1Y6NLS - NLS-SPORTING LIFE,SLI-064643,2026-04-22,2026-05-01,1,405,Order Processing,2,0.1,2.1
16530108,IF4041452453,32659957,L5W1Y6NLS - NLS-SPORTING LIFE,SLI-064643,2026-04-22,2026-05-01,18,405,Order NonMasterPack,9,0.45,9.45
16530109,IF4041452478,32659973,L1J0B6SAI - SAIL 23,PO00378745,2026-04-22,2026-05-01,1,472.5,Order Processing,2,0.1,2.1
16530109,IF4041452478,32659973,L1J0B6SAI - SAIL 23,PO00378745,2026-04-22,2026-05-01,21,472.5,Order NonMasterPack,10.5,0.53,11.03
16530109,IF4041452478,32659973,L1J0B6SAI - SAIL 23,PO00378745,2026-04-22,2026-05-01,21,472.5,Order Restocking,5.25,0.26,5.51
16530110,IF4041452449,32659953,L5W1Y6NLS - NLS-SPORTING LIFE,SLI-064654,2026-04-22,2026-05-01,18,405,Order NonMasterPack,9,0.45,9.45
16530110,IF4041452449,32659953,L5W1Y6NLS - NLS-SPORTING LIFE,SLI-064654,2026-04-22,2026-05-01,1,405,Order Processing,2,0.1,2.1
16530111,IF4041452467,32659967,L5W1Y6NLS - NLS-SPORTING LIFE,SLI-064651,2026-04-22,2026-05-01,18,405,Order NonMasterPack,9,0.45,9.45
16530111,IF4041452467,32659967,L5W1Y6NLS - NLS-SPORTING LIFE,SLI-064651,2026-04-22,2026-05-01,1,405,Order Processing,2,0.1,2.1
16530112,IF4041452464,32659965,L5W1Y6NLS - NLS-SPORTING LIFE,SLI-064642,2026-04-22,2026-05-01,14,315,Order NonMasterPack,7,0.35,7.35
16530112,IF4041452464,32659965,L5W1Y6NLS - NLS-SPORTING LIFE,SLI-064642,2026-04-22,2026-05-01,1,315,Order Processing,2,0.1,2.1
16530113,IF4041452470,32659969,G7H5B1SAI - SAIL PLEIN 29,PO00378749,2026-04-22,2026-05-01,19,427.5,Order NonMasterPack,9.5,0.48,9.98
16530113,IF4041452470,32659969,G7H5B1SAI - SAIL PLEIN 29,PO00378749,2026-04-22,2026-05-01,19,427.5,Order Restocking,4.75,0.24,4.99
16530113,IF4041452470,32659969,G7H5B1SAI - SAIL PLEIN 29,PO00378749,2026-04-22,2026-05-01,1,427.5,Order Processing,2,0.1,2.1
16530114,IF4041452460,32659962,J6V1N9SAI - SAIL 30,PO00378750,2026-04-22,2026-05-01,24,540,Order NonMasterPack,12,0.6,12.6
16530114,IF4041452460,32659962,J6V1N9SAI - SAIL 30,PO00378750,2026-04-22,2026-05-01,24,540,Order Restocking,6,0.3,6.3
16530114,IF4041452460,32659962,J6V1N9SAI - SAIL 30,PO00378750,2026-04-22,2026-05-01,1,540,Order Processing,2,0.1,2.1
16530115,IF4041452468,32659968,L5W1Y6NLS - NLS-SPORTING LIFE,SLI-064623,2026-04-22,2026-05-01,97,2182.5,Order NonMasterPack,48.5,2.43,50.93
16530115,IF4041452468,32659968,L5W1Y6NLS - NLS-SPORTING LIFE,SLI-064623,2026-04-22,2026-05-01,1,2182.5,Order Processing,2,0.1,2.1
16530116,IF4041452452,32659956,L5W1Y6NLS - NLS-SPORTING LIFE,SLI-064648,2026-04-22,2026-05-01,14,315,Order NonMasterPack,7,0.35,7.35
16530116,IF4041452452,32659956,L5W1Y6NLS - NLS-SPORTING LIFE,SLI-064648,2026-04-22,2026-05-01,1,315,Order Processing,2,0.1,2.1
16541661,IF4041452921,32683894,P3E6K7RAM - RAMAKKOS SOURCE FOR ADVENTURE,TENSS26BK2,2026-04-27,2026-05-15,28,795.5,Order NonMasterPack,14,0.7,14.7
16541661,IF4041452921,32683894,P3E6K7RAM - RAMAKKOS SOURCE FOR ADVENTURE,TENSS26BK2,2026-04-27,2026-05-15,1,795.5,Order Processing,2,0.1,2.1
16541662,IF4041452922,32683895,P1H2B8REF - REFLECTIONS OF MUSKOKA,SS26 tentree May 15 ship order 3of3,2026-04-27,2026-05-15,161,3819,Order NonMasterPack,80.5,4.03,84.53
16541662,IF4041452922,32683895,P1H2B8REF - REFLECTIONS OF MUSKOKA,SS26 tentree May 15 ship order 3of3,2026-04-27,2026-05-15,1,3819,Order Processing,2,0.1,2.1
16541664,IF4041452923,32683896,V7M2J5NOR - NORTH SHORE SKI AND BOARD,PBMMAY15 6%,2026-04-27,2026-05-15,48,1389,Order NonMasterPack,24,1.2,25.2
16541664,IF4041452923,32683896,V7M2J5NOR - NORTH SHORE SKI AND BOARD,PBMMAY15 6%,2026-04-27,2026-05-15,1,1389,Order Processing,2,0.1,2.1
16541665,IF4041452925,32683897,V7M2J5NOR - NORTH SHORE SKI AND BOARD,PBWMAY15 6%,2026-04-27,2026-05-15,61,2624.5,Order NonMasterPack,30.5,1.53,32.03
16541665,IF4041452925,32683897,V7M2J5NOR - NORTH SHORE SKI AND BOARD,PBWMAY15 6%,2026-04-27,2026-05-15,1,2624.5,Order Processing,2,0.1,2.1
16541666,IF4041452926,32683898,V9M3M1COA - COAST SURF SHOP LTD.,Tentree SUM26,2026-04-27,2026-05-15,70,2229,Order NonMasterPack,35,1.75,36.75
16541666,IF4041452926,32683898,V9M3M1COA - COAST SURF SHOP LTD.,Tentree SUM26,2026-04-27,2026-05-15,1,2229,Order Processing,2,0.1,2.1
16541668,IF4041452927,32683899,T2E7V6THE - THE CALGARY ZOOLOGICAL SOCIETY,calzoojune2026,2026-04-27,2026-05-15,242,6675,Order NonMasterPack,121,6.05,127.05
16541668,IF4041452927,32683899,T2E7V6THE - THE CALGARY ZOOLOGICAL SOCIETY,calzoojune2026,2026-04-27,2026-05-15,1,6675,Order Processing,2,0.1,2.1
16541670,IF4041452933,32684604,T0G2A1DIS - DISTRACTIONS,70820251,2026-04-27,2026-05-15,38,1370.5,Order NonMasterPack,19,0.95,19.95
16541670,IF4041452933,32684604,T0G2A1DIS - DISTRACTIONS,70820251,2026-04-27,2026-05-15,1,1370.5,Order Processing,2,0.1,2.1
16543190,IF4041452479,32659974,H7P0B7SAI - SAIL 16,PO00378741,2026-04-27,2026-05-06,32,720,Order NonMasterPack,16,0.8,16.8
16543190,IF4041452479,32659974,H7P0B7SAI - SAIL 16,PO00378741,2026-04-27,2026-05-06,32,720,Order Restocking,8,0.4,8.4
16543190,IF4041452479,32659974,H7P0B7SAI - SAIL 16,PO00378741,2026-04-27,2026-05-06,1,720,Order Processing,2,0.1,2.1
16543191,IF4041453375,32705472,N0B1S0ARI - ARIA BOUTIQUE,shipment 3,2026-04-27,2026-05-07,66,2051.5,Order NonMasterPack,33,1.65,34.65
16543191,IF4041453375,32705472,N0B1S0ARI - ARIA BOUTIQUE,shipment 3,2026-04-27,2026-05-07,1,2051.5,Order Processing,2,0.1,2.1
16543195,IF4041453384,32705578,S0G3N0MCP - MCPHAIL TRAVEL,SS26_4,2026-04-27,2026-05-15,8,180,Order NonMasterPack,4,0.2,4.2
16543195,IF4041453384,32705578,S0G3N0MCP - MCPHAIL TRAVEL,SS26_4,2026-04-27,2026-05-15,1,180,Order Processing,2,0.1,2.1
16546163,IF4041453619,32717669,V3Z1A5MEC - MEC Western Distribution Centre,714270,2026-04-28,2026-05-07,175,7700,Order NonMasterPack,87.5,4.38,91.88
16546163,IF4041453619,32717669,V3Z1A5MEC - MEC Western Distribution Centre,714270,2026-04-28,2026-05-07,1,7700,Order Processing,2,0.1,2.1
16546165,IF4041453617,32717667,V3Z1A5MEC - MEC Western Distribution Centre,714260,2026-04-28,2026-05-07,50,2200,Order NonMasterPack,25,1.25,26.25
16546165,IF4041453617,32717667,V3Z1A5MEC - MEC Western Distribution Centre,714260,2026-04-28,2026-05-07,1,2200,Order Processing,2,0.1,2.1
16546166,IF4041453618,32717668,V3Z1A5MEC - MEC Western Distribution Centre,714262,2026-04-28,2026-05-07,150,8850,Order NonMasterPack,75,3.75,78.75
16546166,IF4041453618,32717668,V3Z1A5MEC - MEC Western Distribution Centre,714262,2026-04-28,2026-05-07,1,8850,Order Processing,2,0.1,2.1
16548299,IF4041453657,32720244,T2E6W5MRG - MRG - BANFF #573,739081,2026-04-29,2026-05-04,91,2512.5,Order NonMasterPack,45.5,2.28,47.78
16548299,IF4041453657,32720244,T2E6W5MRG - MRG - BANFF #573,739081,2026-04-29,2026-05-04,1,2512.5,Order Processing,2,0.1,2.1
16548300,IF4041453658,32720245,V8B0B6SEA - SEA TO SKY GONDOLA,SS26 tentree accessories Del 2,2026-04-29,2026-05-05,258,5805,Order NonMasterPack,129,6.45,135.45
16548300,IF4041453658,32720245,V8B0B6SEA - SEA TO SKY GONDOLA,SS26 tentree accessories Del 2,2026-04-29,2026-05-05,1,5805,Order Processing,2,0.1,2.1
16548301,IF4041453660,32720246,V8B0B6SEA - SEA TO SKY GONDOLA,SS26 tentree Del 3,2026-04-29,2026-05-11,1,7807.5,Order Processing,2,0.1,2.1
16548301,IF4041453660,32720246,V8B0B6SEA - SEA TO SKY GONDOLA,SS26 tentree Del 3,2026-04-29,2026-05-11,186,7807.5,Order NonMasterPack,93,4.65,97.65
16548302,IF4041453663,32720248,K1V9B4961 - 9613 Paradies Ottawa,4500798626,2026-04-29,2026-05-06,80,2395,Order NonMasterPack,40,2,42
16548302,IF4041453663,32720248,K1V9B4961 - 9613 Paradies Ottawa,4500798626,2026-04-29,2026-05-06,1,2395,Order Processing,2,0.1,2.1
16548303,IF4041453664,32720249,K1V9B4961 - 9613 Paradies Ottawa,4500771441,2026-04-29,2026-05-06,79,2902.5,Order NonMasterPack,39.5,1.98,41.48
16548303,IF4041453664,32720249,K1V9B4961 - 9613 Paradies Ottawa,4500771441,2026-04-29,2026-05-06,1,2902.5,Order Processing,2,0.1,2.1
16548304,IF4041453665,32720250,T9E0V978 - 9785 Paradies Edmonton,4500771442,2026-04-29,2026-05-06,56,2047.5,Order NonMasterPack,28,1.4,29.4
16548304,IF4041453665,32720250,T9E0V978 - 9785 Paradies Edmonton,4500771442,2026-04-29,2026-05-06,1,2047.5,Order Processing,2,0.1,2.1
16548305,IF4041453666,32720251,T2E3B9940 - 9403 Paradies Calgary,4500798625,2026-04-29,2026-05-07,145,4371.5,Order NonMasterPack,72.5,3.63,76.13
16548305,IF4041453666,32720251,T2E3B9940 - 9403 Paradies Calgary,4500798625,2026-04-29,2026-05-07,1,4371.5,Order Processing,2,0.1,2.1
16548306,IF4041453667,32720252,T2E3B9940 - 9403 Paradies Calgary,4500771440,2026-04-29,2026-05-08,108,4005,Order NonMasterPack,54,2.7,56.7
16548306,IF4041453667,32720252,T2E3B9940 - 9403 Paradies Calgary,4500771440,2026-04-29,2026-05-08,1,4005,Order Processing,2,0.1,2.1
16548307,IF4041453668,32720253,T9E0V978 - 9785 Paradies Edmonton,4500798627,2026-04-29,2026-05-08,1,1804.5,Order Processing,2,0.1,2.1
16548307,IF4041453668,32720253,T9E0V978 - 9785 Paradies Edmonton,4500798627,2026-04-29,2026-05-08,60,1804.5,Order NonMasterPack,30,1.5,31.5
16548308,IF4041453748,32724866,P1H2B8REF - REFLECTIONS OF MUSKOKA,SS26 tentree Apr 20 ship order 2of3,2026-04-29,2026-05-04,179,5625,Order NonMasterPack,89.5,4.48,93.98
16548308,IF4041453748,32724866,P1H2B8REF - REFLECTIONS OF MUSKOKA,SS26 tentree Apr 20 ship order 2of3,2026-04-29,2026-05-04,1,5625,Order Processing,2,0.1,2.1
16550882,IF4041453842,32728596,V2A5A4FRE - FREE RIDE PENTICTON,PenTenTreeSu26,2026-04-30,2026-05-15,53,1236,Order NonMasterPack,26.5,1.33,27.83
16550882,IF4041453842,32728596,V2A5A4FRE - FREE RIDE PENTICTON,PenTenTreeSu26,2026-04-30,2026-05-15,1,1236,Order Processing,2,0.1,2.1
16550883,IF4041453843,32728597,V2A5A4FRE - FREE RIDE PENTICTON,WSTenTreeSu26,2026-04-30,2026-05-15,47,1020,Order NonMasterPack,23.5,1.18,24.68
16550883,IF4041453843,32728597,V2A5A4FRE - FREE RIDE PENTICTON,WSTenTreeSu26,2026-04-30,2026-05-15,1,1020,Order Processing,2,0.1,2.1
16552083,IF4041453944,32735181,V8L3S8BC - BC Ferries Retail Department,186827,2026-04-30,2026-05-06,60,1350,Order NonMasterPack,30,1.5,31.5
16552083,IF4041453944,32735181,V8L3S8BC - BC Ferries Retail Department,186827,2026-04-30,2026-05-06,1,1350,Order Processing,2,0.1,2.1
16561202,IF4041454183,32748010,V7R4K9GRO - GROUSE MOUNTAIN RESORTS LTD.,12300,2026-05-04,2026-05-05,162,4596.5,Order NonMasterPack,81,4.05,85.05
16561202,IF4041454183,32748010,V7R4K9GRO - GROUSE MOUNTAIN RESORTS LTD.,12300,2026-05-04,2026-05-05,1,4596.5,Order Processing,2,0.1,2.1
16567769,IF4041455036,32792149,J9P5K1CAR - Carrefour du Nord-Ouest,4262107-3306,2026-05-06,2026-05-15,6,135,Order NonMasterPack,3,0.15,3.15
16567769,IF4041455036,32792149,J9P5K1CAR - Carrefour du Nord-Ouest,4262107-3306,2026-05-06,2026-05-15,1,135,Order Processing,2,0.1,2.1
16567770,IF4041455037,32792150,J9X2R3SPO - SPORTS EXPERTS - ATMOSPHERE,4262103-3305,2026-05-06,2026-05-15,18,612,Order NonMasterPack,9,0.45,9.45
16567770,IF4041455037,32792150,J9X2R3SPO - SPORTS EXPERTS - ATMOSPHERE,4262103-3305,2026-05-06,2026-05-15,1,612,Order Processing,2,0.1,2.1
16567771,IF4041455038,32792151,J4K2V1PLA - Place Longueuil,4262103-538,2026-05-06,2026-05-15,23,708.5,Order NonMasterPack,11.5,0.58,12.08
16567771,IF4041455038,32792151,J4K2V1PLA - Place Longueuil,4262103-538,2026-05-06,2026-05-15,1,708.5,Order Processing,2,0.1,2.1
16569729,IF4041455194,32800077,Y1A2B3COA - COAST MOUNTAIN,3003998,2026-05-07,2026-05-15,83,2231.3,Order NonMasterPack,41.5,2.08,43.58
16569729,IF4041455194,32800077,Y1A2B3COA - COAST MOUNTAIN,3003998,2026-05-07,2026-05-15,1,2231.3,Order Processing,2,0.1,2.1
16569730,IF4041455196,32800178,Y1A2B3COA - COAST MOUNTAIN,3004002,2026-05-07,2026-05-15,81,2912.35,Order NonMasterPack,40.5,2.03,42.53
16569730,IF4041455196,32800178,Y1A2B3COA - COAST MOUNTAIN,3004002,2026-05-07,2026-05-15,1,2912.35,Order Processing,2,0.1,2.1
16581203,IF4041455423,32812537,L6T4H8THE - The Nuance Group (Canada) Inc,4503843483,2026-05-11,2026-05-14,188,6121.5,Order NonMasterPack,94,4.7,98.7
16581203,IF4041455423,32812537,L6T4H8THE - The Nuance Group (Canada) Inc,4503843483,2026-05-11,2026-05-14,1,6121.5,Order Processing,2,0.1,2.1
16593899,IF4041457603,32875558,V6A2E4TEN - tentree,veritree order 5/14,2026-05-15,2026-05-15,26,611,Order NonMasterPack,13,0.65,13.65
16593899,IF4041457603,32875558,V6A2E4TEN - tentree,veritree order 5/14,2026-05-15,2026-05-15,1,611,Order Processing,2,0.1,2.1
16503435,IF4041450601,32618612,R9A1L2KIC - KICK IT SPORTS,Shelf Talker,2026-04-13,2026-05-01,1,0,Order Processing,2,0.1,2.1
16503435,IF4041450601,32618612,R9A1L2KIC - KICK IT SPORTS,Shelf Talker,2026-04-13,2026-05-01,1,0,Handling,0.55,0.03,0.58
16503436,IF4041450602,32618613,R9A1L3KLE - KLEEN ALL THE PAS,Shelf Talker,2026-04-13,2026-05-01,1,0,Order Processing,2,0.1,2.1
16503436,IF4041450602,32618613,R9A1L3KLE - KLEEN ALL THE PAS,Shelf Talker,2026-04-13,2026-05-01,1,0,Handling,0.55,0.03,0.58
16503437,IF4041450603,32618614,N0H2R0BLU - BLUE HERON COMPANY  NET SHED,Shelf Talker,2026-04-13,2026-05-01,1,0,Handling,0.55,0.03,0.58
16503437,IF4041450603,32618614,N0H2R0BLU - BLUE HERON COMPANY  NET SHED,Shelf Talker,2026-04-13,2026-05-01,1,0,Order Processing,2,0.1,2.1
16541675,IF4041453340,32703236,S7N1B4NIC - NICAS CLOTHING AND ACCESSORIES,Shelf Talker,2026-04-27,2026-05-15,1,0,Order Processing,2,0.1,2.1
16541675,IF4041453340,32703236,S7N1B4NIC - NICAS CLOTHING AND ACCESSORIES,Shelf Talker,2026-04-27,2026-05-15,3,0,Handling,1.65,0.08,1.73
16567772,IF4041455039,32792152,K0K2T0THE - THE MERCHANT,tentree signage,2026-05-06,2026-05-14,3,0,Handling,1.65,0.08,1.73
16567772,IF4041455039,32792152,K0K2T0THE - THE MERCHANT,tentree signage,2026-05-06,2026-05-14,1,0,Order Processing,2,0.1,2.1
16569219,IF4041455098,32794471,V0H1V0SES - SESSIONS OUTDOOR SPORTS,POP,2026-05-07,2026-05-13,3,0,Handling,1.65,0.08,1.73
16569219,IF4041455098,32794471,V0H1V0SES - SESSIONS OUTDOOR SPORTS,POP,2026-05-07,2026-05-13,1,0,Order Processing,2,0.1,2.1
1043565,RMA #FFHBBYPQ,32637699,DUSTIN PRIXCIAK (L4M6N1DUS),7.92E+11,2026-05-01,2026-05-01,1,0,Returns,2.07,0.1,2.17
1043565,RMA #FFHBBYPQ,32637699,DUSTIN PRIXCIAK (L4M6N1DUS),7.92E+11,2026-05-01,2026-05-01,0,0,Service Center Labor,2.36,0.12,2.48
1043565,RMA #FFHBBYPQ,32637699,DUSTIN PRIXCIAK (L4M6N1DUS),7.92E+11,2026-05-01,2026-05-01,1,0,Restock,0.25,0.01,0.26
1043565,RMA #FFHBBYPQ,32637699,DUSTIN PRIXCIAK (L4M6N1DUS),7.92E+11,2026-05-01,2026-05-01,1,0,Storage,0.05,0,0.05
1043572,RMA90369,32662015,VALHALLA PURE OUTFITTERS-04 (V0G1S0VAL),6.01E+15,2026-05-01,2026-05-01,0,0,Service Center Labor,15.59,0.78,16.37
1043572,RMA90369,32662015,VALHALLA PURE OUTFITTERS-04 (V0G1S0VAL),6.01E+15,2026-05-01,2026-05-01,16,0,Returns,12.12,0.61,12.73
1043572,RMA90369,32662015,VALHALLA PURE OUTFITTERS-04 (V0G1S0VAL),6.01E+15,2026-05-01,2026-05-01,16,0,Restock,4,0.2,4.2
1043572,RMA90369,32662015,VALHALLA PURE OUTFITTERS-04 (V0G1S0VAL),6.01E+15,2026-05-01,2026-05-01,16,0,Storage,0.8,0.04,0.84
1043591,RMA #KX9G3BVU,32626796,DUSTIN PRISCIAK (L4M6N1DUS),6.01E+15,2026-05-01,2026-05-01,0,0,Service Center Labor,1.42,0.07,1.49
1043591,RMA #KX9G3BVU,32626796,DUSTIN PRISCIAK (L4M6N1DUS),6.01E+15,2026-05-01,2026-05-01,1,0,Restock,0.25,0.01,0.26
1043591,RMA #KX9G3BVU,32626796,DUSTIN PRISCIAK (L4M6N1DUS),6.01E+15,2026-05-01,2026-05-01,1,0,Returns,2.07,0.1,2.17
1043591,RMA #KX9G3BVU,32626796,DUSTIN PRISCIAK (L4M6N1DUS),6.01E+15,2026-05-01,2026-05-01,1,0,Storage,0.05,0,0.05
1043637,RMA #B9H0QLY5,32633234,AUDREE MARIAGE (G2M0N1AUD),6.01E+15,2026-05-01,2026-05-01,0,0,Service Center Labor,2.36,0.12,2.48
1043637,RMA #B9H0QLY5,32633234,AUDREE MARIAGE (G2M0N1AUD),6.01E+15,2026-05-01,2026-05-01,2,0,Returns,2.74,0.14,2.88
1043637,RMA #B9H0QLY5,32633234,AUDREE MARIAGE (G2M0N1AUD),6.01E+15,2026-05-01,2026-05-01,2,0,Restock,0.5,0.03,0.53
1043637,RMA #B9H0QLY5,32633234,AUDREE MARIAGE (G2M0N1AUD),6.01E+15,2026-05-01,2026-05-01,2,0,Storage,0.1,0.01,0.11
1043641,RMA #MQRT822U,32670345,KARA NOBLE (P0P1H0KAR),6.01E+15,2026-05-01,2026-05-01,4,0,Returns,4.08,0.2,4.28
1043641,RMA #MQRT822U,32670345,KARA NOBLE (P0P1H0KAR),6.01E+15,2026-05-01,2026-05-01,4,0,Restock,1,0.05,1.05
1043641,RMA #MQRT822U,32670345,KARA NOBLE (P0P1H0KAR),6.01E+15,2026-05-01,2026-05-01,0,0,Service Center Labor,5.67,0.28,5.95
1043641,RMA #MQRT822U,32670345,KARA NOBLE (P0P1H0KAR),6.01E+15,2026-05-01,2026-05-01,4,0,Storage,0.2,0.01,0.21
1043648,RMA #ATS1BQBV,32626583,DIEDERIK KROONDIJK (V8B1G2DIE),7.92E+11,2026-05-01,2026-05-01,1,0,Returns,2.07,0.1,2.17
1043648,RMA #ATS1BQBV,32626583,DIEDERIK KROONDIJK (V8B1G2DIE),7.92E+11,2026-05-01,2026-05-01,0,0,Service Center Labor,2.36,0.12,2.48
1043648,RMA #ATS1BQBV,32626583,DIEDERIK KROONDIJK (V8B1G2DIE),7.92E+11,2026-05-01,2026-05-01,1,0,Restock,0.25,0.01,0.26
1043648,RMA #ATS1BQBV,32626583,DIEDERIK KROONDIJK (V8B1G2DIE),7.92E+11,2026-05-01,2026-05-01,1,0,Storage,0.05,0,0.05
1043653,RMA90308,32633130,WILD ROCK OUTFITTERS (K9J2T7WIL),6.01E+15,2026-05-01,2026-05-01,4,0,Returns,4.08,0.2,4.28
1043653,RMA90308,32633130,WILD ROCK OUTFITTERS (K9J2T7WIL),6.01E+15,2026-05-01,2026-05-01,0,0,Service Center Labor,8.51,0.43,8.94
1043653,RMA90308,32633130,WILD ROCK OUTFITTERS (K9J2T7WIL),6.01E+15,2026-05-01,2026-05-01,4,0,Restock,1,0.05,1.05
1043653,RMA90308,32633130,WILD ROCK OUTFITTERS (K9J2T7WIL),6.01E+15,2026-05-01,2026-05-01,4,0,Storage,0.2,0.01,0.21
1043666,RMA #FMU5OUZL,32634650,ISABELLE FILLION (G3N3B6ISA),6.01E+15,2026-05-01,2026-05-01,0,0,Service Center Labor,2.36,0.12,2.48
1043666,RMA #FMU5OUZL,32634650,ISABELLE FILLION (G3N3B6ISA),6.01E+15,2026-05-01,2026-05-01,1,0,Restock,0.25,0.01,0.26
1043666,RMA #FMU5OUZL,32634650,ISABELLE FILLION (G3N3B6ISA),6.01E+15,2026-05-01,2026-05-01,1,0,Returns,2.07,0.1,2.17
1043666,RMA #FMU5OUZL,32634650,ISABELLE FILLION (G3N3B6ISA),6.01E+15,2026-05-01,2026-05-01,1,0,Storage,0.05,0,0.05
1043673,RMA #1Z2ZXOAJ,32668119,ALICIA TEBBUTT (N0J1G0ALI),7.98E+11,2026-05-01,2026-05-01,1,0,Returns,2.07,0.1,2.17
1043673,RMA #1Z2ZXOAJ,32668119,ALICIA TEBBUTT (N0J1G0ALI),7.98E+11,2026-05-01,2026-05-01,0,0,Service Center Labor,2.36,0.12,2.48
1043673,RMA #1Z2ZXOAJ,32668119,ALICIA TEBBUTT (N0J1G0ALI),7.98E+11,2026-05-01,2026-05-01,1,0,Restock,0.25,0.01,0.26
1043673,RMA #1Z2ZXOAJ,32668119,ALICIA TEBBUTT (N0J1G0ALI),7.98E+11,2026-05-01,2026-05-01,1,0,Storage,0.05,0,0.05
1043675,RMA #3T3ZERPC,32680761,CELINE LALIBERTE (J4B5L4CEL),6.01E+15,2026-05-01,2026-05-01,0,0,Service Center Labor,5.67,0.28,5.95
1043675,RMA #3T3ZERPC,32680761,CELINE LALIBERTE (J4B5L4CEL),6.01E+15,2026-05-01,2026-05-01,3,0,Returns,3.41,0.17,3.58
1043675,RMA #3T3ZERPC,32680761,CELINE LALIBERTE (J4B5L4CEL),6.01E+15,2026-05-01,2026-05-01,3,0,Restock,0.75,0.04,0.79
1043675,RMA #3T3ZERPC,32680761,CELINE LALIBERTE (J4B5L4CEL),6.01E+15,2026-05-01,2026-05-01,3,0,Storage,0.15,0.01,0.16
1043684,RMA #M04RNTIJ,32635799,LAURIE MASTROPIETRO (J5L1Y4LAU),6.01E+15,2026-05-01,2026-05-01,1,0,Returns,2.07,0.1,2.17
1043684,RMA #M04RNTIJ,32635799,LAURIE MASTROPIETRO (J5L1Y4LAU),6.01E+15,2026-05-01,2026-05-01,0,0,Service Center Labor,2.36,0.12,2.48
1043684,RMA #M04RNTIJ,32635799,LAURIE MASTROPIETRO (J5L1Y4LAU),6.01E+15,2026-05-01,2026-05-01,1,0,Restock,0.25,0.01,0.26
1043684,RMA #M04RNTIJ,32635799,LAURIE MASTROPIETRO (J5L1Y4LAU),6.01E+15,2026-05-01,2026-05-01,1,0,Storage,0.05,0,0.05
1043691,RMA #75PSCX4N,32670732,BONNIE SHEWFELT (N4N3B9BON),6.01E+15,2026-05-01,2026-05-01,4,0,Restock,1,0.05,1.05
1043691,RMA #75PSCX4N,32670732,BONNIE SHEWFELT (N4N3B9BON),6.01E+15,2026-05-01,2026-05-01,1,0,Shop Supplies,0.16,0.01,0.17
1043691,RMA #75PSCX4N,32670732,BONNIE SHEWFELT (N4N3B9BON),6.01E+15,2026-05-01,2026-05-01,0,0,Service Center Labor,4.73,0.24,4.97
1043691,RMA #75PSCX4N,32670732,BONNIE SHEWFELT (N4N3B9BON),6.01E+15,2026-05-01,2026-05-01,4,0,Returns,4.08,0.2,4.28
1043691,RMA #75PSCX4N,32670732,BONNIE SHEWFELT (N4N3B9BON),6.01E+15,2026-05-01,2026-05-01,4,0,Storage,0.2,0.01,0.21
1043692,RMA #AH4Z1PCM,32645221,BRODIJ GERRYTS (V9C0N4BRO),7.92E+11,2026-05-01,2026-05-01,1,0,Returns,2.07,0.1,2.17
1043692,RMA #AH4Z1PCM,32645221,BRODIJ GERRYTS (V9C0N4BRO),7.92E+11,2026-05-01,2026-05-01,1,0,Restock,0.25,0.01,0.26
1043692,RMA #AH4Z1PCM,32645221,BRODIJ GERRYTS (V9C0N4BRO),7.92E+11,2026-05-01,2026-05-01,0,0,Service Center Labor,2.36,0.12,2.48
1043692,RMA #AH4Z1PCM,32645221,BRODIJ GERRYTS (V9C0N4BRO),7.92E+11,2026-05-01,2026-05-01,1,0,Storage,0.05,0,0.05
1043693,RMA #VFPGB6WS,32627907,MARIE-CHRISTINE CARRIER (J0B2P0MAR),6.01E+15,2026-05-01,2026-05-08,1,0,Returns,2.07,0.1,2.17
1043693,RMA #VFPGB6WS,32627907,MARIE-CHRISTINE CARRIER (J0B2P0MAR),6.01E+15,2026-05-01,2026-05-08,1,0,Restock,0.25,0.01,0.26
1043693,RMA #VFPGB6WS,32627907,MARIE-CHRISTINE CARRIER (J0B2P0MAR),6.01E+15,2026-05-01,2026-05-08,1,0,Storage,0.05,0,0.05
1043704,RMA #XF2OYTFQ,32636398,ELIZABETH ROBERTSON (V5G2V9ELI),6.01E+15,2026-05-01,2026-05-01,1,0,Returns,2.07,0.1,2.17
1043704,RMA #XF2OYTFQ,32636398,ELIZABETH ROBERTSON (V5G2V9ELI),6.01E+15,2026-05-01,2026-05-01,1,0,Restock,0.25,0.01,0.26
1043704,RMA #XF2OYTFQ,32636398,ELIZABETH ROBERTSON (V5G2V9ELI),6.01E+15,2026-05-01,2026-05-01,0,0,Service Center Labor,2.36,0.12,2.48
1043704,RMA #XF2OYTFQ,32636398,ELIZABETH ROBERTSON (V5G2V9ELI),6.01E+15,2026-05-01,2026-05-01,1,0,Storage,0.05,0,0.05
1043717,RMA #8ER9XGR8,32670841,GENEVIÃˆVE COULOMBE (J4H2M8GEN),6.01E+15,2026-05-01,2026-05-01,1,0,Returns,2.07,0.1,2.17
1043717,RMA #8ER9XGR8,32670841,GENEVIÃˆVE COULOMBE (J4H2M8GEN),6.01E+15,2026-05-01,2026-05-01,0,0,Service Center Labor,2.36,0.12,2.48
1043717,RMA #8ER9XGR8,32670841,GENEVIÃˆVE COULOMBE (J4H2M8GEN),6.01E+15,2026-05-01,2026-05-01,1,0,Restock,0.25,0.01,0.26
1043717,RMA #8ER9XGR8,32670841,GENEVIÃˆVE COULOMBE (J4H2M8GEN),6.01E+15,2026-05-01,2026-05-01,1,0,Storage,0.05,0,0.05
1043718,RMA #UQTEC5PM,32622134,NATHAN MCDERMOTT (T0M0S0NAT),6.01E+15,2026-05-01,2026-05-01,0,0,Service Center Labor,5.67,0.28,5.95
1043718,RMA #UQTEC5PM,32622134,NATHAN MCDERMOTT (T0M0S0NAT),6.01E+15,2026-05-01,2026-05-01,4,0,Returns,4.08,0.2,4.28
1043718,RMA #UQTEC5PM,32622134,NATHAN MCDERMOTT (T0M0S0NAT),6.01E+15,2026-05-01,2026-05-01,4,0,Restock,1,0.05,1.05
1043718,RMA #UQTEC5PM,32622134,NATHAN MCDERMOTT (T0M0S0NAT),6.01E+15,2026-05-01,2026-05-01,4,0,Storage,0.2,0.01,0.21
1043735,RMA #VPL60Y38,32671339,CAITLIN GRIFFIN (H4A2R8CAI),7.98E+11,2026-05-01,2026-05-01,0,0,Service Center Labor,2.36,0.12,2.48
1043735,RMA #VPL60Y38,32671339,CAITLIN GRIFFIN (H4A2R8CAI),7.98E+11,2026-05-01,2026-05-01,1,0,Returns,2.07,0.1,2.17
1043735,RMA #VPL60Y38,32671339,CAITLIN GRIFFIN (H4A2R8CAI),7.98E+11,2026-05-01,2026-05-01,1,0,Restock,0.25,0.01,0.26
1043735,RMA #VPL60Y38,32671339,CAITLIN GRIFFIN (H4A2R8CAI),7.98E+11,2026-05-01,2026-05-01,1,0,Storage,0.05,0,0.05
1043737,RMA #OUSCGBEO,32635900,ALISON WILSON (N2J3P1ALI),6.01E+15,2026-05-01,2026-05-01,0,0,Service Center Labor,3.31,0.17,3.48
1043737,RMA #OUSCGBEO,32635900,ALISON WILSON (N2J3P1ALI),6.01E+15,2026-05-01,2026-05-01,2,0,Returns,2.74,0.14,2.88
1043737,RMA #OUSCGBEO,32635900,ALISON WILSON (N2J3P1ALI),6.01E+15,2026-05-01,2026-05-01,2,0,Restock,0.5,0.03,0.53
1043737,RMA #OUSCGBEO,32635900,ALISON WILSON (N2J3P1ALI),6.01E+15,2026-05-01,2026-05-01,2,0,Storage,0.1,0.01,0.11
1043746,RMA #JNX3J6OD,32716131,KAREN HOPE (V0N1T0KAR),6.01E+15,2026-05-01,2026-05-01,1,0,Restock,0.25,0.01,0.26
1043746,RMA #JNX3J6OD,32716131,KAREN HOPE (V0N1T0KAR),6.01E+15,2026-05-01,2026-05-01,0,0,Service Center Labor,0.95,0.05,1
1043746,RMA #JNX3J6OD,32716131,KAREN HOPE (V0N1T0KAR),6.01E+15,2026-05-01,2026-05-01,1,0,Returns,2.07,0.1,2.17
1043746,RMA #JNX3J6OD,32716131,KAREN HOPE (V0N1T0KAR),6.01E+15,2026-05-01,2026-05-01,1,0,Storage,0.05,0,0.05
1043753,RMA #SDKWBIKS,32681070,CHANDI MACKINNON (T4P0M7CHA),6.01E+15,2026-05-01,2026-05-01,0,0,Service Center Labor,2.36,0.12,2.48
1043753,RMA #SDKWBIKS,32681070,CHANDI MACKINNON (T4P0M7CHA),6.01E+15,2026-05-01,2026-05-01,1,0,Returns,2.07,0.1,2.17
1043753,RMA #SDKWBIKS,32681070,CHANDI MACKINNON (T4P0M7CHA),6.01E+15,2026-05-01,2026-05-01,1,0,Restock,0.25,0.01,0.26
1043753,RMA #SDKWBIKS,32681070,CHANDI MACKINNON (T4P0M7CHA),6.01E+15,2026-05-01,2026-05-01,1,0,Shop Supplies,0.16,0.01,0.17
1043753,RMA #SDKWBIKS,32681070,CHANDI MACKINNON (T4P0M7CHA),6.01E+15,2026-05-01,2026-05-01,1,0,Storage,0.05,0,0.05
1043847,RMA90468,32718289,LINDSAY MAITLAND (S0K1Z0LIN),6.01E+15,2026-05-04,2026-05-04,1,0,Restock,0.25,0.01,0.26
1043847,RMA90468,32718289,LINDSAY MAITLAND (S0K1Z0LIN),6.01E+15,2026-05-04,2026-05-04,1,0,Returns,2.07,0.1,2.17
1043847,RMA90468,32718289,LINDSAY MAITLAND (S0K1Z0LIN),6.01E+15,2026-05-04,2026-05-04,0,0,Service Center Labor,1.42,0.07,1.49
1043847,RMA90468,32718289,LINDSAY MAITLAND (S0K1Z0LIN),6.01E+15,2026-05-04,2026-05-04,1,0,Storage,0.05,0,0.05
1044062,RMA #67OGAHMC,32684405,KATRINA NASSICHUK (V8Z2G8KAT),6.01E+15,2026-05-04,2026-05-04,0,0,Service Center Labor,2.36,0.12,2.48
1044062,RMA #67OGAHMC,32684405,KATRINA NASSICHUK (V8Z2G8KAT),6.01E+15,2026-05-04,2026-05-04,2,0,Restock,0.5,0.02,0.52
1044062,RMA #67OGAHMC,32684405,KATRINA NASSICHUK (V8Z2G8KAT),6.01E+15,2026-05-04,2026-05-04,2,0,Returns,2.74,0.13,2.87
1044062,RMA #67OGAHMC,32684405,KATRINA NASSICHUK (V8Z2G8KAT),6.01E+15,2026-05-04,2026-05-04,2,0,Storage,0.1,0,0.1
1044074,RMA #3Y42PKQD,32670342,NADINE PARKER (V7J3H6NAD),6.01E+15,2026-05-04,2026-05-04,2,0,Returns,2.74,0.14,2.88
1044074,RMA #3Y42PKQD,32670342,NADINE PARKER (V7J3H6NAD),6.01E+15,2026-05-04,2026-05-04,0,0,Service Center Labor,2.36,0.12,2.48
1044074,RMA #3Y42PKQD,32670342,NADINE PARKER (V7J3H6NAD),6.01E+15,2026-05-04,2026-05-04,2,0,Restock,0.5,0.03,0.53
1044074,RMA #3Y42PKQD,32670342,NADINE PARKER (V7J3H6NAD),6.01E+15,2026-05-04,2026-05-04,2,0,Storage,0.1,0.01,0.11
1044076,RMA #EXXY9MQB,32651408,LESLIE MERCER (N3R1J5LES),6.01E+15,2026-05-04,2026-05-04,1,0,Returns,2.07,0.1,2.17
1044076,RMA #EXXY9MQB,32651408,LESLIE MERCER (N3R1J5LES),6.01E+15,2026-05-04,2026-05-04,0,0,Service Center Labor,1.42,0.07,1.49
1044076,RMA #EXXY9MQB,32651408,LESLIE MERCER (N3R1J5LES),6.01E+15,2026-05-04,2026-05-04,1,0,Restock,0.25,0.01,0.26
1044076,RMA #EXXY9MQB,32651408,LESLIE MERCER (N3R1J5LES),6.01E+15,2026-05-04,2026-05-04,1,0,Storage,0.05,0,0.05
1044080,RMA #T50EB4W1,32665653,LISA FORCIER (V8S4G1LIS),6.01E+15,2026-05-04,2026-05-04,0,0,Service Center Labor,1.42,0.07,1.49
1044080,RMA #T50EB4W1,32665653,LISA FORCIER (V8S4G1LIS),6.01E+15,2026-05-04,2026-05-04,1,0,Returns,2.07,0.1,2.17
1044080,RMA #T50EB4W1,32665653,LISA FORCIER (V8S4G1LIS),6.01E+15,2026-05-04,2026-05-04,1,0,Restock,0.25,0.01,0.26
1044080,RMA #T50EB4W1,32665653,LISA FORCIER (V8S4G1LIS),6.01E+15,2026-05-04,2026-05-04,1,0,Storage,0.05,0,0.05
1044084,RMA #17D7R8IG,32718304,STANISLAV PODDUBNYY (V5M3G6STA),6.01E+15,2026-05-04,2026-05-04,0,0,Service Center Labor,1.42,0.07,1.49
1044084,RMA #17D7R8IG,32718304,STANISLAV PODDUBNYY (V5M3G6STA),6.01E+15,2026-05-04,2026-05-04,1,0,Returns,2.07,0.1,2.17
1044084,RMA #17D7R8IG,32718304,STANISLAV PODDUBNYY (V5M3G6STA),6.01E+15,2026-05-04,2026-05-04,1,0,Restock,0.25,0.01,0.26
1044084,RMA #17D7R8IG,32718304,STANISLAV PODDUBNYY (V5M3G6STA),6.01E+15,2026-05-04,2026-05-04,1,0,Storage,0.05,0,0.05
1044087,RMA #GOCKKBS1,32697936,MICHELLE FILPCHUK (V0E1K0MIC),6.01E+15,2026-05-04,2026-05-04,1,0,Returns,2.07,0.1,2.17
1044087,RMA #GOCKKBS1,32697936,MICHELLE FILPCHUK (V0E1K0MIC),6.01E+15,2026-05-04,2026-05-04,0,0,Service Center Labor,1.42,0.07,1.49
1044087,RMA #GOCKKBS1,32697936,MICHELLE FILPCHUK (V0E1K0MIC),6.01E+15,2026-05-04,2026-05-04,1,0,Restock,0.25,0.01,0.26
1044087,RMA #GOCKKBS1,32697936,MICHELLE FILPCHUK (V0E1K0MIC),6.01E+15,2026-05-04,2026-05-04,1,0,Storage,0.05,0,0.05
1044089,RMA #EOVPS27T,32626265,SHELDON BARRY (A1B3B7SHE),6.01E+15,2026-05-04,2026-05-04,0,0,Service Center Labor,1.42,0.07,1.49
1044089,RMA #EOVPS27T,32626265,SHELDON BARRY (A1B3B7SHE),6.01E+15,2026-05-04,2026-05-04,1,0,Returns,2.07,0.1,2.17
1044089,RMA #EOVPS27T,32626265,SHELDON BARRY (A1B3B7SHE),6.01E+15,2026-05-04,2026-05-04,1,0,Restock,0.25,0.01,0.26
1044089,RMA #EOVPS27T,32626265,SHELDON BARRY (A1B3B7SHE),6.01E+15,2026-05-04,2026-05-04,1,0,Storage,0.05,0,0.05
1044092,RMA #POH8P3N5,32713291,SUSAN MELN (V6J5C5SUS),6.01E+15,2026-05-04,2026-05-04,0,0,Service Center Labor,1.42,0.07,1.49
1044092,RMA #POH8P3N5,32713291,SUSAN MELN (V6J5C5SUS),6.01E+15,2026-05-04,2026-05-04,1,0,Returns,2.07,0.1,2.17
1044092,RMA #POH8P3N5,32713291,SUSAN MELN (V6J5C5SUS),6.01E+15,2026-05-04,2026-05-04,1,0,Restock,0.25,0.01,0.26
1044092,RMA #POH8P3N5,32713291,SUSAN MELN (V6J5C5SUS),6.01E+15,2026-05-04,2026-05-04,1,0,Storage,0.05,0,0.05
1044094,RMA #BGBYUV8P,32688023,CHELSEA DYCH (T3H4X6CHE),6.01E+15,2026-05-04,2026-05-04,0,0,Service Center Labor,1.42,0.07,1.49
1044094,RMA #BGBYUV8P,32688023,CHELSEA DYCH (T3H4X6CHE),6.01E+15,2026-05-04,2026-05-04,1,0,Returns,2.07,0.1,2.17
1044094,RMA #BGBYUV8P,32688023,CHELSEA DYCH (T3H4X6CHE),6.01E+15,2026-05-04,2026-05-04,1,0,Restock,0.25,0.01,0.26
1044094,RMA #BGBYUV8P,32688023,CHELSEA DYCH (T3H4X6CHE),6.01E+15,2026-05-04,2026-05-04,1,0,Storage,0.05,0,0.05
1044097,RMA #7NWJNCQG,32682389,JOHANNA BONOGOFSKY (V3N0A1JOH),6.01E+15,2026-05-04,2026-05-04,6,0,Returns,5.42,0.27,5.69
1044097,RMA #7NWJNCQG,32682389,JOHANNA BONOGOFSKY (V3N0A1JOH),6.01E+15,2026-05-04,2026-05-04,0,0,Service Center Labor,3.78,0.19,3.97
1044097,RMA #7NWJNCQG,32682389,JOHANNA BONOGOFSKY (V3N0A1JOH),6.01E+15,2026-05-04,2026-05-04,1,0,Shop Supplies,0.16,0.01,0.17
1044097,RMA #7NWJNCQG,32682389,JOHANNA BONOGOFSKY (V3N0A1JOH),6.01E+15,2026-05-04,2026-05-04,6,0,Restock,1.5,0.08,1.58
1044097,RMA #7NWJNCQG,32682389,JOHANNA BONOGOFSKY (V3N0A1JOH),6.01E+15,2026-05-04,2026-05-04,6,0,Storage,0.3,0.02,0.32
1044102,RMA #ULMQPU3P,32688419,ANGELA DICKSON (V2S7J8ANG),6.01E+15,2026-05-04,2026-05-04,1,0,Returns,2.07,0.1,2.17
1044102,RMA #ULMQPU3P,32688419,ANGELA DICKSON (V2S7J8ANG),6.01E+15,2026-05-04,2026-05-04,0,0,Service Center Labor,1.42,0.07,1.49
1044102,RMA #ULMQPU3P,32688419,ANGELA DICKSON (V2S7J8ANG),6.01E+15,2026-05-04,2026-05-04,1,0,Restock,0.25,0.01,0.26
1044102,RMA #ULMQPU3P,32688419,ANGELA DICKSON (V2S7J8ANG),6.01E+15,2026-05-04,2026-05-04,1,0,Storage,0.05,0,0.05
1044104,RMA #CK7DY4YV,32635998,PAOLA LAM (V6K3H3PAO),6.01E+15,2026-05-04,2026-05-04,1,0,Returns,2.07,0.1,2.17
1044104,RMA #CK7DY4YV,32635998,PAOLA LAM (V6K3H3PAO),6.01E+15,2026-05-04,2026-05-04,0,0,Service Center Labor,1.42,0.07,1.49
1044104,RMA #CK7DY4YV,32635998,PAOLA LAM (V6K3H3PAO),6.01E+15,2026-05-04,2026-05-04,1,0,Restock,0.25,0.01,0.26
1044104,RMA #CK7DY4YV,32635998,PAOLA LAM (V6K3H3PAO),6.01E+15,2026-05-04,2026-05-04,1,0,Storage,0.05,0,0.05
1044105,RMA #7AQ6JCLF,32706334,JACQUI WEST (N0G2J0JAC),7.98E+11,2026-05-04,2026-05-04,0,0,Service Center Labor,1.42,0.07,1.49
1044105,RMA #7AQ6JCLF,32706334,JACQUI WEST (N0G2J0JAC),7.98E+11,2026-05-04,2026-05-04,1,0,Returns,2.07,0.1,2.17
1044105,RMA #7AQ6JCLF,32706334,JACQUI WEST (N0G2J0JAC),7.98E+11,2026-05-04,2026-05-04,1,0,Restock,0.25,0.01,0.26
1044105,RMA #7AQ6JCLF,32706334,JACQUI WEST (N0G2J0JAC),7.98E+11,2026-05-04,2026-05-04,1,0,Storage,0.05,0,0.05
1044107,RMA #54HW59HU,32715611,TARA SMITH (V9N9M7TAR),7.98E+11,2026-05-04,2026-05-04,0,0,Service Center Labor,1.42,0.07,1.49
1044107,RMA #54HW59HU,32715611,TARA SMITH (V9N9M7TAR),7.98E+11,2026-05-04,2026-05-04,1,0,Returns,2.07,0.1,2.17
1044107,RMA #54HW59HU,32715611,TARA SMITH (V9N9M7TAR),7.98E+11,2026-05-04,2026-05-04,1,0,Restock,0.25,0.01,0.26
1044107,RMA #54HW59HU,32715611,TARA SMITH (V9N9M7TAR),7.98E+11,2026-05-04,2026-05-04,1,0,Storage,0.05,0,0.05
1044112,RMA #84KS6YPD,32685308,CHRISTINE FLAMMER (K1C5M1CHR),7.98E+11,2026-05-04,2026-05-04,1,0,Returns,2.07,0.1,2.17
1044112,RMA #84KS6YPD,32685308,CHRISTINE FLAMMER (K1C5M1CHR),7.98E+11,2026-05-04,2026-05-04,0,0,Service Center Labor,1.42,0.07,1.49
1044112,RMA #84KS6YPD,32685308,CHRISTINE FLAMMER (K1C5M1CHR),7.98E+11,2026-05-04,2026-05-04,1,0,Restock,0.25,0.01,0.26
1044112,RMA #84KS6YPD,32685308,CHRISTINE FLAMMER (K1C5M1CHR),7.98E+11,2026-05-04,2026-05-04,1,0,Storage,0.05,0,0.05
1044118,RMA #S9W4BTZG,32689618,THERESA DELL (L3J1P4THE),7.98E+11,2026-05-04,2026-05-04,0,0,Service Center Labor,1.42,0.07,1.49
1044118,RMA #S9W4BTZG,32689618,THERESA DELL (L3J1P4THE),7.98E+11,2026-05-04,2026-05-04,1,0,Returns,2.07,0.1,2.17
1044118,RMA #S9W4BTZG,32689618,THERESA DELL (L3J1P4THE),7.98E+11,2026-05-04,2026-05-04,1,0,Restock,0.25,0.01,0.26
1044118,RMA #S9W4BTZG,32689618,THERESA DELL (L3J1P4THE),7.98E+11,2026-05-04,2026-05-04,1,0,Storage,0.05,0,0.05
1044533,RMA #FC79LE86,32705498,ANNE HATCH (N4K5N3ANN),6.01E+15,2026-05-06,2026-05-06,1,0,Restock,0.25,0.01,0.26
1044533,RMA #FC79LE86,32705498,ANNE HATCH (N4K5N3ANN),6.01E+15,2026-05-06,2026-05-06,0,0,Service Center Labor,2.36,0.12,2.48
1044533,RMA #FC79LE86,32705498,ANNE HATCH (N4K5N3ANN),6.01E+15,2026-05-06,2026-05-06,1,0,Returns,2.07,0.1,2.17
1044533,RMA #FC79LE86,32705498,ANNE HATCH (N4K5N3ANN),6.01E+15,2026-05-06,2026-05-06,1,0,Storage,0.05,0,0.05
1044534,RMA #RGDKKUF4,32708980,JESSIE CROSS (T9H4N1JES),6.01E+15,2026-05-06,2026-05-06,0,0,Service Center Labor,2.36,0.12,2.48
1044534,RMA #RGDKKUF4,32708980,JESSIE CROSS (T9H4N1JES),6.01E+15,2026-05-06,2026-05-06,1,0,Returns,2.07,0.1,2.17
1044534,RMA #RGDKKUF4,32708980,JESSIE CROSS (T9H4N1JES),6.01E+15,2026-05-06,2026-05-06,1,0,Restock,0.25,0.01,0.26
1044534,RMA #RGDKKUF4,32708980,JESSIE CROSS (T9H4N1JES),6.01E+15,2026-05-06,2026-05-06,1,0,Storage,0.05,0,0.05
1044536,RMA #92SH7GOC,32641927,JENNIFER GOBEIL (G7A4N1JEN),6.01E+15,2026-05-06,2026-05-06,2,0,Returns,2.74,0.14,2.88
1044536,RMA #92SH7GOC,32641927,JENNIFER GOBEIL (G7A4N1JEN),6.01E+15,2026-05-06,2026-05-06,0,0,Service Center Labor,3.78,0.19,3.97
1044536,RMA #92SH7GOC,32641927,JENNIFER GOBEIL (G7A4N1JEN),6.01E+15,2026-05-06,2026-05-06,2,0,Restock,0.5,0.03,0.53
1044536,RMA #92SH7GOC,32641927,JENNIFER GOBEIL (G7A4N1JEN),6.01E+15,2026-05-06,2026-05-06,2,0,Storage,0.1,0.01,0.11
1044538,RMA #DV83NUAL,32681174,PIERRE-LUC JONCAS (J2R1C6PIE),6.01E+15,2026-05-06,2026-05-06,0,0,Service Center Labor,3.31,0.17,3.48
1044538,RMA #DV83NUAL,32681174,PIERRE-LUC JONCAS (J2R1C6PIE),6.01E+15,2026-05-06,2026-05-06,2,0,Restock,0.5,0.03,0.53
1044538,RMA #DV83NUAL,32681174,PIERRE-LUC JONCAS (J2R1C6PIE),6.01E+15,2026-05-06,2026-05-06,2,0,Returns,2.74,0.14,2.88
1044538,RMA #DV83NUAL,32681174,PIERRE-LUC JONCAS (J2R1C6PIE),6.01E+15,2026-05-06,2026-05-06,2,0,Storage,0.1,0.01,0.11
1044540,RMA #EYIBZV82,32695039,MARIE-PIER TURCOTTE-GOSSELIN (J1T4W1MAR),6.01E+15,2026-05-06,2026-05-06,3,0,Returns,3.41,0.17,3.58
1044540,RMA #EYIBZV82,32695039,MARIE-PIER TURCOTTE-GOSSELIN (J1T4W1MAR),6.01E+15,2026-05-06,2026-05-06,1,0,Shop Supplies,0.16,0.01,0.17
1044540,RMA #EYIBZV82,32695039,MARIE-PIER TURCOTTE-GOSSELIN (J1T4W1MAR),6.01E+15,2026-05-06,2026-05-06,0,0,Service Center Labor,3.78,0.19,3.97
1044540,RMA #EYIBZV82,32695039,MARIE-PIER TURCOTTE-GOSSELIN (J1T4W1MAR),6.01E+15,2026-05-06,2026-05-06,3,0,Restock,0.75,0.04,0.79
1044540,RMA #EYIBZV82,32695039,MARIE-PIER TURCOTTE-GOSSELIN (J1T4W1MAR),6.01E+15,2026-05-06,2026-05-06,3,0,Storage,0.15,0.01,0.16
1044551,RMA #XZKK57T3,32642335,JEREMY UDIT (M2N3L8JER),6.01E+15,2026-05-06,2026-05-06,1,0,Restock,0.25,0.01,0.26
1044551,RMA #XZKK57T3,32642335,JEREMY UDIT (M2N3L8JER),6.01E+15,2026-05-06,2026-05-06,1,0,Returns,2.07,0.1,2.17
1044551,RMA #XZKK57T3,32642335,JEREMY UDIT (M2N3L8JER),6.01E+15,2026-05-06,2026-05-06,0,0,Service Center Labor,2.36,0.12,2.48
1044551,RMA #XZKK57T3,32642335,JEREMY UDIT (M2N3L8JER),6.01E+15,2026-05-06,2026-05-06,1,0,Storage,0.05,0,0.05
1044555,RMA #CUK9OB3W,32685403,NELLA SAMMARTINO (H1E6C8NEL),6.01E+15,2026-05-06,2026-05-06,1,0,Returns,2.07,0.1,2.17
1044555,RMA #CUK9OB3W,32685403,NELLA SAMMARTINO (H1E6C8NEL),6.01E+15,2026-05-06,2026-05-06,0,0,Service Center Labor,2.36,0.12,2.48
1044555,RMA #CUK9OB3W,32685403,NELLA SAMMARTINO (H1E6C8NEL),6.01E+15,2026-05-06,2026-05-06,1,0,Restock,0.25,0.01,0.26
1044555,RMA #CUK9OB3W,32685403,NELLA SAMMARTINO (H1E6C8NEL),6.01E+15,2026-05-06,2026-05-06,1,0,Storage,0.05,0,0.05
1044558,RMA #68WPOSV9,32706844,KARLEEN MCDOWELL (P0P1M0KAR),6.01E+15,2026-05-06,2026-05-06,0,0,Service Center Labor,8.03,0.4,8.43
1044558,RMA #68WPOSV9,32706844,KARLEEN MCDOWELL (P0P1M0KAR),6.01E+15,2026-05-06,2026-05-06,4,0,Returns,4.08,0.2,4.28
1044558,RMA #68WPOSV9,32706844,KARLEEN MCDOWELL (P0P1M0KAR),6.01E+15,2026-05-06,2026-05-06,4,0,Restock,1,0.05,1.05
1044558,RMA #68WPOSV9,32706844,KARLEEN MCDOWELL (P0P1M0KAR),6.01E+15,2026-05-06,2026-05-06,2,0,Shop Supplies,0.32,0.02,0.34
1044558,RMA #68WPOSV9,32706844,KARLEEN MCDOWELL (P0P1M0KAR),6.01E+15,2026-05-06,2026-05-06,4,0,Storage,0.2,0.01,0.21
1044566,RMA #VNOY1ERA,32717369,ALIA YANCEY (V5L1E6ALI),7.98E+11,2026-05-06,2026-05-06,2,0,Restock,0.5,0.03,0.53
1044566,RMA #VNOY1ERA,32717369,ALIA YANCEY (V5L1E6ALI),7.98E+11,2026-05-06,2026-05-06,1,0,Shop Supplies,0.16,0.01,0.17
1044566,RMA #VNOY1ERA,32717369,ALIA YANCEY (V5L1E6ALI),7.98E+11,2026-05-06,2026-05-06,2,0,Returns,2.74,0.14,2.88
1044566,RMA #VNOY1ERA,32717369,ALIA YANCEY (V5L1E6ALI),7.98E+11,2026-05-06,2026-05-06,0,0,Service Center Labor,3.78,0.19,3.97
1044566,RMA #VNOY1ERA,32717369,ALIA YANCEY (V5L1E6ALI),7.98E+11,2026-05-06,2026-05-06,2,0,Storage,0.1,0.01,0.11
1044569,RMA #3NXC3594,32717773,ALIA YANCEY (V5L1E6ALI),7.98E+11,2026-05-06,2026-05-06,0,0,Service Center Labor,2.36,0.12,2.48
1044569,RMA #3NXC3594,32717773,ALIA YANCEY (V5L1E6ALI),7.98E+11,2026-05-06,2026-05-06,1,0,Returns,2.07,0.1,2.17
1044569,RMA #3NXC3594,32717773,ALIA YANCEY (V5L1E6ALI),7.98E+11,2026-05-06,2026-05-06,1,0,Restock,0.25,0.01,0.26
1044569,RMA #3NXC3594,32717773,ALIA YANCEY (V5L1E6ALI),7.98E+11,2026-05-06,2026-05-06,1,0,Storage,0.05,0,0.05
1044572,RMA #AO311F64,32692222,ZARFISHAN QURESHI  (L9T8J5ZAR),6.01E+15,2026-05-06,2026-05-06,1,0,Returns,2.07,0.1,2.17
1044572,RMA #AO311F64,32692222,ZARFISHAN QURESHI  (L9T8J5ZAR),6.01E+15,2026-05-06,2026-05-06,1,0,Restock,0.25,0.01,0.26
1044572,RMA #AO311F64,32692222,ZARFISHAN QURESHI  (L9T8J5ZAR),6.01E+15,2026-05-06,2026-05-06,0,0,Service Center Labor,2.36,0.12,2.48
1044572,RMA #AO311F64,32692222,ZARFISHAN QURESHI  (L9T8J5ZAR),6.01E+15,2026-05-06,2026-05-06,1,0,Storage,0.05,0,0.05
1044575,RMA #JFKP0KGJ,32690821,KATHRYN ROYER (V9N0B1KAT),7.98E+11,2026-05-06,2026-05-06,1,0,Restock,0.25,0.01,0.26
1044575,RMA #JFKP0KGJ,32690821,KATHRYN ROYER (V9N0B1KAT),7.98E+11,2026-05-06,2026-05-06,0,0,Service Center Labor,2.36,0.12,2.48
1044575,RMA #JFKP0KGJ,32690821,KATHRYN ROYER (V9N0B1KAT),7.98E+11,2026-05-06,2026-05-06,1,0,Returns,2.07,0.1,2.17
1044575,RMA #JFKP0KGJ,32690821,KATHRYN ROYER (V9N0B1KAT),7.98E+11,2026-05-06,2026-05-06,1,0,Storage,0.05,0,0.05
1044578,RMA #HE8L7367,32671750,MAKAYLA HENINGER (T4R1K5MAK),6.01E+15,2026-05-06,2026-05-06,0,0,Service Center Labor,2.36,0.12,2.48
1044578,RMA #HE8L7367,32671750,MAKAYLA HENINGER (T4R1K5MAK),6.01E+15,2026-05-06,2026-05-06,1,0,Restock,0.25,0.01,0.26
1044578,RMA #HE8L7367,32671750,MAKAYLA HENINGER (T4R1K5MAK),6.01E+15,2026-05-06,2026-05-06,1,0,Returns,2.07,0.1,2.17
1044578,RMA #HE8L7367,32671750,MAKAYLA HENINGER (T4R1K5MAK),6.01E+15,2026-05-06,2026-05-06,1,0,Storage,0.05,0,0.05
1044579,RMA #GG4ZA8UB,32708979,DANA ERIKSEN (V5M1X8DAN),6.01E+15,2026-05-06,2026-05-06,1,0,Shop Supplies,0.16,0.01,0.17
1044579,RMA #GG4ZA8UB,32708979,DANA ERIKSEN (V5M1X8DAN),6.01E+15,2026-05-06,2026-05-06,0,0,Service Center Labor,6.14,0.31,6.45
1044579,RMA #GG4ZA8UB,32708979,DANA ERIKSEN (V5M1X8DAN),6.01E+15,2026-05-06,2026-05-06,4,0,Returns,4.08,0.2,4.28
1044579,RMA #GG4ZA8UB,32708979,DANA ERIKSEN (V5M1X8DAN),6.01E+15,2026-05-06,2026-05-06,4,0,Restock,1,0.05,1.05
1044579,RMA #GG4ZA8UB,32708979,DANA ERIKSEN (V5M1X8DAN),6.01E+15,2026-05-06,2026-05-06,4,0,Storage,0.2,0.01,0.21
1044583,RMA #D6LNHB8W,32663845,NELLA SAMMARTINO (H1E6C8NEL),7.98E+11,2026-05-06,2026-05-06,1,0,Restock,0.25,0.01,0.26
1044583,RMA #D6LNHB8W,32663845,NELLA SAMMARTINO (H1E6C8NEL),7.98E+11,2026-05-06,2026-05-06,1,0,Returns,2.07,0.1,2.17
1044583,RMA #D6LNHB8W,32663845,NELLA SAMMARTINO (H1E6C8NEL),7.98E+11,2026-05-06,2026-05-06,0,0,Service Center Labor,2.36,0.12,2.48
1044583,RMA #D6LNHB8W,32663845,NELLA SAMMARTINO (H1E6C8NEL),7.98E+11,2026-05-06,2026-05-06,1,0,Storage,0.05,0,0.05
1044592,RMA #9XMQKHPY,32658865,SUZANNE RONDEAU (J0L1T0SUZ),7.98E+11,2026-05-06,2026-05-06,1,0,Returns,2.07,0.1,2.17
1044592,RMA #9XMQKHPY,32658865,SUZANNE RONDEAU (J0L1T0SUZ),7.98E+11,2026-05-06,2026-05-06,1,0,Restock,0.25,0.01,0.26
1044592,RMA #9XMQKHPY,32658865,SUZANNE RONDEAU (J0L1T0SUZ),7.98E+11,2026-05-06,2026-05-06,0,0,Service Center Labor,2.36,0.12,2.48
1044592,RMA #9XMQKHPY,32658865,SUZANNE RONDEAU (J0L1T0SUZ),7.98E+11,2026-05-06,2026-05-06,1,0,Storage,0.05,0,0.05
1044594,RMA #GQVAYOMD,32736517,AMY NICHOLS (V9B3G2AMY),6.01E+15,2026-05-06,2026-05-06,0,0,Service Center Labor,2.36,0.12,2.48
1044594,RMA #GQVAYOMD,32736517,AMY NICHOLS (V9B3G2AMY),6.01E+15,2026-05-06,2026-05-06,1,0,Returns,2.07,0.1,2.17
1044594,RMA #GQVAYOMD,32736517,AMY NICHOLS (V9B3G2AMY),6.01E+15,2026-05-06,2026-05-06,1,0,Restock,0.25,0.01,0.26
1044594,RMA #GQVAYOMD,32736517,AMY NICHOLS (V9B3G2AMY),6.01E+15,2026-05-06,2026-05-06,1,0,Storage,0.05,0,0.05
1044597,RMA #R3N72UO9,32717469,CATHERINE MATHIEU (J6E3Z1CAT),6.01E+15,2026-05-06,2026-05-06,0,0,Service Center Labor,2.36,0.12,2.48
1044597,RMA #R3N72UO9,32717469,CATHERINE MATHIEU (J6E3Z1CAT),6.01E+15,2026-05-06,2026-05-06,1,0,Returns,2.07,0.1,2.17
1044597,RMA #R3N72UO9,32717469,CATHERINE MATHIEU (J6E3Z1CAT),6.01E+15,2026-05-06,2026-05-06,1,0,Restock,0.25,0.01,0.26
1044597,RMA #R3N72UO9,32717469,CATHERINE MATHIEU (J6E3Z1CAT),6.01E+15,2026-05-06,2026-05-06,1,0,Storage,0.05,0,0.05
1044607,RMA #HRF43DTY,32655363,GLORIA CHING (V5N4J1GLO),6.01E+15,2026-05-06,2026-05-06,1,0,Restock,0.25,0.01,0.26
1044607,RMA #HRF43DTY,32655363,GLORIA CHING (V5N4J1GLO),6.01E+15,2026-05-06,2026-05-06,0,0,Service Center Labor,2.36,0.12,2.48
1044607,RMA #HRF43DTY,32655363,GLORIA CHING (V5N4J1GLO),6.01E+15,2026-05-06,2026-05-06,1,0,Returns,2.07,0.1,2.17
1044607,RMA #HRF43DTY,32655363,GLORIA CHING (V5N4J1GLO),6.01E+15,2026-05-06,2026-05-06,1,0,Storage,0.05,0,0.05
1044610,RMA #KM904DWB,32733028,JOANNE EDMUNDSON KISTRUCK (L7L2G3JOA),6.01E+15,2026-05-06,2026-05-06,0,0,Service Center Labor,2.36,0.12,2.48
1044610,RMA #KM904DWB,32733028,JOANNE EDMUNDSON KISTRUCK (L7L2G3JOA),6.01E+15,2026-05-06,2026-05-06,2,0,Returns,2.74,0.14,2.88
1044610,RMA #KM904DWB,32733028,JOANNE EDMUNDSON KISTRUCK (L7L2G3JOA),6.01E+15,2026-05-06,2026-05-06,2,0,Restock,0.5,0.03,0.53
1044610,RMA #KM904DWB,32733028,JOANNE EDMUNDSON KISTRUCK (L7L2G3JOA),6.01E+15,2026-05-06,2026-05-06,2,0,Storage,0.1,0.01,0.11
1044614,RMA #BHGDD1B4,32710984,LISA ELDER (V1H1B2LIS),7.98E+11,2026-05-06,2026-05-06,0,0,Service Center Labor,3.31,0.17,3.48
1044614,RMA #BHGDD1B4,32710984,LISA ELDER (V1H1B2LIS),7.98E+11,2026-05-06,2026-05-06,2,0,Restock,0.5,0.03,0.53
1044614,RMA #BHGDD1B4,32710984,LISA ELDER (V1H1B2LIS),7.98E+11,2026-05-06,2026-05-06,2,0,Returns,2.74,0.14,2.88
1044614,RMA #BHGDD1B4,32710984,LISA ELDER (V1H1B2LIS),7.98E+11,2026-05-06,2026-05-06,2,0,Storage,0.1,0.01,0.11
1044617,RMA #2DPKK3KF,32714303,NATHALIE GINGRAS (X1A3Y3NAT),7.98E+11,2026-05-06,2026-05-06,0,0,Service Center Labor,2.36,0.12,2.48
1044617,RMA #2DPKK3KF,32714303,NATHALIE GINGRAS (X1A3Y3NAT),7.98E+11,2026-05-06,2026-05-06,1,0,Returns,2.07,0.1,2.17
1044617,RMA #2DPKK3KF,32714303,NATHALIE GINGRAS (X1A3Y3NAT),7.98E+11,2026-05-06,2026-05-06,1,0,Restock,0.25,0.01,0.26
1044617,RMA #2DPKK3KF,32714303,NATHALIE GINGRAS (X1A3Y3NAT),7.98E+11,2026-05-06,2026-05-06,1,0,Storage,0.05,0,0.05
1044619,RMA #DGVCECDI,32734264,KENDYL MIDDLETON (V8A4X8KEN),6.01E+15,2026-05-06,2026-05-06,1,0,Shop Supplies,0.05,0,0.05
1044619,RMA #DGVCECDI,32734264,KENDYL MIDDLETON (V8A4X8KEN),6.01E+15,2026-05-06,2026-05-06,2,0,Returns,2.74,0.14,2.88
1044619,RMA #DGVCECDI,32734264,KENDYL MIDDLETON (V8A4X8KEN),6.01E+15,2026-05-06,2026-05-06,0,0,Service Center Labor,3.31,0.17,3.48
1044619,RMA #DGVCECDI,32734264,KENDYL MIDDLETON (V8A4X8KEN),6.01E+15,2026-05-06,2026-05-06,2,0,Restock,0.5,0.03,0.53
1044619,RMA #DGVCECDI,32734264,KENDYL MIDDLETON (V8A4X8KEN),6.01E+15,2026-05-06,2026-05-06,2,0,Storage,0.1,0.01,0.11
1044622,RMA #3TWVN6PN,32722051,TINA MENCARELLI (T0M0W0TIN),6.01E+15,2026-05-06,2026-05-06,0,0,Service Center Labor,4.73,0.24,4.97
1044622,RMA #3TWVN6PN,32722051,TINA MENCARELLI (T0M0W0TIN),6.01E+15,2026-05-06,2026-05-06,3,0,Restock,0.75,0.04,0.79
1044622,RMA #3TWVN6PN,32722051,TINA MENCARELLI (T0M0W0TIN),6.01E+15,2026-05-06,2026-05-06,3,0,Returns,3.41,0.17,3.58
1044622,RMA #3TWVN6PN,32722051,TINA MENCARELLI (T0M0W0TIN),6.01E+15,2026-05-06,2026-05-06,3,0,Storage,0.15,0.01,0.16
1045102,RMA #2JJP8ER0,32760747,CAITLIN PRITCHARD (V6K1P4CAI),6.01E+15,2026-05-07,2026-05-07,0,0,Service Center Labor,3.78,0.19,3.97
1045102,RMA #2JJP8ER0,32760747,CAITLIN PRITCHARD (V6K1P4CAI),6.01E+15,2026-05-07,2026-05-07,2,0,Returns,2.74,0.14,2.88
1045102,RMA #2JJP8ER0,32760747,CAITLIN PRITCHARD (V6K1P4CAI),6.01E+15,2026-05-07,2026-05-07,2,0,Restock,0.5,0.03,0.53
1045102,RMA #2JJP8ER0,32760747,CAITLIN PRITCHARD (V6K1P4CAI),6.01E+15,2026-05-07,2026-05-07,1,0,Shop Supplies,0.16,0.01,0.17
1045102,RMA #2JJP8ER0,32760747,CAITLIN PRITCHARD (V6K1P4CAI),6.01E+15,2026-05-07,2026-05-07,2,0,Storage,0.1,0.01,0.11
1045109,RMA #O0JTX3TP,32728006,JUDITH CAMPBELL (H2V3W8JUD),6.01E+15,2026-05-07,2026-05-07,0,0,Service Center Labor,3.78,0.19,3.97
1045109,RMA #O0JTX3TP,32728006,JUDITH CAMPBELL (H2V3W8JUD),6.01E+15,2026-05-07,2026-05-07,2,0,Returns,2.74,0.14,2.88
1045109,RMA #O0JTX3TP,32728006,JUDITH CAMPBELL (H2V3W8JUD),6.01E+15,2026-05-07,2026-05-07,1,0,Shop Supplies,0.16,0.01,0.17
1045109,RMA #O0JTX3TP,32728006,JUDITH CAMPBELL (H2V3W8JUD),6.01E+15,2026-05-07,2026-05-07,2,0,Restock,0.5,0.03,0.53
1045109,RMA #O0JTX3TP,32728006,JUDITH CAMPBELL (H2V3W8JUD),6.01E+15,2026-05-07,2026-05-07,2,0,Storage,0.1,0.01,0.11
1045112,RMA #7SUJC5G1,32753340,JOANNE KOHUT (R2E0N2JOA),7.98E+11,2026-05-07,2026-05-07,1,0,Returns,2.07,0.1,2.17
1045112,RMA #7SUJC5G1,32753340,JOANNE KOHUT (R2E0N2JOA),7.98E+11,2026-05-07,2026-05-07,0,0,Service Center Labor,3.31,0.17,3.48
1045112,RMA #7SUJC5G1,32753340,JOANNE KOHUT (R2E0N2JOA),7.98E+11,2026-05-07,2026-05-07,1,0,Restock,0.25,0.01,0.26
1045112,RMA #7SUJC5G1,32753340,JOANNE KOHUT (R2E0N2JOA),7.98E+11,2026-05-07,2026-05-07,1,0,Storage,0.05,0,0.05
1045115,RMA #42YS3EX2,32657491,KYLE TEMLETT (V8H2B9KYL),7.98E+11,2026-05-07,2026-05-07,0,0,Service Center Labor,3.31,0.17,3.48
1045115,RMA #42YS3EX2,32657491,KYLE TEMLETT (V8H2B9KYL),7.98E+11,2026-05-07,2026-05-07,1,0,Returns,2.07,0.1,2.17
1045115,RMA #42YS3EX2,32657491,KYLE TEMLETT (V8H2B9KYL),7.98E+11,2026-05-07,2026-05-07,1,0,Restock,0.25,0.01,0.26
1045115,RMA #42YS3EX2,32657491,KYLE TEMLETT (V8H2B9KYL),7.98E+11,2026-05-07,2026-05-07,1,0,Storage,0.05,0,0.05
1045116,RMA #E2MCFQV2,32723957,NELSON BORGES (M6N2V9NEL),7.98E+11,2026-05-07,2026-05-07,1,0,Returns,2.07,0.1,2.17
1045116,RMA #E2MCFQV2,32723957,NELSON BORGES (M6N2V9NEL),7.98E+11,2026-05-07,2026-05-07,0,0,Service Center Labor,2.36,0.12,2.48
1045116,RMA #E2MCFQV2,32723957,NELSON BORGES (M6N2V9NEL),7.98E+11,2026-05-07,2026-05-07,1,0,Restock,0.25,0.01,0.26
1045116,RMA #E2MCFQV2,32723957,NELSON BORGES (M6N2V9NEL),7.98E+11,2026-05-07,2026-05-07,1,0,Storage,0.05,0,0.05
1045119,RMA #YZU5SXD4,32633030,CASSANDRA MCGILLIVRAY (N1G2Y5CAS),7.92E+11,2026-05-07,2026-05-07,0,0,Service Center Labor,2.36,0.12,2.48
1045119,RMA #YZU5SXD4,32633030,CASSANDRA MCGILLIVRAY (N1G2Y5CAS),7.92E+11,2026-05-07,2026-05-07,1,0,Restock,0.25,0.01,0.26
1045119,RMA #YZU5SXD4,32633030,CASSANDRA MCGILLIVRAY (N1G2Y5CAS),7.92E+11,2026-05-07,2026-05-07,1,0,Returns,2.07,0.1,2.17
1045119,RMA #YZU5SXD4,32633030,CASSANDRA MCGILLIVRAY (N1G2Y5CAS),7.92E+11,2026-05-07,2026-05-07,1,0,Storage,0.05,0,0.05
1045124,RMA #WRHK1HI5,32673908,VINCENT PAQUIN (G0R1S0VIN),6.01E+15,2026-05-07,2026-05-07,3,0,Restock,0.75,0.04,0.79
1045124,RMA #WRHK1HI5,32673908,VINCENT PAQUIN (G0R1S0VIN),6.01E+15,2026-05-07,2026-05-07,0,0,Service Center Labor,5.67,0.28,5.95
1045124,RMA #WRHK1HI5,32673908,VINCENT PAQUIN (G0R1S0VIN),6.01E+15,2026-05-07,2026-05-07,3,0,Returns,3.41,0.17,3.58
1045124,RMA #WRHK1HI5,32673908,VINCENT PAQUIN (G0R1S0VIN),6.01E+15,2026-05-07,2026-05-07,3,0,Storage,0.15,0.01,0.16
1045129,RMA #1LSPZY36,32753825,CYNTHIA KWONG WAYE (H1Y1Z2CYN),7.98E+11,2026-05-07,2026-05-07,0,0,Service Center Labor,2.36,0.12,2.48
1045129,RMA #1LSPZY36,32753825,CYNTHIA KWONG WAYE (H1Y1Z2CYN),7.98E+11,2026-05-07,2026-05-07,1,0,Returns,2.07,0.1,2.17
1045129,RMA #1LSPZY36,32753825,CYNTHIA KWONG WAYE (H1Y1Z2CYN),7.98E+11,2026-05-07,2026-05-07,1,0,Restock,0.25,0.01,0.26
1045129,RMA #1LSPZY36,32753825,CYNTHIA KWONG WAYE (H1Y1Z2CYN),7.98E+11,2026-05-07,2026-05-07,1,0,Storage,0.05,0,0.05
1045131,RMA #8HABC261,32777140,JESSIE HARE (V9M3T8JES),7.98E+11,2026-05-07,2026-05-07,0,0,Service Center Labor,2.36,0.12,2.48
1045131,RMA #8HABC261,32777140,JESSIE HARE (V9M3T8JES),7.98E+11,2026-05-07,2026-05-07,1,0,Returns,2.07,0.1,2.17
1045131,RMA #8HABC261,32777140,JESSIE HARE (V9M3T8JES),7.98E+11,2026-05-07,2026-05-07,1,0,Restock,0.25,0.01,0.26
1045131,RMA #8HABC261,32777140,JESSIE HARE (V9M3T8JES),7.98E+11,2026-05-07,2026-05-07,1,0,Storage,0.05,0,0.05
1045132,RMA #Z8V4X5TM,32760447,BROOKE CAIN (L9P0A1BRO),7.98E+11,2026-05-07,2026-05-07,0,0,Service Center Labor,2.36,0.12,2.48
1045132,RMA #Z8V4X5TM,32760447,BROOKE CAIN (L9P0A1BRO),7.98E+11,2026-05-07,2026-05-07,1,0,Returns,2.07,0.1,2.17
1045132,RMA #Z8V4X5TM,32760447,BROOKE CAIN (L9P0A1BRO),7.98E+11,2026-05-07,2026-05-07,1,0,Restock,0.25,0.01,0.26
1045132,RMA #Z8V4X5TM,32760447,BROOKE CAIN (L9P0A1BRO),7.98E+11,2026-05-07,2026-05-07,1,0,Storage,0.05,0,0.05
1045133,RMA #PZOCRCMM,32722046,TINA MANACH (V9M3B9TIN),6.01E+15,2026-05-07,2026-05-07,2,0,Shop Supplies,0.32,0.02,0.34
1045133,RMA #PZOCRCMM,32722046,TINA MANACH (V9M3B9TIN),6.01E+15,2026-05-07,2026-05-07,0,0,Service Center Labor,3.78,0.19,3.97
1045133,RMA #PZOCRCMM,32722046,TINA MANACH (V9M3B9TIN),6.01E+15,2026-05-07,2026-05-07,2,0,Returns,2.74,0.14,2.88
1045133,RMA #PZOCRCMM,32722046,TINA MANACH (V9M3B9TIN),6.01E+15,2026-05-07,2026-05-07,2,0,Restock,0.5,0.03,0.53
1045133,RMA #PZOCRCMM,32722046,TINA MANACH (V9M3B9TIN),6.01E+15,2026-05-07,2026-05-07,2,0,Storage,0.1,0.01,0.11
1045136,RMA #HT16HN5D,32726213,DARRYL DEEN (M4P2R2DAR),6.01E+15,2026-05-07,2026-05-07,0,0,Service Center Labor,2.36,0.12,2.48
1045136,RMA #HT16HN5D,32726213,DARRYL DEEN (M4P2R2DAR),6.01E+15,2026-05-07,2026-05-07,1,0,Returns,2.07,0.1,2.17
1045136,RMA #HT16HN5D,32726213,DARRYL DEEN (M4P2R2DAR),6.01E+15,2026-05-07,2026-05-07,1,0,Restock,0.25,0.01,0.26
1045136,RMA #HT16HN5D,32726213,DARRYL DEEN (M4P2R2DAR),6.01E+15,2026-05-07,2026-05-07,1,0,Storage,0.05,0,0.05
1045160,RMA #SKAECQHH,32742644,CAROLINE LAHAIE (J7C0H1CAR),6.01E+15,2026-05-07,2026-05-07,1,0,Returns,2.07,0.1,2.17
1045160,RMA #SKAECQHH,32742644,CAROLINE LAHAIE (J7C0H1CAR),6.01E+15,2026-05-07,2026-05-07,0,0,Service Center Labor,2.36,0.12,2.48
1045160,RMA #SKAECQHH,32742644,CAROLINE LAHAIE (J7C0H1CAR),6.01E+15,2026-05-07,2026-05-07,1,0,Restock,0.25,0.01,0.26
1045160,RMA #SKAECQHH,32742644,CAROLINE LAHAIE (J7C0H1CAR),6.01E+15,2026-05-07,2026-05-07,1,0,Storage,0.05,0,0.05
1045162,RMA #86T6ETYB,32704866,ANDREW CAUTY (K0A1L0AND),6.01E+15,2026-05-07,2026-05-07,2,0,Returns,2.74,0.14,2.88
1045162,RMA #86T6ETYB,32704866,ANDREW CAUTY (K0A1L0AND),6.01E+15,2026-05-07,2026-05-07,0,0,Service Center Labor,3.78,0.19,3.97
1045162,RMA #86T6ETYB,32704866,ANDREW CAUTY (K0A1L0AND),6.01E+15,2026-05-07,2026-05-07,1,0,Shop Supplies,0.16,0.01,0.17
1045162,RMA #86T6ETYB,32704866,ANDREW CAUTY (K0A1L0AND),6.01E+15,2026-05-07,2026-05-07,2,0,Restock,0.5,0.03,0.53
1045162,RMA #86T6ETYB,32704866,ANDREW CAUTY (K0A1L0AND),6.01E+15,2026-05-07,2026-05-07,2,0,Storage,0.1,0.01,0.11
1045164,RMA #7U30L3TT,32681386,HENDRIK HUTH (H2M1V4HEN),7.98E+11,2026-05-07,2026-05-07,0,0,Service Center Labor,6.14,0.31,6.45
1045164,RMA #7U30L3TT,32681386,HENDRIK HUTH (H2M1V4HEN),7.98E+11,2026-05-07,2026-05-07,3,0,Returns,3.41,0.17,3.58
1045164,RMA #7U30L3TT,32681386,HENDRIK HUTH (H2M1V4HEN),7.98E+11,2026-05-07,2026-05-07,3,0,Restock,0.75,0.04,0.79
1045164,RMA #7U30L3TT,32681386,HENDRIK HUTH (H2M1V4HEN),7.98E+11,2026-05-07,2026-05-07,3,0,Storage,0.15,0.01,0.16
1045180,RMA #2RIBUJK1,32734368,ISLES DAMBERGER (T2V0B1ISL),6.01E+15,2026-05-07,2026-05-07,1,0,Restock,0.25,0.01,0.26
1045180,RMA #2RIBUJK1,32734368,ISLES DAMBERGER (T2V0B1ISL),6.01E+15,2026-05-07,2026-05-07,0,0,Service Center Labor,2.36,0.12,2.48
1045180,RMA #2RIBUJK1,32734368,ISLES DAMBERGER (T2V0B1ISL),6.01E+15,2026-05-07,2026-05-07,1,0,Returns,2.07,0.1,2.17
1045180,RMA #2RIBUJK1,32734368,ISLES DAMBERGER (T2V0B1ISL),6.01E+15,2026-05-07,2026-05-07,1,0,Shop Supplies,0.16,0.01,0.17
1045180,RMA #2RIBUJK1,32734368,ISLES DAMBERGER (T2V0B1ISL),6.01E+15,2026-05-07,2026-05-07,1,0,Storage,0.05,0,0.05
1045181,RMA #LMSH67O8,32706753,EILEEN STARODUB (R2E1C2EIL),7.98E+11,2026-05-07,2026-05-07,1,0,Restock,0.25,0.01,0.26
1045181,RMA #LMSH67O8,32706753,EILEEN STARODUB (R2E1C2EIL),7.98E+11,2026-05-07,2026-05-07,1,0,Returns,2.07,0.1,2.17
1045181,RMA #LMSH67O8,32706753,EILEEN STARODUB (R2E1C2EIL),7.98E+11,2026-05-07,2026-05-07,0,0,Service Center Labor,2.36,0.12,2.48
1045181,RMA #LMSH67O8,32706753,EILEEN STARODUB (R2E1C2EIL),7.98E+11,2026-05-07,2026-05-07,1,0,Storage,0.05,0,0.05
1045185,RMA #EA0YCMKW,32724155,MARY JANE BACON (L1B1K2MAR),6.01E+15,2026-05-07,2026-05-07,0,0,Service Center Labor,2.36,0.12,2.48
1045185,RMA #EA0YCMKW,32724155,MARY JANE BACON (L1B1K2MAR),6.01E+15,2026-05-07,2026-05-07,1,0,Returns,2.07,0.1,2.17
1045185,RMA #EA0YCMKW,32724155,MARY JANE BACON (L1B1K2MAR),6.01E+15,2026-05-07,2026-05-07,1,0,Restock,0.25,0.01,0.26
1045185,RMA #EA0YCMKW,32724155,MARY JANE BACON (L1B1K2MAR),6.01E+15,2026-05-07,2026-05-07,1,0,Storage,0.05,0,0.05
1045189,RMA #O03JP9VM,32658244,JANINE JAMIESON (A0C2S0JAN),6.01E+15,2026-05-07,2026-05-07,0,0,Service Center Labor,3.31,0.17,3.48
1045189,RMA #O03JP9VM,32658244,JANINE JAMIESON (A0C2S0JAN),6.01E+15,2026-05-07,2026-05-07,1,0,Returns,2.07,0.1,2.17
1045189,RMA #O03JP9VM,32658244,JANINE JAMIESON (A0C2S0JAN),6.01E+15,2026-05-07,2026-05-07,1,0,Restock,0.25,0.01,0.26
1045189,RMA #O03JP9VM,32658244,JANINE JAMIESON (A0C2S0JAN),6.01E+15,2026-05-07,2026-05-07,1,0,Storage,0.05,0,0.05
1045190,RMA #CBCF04Z3,32752525,DANIELLE GABOURY (T4R1K3DAN),6.01E+15,2026-05-07,2026-05-07,1,0,Restock,0.25,0.01,0.26
1045190,RMA #CBCF04Z3,32752525,DANIELLE GABOURY (T4R1K3DAN),6.01E+15,2026-05-07,2026-05-07,1,0,Returns,2.07,0.1,2.17
1045190,RMA #CBCF04Z3,32752525,DANIELLE GABOURY (T4R1K3DAN),6.01E+15,2026-05-07,2026-05-07,0,0,Service Center Labor,2.36,0.12,2.48
1045190,RMA #CBCF04Z3,32752525,DANIELLE GABOURY (T4R1K3DAN),6.01E+15,2026-05-07,2026-05-07,1,0,Storage,0.05,0,0.05
1045192,RMA #K68WLF8V,32773115,DORI EKK (V6V1A9DOR),6.01E+15,2026-05-07,2026-05-07,2,0,Returns,2.74,0.14,2.88
1045192,RMA #K68WLF8V,32773115,DORI EKK (V6V1A9DOR),6.01E+15,2026-05-07,2026-05-07,2,0,Restock,0.5,0.03,0.53
1045192,RMA #K68WLF8V,32773115,DORI EKK (V6V1A9DOR),6.01E+15,2026-05-07,2026-05-07,0,0,Service Center Labor,3.78,0.19,3.97
1045192,RMA #K68WLF8V,32773115,DORI EKK (V6V1A9DOR),6.01E+15,2026-05-07,2026-05-07,1,0,Shop Supplies,0.16,0.01,0.17
1045192,RMA #K68WLF8V,32773115,DORI EKK (V6V1A9DOR),6.01E+15,2026-05-07,2026-05-07,2,0,Storage,0.1,0.01,0.11
1045194,RMA #UNHWVXD0,,PAT ALLEN (S0A1Y0BEV),6.01E+15,2026-05-07,2026-05-07,0,0,Service Center Labor,3.31,0.17,3.48
1045194,RMA #UNHWVXD0,,PAT ALLEN (S0A1Y0BEV),6.01E+15,2026-05-07,2026-05-07,1,0,Returns,2.07,0.1,2.17
1045194,RMA #UNHWVXD0,,PAT ALLEN (S0A1Y0BEV),6.01E+15,2026-05-07,2026-05-07,1,0,Restock,0.25,0.01,0.26
1045194,RMA #UNHWVXD0,,PAT ALLEN (S0A1Y0BEV),6.01E+15,2026-05-07,2026-05-07,1,0,Storage,0.05,0,0.05
1045197,RMA #FFHBBYPQ,,DUSTIN PRISCIAK (L4M6N1DUS),6.01E+15,2026-05-07,2026-05-08,1,0,Returns,2.07,0.1,2.17
1045197,RMA #FFHBBYPQ,,DUSTIN PRISCIAK (L4M6N1DUS),6.01E+15,2026-05-07,2026-05-08,0,0,Service Center Labor,2.36,0.12,2.48
1045197,RMA #FFHBBYPQ,,DUSTIN PRISCIAK (L4M6N1DUS),6.01E+15,2026-05-07,2026-05-08,1,0,Restock,0.25,0.01,0.26
1045197,RMA #FFHBBYPQ,,DUSTIN PRISCIAK (L4M6N1DUS),6.01E+15,2026-05-07,2026-05-08,1,0,Storage,0.05,0,0.05
1045326,RMA90602,32802024,KELLY HOLMES (M6M3K8),6.01E+15,2026-05-08,2026-05-08,28,0,Returns,20.16,1.01,21.17
1045326,RMA90602,32802024,KELLY HOLMES (M6M3K8),6.01E+15,2026-05-08,2026-05-08,0,0,Service Center Labor,22.21,1.11,23.32
1045326,RMA90602,32802024,KELLY HOLMES (M6M3K8),6.01E+15,2026-05-08,2026-05-08,28,0,Restock,7,0.35,7.35
1045326,RMA90602,32802024,KELLY HOLMES (M6M3K8),6.01E+15,2026-05-08,2026-05-08,28,0,Storage,1.4,0.07,1.47
1045448,RMA #7MTNXM0C,32730927,BRANDON NORTHUP (V0J2N2BRA),6.01E+15,2026-05-08,2026-05-08,1,0,Returns,2.07,0.1,2.17
1045448,RMA #7MTNXM0C,32730927,BRANDON NORTHUP (V0J2N2BRA),6.01E+15,2026-05-08,2026-05-08,1,0,Restock,0.25,0.01,0.26
1045448,RMA #7MTNXM0C,32730927,BRANDON NORTHUP (V0J2N2BRA),6.01E+15,2026-05-08,2026-05-08,0,0,Service Center Labor,1.42,0.07,1.49
1045448,RMA #7MTNXM0C,32730927,BRANDON NORTHUP (V0J2N2BRA),6.01E+15,2026-05-08,2026-05-08,1,0,Storage,0.05,0,0.05
1045449,RMA #CZDF6IEY,32756145,JULIE WIWAD (T4V4H2JUL),7.98E+11,2026-05-08,2026-05-08,1,0,Restock,0.25,0.01,0.26
1045449,RMA #CZDF6IEY,32756145,JULIE WIWAD (T4V4H2JUL),7.98E+11,2026-05-08,2026-05-08,1,0,Returns,2.07,0.1,2.17
1045449,RMA #CZDF6IEY,32756145,JULIE WIWAD (T4V4H2JUL),7.98E+11,2026-05-08,2026-05-08,0,0,Service Center Labor,1.42,0.07,1.49
1045449,RMA #CZDF6IEY,32756145,JULIE WIWAD (T4V4H2JUL),7.98E+11,2026-05-08,2026-05-08,1,0,Storage,0.05,0,0.05
1045451,RMA #OBDZD1IQ,32690211,FREDERIC POULIOT (H2S3P2FRE),7.98E+11,2026-05-08,2026-05-08,1,0,Restock,0.25,0.01,0.26
1045451,RMA #OBDZD1IQ,32690211,FREDERIC POULIOT (H2S3P2FRE),7.98E+11,2026-05-08,2026-05-08,1,0,Returns,2.07,0.1,2.17
1045451,RMA #OBDZD1IQ,32690211,FREDERIC POULIOT (H2S3P2FRE),7.98E+11,2026-05-08,2026-05-08,0,0,Service Center Labor,1.42,0.07,1.49
1045451,RMA #OBDZD1IQ,32690211,FREDERIC POULIOT (H2S3P2FRE),7.98E+11,2026-05-08,2026-05-08,1,0,Storage,0.05,0,0.05
1045452,RMA #CCNIZGEV,32627274,GLORIA CHING (V5N4J1GLO),7.92E+11,2026-05-08,2026-05-08,0,0,Service Center Labor,1.42,0.07,1.49
1045452,RMA #CCNIZGEV,32627274,GLORIA CHING (V5N4J1GLO),7.92E+11,2026-05-08,2026-05-08,1,0,Returns,2.07,0.1,2.17
1045452,RMA #CCNIZGEV,32627274,GLORIA CHING (V5N4J1GLO),7.92E+11,2026-05-08,2026-05-08,1,0,Restock,0.25,0.01,0.26
1045452,RMA #CCNIZGEV,32627274,GLORIA CHING (V5N4J1GLO),7.92E+11,2026-05-08,2026-05-08,1,0,Storage,0.05,0,0.05
1045459,RMA #H6OZMSXB,32717881,NATASHA VOGEL (N1G4S7NAT),6.01E+15,2026-05-08,2026-05-08,0,0,Service Center Labor,2.36,0.12,2.48
1045459,RMA #H6OZMSXB,32717881,NATASHA VOGEL (N1G4S7NAT),6.01E+15,2026-05-08,2026-05-08,2,0,Returns,2.74,0.14,2.88
1045459,RMA #H6OZMSXB,32717881,NATASHA VOGEL (N1G4S7NAT),6.01E+15,2026-05-08,2026-05-08,2,0,Restock,0.5,0.03,0.53
1045459,RMA #H6OZMSXB,32717881,NATASHA VOGEL (N1G4S7NAT),6.01E+15,2026-05-08,2026-05-08,2,0,Storage,0.1,0.01,0.11
1045463,RMA #I4VJJT5Y,32726740,INA BHALLA (L5G0A3INA),7.98E+11,2026-05-08,2026-05-08,1,0,Returns,2.07,0.1,2.17
1045463,RMA #I4VJJT5Y,32726740,INA BHALLA (L5G0A3INA),7.98E+11,2026-05-08,2026-05-08,1,0,Restock,0.25,0.01,0.26
1045463,RMA #I4VJJT5Y,32726740,INA BHALLA (L5G0A3INA),7.98E+11,2026-05-08,2026-05-08,0,0,Service Center Labor,1.42,0.07,1.49
1045463,RMA #I4VJJT5Y,32726740,INA BHALLA (L5G0A3INA),7.98E+11,2026-05-08,2026-05-08,1,0,Storage,0.05,0,0.05
1045465,RMA #HH34Q4WF,32715716,ELYSE GINGRICH (V1M2P1ELY),6.01E+15,2026-05-08,2026-05-08,0,0,Service Center Labor,1.42,0.07,1.49
1045465,RMA #HH34Q4WF,32715716,ELYSE GINGRICH (V1M2P1ELY),6.01E+15,2026-05-08,2026-05-08,1,0,Returns,2.07,0.1,2.17
1045465,RMA #HH34Q4WF,32715716,ELYSE GINGRICH (V1M2P1ELY),6.01E+15,2026-05-08,2026-05-08,1,0,Restock,0.25,0.01,0.26
1045465,RMA #HH34Q4WF,32715716,ELYSE GINGRICH (V1M2P1ELY),6.01E+15,2026-05-08,2026-05-08,1,0,Storage,0.05,0,0.05
1045481,RMA #WIOU1BLW,32721646,KAREN HASELDINE (V2N5G1KAR),6.01E+15,2026-05-08,2026-05-08,0,0,Service Center Labor,1.42,0.07,1.49
1045481,RMA #WIOU1BLW,32721646,KAREN HASELDINE (V2N5G1KAR),6.01E+15,2026-05-08,2026-05-08,1,0,Returns,2.07,0.1,2.17
1045481,RMA #WIOU1BLW,32721646,KAREN HASELDINE (V2N5G1KAR),6.01E+15,2026-05-08,2026-05-08,1,0,Restock,0.25,0.01,0.26
1045481,RMA #WIOU1BLW,32721646,KAREN HASELDINE (V2N5G1KAR),6.01E+15,2026-05-08,2026-05-08,1,0,Storage,0.05,0,0.05
1045483,RMA #L9QLM7LF,32706951,ISABELLE BOUTIN-DELISLE (J1X7A1ISA),7.98E+11,2026-05-08,2026-05-08,1,0,Returns,2.07,0.1,2.17
1045483,RMA #L9QLM7LF,32706951,ISABELLE BOUTIN-DELISLE (J1X7A1ISA),7.98E+11,2026-05-08,2026-05-08,0,0,Service Center Labor,1.42,0.07,1.49
1045483,RMA #L9QLM7LF,32706951,ISABELLE BOUTIN-DELISLE (J1X7A1ISA),7.98E+11,2026-05-08,2026-05-08,1,0,Restock,0.25,0.01,0.26
1045483,RMA #L9QLM7LF,32706951,ISABELLE BOUTIN-DELISLE (J1X7A1ISA),7.98E+11,2026-05-08,2026-05-08,1,0,Storage,0.05,0,0.05
1045484,RMA #EU9K1ZLW,32738020,JULIE DE SOUSA (V6H2K1JUL),7.98E+11,2026-05-08,2026-05-08,0,0,Service Center Labor,1.42,0.07,1.49
1045484,RMA #EU9K1ZLW,32738020,JULIE DE SOUSA (V6H2K1JUL),7.98E+11,2026-05-08,2026-05-08,1,0,Returns,2.07,0.1,2.17
1045484,RMA #EU9K1ZLW,32738020,JULIE DE SOUSA (V6H2K1JUL),7.98E+11,2026-05-08,2026-05-08,1,0,Restock,0.25,0.01,0.26
1045484,RMA #EU9K1ZLW,32738020,JULIE DE SOUSA (V6H2K1JUL),7.98E+11,2026-05-08,2026-05-08,1,0,Storage,0.05,0,0.05
1045488,RMA #PBW1SM4Q,32736530,LAURA STINSON (P2A2W8LAU),7.98E+11,2026-05-08,2026-05-08,0,0,Service Center Labor,1.42,0.07,1.49
1045488,RMA #PBW1SM4Q,32736530,LAURA STINSON (P2A2W8LAU),7.98E+11,2026-05-08,2026-05-08,1,0,Returns,2.07,0.1,2.17
1045488,RMA #PBW1SM4Q,32736530,LAURA STINSON (P2A2W8LAU),7.98E+11,2026-05-08,2026-05-08,1,0,Restock,0.25,0.01,0.26
1045488,RMA #PBW1SM4Q,32736530,LAURA STINSON (P2A2W8LAU),7.98E+11,2026-05-08,2026-05-08,1,0,Storage,0.05,0,0.05
1045677,RMA #3FDHL062,32741838,JENNIFER LISCOMB (P7E5E8JEN),6.01E+15,2026-05-11,2026-05-11,1,0,Shop Supplies,0.16,0.01,0.17
1045677,RMA #3FDHL062,32741838,JENNIFER LISCOMB (P7E5E8JEN),6.01E+15,2026-05-11,2026-05-11,2,0,Restock,0.5,0.03,0.53
1045677,RMA #3FDHL062,32741838,JENNIFER LISCOMB (P7E5E8JEN),6.01E+15,2026-05-11,2026-05-11,0,0,Service Center Labor,2.36,0.12,2.48
1045677,RMA #3FDHL062,32741838,JENNIFER LISCOMB (P7E5E8JEN),6.01E+15,2026-05-11,2026-05-11,2,0,Returns,2.74,0.14,2.88
1045677,RMA #3FDHL062,32741838,JENNIFER LISCOMB (P7E5E8JEN),6.01E+15,2026-05-11,2026-05-11,2,0,Storage,0.1,0.01,0.11
1045680,RMA #57D2TQ98,32770173,CHANTEL ISAAK (T5Y4M2CHA),7.98E+11,2026-05-11,2026-05-11,0,0,Service Center Labor,1.42,0.07,1.49
1045680,RMA #57D2TQ98,32770173,CHANTEL ISAAK (T5Y4M2CHA),7.98E+11,2026-05-11,2026-05-11,1,0,Restock,0.25,0.01,0.26
1045680,RMA #57D2TQ98,32770173,CHANTEL ISAAK (T5Y4M2CHA),7.98E+11,2026-05-11,2026-05-11,1,0,Returns,2.07,0.1,2.17
1045680,RMA #57D2TQ98,32770173,CHANTEL ISAAK (T5Y4M2CHA),7.98E+11,2026-05-11,2026-05-11,1,0,Storage,0.05,0,0.05
1045681,RMA #NI2H2ZPX,32770485,LINDSAY FALLON (V0B2G2LIN),7.98E+11,2026-05-11,2026-05-11,0,0,Service Center Labor,2.36,0.12,2.48
1045681,RMA #NI2H2ZPX,32770485,LINDSAY FALLON (V0B2G2LIN),7.98E+11,2026-05-11,2026-05-11,2,0,Returns,2.74,0.14,2.88
1045681,RMA #NI2H2ZPX,32770485,LINDSAY FALLON (V0B2G2LIN),7.98E+11,2026-05-11,2026-05-11,2,0,Restock,0.5,0.03,0.53
1045681,RMA #NI2H2ZPX,32770485,LINDSAY FALLON (V0B2G2LIN),7.98E+11,2026-05-11,2026-05-11,2,0,Storage,0.1,0.01,0.11
1045694,RMA #AWLVOGJN,32691917,ANDY RAMONAL (K7C4V4AND),7.98E+11,2026-05-11,2026-05-11,0,0,Service Center Labor,1.42,0.07,1.49
1045694,RMA #AWLVOGJN,32691917,ANDY RAMONAL (K7C4V4AND),7.98E+11,2026-05-11,2026-05-11,1,0,Returns,2.07,0.1,2.17
1045694,RMA #AWLVOGJN,32691917,ANDY RAMONAL (K7C4V4AND),7.98E+11,2026-05-11,2026-05-11,1,0,Restock,0.25,0.01,0.26
1045694,RMA #AWLVOGJN,32691917,ANDY RAMONAL (K7C4V4AND),7.98E+11,2026-05-11,2026-05-11,1,0,Storage,0.05,0,0.05
1045697,RMA #INSXTVK0,32691132,DAVID ELSLEY (L6J5W4DAV),6.01E+15,2026-05-11,2026-05-11,4,0,Returns,4.08,0.2,4.28
1045697,RMA #INSXTVK0,32691132,DAVID ELSLEY (L6J5W4DAV),6.01E+15,2026-05-11,2026-05-11,0,0,Service Center Labor,3.78,0.19,3.97
1045697,RMA #INSXTVK0,32691132,DAVID ELSLEY (L6J5W4DAV),6.01E+15,2026-05-11,2026-05-11,4,0,Restock,1,0.05,1.05
1045697,RMA #INSXTVK0,32691132,DAVID ELSLEY (L6J5W4DAV),6.01E+15,2026-05-11,2026-05-11,4,0,Storage,0.2,0.01,0.21
1045704,RMA #JNX9UCPH,32747407,MEGAN ROSS (V0N1T0MEG),6.01E+15,2026-05-11,2026-05-11,2,0,Returns,2.74,0.14,2.88
1045704,RMA #JNX9UCPH,32747407,MEGAN ROSS (V0N1T0MEG),6.01E+15,2026-05-11,2026-05-11,0,0,Service Center Labor,2.36,0.12,2.48
1045704,RMA #JNX9UCPH,32747407,MEGAN ROSS (V0N1T0MEG),6.01E+15,2026-05-11,2026-05-11,2,0,Restock,0.5,0.03,0.53
1045704,RMA #JNX9UCPH,32747407,MEGAN ROSS (V0N1T0MEG),6.01E+15,2026-05-11,2026-05-11,1,0,Shop Supplies,0.16,0.01,0.17
1045704,RMA #JNX9UCPH,32747407,MEGAN ROSS (V0N1T0MEG),6.01E+15,2026-05-11,2026-05-11,2,0,Storage,0.1,0.01,0.11
1045711,RMA #YK6NHX64,32775382,AMANDA BURKE (T1Y4A4AMA),7.98E+11,2026-05-11,2026-05-11,1,0,Restock,0.25,0.01,0.26
1045711,RMA #YK6NHX64,32775382,AMANDA BURKE (T1Y4A4AMA),7.98E+11,2026-05-11,2026-05-11,1,0,Returns,2.07,0.1,2.17
1045711,RMA #YK6NHX64,32775382,AMANDA BURKE (T1Y4A4AMA),7.98E+11,2026-05-11,2026-05-11,0,0,Service Center Labor,1.42,0.07,1.49
1045711,RMA #YK6NHX64,32775382,AMANDA BURKE (T1Y4A4AMA),7.98E+11,2026-05-11,2026-05-11,1,0,Storage,0.05,0,0.05
1045715,RMA #6XJ67521,32760051,JEREMY GRAFF (N0B1E0JER),7.98E+11,2026-05-11,2026-05-11,0,0,Service Center Labor,1.42,0.07,1.49
1045715,RMA #6XJ67521,32760051,JEREMY GRAFF (N0B1E0JER),7.98E+11,2026-05-11,2026-05-11,1,0,Returns,2.07,0.1,2.17
1045715,RMA #6XJ67521,32760051,JEREMY GRAFF (N0B1E0JER),7.98E+11,2026-05-11,2026-05-11,1,0,Restock,0.25,0.01,0.26
1045715,RMA #6XJ67521,32760051,JEREMY GRAFF (N0B1E0JER),7.98E+11,2026-05-11,2026-05-11,1,0,Storage,0.05,0,0.05
1045887,RMA #OYDL82JN,32755345,RACHEL WOODS (V5W3J8RAC),6.01E+15,2026-05-12,2026-05-12,0,0,Service Center Labor,1.42,0.07,1.49
1045887,RMA #OYDL82JN,32755345,RACHEL WOODS (V5W3J8RAC),6.01E+15,2026-05-12,2026-05-12,1,0,Returns,2.07,0.1,2.17
1045887,RMA #OYDL82JN,32755345,RACHEL WOODS (V5W3J8RAC),6.01E+15,2026-05-12,2026-05-12,1,0,Restock,0.25,0.01,0.26
1045887,RMA #OYDL82JN,32755345,RACHEL WOODS (V5W3J8RAC),6.01E+15,2026-05-12,2026-05-12,1,0,Storage,0.05,0,0.05
1045890,RMA #Q5SCUOXJ,32751317,SARA GALLAGHER (K9A2R8SAR),7.98E+11,2026-05-12,2026-05-12,0,0,Service Center Labor,1.42,0.07,1.49
1045890,RMA #Q5SCUOXJ,32751317,SARA GALLAGHER (K9A2R8SAR),7.98E+11,2026-05-12,2026-05-12,1,0,Returns,2.07,0.1,2.17
1045890,RMA #Q5SCUOXJ,32751317,SARA GALLAGHER (K9A2R8SAR),7.98E+11,2026-05-12,2026-05-12,1,0,Restock,0.25,0.01,0.26
1045890,RMA #Q5SCUOXJ,32751317,SARA GALLAGHER (K9A2R8SAR),7.98E+11,2026-05-12,2026-05-12,1,0,Storage,0.05,0,0.05
1045891,RMA #JRF850Q7,32755439,CLEMENTINE MONTUELLE (V6G1X8CLÃ‰),6.01E+15,2026-05-12,2026-05-12,0,0,Service Center Labor,1.42,0.07,1.49
1045891,RMA #JRF850Q7,32755439,CLEMENTINE MONTUELLE (V6G1X8CLÃ‰),6.01E+15,2026-05-12,2026-05-12,1,0,Restock,0.25,0.01,0.26
1045891,RMA #JRF850Q7,32755439,CLEMENTINE MONTUELLE (V6G1X8CLÃ‰),6.01E+15,2026-05-12,2026-05-12,1,0,Returns,2.07,0.1,2.17
1045891,RMA #JRF850Q7,32755439,CLEMENTINE MONTUELLE (V6G1X8CLÃ‰),6.01E+15,2026-05-12,2026-05-12,1,0,Storage,0.05,0,0.05
1045893,RMA #3PP0CHRF,32723960,ROBERT FREEL (K0A1B0ROB),7.98E+11,2026-05-12,2026-05-12,1,0,Returns,2.07,0.1,2.17
1045893,RMA #3PP0CHRF,32723960,ROBERT FREEL (K0A1B0ROB),7.98E+11,2026-05-12,2026-05-12,0,0,Service Center Labor,1.42,0.07,1.49
1045893,RMA #3PP0CHRF,32723960,ROBERT FREEL (K0A1B0ROB),7.98E+11,2026-05-12,2026-05-12,1,0,Restock,0.25,0.01,0.26
1045893,RMA #3PP0CHRF,32723960,ROBERT FREEL (K0A1B0ROB),7.98E+11,2026-05-12,2026-05-12,1,0,Storage,0.05,0,0.05
1045894,RMA #EKG2DOTP,32771962,STEPHANIE DURAND (V3L5H9STE),7.98E+11,2026-05-12,2026-05-12,1,0,Restock,0.25,0.01,0.26
1045894,RMA #EKG2DOTP,32771962,STEPHANIE DURAND (V3L5H9STE),7.98E+11,2026-05-12,2026-05-12,1,0,Returns,2.07,0.1,2.17
1045894,RMA #EKG2DOTP,32771962,STEPHANIE DURAND (V3L5H9STE),7.98E+11,2026-05-12,2026-05-12,0,0,Service Center Labor,1.42,0.07,1.49
1045894,RMA #EKG2DOTP,32771962,STEPHANIE DURAND (V3L5H9STE),7.98E+11,2026-05-12,2026-05-12,1,0,Storage,0.05,0,0.05
1045901,RMA #XZCWVVGC,32785184,TANYA PENNER (V9R7C1TAN),7.98E+11,2026-05-12,2026-05-12,0,0,Service Center Labor,2.36,0.12,2.48
1045901,RMA #XZCWVVGC,32785184,TANYA PENNER (V9R7C1TAN),7.98E+11,2026-05-12,2026-05-12,2,0,Returns,2.74,0.14,2.88
1045901,RMA #XZCWVVGC,32785184,TANYA PENNER (V9R7C1TAN),7.98E+11,2026-05-12,2026-05-12,2,0,Restock,0.5,0.03,0.53
1045901,RMA #XZCWVVGC,32785184,TANYA PENNER (V9R7C1TAN),7.98E+11,2026-05-12,2026-05-12,2,0,Storage,0.1,0.01,0.11
1045902,RMA #CMP2H6H1,32700536,MICKAEL MORIN (H2V4V5MIC),6.01E+15,2026-05-12,2026-05-12,2,0,Returns,2.74,0.14,2.88
1045902,RMA #CMP2H6H1,32700536,MICKAEL MORIN (H2V4V5MIC),6.01E+15,2026-05-12,2026-05-12,0,0,Service Center Labor,2.36,0.12,2.48
1045902,RMA #CMP2H6H1,32700536,MICKAEL MORIN (H2V4V5MIC),6.01E+15,2026-05-12,2026-05-12,2,0,Restock,0.5,0.03,0.53
1045902,RMA #CMP2H6H1,32700536,MICKAEL MORIN (H2V4V5MIC),6.01E+15,2026-05-12,2026-05-12,2,0,Storage,0.1,0.01,0.11
1045905,RMA #EX3JEELR,32747304,ROBERTSON BARNETT (T9H4M9ROB),6.01E+15,2026-05-12,2026-05-12,2,0,Returns,2.74,0.14,2.88
1045905,RMA #EX3JEELR,32747304,ROBERTSON BARNETT (T9H4M9ROB),6.01E+15,2026-05-12,2026-05-12,0,0,Service Center Labor,1.42,0.07,1.49
1045905,RMA #EX3JEELR,32747304,ROBERTSON BARNETT (T9H4M9ROB),6.01E+15,2026-05-12,2026-05-12,2,0,Restock,0.5,0.03,0.53
1045905,RMA #EX3JEELR,32747304,ROBERTSON BARNETT (T9H4M9ROB),6.01E+15,2026-05-12,2026-05-12,2,0,Storage,0.1,0.01,0.11
1045907,RMA #LZFQSKL4,32689913,SARAH PORTER (V9B0T7SAR),6.01E+15,2026-05-12,2026-05-12,1,0,Returns,2.07,0.1,2.17
1045907,RMA #LZFQSKL4,32689913,SARAH PORTER (V9B0T7SAR),6.01E+15,2026-05-12,2026-05-12,0,0,Service Center Labor,1.42,0.07,1.49
1045907,RMA #LZFQSKL4,32689913,SARAH PORTER (V9B0T7SAR),6.01E+15,2026-05-12,2026-05-12,1,0,Restock,0.25,0.01,0.26
1045907,RMA #LZFQSKL4,32689913,SARAH PORTER (V9B0T7SAR),6.01E+15,2026-05-12,2026-05-12,1,0,Storage,0.05,0,0.05
1045951,RMA #P3UTVM53,32690729,PIA BUSLAPS (V7H2C7PIA),6.01E+15,2026-05-12,2026-05-12,0,0,Service Center Labor,1.42,0.07,1.49
1045951,RMA #P3UTVM53,32690729,PIA BUSLAPS (V7H2C7PIA),6.01E+15,2026-05-12,2026-05-12,1,0,Returns,2.07,0.1,2.17
1045951,RMA #P3UTVM53,32690729,PIA BUSLAPS (V7H2C7PIA),6.01E+15,2026-05-12,2026-05-12,1,0,Restock,0.25,0.01,0.26
1045951,RMA #P3UTVM53,32690729,PIA BUSLAPS (V7H2C7PIA),6.01E+15,2026-05-12,2026-05-12,1,0,Storage,0.05,0,0.05
1046259,RMA #H381QS1R,32775044,KELLY REGER (N3B1L9KEL),7.98E+11,2026-05-13,2026-05-13,0,0,Service Center Labor,2.36,0.12,2.48
1046259,RMA #H381QS1R,32775044,KELLY REGER (N3B1L9KEL),7.98E+11,2026-05-13,2026-05-13,1,0,Returns,2.07,0.1,2.17
1046259,RMA #H381QS1R,32775044,KELLY REGER (N3B1L9KEL),7.98E+11,2026-05-13,2026-05-13,1,0,Restock,0.25,0.01,0.26
1046259,RMA #H381QS1R,32775044,KELLY REGER (N3B1L9KEL),7.98E+11,2026-05-13,2026-05-13,1,0,Storage,0.05,0,0.05
1046264,RMA #CRFYA9OR,32759851,JODI ASBELL-CLARKE (B3H1N5JOD),7.98E+11,2026-05-13,2026-05-13,2,0,Returns,2.74,0.14,2.88
1046264,RMA #CRFYA9OR,32759851,JODI ASBELL-CLARKE (B3H1N5JOD),7.98E+11,2026-05-13,2026-05-13,0,0,Service Center Labor,3.78,0.19,3.97
1046264,RMA #CRFYA9OR,32759851,JODI ASBELL-CLARKE (B3H1N5JOD),7.98E+11,2026-05-13,2026-05-13,2,0,Restock,0.5,0.03,0.53
1046264,RMA #CRFYA9OR,32759851,JODI ASBELL-CLARKE (B3H1N5JOD),7.98E+11,2026-05-13,2026-05-13,2,0,Storage,0.1,0.01,0.11
1046265,RMA #S7QYK8E7,32752431,KAREN WYLIE (K0M1N0KAR),7.98E+11,2026-05-13,2026-05-13,0,0,Service Center Labor,2.36,0.12,2.48
1046265,RMA #S7QYK8E7,32752431,KAREN WYLIE (K0M1N0KAR),7.98E+11,2026-05-13,2026-05-13,1,0,Restock,0.25,0.01,0.26
1046265,RMA #S7QYK8E7,32752431,KAREN WYLIE (K0M1N0KAR),7.98E+11,2026-05-13,2026-05-13,1,0,Shop Supplies,0.16,0.01,0.17
1046265,RMA #S7QYK8E7,32752431,KAREN WYLIE (K0M1N0KAR),7.98E+11,2026-05-13,2026-05-13,1,0,Returns,2.07,0.1,2.17
1046265,RMA #S7QYK8E7,32752431,KAREN WYLIE (K0M1N0KAR),7.98E+11,2026-05-13,2026-05-13,1,0,Storage,0.05,0,0.05
1046269,RMA #6Z8N4Q6J,32681877,BETH ROBERT (M4C0A6BET),6.01E+15,2026-05-13,2026-05-13,1,0,Returns,2.07,0.1,2.17
1046269,RMA #6Z8N4Q6J,32681877,BETH ROBERT (M4C0A6BET),6.01E+15,2026-05-13,2026-05-13,1,0,Restock,0.25,0.01,0.26
1046269,RMA #6Z8N4Q6J,32681877,BETH ROBERT (M4C0A6BET),6.01E+15,2026-05-13,2026-05-13,0,0,Service Center Labor,3.31,0.17,3.48
1046269,RMA #6Z8N4Q6J,32681877,BETH ROBERT (M4C0A6BET),6.01E+15,2026-05-13,2026-05-13,1,0,Storage,0.05,0,0.05
1046271,RMA #K2NVJGFL,32737139,CATHERINE GRONDIN (G6H1R3CAT),7.98E+11,2026-05-13,2026-05-13,1,0,Returns,2.07,0.1,2.17
1046271,RMA #K2NVJGFL,32737139,CATHERINE GRONDIN (G6H1R3CAT),7.98E+11,2026-05-13,2026-05-13,0,0,Service Center Labor,3.31,0.17,3.48
1046271,RMA #K2NVJGFL,32737139,CATHERINE GRONDIN (G6H1R3CAT),7.98E+11,2026-05-13,2026-05-13,1,0,Restock,0.25,0.01,0.26
1046271,RMA #K2NVJGFL,32737139,CATHERINE GRONDIN (G6H1R3CAT),7.98E+11,2026-05-13,2026-05-13,1,0,Storage,0.05,0,0.05
1046275,RMA #OH7HXEB4,32734990,MARGUERITE GODIN (P0M3G0MAR),7.98E+11,2026-05-13,2026-05-13,1,0,Returns,2.07,0.1,2.17
1046275,RMA #OH7HXEB4,32734990,MARGUERITE GODIN (P0M3G0MAR),7.98E+11,2026-05-13,2026-05-13,1,0,Restock,0.25,0.01,0.26
1046275,RMA #OH7HXEB4,32734990,MARGUERITE GODIN (P0M3G0MAR),7.98E+11,2026-05-13,2026-05-13,0,0,Service Center Labor,3.31,0.17,3.48
1046275,RMA #OH7HXEB4,32734990,MARGUERITE GODIN (P0M3G0MAR),7.98E+11,2026-05-13,2026-05-13,1,0,Storage,0.05,0,0.05
1046278,RMA #WJ62GCEN,32639632,YVONNE DELO (B3A2X3YVO),6.01E+15,2026-05-13,2026-05-13,0,0,Service Center Labor,3.31,0.17,3.48
1046278,RMA #WJ62GCEN,32639632,YVONNE DELO (B3A2X3YVO),6.01E+15,2026-05-13,2026-05-13,1,0,Returns,2.07,0.1,2.17
1046278,RMA #WJ62GCEN,32639632,YVONNE DELO (B3A2X3YVO),6.01E+15,2026-05-13,2026-05-13,1,0,Restock,0.25,0.01,0.26
1046278,RMA #WJ62GCEN,32639632,YVONNE DELO (B3A2X3YVO),6.01E+15,2026-05-13,2026-05-13,1,0,Shop Supplies,0.16,0.01,0.17
1046278,RMA #WJ62GCEN,32639632,YVONNE DELO (B3A2X3YVO),6.01E+15,2026-05-13,2026-05-13,1,0,Storage,0.05,0,0.05
1046282,RMA #5IJIW3E2,32770790,WILLIAM TURLEY (T8N8A3WIL),6.01E+15,2026-05-13,2026-05-13,2,0,Returns,2.74,0.14,2.88
1046282,RMA #5IJIW3E2,32770790,WILLIAM TURLEY (T8N8A3WIL),6.01E+15,2026-05-13,2026-05-13,0,0,Service Center Labor,3.31,0.17,3.48
1046282,RMA #5IJIW3E2,32770790,WILLIAM TURLEY (T8N8A3WIL),6.01E+15,2026-05-13,2026-05-13,2,0,Restock,0.5,0.03,0.53
1046282,RMA #5IJIW3E2,32770790,WILLIAM TURLEY (T8N8A3WIL),6.01E+15,2026-05-13,2026-05-13,2,0,Storage,0.1,0.01,0.11
1046284,RMA #PD3VBYFZ,32734167,TARA SHANAHAN (N0M2S0TAR),6.01E+15,2026-05-13,2026-05-13,0,0,Service Center Labor,2.36,0.12,2.48
1046284,RMA #PD3VBYFZ,32734167,TARA SHANAHAN (N0M2S0TAR),6.01E+15,2026-05-13,2026-05-13,1,0,Returns,2.07,0.1,2.17
1046284,RMA #PD3VBYFZ,32734167,TARA SHANAHAN (N0M2S0TAR),6.01E+15,2026-05-13,2026-05-13,1,0,Restock,0.25,0.01,0.26
1046284,RMA #PD3VBYFZ,32734167,TARA SHANAHAN (N0M2S0TAR),6.01E+15,2026-05-13,2026-05-13,1,0,Storage,0.05,0,0.05
1046285,RMA #Y16PA7PA,32759146,MARIE-EVE LEBRUN (G9B1L2MAR),6.01E+15,2026-05-13,2026-05-13,0,0,Service Center Labor,2.36,0.12,2.48
1046285,RMA #Y16PA7PA,32759146,MARIE-EVE LEBRUN (G9B1L2MAR),6.01E+15,2026-05-13,2026-05-13,1,0,Returns,2.07,0.1,2.17
1046285,RMA #Y16PA7PA,32759146,MARIE-EVE LEBRUN (G9B1L2MAR),6.01E+15,2026-05-13,2026-05-13,1,0,Restock,0.25,0.01,0.26
1046285,RMA #Y16PA7PA,32759146,MARIE-EVE LEBRUN (G9B1L2MAR),6.01E+15,2026-05-13,2026-05-13,1,0,Storage,0.05,0,0.05
1046286,RMA #50K32F2O,32673211,WENDY TRAN (T6T1P6WEN),6.01E+15,2026-05-13,2026-05-13,0,0,Service Center Labor,3.31,0.17,3.48
1046286,RMA #50K32F2O,32673211,WENDY TRAN (T6T1P6WEN),6.01E+15,2026-05-13,2026-05-13,1,0,Returns,2.07,0.1,2.17
1046286,RMA #50K32F2O,32673211,WENDY TRAN (T6T1P6WEN),6.01E+15,2026-05-13,2026-05-13,1,0,Restock,0.25,0.01,0.26
1046286,RMA #50K32F2O,32673211,WENDY TRAN (T6T1P6WEN),6.01E+15,2026-05-13,2026-05-13,1,0,Shop Supplies,0.16,0.01,0.17
1046286,RMA #50K32F2O,32673211,WENDY TRAN (T6T1P6WEN),6.01E+15,2026-05-13,2026-05-13,1,0,Storage,0.05,0,0.05
1046290,RMA #A4391SB1,32753642,JODI IRWIN (T8L0L7JOD),7.98E+11,2026-05-13,2026-05-13,0,0,Service Center Labor,2.36,0.12,2.48
1046290,RMA #A4391SB1,32753642,JODI IRWIN (T8L0L7JOD),7.98E+11,2026-05-13,2026-05-13,1,0,Returns,2.07,0.1,2.17
1046290,RMA #A4391SB1,32753642,JODI IRWIN (T8L0L7JOD),7.98E+11,2026-05-13,2026-05-13,1,0,Restock,0.25,0.01,0.26
1046290,RMA #A4391SB1,32753642,JODI IRWIN (T8L0L7JOD),7.98E+11,2026-05-13,2026-05-13,1,0,Storage,0.05,0,0.05
1046293,RMA #6C1DLOLG,32714201,KATY GUSOWSKI (R0A0A1KAT),7.98E+11,2026-05-13,2026-05-13,0,0,Service Center Labor,2.36,0.12,2.48
1046293,RMA #6C1DLOLG,32714201,KATY GUSOWSKI (R0A0A1KAT),7.98E+11,2026-05-13,2026-05-13,1,0,Returns,2.07,0.1,2.17
1046293,RMA #6C1DLOLG,32714201,KATY GUSOWSKI (R0A0A1KAT),7.98E+11,2026-05-13,2026-05-13,1,0,Restock,0.25,0.01,0.26
1046293,RMA #6C1DLOLG,32714201,KATY GUSOWSKI (R0A0A1KAT),7.98E+11,2026-05-13,2026-05-13,1,0,Storage,0.05,0,0.05
1046297,RMA #5UYMQAW7,32742640,MARK WHITLEY (M4C2B1MAR),6.01E+15,2026-05-13,2026-05-13,0,0,Service Center Labor,3.31,0.17,3.48
1046297,RMA #5UYMQAW7,32742640,MARK WHITLEY (M4C2B1MAR),6.01E+15,2026-05-13,2026-05-13,1,0,Returns,2.07,0.1,2.17
1046297,RMA #5UYMQAW7,32742640,MARK WHITLEY (M4C2B1MAR),6.01E+15,2026-05-13,2026-05-13,1,0,Restock,0.25,0.01,0.26
1046297,RMA #5UYMQAW7,32742640,MARK WHITLEY (M4C2B1MAR),6.01E+15,2026-05-13,2026-05-13,1,0,Storage,0.05,0,0.05
1046302,RMA #GYIY2P4P,32775709,TYLER KOSTRUB (T0A3A1TYL),6.01E+15,2026-05-13,2026-05-13,2,0,Returns,2.74,0.14,2.88
1046302,RMA #GYIY2P4P,32775709,TYLER KOSTRUB (T0A3A1TYL),6.01E+15,2026-05-13,2026-05-13,0,0,Service Center Labor,3.78,0.19,3.97
1046302,RMA #GYIY2P4P,32775709,TYLER KOSTRUB (T0A3A1TYL),6.01E+15,2026-05-13,2026-05-13,2,0,Restock,0.5,0.03,0.53
1046302,RMA #GYIY2P4P,32775709,TYLER KOSTRUB (T0A3A1TYL),6.01E+15,2026-05-13,2026-05-13,2,0,Storage,0.1,0.01,0.11
1046307,RMA #QH8KW3KX,32771097,ASHLEIGH SYNE (L3M5M7ASH),7.98E+11,2026-05-13,2026-05-13,0,0,Service Center Labor,3.31,0.17,3.48
1046307,RMA #QH8KW3KX,32771097,ASHLEIGH SYNE (L3M5M7ASH),7.98E+11,2026-05-13,2026-05-13,2,0,Returns,2.74,0.14,2.88
1046307,RMA #QH8KW3KX,32771097,ASHLEIGH SYNE (L3M5M7ASH),7.98E+11,2026-05-13,2026-05-13,2,0,Restock,0.5,0.03,0.53
1046307,RMA #QH8KW3KX,32771097,ASHLEIGH SYNE (L3M5M7ASH),7.98E+11,2026-05-13,2026-05-13,2,0,Storage,0.1,0.01,0.11
1046309,RMA #FMZOL8LQ,32776756,JENNIFER GOBEIL (G7A4N1JEN),7.98E+11,2026-05-13,2026-05-13,1,0,Returns,2.07,0.1,2.17
1046309,RMA #FMZOL8LQ,32776756,JENNIFER GOBEIL (G7A4N1JEN),7.98E+11,2026-05-13,2026-05-13,0,0,Service Center Labor,2.36,0.12,2.48
1046309,RMA #FMZOL8LQ,32776756,JENNIFER GOBEIL (G7A4N1JEN),7.98E+11,2026-05-13,2026-05-13,1,0,Restock,0.25,0.01,0.26
1046309,RMA #FMZOL8LQ,32776756,JENNIFER GOBEIL (G7A4N1JEN),7.98E+11,2026-05-13,2026-05-13,1,0,Storage,0.05,0,0.05
1046313,RMA #GIF0R5XN,32775379,KALYSTA RAINVILLE (P3P1R7KAL),6.01E+15,2026-05-13,2026-05-13,0,0,Service Center Labor,2.36,0.12,2.48
1046313,RMA #GIF0R5XN,32775379,KALYSTA RAINVILLE (P3P1R7KAL),6.01E+15,2026-05-13,2026-05-13,1,0,Returns,2.07,0.1,2.17
1046313,RMA #GIF0R5XN,32775379,KALYSTA RAINVILLE (P3P1R7KAL),6.01E+15,2026-05-13,2026-05-13,1,0,Restock,0.25,0.01,0.26
1046313,RMA #GIF0R5XN,32775379,KALYSTA RAINVILLE (P3P1R7KAL),6.01E+15,2026-05-13,2026-05-13,1,0,Storage,0.05,0,0.05
1046318,RMA #EDAA1W3D,32726112,YVONNE DELO (B3A2X3YVO),6.01E+15,2026-05-13,2026-05-13,1,0,Returns,2.07,0.1,2.17
1046318,RMA #EDAA1W3D,32726112,YVONNE DELO (B3A2X3YVO),6.01E+15,2026-05-13,2026-05-13,0,0,Service Center Labor,2.36,0.12,2.48
1046318,RMA #EDAA1W3D,32726112,YVONNE DELO (B3A2X3YVO),6.01E+15,2026-05-13,2026-05-13,1,0,Restock,0.25,0.01,0.26
1046318,RMA #EDAA1W3D,32726112,YVONNE DELO (B3A2X3YVO),6.01E+15,2026-05-13,2026-05-13,1,0,Storage,0.05,0,0.05
1046851,RMA #WM3A18BR,32778444,RYAN GALBRAITH (S6X1C8RYA),6.01E+15,2026-05-15,2026-05-15,2,0,Restock,0.5,0.03,0.53
1046851,RMA #WM3A18BR,32778444,RYAN GALBRAITH (S6X1C8RYA),6.01E+15,2026-05-15,2026-05-15,2,0,Returns,2.74,0.14,2.88
1046851,RMA #WM3A18BR,32778444,RYAN GALBRAITH (S6X1C8RYA),6.01E+15,2026-05-15,2026-05-15,0,0,Service Center Labor,3.78,0.19,3.97
1046851,RMA #WM3A18BR,32778444,RYAN GALBRAITH (S6X1C8RYA),6.01E+15,2026-05-15,2026-05-15,2,0,Storage,0.1,0.01,0.11
1046852,RMA #AVRCYM4F,32769969,STEPHANIE HYDER (T3E5P4STE),6.01E+15,2026-05-15,2026-05-15,1,0,Restock,0.25,0.01,0.26
1046852,RMA #AVRCYM4F,32769969,STEPHANIE HYDER (T3E5P4STE),6.01E+15,2026-05-15,2026-05-15,0,0,Service Center Labor,3.31,0.17,3.48
1046852,RMA #AVRCYM4F,32769969,STEPHANIE HYDER (T3E5P4STE),6.01E+15,2026-05-15,2026-05-15,1,0,Returns,2.07,0.1,2.17
1046852,RMA #AVRCYM4F,32769969,STEPHANIE HYDER (T3E5P4STE),6.01E+15,2026-05-15,2026-05-15,1,0,Storage,0.05,0,0.05
1046853,RMA #09L8OYTW,32808427,ALICIA CAMPBELL (V9T4C4ALI),7.92E+11,2026-05-15,2026-05-15,0,0,Service Center Labor,2.36,0.12,2.48
1046853,RMA #09L8OYTW,32808427,ALICIA CAMPBELL (V9T4C4ALI),7.92E+11,2026-05-15,2026-05-15,1,0,Returns,2.07,0.1,2.17
1046853,RMA #09L8OYTW,32808427,ALICIA CAMPBELL (V9T4C4ALI),7.92E+11,2026-05-15,2026-05-15,1,0,Restock,0.25,0.01,0.26
1046853,RMA #09L8OYTW,32808427,ALICIA CAMPBELL (V9T4C4ALI),7.92E+11,2026-05-15,2026-05-15,1,0,Storage,0.05,0,0.05
1046855,RMA #3Z3ID29N,32778450,RACHELLE OGILVIE (T1K7H8RAC),6.01E+15,2026-05-15,2026-05-15,1,0,Restock,0.25,0.01,0.26
1046855,RMA #3Z3ID29N,32778450,RACHELLE OGILVIE (T1K7H8RAC),6.01E+15,2026-05-15,2026-05-15,0,0,Service Center Labor,2.36,0.12,2.48
1046855,RMA #3Z3ID29N,32778450,RACHELLE OGILVIE (T1K7H8RAC),6.01E+15,2026-05-15,2026-05-15,1,0,Returns,2.07,0.1,2.17
1046855,RMA #3Z3ID29N,32778450,RACHELLE OGILVIE (T1K7H8RAC),6.01E+15,2026-05-15,2026-05-15,1,0,Storage,0.05,0,0.05
1046857,RMA #93IQ6QWL,32753628,MYRIAM ALEPIN (H2M1C8MYR),6.01E+15,2026-05-15,2026-05-15,1,0,Returns,2.07,0.1,2.17
1046857,RMA #93IQ6QWL,32753628,MYRIAM ALEPIN (H2M1C8MYR),6.01E+15,2026-05-15,2026-05-15,0,0,Service Center Labor,2.36,0.12,2.48
1046857,RMA #93IQ6QWL,32753628,MYRIAM ALEPIN (H2M1C8MYR),6.01E+15,2026-05-15,2026-05-15,1,0,Restock,0.25,0.01,0.26
1046857,RMA #93IQ6QWL,32753628,MYRIAM ALEPIN (H2M1C8MYR),6.01E+15,2026-05-15,2026-05-15,1,0,Storage,0.05,0,0.05
1046859,RMA #20JEAIA1,32793520,TRACY DIETRICH-STAFFORD (V6J2M3TRA),6.01E+15,2026-05-15,2026-05-15,1,0,Returns,2.07,0.1,2.17
1046859,RMA #20JEAIA1,32793520,TRACY DIETRICH-STAFFORD (V6J2M3TRA),6.01E+15,2026-05-15,2026-05-15,0,0,Service Center Labor,2.36,0.12,2.48
1046859,RMA #20JEAIA1,32793520,TRACY DIETRICH-STAFFORD (V6J2M3TRA),6.01E+15,2026-05-15,2026-05-15,1,0,Restock,0.25,0.01,0.26
1046859,RMA #20JEAIA1,32793520,TRACY DIETRICH-STAFFORD (V6J2M3TRA),6.01E+15,2026-05-15,2026-05-15,1,0,Storage,0.05,0,0.05
1046863,RMA #S5A4L3IG,32680458,SARA-JANE TANGUAY-ROSS (G0X1C0SAR),6.01E+15,2026-05-15,2026-05-15,4,0,Restock,1,0.05,1.05
1046863,RMA #S5A4L3IG,32680458,SARA-JANE TANGUAY-ROSS (G0X1C0SAR),6.01E+15,2026-05-15,2026-05-15,0,0,Service Center Labor,6.14,0.31,6.45
1046863,RMA #S5A4L3IG,32680458,SARA-JANE TANGUAY-ROSS (G0X1C0SAR),6.01E+15,2026-05-15,2026-05-15,4,0,Returns,4.08,0.2,4.28
1046863,RMA #S5A4L3IG,32680458,SARA-JANE TANGUAY-ROSS (G0X1C0SAR),6.01E+15,2026-05-15,2026-05-15,4,0,Storage,0.2,0.01,0.21
1046867,RMA #IPOAZK3G,32706956,ROBYN VOGT (N0G2H0ROB),6.01E+15,2026-05-15,2026-05-15,0,0,Service Center Labor,2.36,0.12,2.48
1046867,RMA #IPOAZK3G,32706956,ROBYN VOGT (N0G2H0ROB),6.01E+15,2026-05-15,2026-05-15,1,0,Returns,2.07,0.1,2.17
1046867,RMA #IPOAZK3G,32706956,ROBYN VOGT (N0G2H0ROB),6.01E+15,2026-05-15,2026-05-15,1,0,Restock,0.25,0.01,0.26
1046867,RMA #IPOAZK3G,32706956,ROBYN VOGT (N0G2H0ROB),6.01E+15,2026-05-15,2026-05-15,1,0,Storage,0.05,0,0.05
1046870,RMA #1CS9KNK3,32637298,ROUBA TABBARA (J0P1H0ROU),7.92E+11,2026-05-15,2026-05-15,0,0,Service Center Labor,2.36,0.12,2.48
1046870,RMA #1CS9KNK3,32637298,ROUBA TABBARA (J0P1H0ROU),7.92E+11,2026-05-15,2026-05-15,1,0,Returns,2.07,0.1,2.17
1046870,RMA #1CS9KNK3,32637298,ROUBA TABBARA (J0P1H0ROU),7.92E+11,2026-05-15,2026-05-15,1,0,Restock,0.25,0.01,0.26
1046870,RMA #1CS9KNK3,32637298,ROUBA TABBARA (J0P1H0ROU),7.92E+11,2026-05-15,2026-05-15,1,0,Storage,0.05,0,0.05
1046875,RMA #Z9R7D0GO,32688815,SUSAN HODGINS (N6P0M3SUS),6.01E+15,2026-05-15,2026-05-15,1,0,Returns,2.07,0.1,2.17
1046875,RMA #Z9R7D0GO,32688815,SUSAN HODGINS (N6P0M3SUS),6.01E+15,2026-05-15,2026-05-15,0,0,Service Center Labor,2.36,0.12,2.48
1046875,RMA #Z9R7D0GO,32688815,SUSAN HODGINS (N6P0M3SUS),6.01E+15,2026-05-15,2026-05-15,1,0,Restock,0.25,0.01,0.26
1046875,RMA #Z9R7D0GO,32688815,SUSAN HODGINS (N6P0M3SUS),6.01E+15,2026-05-15,2026-05-15,1,0,Storage,0.05,0,0.05
1046879,RMA #GGTELEO3,32706235,MICHAEL ROSS ALBERT (M5V0P4MIC),6.01E+15,2026-05-15,2026-05-15,1,0,Restock,0.25,0.01,0.26
1046879,RMA #GGTELEO3,32706235,MICHAEL ROSS ALBERT (M5V0P4MIC),6.01E+15,2026-05-15,2026-05-15,1,0,Returns,2.07,0.1,2.17
1046879,RMA #GGTELEO3,32706235,MICHAEL ROSS ALBERT (M5V0P4MIC),6.01E+15,2026-05-15,2026-05-15,0,0,Service Center Labor,3.78,0.19,3.97
1046879,RMA #GGTELEO3,32706235,MICHAEL ROSS ALBERT (M5V0P4MIC),6.01E+15,2026-05-15,2026-05-15,1,0,Storage,0.05,0,0.05
1046881,RMA #BLZV8C65,32714912,MICHELLE HARRIS (V9N0G9MIC),6.01E+15,2026-05-15,2026-05-15,0,0,Service Center Labor,2.36,0.12,2.48
1046881,RMA #BLZV8C65,32714912,MICHELLE HARRIS (V9N0G9MIC),6.01E+15,2026-05-15,2026-05-15,1,0,Returns,2.07,0.1,2.17
1046881,RMA #BLZV8C65,32714912,MICHELLE HARRIS (V9N0G9MIC),6.01E+15,2026-05-15,2026-05-15,1,0,Restock,0.25,0.01,0.26
1046881,RMA #BLZV8C65,32714912,MICHELLE HARRIS (V9N0G9MIC),6.01E+15,2026-05-15,2026-05-15,1,0,Storage,0.05,0,0.05
1046885,RMA #OZCABE1I,32807585,JD HAITSMA (T0K0K0JD),7.92E+11,2026-05-15,2026-05-15,1,0,Returns,2.07,0.1,2.17
1046885,RMA #OZCABE1I,32807585,JD HAITSMA (T0K0K0JD),7.92E+11,2026-05-15,2026-05-15,0,0,Service Center Labor,3.31,0.17,3.48
1046885,RMA #OZCABE1I,32807585,JD HAITSMA (T0K0K0JD),7.92E+11,2026-05-15,2026-05-15,1,0,Restock,0.25,0.01,0.26
1046885,RMA #OZCABE1I,32807585,JD HAITSMA (T0K0K0JD),7.92E+11,2026-05-15,2026-05-15,1,0,Storage,0.05,0,0.05
1046887,RMA #0HW408KO,32737475,STÃ‰PHANIE CÃ”TÃ‰ (G7S4Z6STÃ‰),6.01E+15,2026-05-15,2026-05-15,0,0,Service Center Labor,3.78,0.19,3.97
1046887,RMA #0HW408KO,32737475,STÃ‰PHANIE CÃ”TÃ‰ (G7S4Z6STÃ‰),6.01E+15,2026-05-15,2026-05-15,2,0,Returns,2.74,0.14,2.88
1046887,RMA #0HW408KO,32737475,STÃ‰PHANIE CÃ”TÃ‰ (G7S4Z6STÃ‰),6.01E+15,2026-05-15,2026-05-15,2,0,Restock,0.5,0.03,0.53
1046887,RMA #0HW408KO,32737475,STÃ‰PHANIE CÃ”TÃ‰ (G7S4Z6STÃ‰),6.01E+15,2026-05-15,2026-05-15,2,0,Storage,0.1,0.01,0.11
1046893,RMA #TL5E39J8,32831910,REGAN GRILL (V9K2P1REG),7.92E+11,2026-05-15,2026-05-15,3,0,Returns,3.41,0.17,3.58
1046893,RMA #TL5E39J8,32831910,REGAN GRILL (V9K2P1REG),7.92E+11,2026-05-15,2026-05-15,0,0,Service Center Labor,4.73,0.24,4.97
1046893,RMA #TL5E39J8,32831910,REGAN GRILL (V9K2P1REG),7.92E+11,2026-05-15,2026-05-15,3,0,Restock,0.75,0.04,0.79
1046893,RMA #TL5E39J8,32831910,REGAN GRILL (V9K2P1REG),7.92E+11,2026-05-15,2026-05-15,3,0,Storage,0.15,0.01,0.16
1046895,RMA #GQYHEO5K,32811335,DAVID BUDD (V8N2Y2DAV),7.92E+11,2026-05-15,2026-05-15,0,0,Service Center Labor,4.73,0.24,4.97
1046895,RMA #GQYHEO5K,32811335,DAVID BUDD (V8N2Y2DAV),7.92E+11,2026-05-15,2026-05-15,3,0,Returns,3.41,0.17,3.58
1046895,RMA #GQYHEO5K,32811335,DAVID BUDD (V8N2Y2DAV),7.92E+11,2026-05-15,2026-05-15,3,0,Restock,0.75,0.04,0.79
1046895,RMA #GQYHEO5K,32811335,DAVID BUDD (V8N2Y2DAV),7.92E+11,2026-05-15,2026-05-15,3,0,Storage,0.15,0.01,0.16
1046897,RMA #2CW61IS3,32801524,KATIE MACKO (L1R2C9KAT),7.92E+11,2026-05-15,2026-05-15,0,0,Service Center Labor,3.31,0.17,3.48
1046897,RMA #2CW61IS3,32801524,KATIE MACKO (L1R2C9KAT),7.92E+11,2026-05-15,2026-05-15,2,0,Returns,2.74,0.14,2.88
1046897,RMA #2CW61IS3,32801524,KATIE MACKO (L1R2C9KAT),7.92E+11,2026-05-15,2026-05-15,2,0,Restock,0.5,0.03,0.53
1046897,RMA #2CW61IS3,32801524,KATIE MACKO (L1R2C9KAT),7.92E+11,2026-05-15,2026-05-15,2,0,Storage,0.1,0.01,0.11
1046899,RMA #605GATQ0,32798622,CODY FRIESEN (R7A6N9COD),7.92E+11,2026-05-15,2026-05-15,1,0,Returns,2.07,0.1,2.17
1046899,RMA #605GATQ0,32798622,CODY FRIESEN (R7A6N9COD),7.92E+11,2026-05-15,2026-05-15,0,0,Service Center Labor,3.31,0.17,3.48
1046899,RMA #605GATQ0,32798622,CODY FRIESEN (R7A6N9COD),7.92E+11,2026-05-15,2026-05-15,1,0,Restock,0.25,0.01,0.26
1046899,RMA #605GATQ0,32798622,CODY FRIESEN (R7A6N9COD),7.92E+11,2026-05-15,2026-05-15,1,0,Storage,0.05,0,0.05
1046901,RMA #I53AUDHX,32790432,CLAUDETTE HORNSBY (V6Z2C1CLA),6.01E+15,2026-05-15,2026-05-15,1,0,Restock,0.25,0.01,0.26
1046901,RMA #I53AUDHX,32790432,CLAUDETTE HORNSBY (V6Z2C1CLA),6.01E+15,2026-05-15,2026-05-15,1,0,Shop Supplies,0.16,0.01,0.17
1046901,RMA #I53AUDHX,32790432,CLAUDETTE HORNSBY (V6Z2C1CLA),6.01E+15,2026-05-15,2026-05-15,1,0,Returns,2.07,0.1,2.17
1046901,RMA #I53AUDHX,32790432,CLAUDETTE HORNSBY (V6Z2C1CLA),6.01E+15,2026-05-15,2026-05-15,0,0,Service Center Labor,2.36,0.12,2.48
1046901,RMA #I53AUDHX,32790432,CLAUDETTE HORNSBY (V6Z2C1CLA),6.01E+15,2026-05-15,2026-05-15,1,0,Storage,0.05,0,0.05
1046902,RMA #RV2DZYK7,32802037,BENOIT GINGRAS (J1E0G2BEN),7.92E+11,2026-05-15,2026-05-15,1,0,Returns,2.07,0.1,2.17
1046902,RMA #RV2DZYK7,32802037,BENOIT GINGRAS (J1E0G2BEN),7.92E+11,2026-05-15,2026-05-15,0,0,Service Center Labor,2.36,0.12,2.48
1046902,RMA #RV2DZYK7,32802037,BENOIT GINGRAS (J1E0G2BEN),7.92E+11,2026-05-15,2026-05-15,1,0,Restock,0.25,0.01,0.26
1046902,RMA #RV2DZYK7,32802037,BENOIT GINGRAS (J1E0G2BEN),7.92E+11,2026-05-15,2026-05-15,1,0,Storage,0.05,0,0.05
1046920,RMA #VVCSWB1W,32708373,MEGAN GAMBLE (V2Z1P8MEG),7.98E+11,2026-05-15,2026-05-15,0,0,Service Center Labor,3.78,0.19,3.97
1046920,RMA #VVCSWB1W,32708373,MEGAN GAMBLE (V2Z1P8MEG),7.98E+11,2026-05-15,2026-05-15,2,0,Returns,2.74,0.14,2.88
1046920,RMA #VVCSWB1W,32708373,MEGAN GAMBLE (V2Z1P8MEG),7.98E+11,2026-05-15,2026-05-15,2,0,Restock,0.5,0.03,0.53
1046920,RMA #VVCSWB1W,32708373,MEGAN GAMBLE (V2Z1P8MEG),7.98E+11,2026-05-15,2026-05-15,2,0,Storage,0.1,0.01,0.11
1047072,RMA #DO7CF4LZ,32819504,MARC-ANDRÃ‰ CHARETTE (J3L0M9MAR),7.92E+11,2026-05-15,2026-05-15,3,0,Returns,3.41,0.17,3.58
1047072,RMA #DO7CF4LZ,32819504,MARC-ANDRÃ‰ CHARETTE (J3L0M9MAR),7.92E+11,2026-05-15,2026-05-15,0,0,Service Center Labor,6.14,0.31,6.45
1047072,RMA #DO7CF4LZ,32819504,MARC-ANDRÃ‰ CHARETTE (J3L0M9MAR),7.92E+11,2026-05-15,2026-05-15,3,0,Restock,0.75,0.04,0.79
1047072,RMA #DO7CF4LZ,32819504,MARC-ANDRÃ‰ CHARETTE (J3L0M9MAR),7.92E+11,2026-05-15,2026-05-15,3,0,Storage,0.15,0.01,0.16
1047073,RMA #UFJIPOFJ,32838495,HELEN REEVE (V5M1T5HEL),6.01E+15,2026-05-15,2026-05-15,0,0,Service Center Labor,2.36,0.12,2.48
1047073,RMA #UFJIPOFJ,32838495,HELEN REEVE (V5M1T5HEL),6.01E+15,2026-05-15,2026-05-15,1,0,Returns,2.07,0.1,2.17
1047073,RMA #UFJIPOFJ,32838495,HELEN REEVE (V5M1T5HEL),6.01E+15,2026-05-15,2026-05-15,1,0,Restock,0.25,0.01,0.26
1047073,RMA #UFJIPOFJ,32838495,HELEN REEVE (V5M1T5HEL),6.01E+15,2026-05-15,2026-05-15,1,0,Storage,0.05,0,0.05
1047075,RMA #032EKQ53,32801505,LARA GILCHRIST (G2E2N3LAR),6.01E+15,2026-05-15,2026-05-15,4,0,Returns,4.08,0.2,4.28
1047075,RMA #032EKQ53,32801505,LARA GILCHRIST (G2E2N3LAR),6.01E+15,2026-05-15,2026-05-15,0,0,Service Center Labor,6.14,0.31,6.45
1047075,RMA #032EKQ53,32801505,LARA GILCHRIST (G2E2N3LAR),6.01E+15,2026-05-15,2026-05-15,4,0,Restock,1,0.05,1.05
1047075,RMA #032EKQ53,32801505,LARA GILCHRIST (G2E2N3LAR),6.01E+15,2026-05-15,2026-05-15,4,0,Storage,0.2,0.01,0.21
14677566,IF4041452525,32662129,J1L1C9SPO - SPORTS EXPERTS - ATMOSPHERE,1Z2VW7552091911513,2026-04-22,2026-05-01,30,806.18,Outbound Freight,23.52,1.18,24.7
14677566,IF4041452525,32662129,J1L1C9SPO - SPORTS EXPERTS - ATMOSPHERE,1Z2VW7552091911513,2026-04-22,2026-05-01,5,806.18,Outbound Shipment Materials,4.65,0.56,5.21
14679331,IF4041452548,32662857,G3A0P5LAT - LATULIPPE DISTRIBUTION CENTER,5.21E+11,2026-04-23,2026-05-01,8,2025,Outbound Shipment Materials,7.58,0.91,8.49
14679331,IF4041452548,32662857,G3A0P5LAT - LATULIPPE DISTRIBUTION CENTER,5.21E+11,2026-04-23,2026-05-01,1,2025,Outbound Freight,6.5,0.33,6.83
14679332,IF4041452549,32662858,T0H2H0LA - LA CRETE SOURCE FOR SPORTS,5.21E+11,2026-04-23,2026-05-01,9,3000,Outbound Shipment Materials,9.3,1.12,10.42
14679332,IF4041452549,32662858,T0H2H0LA - LA CRETE SOURCE FOR SPORTS,5.21E+11,2026-04-23,2026-05-01,2,3000,Outbound Freight,2.5,0.13,2.63
14693665,IF4041453411,32706104,T1W2B6VAL - VALHALLA PURE OUTFITTERS - CANMORE,LSHP48558731,2026-04-27,2026-05-01,7,1358.5,Outbound Shipment Materials,7.44,0.89,8.33
14693665,IF4041453411,32706104,T1W2B6VAL - VALHALLA PURE OUTFITTERS - CANMORE,LSHP48558731,2026-04-27,2026-05-01,33,1358.5,Outbound Freight,22.09,1.1,23.19
14701318,IF4041453844,32728598,P7C5V3FRE - FRESH AIR,5.21E+11,2026-04-30,2026-05-05,4,110,Outbound Freight,14.18,1.84,16.02
14701318,IF4041453844,32728598,P7C5V3FRE - FRESH AIR,5.21E+11,2026-04-30,2026-05-05,2,110,Outbound Shipment Materials,1.78,0.21,1.99
14724177,IF4041455000,32791209,V6E4G1DMC - DMCL LLP,1Z2VW7552098340225,2026-05-06,2026-05-07,2,49,Outbound Shipment Materials,1.78,0.21,1.99
14724177,IF4041455000,32791209,V6E4G1DMC - DMCL LLP,1Z2VW7552098340225,2026-05-06,2026-05-07,1,49,Outbound Freight,10.68,0.53,11.21
14726504,IF4041455102,32794475,V1E4N6WEA - WEARABOUTS,LSHP48838316,2026-05-07,2026-05-13,21,472.5,Outbound Freight,9.92,0.5,10.42
14726504,IF4041455102,32794475,V1E4N6WEA - WEARABOUTS,LSHP48838316,2026-05-07,2026-05-13,3,472.5,Outbound Shipment Materials,2.93,0.36,3.29
14726505,IF4041455103,32794476,V1E4N6WEA - WEARABOUTS,LSHP48892288,2026-05-07,2026-05-14,2,147,Outbound Shipment Materials,1.78,0.21,1.99
14726505,IF4041455103,32794476,V1E4N6WEA - WEARABOUTS,LSHP48892288,2026-05-07,2026-05-14,5,147,Outbound Freight,9.92,0.5,10.42
14739974,IF4041456247,32837665,V1T2B6VAL - Valhalla Pure Outfitters Inc,5.21E+11,2026-05-11,2026-05-15,2,45,Outbound Shipment Materials,1.78,0.21,1.99
14739974,IF4041456247,32837665,V1T2B6VAL - Valhalla Pure Outfitters Inc,5.21E+11,2026-05-11,2026-05-15,1,45,Outbound Freight,1.25,0.06,1.31
14739975,IF4041456244,32837563,V0A1H0TOP - TOP NOTCH,LSHP48929580,2026-05-11,2026-05-15,5,941.8,Outbound Shipment Materials,4.65,0.56,5.21
14739975,IF4041456244,32837563,V0A1H0TOP - TOP NOTCH,LSHP48929580,2026-05-11,2026-05-15,35,941.8,Outbound Freight,27.63,1.38,29.01
14693670,IF4041453428,32706740,R3J0Y7JAY - JAY HARRISON,5.21E+11,2026-04-27,2026-05-01,235,9004,Outbound Freight,71.87,3.59,75.46
14693670,IF4041453428,32706740,R3J0Y7JAY - JAY HARRISON,5.21E+11,2026-04-27,2026-05-01,35,9004,Outbound Shipment Materials,34.72,4.17,38.89
14724174,IF4041455004,32791313,J4B6G4MAR - MARIE-LYN ADAM,3.81E+11,2026-05-06,2026-05-07,42,1154,Outbound Freight,40.85,2.04,42.89
14724174,IF4041455004,32791313,J4B6G4MAR - MARIE-LYN ADAM,3.81E+11,2026-05-06,2026-05-07,4,1154,Outbound Shipment Materials,4.06,0.48,4.54
14724175,IF4041455005,32791314,B3B1Z2URB - Urbanbutter Creative Group inc,3.81E+11,2026-05-06,2026-05-07,31,925,Outbound Freight,41.17,5.76,46.93
14724175,IF4041455005,32791314,B3B1Z2URB - Urbanbutter Creative Group inc,3.81E+11,2026-05-06,2026-05-07,4,925,Outbound Shipment Materials,4.06,0.48,4.54
14724176,IF4041455007,32791317,M4E2E1 - Kelly Holmes /Sprout Sales Inc.,3.81E+11,2026-05-06,2026-05-07,42,1154,Outbound Freight,39.2,5.1,44.3
14724176,IF4041455007,32791317,M4E2E1 - Kelly Holmes /Sprout Sales Inc.,3.81E+11,2026-05-06,2026-05-07,4,1154,Outbound Shipment Materials,4.06,0.48,4.54
14724220,IF4041455008,32791318,R3J0Y7JAY - JAY HARRISON,3.81E+11,2026-05-06,2026-05-08,40,1092.5,Outbound Freight,36.65,1.83,38.48
14724220,IF4041455008,32791318,R3J0Y7JAY - JAY HARRISON,3.81E+11,2026-05-06,2026-05-08,4,1092.5,Outbound Shipment Materials,4.06,0.48,4.54
14746348,IF4041456269,32838276,J4B6G4MAR - MARIE-LYN ADAM,4.01E+15,2026-05-13,2026-05-15,2,45,Outbound Freight,17.99,0.9,18.89
14746348,IF4041456269,32838276,J4B6G4MAR - MARIE-LYN ADAM,4.01E+15,2026-05-13,2026-05-15,2,45,Outbound Shipment Materials,1.78,0.21,1.99
14746349,IF4041456274,32838280,B3B1Z2URB - Urbanbutter Creative Group inc,4.01E+15,2026-05-13,2026-05-15,13,299,Outbound Freight,17.99,2.52,20.51
14746349,IF4041456274,32838280,B3B1Z2URB - Urbanbutter Creative Group inc,4.01E+15,2026-05-13,2026-05-15,3,299,Outbound Shipment Materials,2.93,0.36,3.29
14746350,IF4041456283,32838289,M4E2E1 - Kelly Holmes /Sprout Sales Inc.,4.01E+15,2026-05-13,2026-05-15,2,45,Outbound Freight,13.07,1.7,14.77
14746350,IF4041456283,32838289,M4E2E1 - Kelly Holmes /Sprout Sales Inc.,4.01E+15,2026-05-13,2026-05-15,2,45,Outbound Shipment Materials,1.78,0.21,1.99
14746495,IF4041456277,32838284,R3J0Y7JAY - JAY HARRISON,4.01E+15,2026-05-13,2026-05-15,2,45,Outbound Freight,12.44,0.62,13.06
14746495,IF4041456277,32838284,R3J0Y7JAY - JAY HARRISON,4.01E+15,2026-05-13,2026-05-15,2,45,Outbound Shipment Materials,1.78,0.21,1.99
14692279,IF4041450615,32618938,S6V4V3FRE - FRESH AIR EXPERIENCE,5.21E+11,2026-04-27,2026-05-01,9,2539,Outbound Shipment Materials,9.3,1.12,10.42
14692279,IF4041450615,32618938,S6V4V3FRE - FRESH AIR EXPERIENCE,5.21E+11,2026-04-27,2026-05-01,83,2539,Outbound Freight,29.54,1.48,31.02
14692280,IF4041450616,32618937,R9A1L3KLE - KLEEN ALL THE PAS,5.21E+11,2026-04-27,2026-05-01,429,16056.5,Outbound Freight,164.48,8.22,172.7
14692280,IF4041450616,32618937,R9A1L3KLE - KLEEN ALL THE PAS,5.21E+11,2026-04-27,2026-05-01,60,16056.5,Outbound Shipment Materials,59.86,7.18,67.04
14692281,IF4041450620,32619349,V0R2Z0TOF - TOFINO FISHING AND TRADING,LSHP48572304,2026-04-27,2026-05-01,4,1197,Outbound Shipment Materials,4.06,0.48,4.54
14692281,IF4041450620,32619349,V0R2Z0TOF - TOFINO FISHING AND TRADING,LSHP48572304,2026-04-27,2026-05-01,1,1197,Outbound Freight,1.25,0.06,1.31
14692282,IF4041450626,32619659,V8B0G8VAL - VALHALLA PURE SQUAMISH,4.01E+15,2026-04-27,2026-05-01,41,922.5,Outbound Freight,11.38,0.57,11.95
14692282,IF4041450626,32619659,V8B0G8VAL - VALHALLA PURE SQUAMISH,4.01E+15,2026-04-27,2026-05-01,4,922.5,Outbound Shipment Materials,4.06,0.48,4.54
14692283,IF4041450632,32620498,N0B2N0CHA - CHANGE LIFESTYLE & APPAREL,1Z2VW7552093900512,2026-04-27,2026-05-01,13,3496.5,Outbound Shipment Materials,13.36,1.61,14.97
14692283,IF4041450632,32620498,N0B2N0CHA - CHANGE LIFESTYLE & APPAREL,1Z2VW7552093900512,2026-04-27,2026-05-01,104,3496.5,Outbound Freight,39.56,5.14,44.7
14692284,IF4041450634,32620500,V8E1A5WAD - Waddington Outdoor Whistler,LSHP48527947,2026-04-27,2026-05-01,17,7262,Outbound Shipment Materials,16.88,2.02,18.9
14692284,IF4041450634,32620500,V8E1A5WAD - Waddington Outdoor Whistler,LSHP48527947,2026-04-27,2026-05-01,234,7262,Outbound Freight,38.87,1.94,40.81
14692285,IF4041450638,32620504,V2P0J6MOU - MOUNT WADDINGTONS OUTDOORS,LSHP48542002,2026-04-27,2026-05-01,23,7118,Outbound Shipment Materials,22.82,2.74,25.56
14692285,IF4041450638,32620504,V2P0J6MOU - MOUNT WADDINGTONS OUTDOORS,LSHP48542002,2026-04-27,2026-05-01,229,7118,Outbound Freight,37.79,1.89,39.68
14692286,IF4041450639,32620505,E2E2N6RIV - RIVER AND TRAIL OUTDOOR COMPANY,LSHP48527918,2026-04-27,2026-05-01,5,1371,Outbound Shipment Materials,4.65,0.56,5.21
14692286,IF4041450639,32620505,E2E2N6RIV - RIVER AND TRAIL OUTDOOR COMPANY,LSHP48527918,2026-04-27,2026-05-01,40,1371,Outbound Freight,28.18,4.23,32.41
14692287,IF4041450641,32620507,N0H2R0BLU - BLUE HERON COMPANY  NET SHED,LSHP48570766,2026-04-27,2026-05-01,42,13394.5,Outbound Shipment Materials,41.85,5.02,46.87
14692287,IF4041450641,32620507,N0H2R0BLU - BLUE HERON COMPANY  NET SHED,LSHP48570766,2026-04-27,2026-05-01,403,13394.5,Outbound Freight,118.99,15.47,134.46
14692288,IF4041450646,32620512,P7C5V3FRE - FRESH AIR,5.21E+11,2026-04-27,2026-05-01,111,3776.5,Outbound Freight,33.35,4.34,37.69
14692288,IF4041450646,32620512,P7C5V3FRE - FRESH AIR,5.21E+11,2026-04-27,2026-05-01,9,3776.5,Outbound Shipment Materials,9.3,1.12,10.42
14692289,IF4041450752,32623515,A2N1J3COA - COAST CLOTHING,LSHP48528055,2026-04-27,2026-05-01,47,1959.5,Outbound Freight,43.4,6.51,49.91
14692289,IF4041450752,32623515,A2N1J3COA - COAST CLOTHING,LSHP48528055,2026-04-27,2026-05-01,8,1959.5,Outbound Shipment Materials,7.58,0.91,8.49
14692290,IF4041450858,32625208,V2A5A4FRE - FREE RIDE PENTICTON,LSHP48528008,2026-04-27,2026-05-01,42,1462,Outbound Freight,12.83,0.64,13.47
14692290,IF4041450858,32625208,V2A5A4FRE - FREE RIDE PENTICTON,LSHP48528008,2026-04-27,2026-05-01,5,1462,Outbound Shipment Materials,4.65,0.56,5.21
14692583,IF4041450643,32620509,B0E1N0CAP - CAPER GYM AND FITNESS INC dba THE CENTRA,3.81E+11,2026-04-27,2026-05-01,19,4683,Outbound Shipment Materials,18.89,2.26,21.15
14692583,IF4041450643,32620509,B0E1N0CAP - CAPER GYM AND FITNESS INC dba THE CENTRA,3.81E+11,2026-04-27,2026-05-01,126,4683,Outbound Freight,69.53,9.73,79.26
14698581,IF4041452471,Consolidated Shipment,L5W1Y6NLS - NLS-SPORTING LIFE,3.81E+11,2026-04-29,2026-05-01,49,7987.5,Outbound Shipment Materials,48.6,5.83,54.43
14698581,IF4041452471,Consolidated Shipment,L5W1Y6NLS - NLS-SPORTING LIFE,3.81E+11,2026-04-29,2026-05-01,16,7987.5,EDI Labels,16,0.8,16.8
14698581,IF4041452471,Consolidated Shipment,L5W1Y6NLS - NLS-SPORTING LIFE,3.81E+11,2026-04-29,2026-05-01,15,7987.5,Outbound Freight,80,4,84
14698717,IF4041453748,32724866,P1H2B8REF - REFLECTIONS OF MUSKOKA,1Z2VW7552096713246,2026-04-29,2026-05-04,13,5625,Outbound Shipment Materials,13.36,1.61,14.97
14698717,IF4041453748,32724866,P1H2B8REF - REFLECTIONS OF MUSKOKA,1Z2VW7552096713246,2026-04-29,2026-05-04,179,5625,Outbound Freight,52.44,6.82,59.26
14698719,IF4041453657,32720244,T2E6W5MRG - MRG - BANFF #573,1Z2VW7552095596296,2026-04-29,2026-05-04,91,2512.5,Outbound Freight,29.47,1.47,30.94
14698719,IF4041453657,32720244,T2E6W5MRG - MRG - BANFF #573,1Z2VW7552095596296,2026-04-29,2026-05-04,9,2512.5,Outbound Shipment Materials,9.3,1.12,10.42
14698720,IF4041450753,32623516,V9L1V8WAL - WALL STREET CLOTHING,4.01E+15,2026-04-29,2026-05-05,69,1912.5,Outbound Freight,14.97,0.75,15.72
14698720,IF4041450753,32623516,V9L1V8WAL - WALL STREET CLOTHING,4.01E+15,2026-04-29,2026-05-05,5,1912.5,Outbound Shipment Materials,4.65,0.56,5.21
14698721,IF4041453658,32720245,V8B0B6SEA - SEA TO SKY GONDOLA,1Z2VW7552091862175,2026-04-29,2026-05-05,14,5805,Outbound Shipment Materials,13.95,1.68,15.63
14698721,IF4041453658,32720245,V8B0B6SEA - SEA TO SKY GONDOLA,1Z2VW7552091862175,2026-04-29,2026-05-05,258,5805,Outbound Freight,31.69,1.58,33.27
14698722,IF4041450851,32625201,V9Y8E9LAC - LACE IT UP aka JAYS MENS WEAR,4.01E+15,2026-04-29,2026-05-06,3,270,Outbound Shipment Materials,2.93,0.36,3.29
14698722,IF4041450851,32625201,V9Y8E9LAC - LACE IT UP aka JAYS MENS WEAR,4.01E+15,2026-04-29,2026-05-06,12,270,Outbound Freight,10.02,0.5,10.52
14698723,IF4041450852,32625202,V9Y8E9LAC - LACE IT UP aka JAYS MENS WEAR,LSHP48553488,2026-04-29,2026-05-06,20,754,Outbound Freight,12.19,0.61,12.8
14698723,IF4041450852,32625202,V9Y8E9LAC - LACE IT UP aka JAYS MENS WEAR,LSHP48553488,2026-04-29,2026-05-06,4,754,Outbound Shipment Materials,4.06,0.48,4.54
14698724,IF4041450853,32625203,V9Y8E9LAC - LACE IT UP aka JAYS MENS WEAR,LSHP48554058,2026-04-29,2026-05-06,4,790,Outbound Shipment Materials,4.06,0.48,4.54
14698724,IF4041450853,32625203,V9Y8E9LAC - LACE IT UP aka JAYS MENS WEAR,LSHP48554058,2026-04-29,2026-05-06,36,790,Outbound Freight,12.19,0.61,12.8
14698725,IF4041450857,32625206,V0A1K0THE - THE INSIDE EDGE SPORTS STORE LTD,LSHP48554654,2026-04-29,2026-05-04,46,1142.5,Outbound Freight,14.7,0.74,15.44
14698725,IF4041450857,32625206,V0A1K0THE - THE INSIDE EDGE SPORTS STORE LTD,LSHP48554654,2026-04-29,2026-05-04,5,1142.5,Outbound Shipment Materials,4.65,0.56,5.21
14701331,IF4041453663,32720248,K1V9B4961 - 9613 Paradies Ottawa,5.21E+11,2026-04-30,2026-05-06,23,2395,Outbound Shipment Materials,22.8,2.74,25.54
14701331,IF4041453663,32720248,K1V9B4961 - 9613 Paradies Ottawa,5.21E+11,2026-04-30,2026-05-06,80,2395,Outbound Freight,48.14,5.94,54.08
14701331,IF4041453663,32720248,K1V9B4961 - 9613 Paradies Ottawa,5.21E+11,2026-04-30,2026-05-06,7,2395,EDI Labels,7,0.35,7.35
14701332,IF4041453664,32720249,K1V9B4961 - 9613 Paradies Ottawa,5.21E+11,2026-04-30,2026-05-06,79,2902.5,Outbound Freight,36.91,4.48,41.39
14701332,IF4041453664,32720249,K1V9B4961 - 9613 Paradies Ottawa,5.21E+11,2026-04-30,2026-05-06,19,2902.5,Outbound Shipment Materials,19.43,2.33,21.76
14701332,IF4041453664,32720249,K1V9B4961 - 9613 Paradies Ottawa,5.21E+11,2026-04-30,2026-05-06,8,2902.5,EDI Labels,8,0.4,8.4
14701333,IF4041453665,32720250,T9E0V978 - 9785 Paradies Edmonton,5.21E+11,2026-04-30,2026-05-06,56,2047.5,Outbound Freight,30.04,1.5,31.54
14701333,IF4041453665,32720250,T9E0V978 - 9785 Paradies Edmonton,5.21E+11,2026-04-30,2026-05-06,15,2047.5,Outbound Shipment Materials,15.25,1.83,17.08
14701333,IF4041453665,32720250,T9E0V978 - 9785 Paradies Edmonton,5.21E+11,2026-04-30,2026-05-06,8,2047.5,EDI Labels,8,0.4,8.4
14701334,IF4041453666,32720251,T2E3B9940 - 9403 Paradies Calgary,LSHP48708292,2026-04-30,2026-05-07,27,4371.5,Outbound Shipment Materials,26.63,3.19,29.82
14701334,IF4041453666,32720251,T2E3B9940 - 9403 Paradies Calgary,LSHP48708292,2026-04-30,2026-05-07,145,4371.5,Outbound Freight,51.15,2.56,53.71
14701334,IF4041453666,32720251,T2E3B9940 - 9403 Paradies Calgary,LSHP48708292,2026-04-30,2026-05-07,8,4371.5,EDI Labels,8,0.4,8.4
14701335,IF4041453667,32720252,T2E3B9940 - 9403 Paradies Calgary,LSHP48727934,2026-04-30,2026-05-08,108,4005,Outbound Freight,31.76,1.59,33.35
14701335,IF4041453667,32720252,T2E3B9940 - 9403 Paradies Calgary,LSHP48727934,2026-04-30,2026-05-08,23,4005,Outbound Shipment Materials,22.6,2.71,25.31
14701335,IF4041453667,32720252,T2E3B9940 - 9403 Paradies Calgary,LSHP48727934,2026-04-30,2026-05-08,8,4005,EDI Labels,8,0.4,8.4
14701336,IF4041453668,32720253,T9E0V978 - 9785 Paradies Edmonton,LSHP48727959,2026-04-30,2026-05-08,17,1804.5,Outbound Shipment Materials,16.79,2.02,18.81
14701336,IF4041453668,32720253,T9E0V978 - 9785 Paradies Edmonton,LSHP48727959,2026-04-30,2026-05-08,60,1804.5,Outbound Freight,30.19,1.51,31.7
14701336,IF4041453668,32720253,T9E0V978 - 9785 Paradies Edmonton,LSHP48727959,2026-04-30,2026-05-08,7,1804.5,EDI Labels,7,0.35,7.35
14709427,IF4041453944,32735181,V8L3S8BC - BC Ferries Retail Department,3.81E+11,2026-04-30,2026-05-06,5,1350,Outbound Shipment Materials,4.65,0.56,5.21
14709427,IF4041453944,32735181,V8L3S8BC - BC Ferries Retail Department,3.81E+11,2026-04-30,2026-05-06,60,1350,Outbound Freight,24.25,1.21,25.46
14711412,IF4041448589,2026_05_01C,J2K3G8SPO - SPORTS EXPERTS 479,1Z2VW7552094775193,2026-05-01,2026-04-25,0,0,Outbound Freight,22.79,1.14,23.93
14718404,IF4041454183,32748010,V7R4K9GRO - GROUSE MOUNTAIN RESORTS LTD.,LSHP48641644,2026-05-04,2026-05-05,18,4596.5,Outbound Shipment Materials,18.01,2.16,20.17
14718404,IF4041454183,32748010,V7R4K9GRO - GROUSE MOUNTAIN RESORTS LTD.,LSHP48641644,2026-05-04,2026-05-05,162,4596.5,Outbound Freight,34.82,1.74,36.56
14718405,IF4041451342,32632067,K7L1B5TRA - TRAILHEAD KINGSTON,1Z2VW7552098989482,2026-05-04,2026-05-08,81,2935,Outbound Freight,31.76,4.13,35.89
14718405,IF4041451342,32632067,K7L1B5TRA - TRAILHEAD KINGSTON,1Z2VW7552098989482,2026-05-04,2026-05-08,9,2935,Outbound Shipment Materials,8.71,1.05,9.76
14718406,IF4041451343,32632268,K8P5A5TRA - TRAILHEAD BELLEVILLE,4.01E+15,2026-05-04,2026-05-08,3,750.5,Outbound Shipment Materials,2.93,0.36,3.29
14718406,IF4041451343,32632268,K8P5A5TRA - TRAILHEAD BELLEVILLE,4.01E+15,2026-05-04,2026-05-08,20,750.5,Outbound Freight,15.89,2.07,17.96
14718407,IF4041453660,32720246,V8B0B6SEA - SEA TO SKY GONDOLA,3.81E+11,2026-05-04,2026-05-11,19,7807.5,Outbound Shipment Materials,18.6,2.23,20.83
14718407,IF4041453660,32720246,V8B0B6SEA - SEA TO SKY GONDOLA,3.81E+11,2026-05-04,2026-05-11,186,7807.5,Outbound Freight,53.44,2.67,56.11
14721005,IF4041453619,Consolidated Shipment,V3Z1A5MEC - MEC Western Distribution Centre,19888363,2026-05-05,2026-05-07,375,18750,Outbound Freight,162.41,8.12,170.53
14721005,IF4041453619,Consolidated Shipment,V3Z1A5MEC - MEC Western Distribution Centre,19888363,2026-05-05,2026-05-07,68,18750,Outbound Shipment Materials,67.84,8.14,75.98
14721005,IF4041453619,Consolidated Shipment,V3Z1A5MEC - MEC Western Distribution Centre,19888363,2026-05-05,2026-05-07,48,18750,EDI Labels,48,2.4,50.4
14721005,IF4041453619,Consolidated Shipment,V3Z1A5MEC - MEC Western Distribution Centre,19888363,2026-05-05,2026-05-07,1,18750,Pallet Prep,20.25,1.01,21.26
14721005,IF4041453619,Consolidated Shipment,V3Z1A5MEC - MEC Western Distribution Centre,19888363,2026-05-05,2026-05-07,1,18750,Manual BOL,12,0.6,12.6
14721342,IF4041451747,32639963,N0H2C0MIK - MIKE GRAHAM dba THE CABANA,LSHP48677322,2026-05-05,2026-05-11,8,2754,Outbound Shipment Materials,7.58,0.91,8.49
14721342,IF4041451747,32639963,N0H2C0MIK - MIKE GRAHAM dba THE CABANA,LSHP48677322,2026-05-05,2026-05-11,85,2754,Outbound Freight,39.39,5.12,44.51
14721343,IF4041451748,32639964,N0H2G0MIK - MIKE GRAHAM dba THE CABANA,LSHP48677327,2026-05-05,2026-05-11,8,2845,Outbound Shipment Materials,7.58,0.91,8.49
14721343,IF4041451748,32639964,N0H2G0MIK - MIKE GRAHAM dba THE CABANA,LSHP48677327,2026-05-05,2026-05-11,88,2845,Outbound Freight,39.39,5.12,44.51
14721344,IF4041451749,32639965,V3Z1G6ART - ART KNAPP SURREY,LSHP48677647,2026-05-05,2026-05-11,66,3144,Outbound Freight,22.43,1.12,23.55
14721344,IF4041451749,32639965,V3Z1G6ART - ART KNAPP SURREY,LSHP48677647,2026-05-05,2026-05-11,9,3144,Outbound Shipment Materials,9.3,1.12,10.42
14722634,IF4041453375,32705472,N0B1S0ARI - ARIA BOUTIQUE,1Z2VW7552097694257,2026-05-05,2026-05-07,9,2051.5,Outbound Shipment Materials,8.71,1.05,9.76
14722634,IF4041453375,32705472,N0B1S0ARI - ARIA BOUTIQUE,1Z2VW7552097694257,2026-05-05,2026-05-07,66,2051.5,Outbound Freight,35.18,4.57,39.75
14726840,IF4041448601,2026_02_01_05_01B,G0C1E0SPO - SPORTS EXPERTS 674,1Z2VW7552096322052,2026-05-07,2026-04-25,0,0,Outbound Freight,14.79,0.74,15.53
14726874,IF4041440809,2026_02_01_05_01B,A2H6E8ART - ARTHUR JAMES CLOTHING COMPANY,4.00E+11,2026-05-07,2026-04-13,0,0,Outbound Freight,11.51,1.73,13.24
14726900,IF4041448529,2026_02_01_05_01B,J8E2Z9SPO - SPORTS EXPERTS - ATMOSPHERE,4.01E+15,2026-05-07,2026-04-25,0,0,Outbound Freight,43.01,2.15,45.16
14727014,IF4041444060,2026_02_01_05_01B,M1B5K7TOR - TORONTO ZOO,5.20E+11,2026-05-07,2026-04-04,0,0,Outbound Freight,48.45,6.3,54.75
14727034,IF4041444496,2026_02_01_05_01B,K7L1B5TRA - TRAILHEAD KINGSTON,5.20E+11,2026-05-07,2026-04-18,0,0,Outbound Freight,15.37,2,17.37
14727070,IF4041448185,2026_02_01_05_01B,V0N2R0THE - THE CLOTHES INN,5.21E+11,2026-05-07,2026-04-25,0,0,Outbound Freight,11.9,0.6,12.5
14730479,IF4041448589,2026_05_08C,J2K3G8SPO - SPORTS EXPERTS 479,1Z2VW7552094775193,2026-05-08,2026-04-25,0,0,Outbound Freight,1.55,0.08,1.63
14738326,IF4041455423,32812537,L6T4H8THE - The Nuance Group (Canada) Inc,1Z2VW7552099314930,2026-05-11,2026-05-14,188,6121.5,Outbound Freight,51.17,6.65,57.82
14738326,IF4041455423,32812537,L6T4H8THE - The Nuance Group (Canada) Inc,1Z2VW7552099314930,2026-05-11,2026-05-14,21,6121.5,Outbound Shipment Materials,21.07,2.52,23.59
14738330,IF4041452921,32683894,P3E6K7RAM - RAMAKKOS SOURCE FOR ADVENTURE,5.21E+11,2026-05-11,2026-05-15,4,795.5,Outbound Shipment Materials,4.06,0.48,4.54
14738330,IF4041452921,32683894,P3E6K7RAM - RAMAKKOS SOURCE FOR ADVENTURE,5.21E+11,2026-05-11,2026-05-15,1,795.5,Outbound Freight,1.25,0.06,1.31
14738331,IF4041452922,32683895,P1H2B8REF - REFLECTIONS OF MUSKOKA,1Z2VW7552094828162,2026-05-11,2026-05-15,161,3819,Outbound Freight,49.9,6.49,56.39
14738331,IF4041452922,32683895,P1H2B8REF - REFLECTIONS OF MUSKOKA,1Z2VW7552094828162,2026-05-11,2026-05-15,12,3819,Outbound Shipment Materials,12.23,1.47,13.7
14738332,IF4041452923,32683896,V7M2J5NOR - NORTH SHORE SKI AND BOARD,4.01E+15,2026-05-11,2026-05-15,48,1389,Outbound Freight,13.7,0.69,14.39
14738332,IF4041452923,32683896,V7M2J5NOR - NORTH SHORE SKI AND BOARD,4.01E+15,2026-05-11,2026-05-15,5,1389,Outbound Shipment Materials,4.65,0.56,5.21
14738333,IF4041452925,32683897,V7M2J5NOR - NORTH SHORE SKI AND BOARD,LSHP48929371,2026-05-11,2026-05-15,9,2624.5,Outbound Shipment Materials,8.71,1.05,9.76
14738333,IF4041452925,32683897,V7M2J5NOR - NORTH SHORE SKI AND BOARD,LSHP48929371,2026-05-11,2026-05-15,61,2624.5,Outbound Freight,18.68,0.93,19.61
14738334,IF4041452926,32683898,V9M3M1COA - COAST SURF SHOP LTD.,LSHP48929123,2026-05-11,2026-05-15,8,2229,Outbound Shipment Materials,7.58,0.91,8.49
14738334,IF4041452926,32683898,V9M3M1COA - COAST SURF SHOP LTD.,LSHP48929123,2026-05-11,2026-05-15,70,2229,Outbound Freight,19.85,0.99,20.84
14738335,IF4041452927,32683899,T2E7V6THE - THE CALGARY ZOOLOGICAL SOCIETY,LSHP48929418,2026-05-11,2026-05-15,242,6675,Outbound Freight,56.56,2.83,59.39
14738335,IF4041452927,32683899,T2E7V6THE - THE CALGARY ZOOLOGICAL SOCIETY,LSHP48929418,2026-05-11,2026-05-15,26,6675,Outbound Shipment Materials,26.18,3.14,29.32
14738336,IF4041452933,32684604,T0G2A1DIS - DISTRACTIONS,LSHP48929515,2026-05-11,2026-05-15,38,1370.5,Outbound Freight,21.49,1.07,22.56
14738336,IF4041452933,32684604,T0G2A1DIS - DISTRACTIONS,LSHP48929515,2026-05-11,2026-05-15,5,1370.5,Outbound Shipment Materials,4.65,0.56,5.21
14738338,IF4041453842,32728596,V2A5A4FRE - FREE RIDE PENTICTON,LSHP48929516,2026-05-11,2026-05-15,53,1236,Outbound Freight,13.09,0.65,13.74
14738338,IF4041453842,32728596,V2A5A4FRE - FREE RIDE PENTICTON,LSHP48929516,2026-05-11,2026-05-15,5,1236,Outbound Shipment Materials,4.65,0.56,5.21
14738339,IF4041453843,32728597,V2A5A4FRE - FREE RIDE PENTICTON,LSHP48929512,2026-05-11,2026-05-15,4,1020,Outbound Shipment Materials,4.06,0.48,4.54
14738339,IF4041453843,32728597,V2A5A4FRE - FREE RIDE PENTICTON,LSHP48929512,2026-05-11,2026-05-15,47,1020,Outbound Freight,11.5,0.58,12.08
14738342,IF4041455036,32792149,J9P5K1CAR - Carrefour du Nord-Ouest,4.01E+15,2026-05-11,2026-05-15,3,135,Outbound Shipment Materials,2.79,0.34,3.13
14738342,IF4041455036,32792149,J9P5K1CAR - Carrefour du Nord-Ouest,4.01E+15,2026-05-11,2026-05-15,6,135,Outbound Freight,17.14,0.86,18
14738343,IF4041455037,32792150,J9X2R3SPO - SPORTS EXPERTS - ATMOSPHERE,LSHP48946678,2026-05-11,2026-05-15,18,612,Outbound Freight,34.05,1.7,35.75
14738343,IF4041455037,32792150,J9X2R3SPO - SPORTS EXPERTS - ATMOSPHERE,LSHP48946678,2026-05-11,2026-05-15,4,612,Outbound Shipment Materials,4.06,0.48,4.54
14738344,IF4041455038,32792151,J4K2V1PLA - Place Longueuil,4.01E+15,2026-05-11,2026-05-15,3,708.5,Outbound Shipment Materials,2.93,0.36,3.29
14738344,IF4041455038,32792151,J4K2V1PLA - Place Longueuil,4.01E+15,2026-05-11,2026-05-15,23,708.5,Outbound Freight,15.49,0.77,16.26
14738346,IF4041455194,32800077,Y1A2B3COA - COAST MOUNTAIN,5.21E+11,2026-05-11,2026-05-15,8,2231.3,Outbound Shipment Materials,7.58,0.91,8.49
14738346,IF4041455194,32800077,Y1A2B3COA - COAST MOUNTAIN,5.21E+11,2026-05-11,2026-05-15,1,2231.3,Outbound Freight,6.5,0.33,6.83
14738347,IF4041455196,32800178,Y1A2B3COA - COAST MOUNTAIN,5.21E+11,2026-05-11,2026-05-15,81,2912.35,Outbound Freight,172.36,8.62,180.98
14738347,IF4041455196,32800178,Y1A2B3COA - COAST MOUNTAIN,5.21E+11,2026-05-11,2026-05-15,8,2912.35,Outbound Shipment Materials,7.58,0.91,8.49
14738348,IF4041453384,32705578,S0G3N0MCP - MCPHAIL TRAVEL,LSHP48929577,2026-05-11,2026-05-15,8,180,Outbound Freight,15.74,0.79,16.53
14738348,IF4041453384,32705578,S0G3N0MCP - MCPHAIL TRAVEL,LSHP48929577,2026-05-11,2026-05-15,3,180,Outbound Shipment Materials,2.93,0.36,3.29
14751691,IF4041457603,32875558,V6A2E4TEN - tentree,4.01E+15,2026-05-15,2026-05-15,26,611,Outbound Freight,17.84,0.89,18.73
14751691,IF4041457603,32875558,V6A2E4TEN - tentree,4.01E+15,2026-05-15,2026-05-15,5,611,Outbound Shipment Materials,4.65,0.56,5.21
14744885,IF4041440969,14457423,V6E1T8 - Connor Emeny,LSHP48869223,2026-05-13,2026-05-14,0,1750,Outbound Freight,14.71,0.74,15.45
14692276,IF4041450601,32618612,R9A1L2KIC - KICK IT SPORTS,LSHP48525509,2026-04-27,2026-05-01,3,0,Outbound Shipment Materials,2.93,0.36,3.29
14692276,IF4041450601,32618612,R9A1L2KIC - KICK IT SPORTS,LSHP48525509,2026-04-27,2026-05-01,1,0,Outbound Freight,16.71,0.84,17.55
14692277,IF4041450602,32618613,R9A1L3KLE - KLEEN ALL THE PAS,5.21E+11,2026-04-27,2026-05-01,1,0,Outbound Freight,18.38,0.92,19.3
14692277,IF4041450602,32618613,R9A1L3KLE - KLEEN ALL THE PAS,5.21E+11,2026-04-27,2026-05-01,3,0,Outbound Shipment Materials,2.93,0.36,3.29
14692278,IF4041450603,32618614,N0H2R0BLU - BLUE HERON COMPANY  NET SHED,LSHP48570612,2026-04-27,2026-05-01,3,0,Outbound Shipment Materials,2.93,0.36,3.29
14692278,IF4041450603,32618614,N0H2R0BLU - BLUE HERON COMPANY  NET SHED,LSHP48570612,2026-04-27,2026-05-01,1,0,Outbound Freight,17.98,2.34,20.32
14725014,IF4041455039,32792152,K0K2T0THE - THE MERCHANT,LSHP48892493,2026-05-06,2026-05-14,4,0,Outbound Shipment Materials,4.06,0.48,4.54
14725014,IF4041455039,32792152,K0K2T0THE - THE MERCHANT,LSHP48892493,2026-05-06,2026-05-14,3,0,Outbound Freight,19.87,2.58,22.45
14726506,IF4041455098,32794471,V0H1V0SES - SESSIONS OUTDOOR SPORTS,5.21E+11,2026-05-07,2026-05-13,5,0,Outbound Shipment Materials,4.65,0.56,5.21
14726506,IF4041455098,32794471,V0H1V0SES - SESSIONS OUTDOOR SPORTS,5.21E+11,2026-05-07,2026-05-13,3,0,Outbound Freight,21.5,1.08,22.58
14726906,IF4041443458,2026_02_01_05_01B,E5B1A8MY - MY SPACE GIFT SHOP,4.01E+15,2026-05-07,2026-04-04,0,0,Outbound Freight,16.66,2.5,19.16
14738337,IF4041453340,32703236,S7N1B4NIC - NICAS CLOTHING AND ACCESSORIES,4.01E+15,2026-05-11,2026-05-15,3,0,Outbound Shipment Materials,2.93,0.36,3.29
14738337,IF4041453340,32703236,S7N1B4NIC - NICAS CLOTHING AND ACCESSORIES,4.01E+15,2026-05-11,2026-05-15,3,0,Outbound Freight,12.13,0.61,12.74
3916112,IF4041453663,32720248,4500798626,4500798626,2026-04-29,2026-05-05,1,0,Tagging,47.25,2.36,49.61
3916113,IF4041453664,32720249,4500771441,4500771441,2026-04-29,2026-05-05,1,0,Tagging,59.06,2.95,62.01
3916114,IF4041453665,32720250,4500771442,4500771442,2026-04-29,2026-05-05,1,0,Tagging,55.28,2.76,58.04
3916115,IF4041453666,32720251,4500798625,4500798625,2026-04-29,2026-05-05,1,0,Tagging,47.25,2.36,49.61
3916116,IF4041453667,32720252,4500771440,4500771440,2026-04-29,2026-05-06,1,0,Tagging,43.47,2.17,45.64
3916117,IF4041453668,32720253,4500798627,4500798627,2026-04-29,2026-05-06,0,0,Tagging,23.63,1.18,24.81
3916118,IF4041453759,32725172,2P000026166,2P000026166,2026-04-29,2026-05-07,9,0,Tagging,425.25,21.26,446.51
3916119,IF4041453760,32725173,2P000026166,2P000026166,2026-04-29,2026-05-08,2,0,Tagging,118.13,5.91,124.04
3916120,IF4041453761,32725174,2P000026166,2P000026166,2026-04-29,2026-05-08,2,0,Tagging,118.13,5.91,124.04
3916423,PO04701,31269289,,,2026-04-30,2026-05-01,3,0,Repackaging,0.54,0.03,0.57
3916435,PO04701,Unexpected items,,,2026-04-30,2026-05-01,3,0,Repackaging,0.54,0.03,0.57
3916602,IF4041453619,32717669,714270,714270,2026-04-30,2026-05-04,175,0,Shop Supplies,1.75,0.09,1.84
3916602,IF4041453619,32717669,714270,714270,2026-04-30,2026-05-04,1,0,Tagging,35.44,1.77,37.21
3916603,IF4041453617,32717667,714260,714260,2026-04-30,2026-05-04,0,0,Tagging,15.59,0.78,16.37
3916604,IF4041453618,32717668,714262,714262,2026-04-30,2026-05-04,0,0,Tagging,13.7,0.69,14.39
3917056,IF4041453944,32735181,186827,186827,2026-04-30,2026-05-04,0,0,Tagging,11.81,0.59,12.4
3917193,,,,,2026-05-01,2026-05-01,1,0,Administration Fee,250,12.5,262.5
3917194,,,,,2026-05-01,2026-05-01,1,0,Systems Maintenance,500,25,525
3917638,Applying SSCC Labels,Sporting life,,,2026-05-01,2026-05-01,0,0,Vendor Compliance,15.59,0.78,16.37
3918139,CC 05-01-2026,,,,2026-05-01,2026-05-01,1,0,Cycle Count,47.25,2.36,49.61
3919052,IF4041453618,32717668,714262,714262,2026-05-04,2026-05-04,150,0,Shop Supplies,1.5,0.08,1.58
3919052,IF4041453618,32717668,714262,714262,2026-05-04,2026-05-04,1,0,Warehouse Labour,47.25,2.36,49.61
3919054,IF4041453617,32717667,714260,714260,2026-05-04,2026-05-04,50,0,Shop Supplies,0.5,0.03,0.53
3919054,IF4041453617,32717667,714260,714260,2026-05-04,2026-05-04,1,0,Warehouse Labour,47.25,2.36,49.61
3919109,CC 05-04-2026,,,,2026-05-04,2026-05-04,5,0,Cycle Count,236.25,11.81,248.06
3919456,IF4041453759,32725172,2P000026166,2P000026166,2026-05-05,2026-05-05,1823,0,Shop Supplies,18.23,0.91,19.14
3919456,IF4041453759,32725172,2P000026166,2P000026166,2026-05-05,2026-05-05,2,0,Warehouse Labour,94.5,4.73,99.23
3919458,IF4041453760,32725173,2P000026166,2P000026166,2026-05-05,2026-05-05,630,0,Shop Supplies,6.3,0.32,6.62
3919458,IF4041453760,32725173,2P000026166,2P000026166,2026-05-05,2026-05-05,1,0,Warehouse Labour,47.25,2.36,49.61
3919460,IF4041453761,32725174,2P000026166,2P000026166,2026-05-05,2026-05-05,528,0,Shop Supplies,5.28,0.26,5.54
3919460,IF4041453761,32725174,2P000026166,2P000026166,2026-05-05,2026-05-05,1,0,Warehouse Labour,47.25,2.36,49.61
3919564,CREATING SSCC LABEL,MEC,,,2026-05-05,2026-05-05,0,0,Data Entry Labour,11.81,0.59,12.4
3919565,Applying SSCC Labels,MEC,,,2026-05-05,2026-05-05,0,0,Vendor Compliance,11.81,0.59,12.4
3919570,IF4041453663,32720248,4500798626,4500798626,2026-05-05,2026-05-05,80,0,Shop Supplies,0.8,0.04,0.84
3919570,IF4041453663,32720248,4500798626,4500798626,2026-05-05,2026-05-05,1,0,Warehouse Labour,47.25,2.36,49.61
3919584,IF4041453664,32720249,4500771441,4500771441,2026-05-05,2026-05-05,79,0,Shop Supplies,0.79,0.04,0.83
3919584,IF4041453664,32720249,4500771441,4500771441,2026-05-05,2026-05-05,1,0,Warehouse Labour,47.25,2.36,49.61
3919595,IF4041453665,32720250,4500771442,4500771442,2026-05-05,2026-05-05,56,0,Shop Supplies,0.56,0.03,0.59
3919595,IF4041453665,32720250,4500771442,4500771442,2026-05-05,2026-05-05,1,0,Warehouse Labour,47.25,2.36,49.61
3919597,IF4041453666,32720251,4500798625,4500798625,2026-05-05,2026-05-05,145,0,Shop Supplies,1.45,0.07,1.52
3919597,IF4041453666,32720251,4500798625,4500798625,2026-05-05,2026-05-05,1,0,Warehouse Labour,47.25,2.36,49.61
3919598,IF4041453667,32720252,4500771440,4500771440,2026-05-05,2026-05-05,112,0,Shop Supplies,1.12,0.06,1.18
3919598,IF4041453667,32720252,4500771440,4500771440,2026-05-05,2026-05-05,1,0,Warehouse Labour,47.25,2.36,49.61
3919600,IF4041453668,32720253,4500798627,4500798627,2026-05-05,2026-05-05,60,0,Shop Supplies,0.6,0.03,0.63
3919600,IF4041453668,32720253,4500798627,4500798627,2026-05-05,2026-05-05,1,0,Warehouse Labour,47.25,2.36,49.61
3919672,CC 05-05-2026,,,,2026-05-05,2026-05-05,10,0,Cycle Count,460.69,23.03,483.72
3919940,CC 05-06-2026,,,,2026-05-06,2026-05-06,8,0,Cycle Count,354.38,17.72,372.1
3920503,CC 05-07-2026,,,,2026-05-07,2026-05-07,2,0,Cycle Count,94.5,4.73,99.23
3923809,IF4041453761,32725174,2P000026166,2P000026166,2026-05-15,2026-05-15,0,0,Vendor Compliance,11.81,0.59,12.4
3923810,IF4041453760,32725173,2P000026166,2P000026166,2026-05-15,2026-05-15,0,0,Vendor Compliance,11.81,0.59,12.4
3923814,IF4041453759,32725172,2P000026166,2P000026166,2026-05-15,2026-05-15,0,0,Vendor Compliance,11.81,0.59,12.4
3923859,Creating SSCC labels,LIDS SHIPMENTS,,,2026-05-15,2026-05-15,1,0,Data Entry Labour,35.44,1.77,37.21
1005151,RMA #FC79LE86,32705498,ANNE HATCH,6.01E+15,2026-05-06,2026-05-06,1,0,Shop Supplies,0.16,0.01,0.17
1005669,IF4041440969,,REFUSAL- CONNOR EMENY,LSHP48676991,2026-05-07,2026-05-13,0,0,Returns Freight,16.56,0.83,17.39
