OrderID,Client Ref 1,Client Ref 2,Customer,PO Number,Doc. Date,Completed,Units,Value,Service,Charges,Taxes,Inv. Amt
16306128,IF4041438547,32132853,J2G8K1SPO - Sports Experts 410,4262097-410,2026-02-11,2026-02-17,8,226,Order NonMasterPack,4,0.2,4.2
16306128,IF4041438547,32132853,J2G8K1SPO - Sports Experts 410,4262097-410,2026-02-11,2026-02-17,1,226,Order Processing,2,0.1,2.1
16298832,IF4041437706,32093357,G4X2A9CAR - Carrefour Gaspé,Shelf Talker,2026-02-09,2026-02-18,1,0,Order Processing,2,0.1,2.1
16298832,IF4041437706,32093357,G4X2A9CAR - Carrefour Gaspé,Shelf Talker,2026-02-09,2026-02-18,1,0,Order NonMasterPack,0.5,0.03,0.53
16300286,IF4041438148,32115666,V7B1W2HUD - Hudson Grp VANCOUVER INT'L AIRPORT,Shelf Talker,2026-02-09,2026-02-18,1,0,Order NonMasterPack,0.5,0.03,0.53
16300286,IF4041438148,32115666,V7B1W2HUD - Hudson Grp VANCOUVER INT'L AIRPORT,Shelf Talker,2026-02-09,2026-02-18,1,0,Order Processing,2,0.1,2.1
16299031,IF4041437781,32093631,V0R2Z0TOF - TOFINO FISHING AND TRADING,Shelf Talker,2026-02-09,2026-02-18,1,0,Order Processing,2,0.1,2.1
16299031,IF4041437781,32093631,V0R2Z0TOF - TOFINO FISHING AND TRADING,Shelf Talker,2026-02-09,2026-02-18,1,0,Order NonMasterPack,0.5,0.03,0.53
16298848,IF4041437733,32093383,J1L1C9SPO - SPORTS EXPERTS - ATMOSPHERE,Shelf Talker,2026-02-09,2026-02-18,1,0,Order NonMasterPack,0.5,0.03,0.53
16298848,IF4041437733,32093383,J1L1C9SPO - SPORTS EXPERTS - ATMOSPHERE,Shelf Talker,2026-02-09,2026-02-18,1,0,Order Processing,2,0.1,2.1
16298853,IF4041437698,32093349,J2C6Y7PRO - Promenades Drummondville,Shelf Talker,2026-02-09,2026-02-18,1,0,Order NonMasterPack,0.5,0.03,0.53
16298853,IF4041437698,32093349,J2C6Y7PRO - Promenades Drummondville,Shelf Talker,2026-02-09,2026-02-18,1,0,Order Processing,2,0.1,2.1
16298880,IF4041437721,32093372,G9A6J2SPO - SPORTS EXPERTS - ATMOSPHERE,Shelf Talker,2026-02-09,2026-02-18,1,0,Order Processing,2,0.1,2.1
16298880,IF4041437721,32093372,G9A6J2SPO - SPORTS EXPERTS - ATMOSPHERE,Shelf Talker,2026-02-09,2026-02-18,1,0,Order NonMasterPack,0.5,0.03,0.53
16298897,IF4041437712,32093363,J6T1A9SPO - Sports Experts,Shelf Talker,2026-02-09,2026-02-18,1,0,Order NonMasterPack,0.5,0.03,0.53
16298897,IF4041437712,32093363,J6T1A9SPO - Sports Experts,Shelf Talker,2026-02-09,2026-02-18,1,0,Order Processing,2,0.1,2.1
16303559,IF4041438369,32124969,V1T2B6VAL - Valhalla Pure Outfitters Inc,TEN260209,2026-02-10,2026-02-18,2,61.3,Order NonMasterPack,1,0.05,1.05
16303559,IF4041438369,32124969,V1T2B6VAL - Valhalla Pure Outfitters Inc,TEN260209,2026-02-10,2026-02-18,1,61.3,Order Processing,2,0.1,2.1
16308927,IF4041438805,32140915,H7L5Z6A/S - A/S Les Boutiques Tremblant,DCTR0000689,2026-02-12,2026-02-18,358,14944,Order NonMasterPack,179,8.95,187.95
16308927,IF4041438805,32140915,H7L5Z6A/S - A/S Les Boutiques Tremblant,DCTR0000689,2026-02-12,2026-02-18,1,14944,Order Processing,2,0.1,2.1
16263507,IF4041436280,32012714,"L5T1A7LID - LIDS CANADA, INC.",2P000026163,2026-01-27,2026-02-18,1,38295,Order Processing,2,0.1,2.1
16263507,IF4041436280,32012714,"L5T1A7LID - LIDS CANADA, INC.",2P000026163,2026-01-27,2026-02-18,118,38295,Order NonMasterPack,59,2.95,61.95
16263507,IF4041436280,32012714,"L5T1A7LID - LIDS CANADA, INC.",2P000026163,2026-01-27,2026-02-18,22,38295,Order Master Pack Carton,44,2.2,46.2
16265834,IF4041436279,32012713,"L5T1A7LID - LIDS CANADA, INC.",2P000026163,2026-01-28,2026-02-18,1,12420,Order Processing,2,0.1,2.1
16265834,IF4041436279,32012713,"L5T1A7LID - LIDS CANADA, INC.",2P000026163,2026-01-28,2026-02-18,120,12420,Order NonMasterPack,60,3,63
16265834,IF4041436279,32012713,"L5T1A7LID - LIDS CANADA, INC.",2P000026163,2026-01-28,2026-02-18,6,12420,Order Master Pack Carton,12,0.6,12.6
16298876,IF4041437626,32093274,S9X1Y2MAR - MARTODAMS,Shelf Talker,2026-02-09,2026-02-19,1,0,Order Processing,2,0.1,2.1
16298876,IF4041437626,32093274,S9X1Y2MAR - MARTODAMS,Shelf Talker,2026-02-09,2026-02-19,1,0,Order NonMasterPack,0.5,0.03,0.53
16299012,IF4041437697,32093348,J9T4B2SPO - SPORTS EXPERTS,Shelf Talker,2026-02-09,2026-02-19,1,0,Order NonMasterPack,0.5,0.03,0.53
16299012,IF4041437697,32093348,J9T4B2SPO - SPORTS EXPERTS,Shelf Talker,2026-02-09,2026-02-19,1,0,Order Processing,2,0.1,2.1
16299111,IF4041437693,32093344,G0C1J0SPO - SPORTS EXPERTS 677,Shelf Talker,2026-02-09,2026-02-19,1,0,Order Processing,2,0.1,2.1
16299111,IF4041437693,32093344,G0C1J0SPO - SPORTS EXPERTS 677,Shelf Talker,2026-02-09,2026-02-19,1,0,Order NonMasterPack,0.5,0.03,0.53
16299114,IF4041437736,32093386,J9X6H7SPO - SPORTS EXPERTS,Shelf Talker,2026-02-09,2026-02-19,1,0,Order Processing,2,0.1,2.1
16299114,IF4041437736,32093386,J9X6H7SPO - SPORTS EXPERTS,Shelf Talker,2026-02-09,2026-02-19,1,0,Order NonMasterPack,0.5,0.03,0.53
16306129,IF4041438548,32132854,J9X6H7SPO - SPORTS EXPERTS,4262097-849,2026-02-11,2026-02-19,1,279,Order Processing,2,0.1,2.1
16306129,IF4041438548,32132854,J9X6H7SPO - SPORTS EXPERTS,4262097-849,2026-02-11,2026-02-19,9,279,Order NonMasterPack,4.5,0.23,4.73
16306132,IF4041438551,32132857,G9A6J2SPO - SPORTS EXPERTS - ATMOSPHERE,4262097-589,2026-02-11,2026-02-19,26,677,Order NonMasterPack,13,0.65,13.65
16306132,IF4041438551,32132857,G9A6J2SPO - SPORTS EXPERTS - ATMOSPHERE,4262097-589,2026-02-11,2026-02-19,1,677,Order Processing,2,0.1,2.1
16306131,IF4041438550,32132856,J9T4B2SPO - SPORTS EXPERTS,4262097-855,2026-02-11,2026-02-19,9,279,Order NonMasterPack,4.5,0.23,4.73
16306131,IF4041438550,32132856,J9T4B2SPO - SPORTS EXPERTS,4262097-855,2026-02-11,2026-02-19,1,279,Order Processing,2,0.1,2.1
16306133,IF4041438552,32132858,G4X2A9CAR - Carrefour Gaspé,4262097-681,2026-02-11,2026-02-19,1,135,Order Processing,2,0.1,2.1
16306133,IF4041438552,32132858,G4X2A9CAR - Carrefour Gaspé,4262097-681,2026-02-11,2026-02-19,6,135,Order NonMasterPack,3,0.15,3.15
16263503,IF4041436216,32006951,E3V1T9SPO - SPORTS EXPERTS,4262104-693,2026-01-27,2026-02-19,19,571.5,Order NonMasterPack,9.5,0.48,9.98
16263503,IF4041436216,32006951,E3V1T9SPO - SPORTS EXPERTS,4262104-693,2026-01-27,2026-02-19,1,571.5,Order Processing,2,0.1,2.1
16298834,IF4041437695,32093346,J0K2N0BUY - Buying Member 712,Shelf Talker,2026-02-09,2026-02-19,1,0,Order NonMasterPack,0.5,0.03,0.53
16298834,IF4041437695,32093346,J0K2N0BUY - Buying Member 712,Shelf Talker,2026-02-09,2026-02-19,1,0,Order Processing,2,0.1,2.1
16298852,IF4041437724,32093375,J0T1T0SPO - SPORTS EXPERTS 620 (DAUDELIN),Shelf Talker,2026-02-09,2026-02-19,1,0,Order NonMasterPack,0.5,0.03,0.53
16298852,IF4041437724,32093375,J0T1T0SPO - SPORTS EXPERTS 620 (DAUDELIN),Shelf Talker,2026-02-09,2026-02-19,1,0,Order Processing,2,0.1,2.1
16298898,IF4041437705,32093356,E1X1G5SPO - SPORTS EXPERTS 646,Shelf Talker,2026-02-09,2026-02-19,1,0,Order Processing,2,0.1,2.1
16298898,IF4041437705,32093356,E1X1G5SPO - SPORTS EXPERTS 646,Shelf Talker,2026-02-09,2026-02-19,1,0,Order NonMasterPack,0.5,0.03,0.53
16298943,IF4041437734,32093384,J0R1R6SPO - SPORTS EXPERTS - ATMOSPHERE,Shelf Talker,2026-02-09,2026-02-19,1,0,Order NonMasterPack,0.5,0.03,0.53
16298943,IF4041437734,32093384,J0R1R6SPO - SPORTS EXPERTS - ATMOSPHERE,Shelf Talker,2026-02-09,2026-02-19,1,0,Order Processing,2,0.1,2.1
16298976,IF4041437707,32093358,E3V1T9SPO - SPORTS EXPERTS,Shelf Talker,2026-02-09,2026-02-19,1,0,Order Processing,2,0.1,2.1
16298976,IF4041437707,32093358,E3V1T9SPO - SPORTS EXPERTS,Shelf Talker,2026-02-09,2026-02-19,1,0,Order NonMasterPack,0.5,0.03,0.53
16299025,IF4041437704,32093355,E3V1T9SPO - SPORTS EXPERTS,Shelf Talker,2026-02-09,2026-02-19,1,0,Order NonMasterPack,0.5,0.03,0.53
16299025,IF4041437704,32093355,E3V1T9SPO - SPORTS EXPERTS,Shelf Talker,2026-02-09,2026-02-19,1,0,Order Processing,2,0.1,2.1
16299043,IF4041437742,32093392,J8E0P3SPO - SPORTS EXPERTS - ATMOSPHERE,Shelf Talker,2026-02-09,2026-02-19,1,0,Order NonMasterPack,0.5,0.03,0.53
16299043,IF4041437742,32093392,J8E0P3SPO - SPORTS EXPERTS - ATMOSPHERE,Shelf Talker,2026-02-09,2026-02-19,1,0,Order Processing,2,0.1,2.1
16298824,IF4041437674,32093325,G9X1K9LE - LE PIONNIER,Shelf Talker,2026-02-09,2026-02-19,1,0,Order Processing,2,0.1,2.1
16298824,IF4041437674,32093325,G9X1K9LE - LE PIONNIER,Shelf Talker,2026-02-09,2026-02-19,1,0,Order NonMasterPack,0.5,0.03,0.53
16298844,IF4041437691,32093342,J9L1M8LE - LE COUREUR DES BOIS,Shelf Talker,2026-02-09,2026-02-19,1,0,Order NonMasterPack,0.5,0.03,0.53
16298844,IF4041437691,32093342,J9L1M8LE - LE COUREUR DES BOIS,Shelf Talker,2026-02-09,2026-02-19,1,0,Order Processing,2,0.1,2.1
16298849,IF4041437765,32093414,V1R4C2JJS - JJS FASHIONS,Shelf Talker,2026-02-09,2026-02-19,1,0,Order NonMasterPack,0.5,0.03,0.53
16298849,IF4041437765,32093414,V1R4C2JJS - JJS FASHIONS,Shelf Talker,2026-02-09,2026-02-19,1,0,Order Processing,2,0.1,2.1
16298856,IF4041437783,32093633,V8J1P2HOM - HOMEWORK,Shelf Talker,2026-02-09,2026-02-19,1,0,Order Processing,2,0.1,2.1
16298856,IF4041437783,32093633,V8J1P2HOM - HOMEWORK,Shelf Talker,2026-02-09,2026-02-19,1,0,Order NonMasterPack,0.5,0.03,0.53
16298857,IF4041437786,32093636,V7R4J1CAP - CAPILANO TRADING POST,Shelf Talker,2026-02-09,2026-02-19,1,0,Order NonMasterPack,0.5,0.03,0.53
16298857,IF4041437786,32093636,V7R4J1CAP - CAPILANO TRADING POST,Shelf Talker,2026-02-09,2026-02-19,1,0,Order Processing,2,0.1,2.1
16298862,IF4041437755,32093405,V7M2J5NOR - NORTH SHORE SKI AND BOARD,Shelf Talker,2026-02-09,2026-02-19,1,0,Order NonMasterPack,0.5,0.03,0.53
16298862,IF4041437755,32093405,V7M2J5NOR - NORTH SHORE SKI AND BOARD,Shelf Talker,2026-02-09,2026-02-19,1,0,Order Processing,2,0.1,2.1
16298872,IF4041437637,32093285,R0M2C0VIR - VIRDEN SPORT AND FASHION,Shelf Talker,2026-02-09,2026-02-19,1,0,Order Processing,2,0.1,2.1
16298872,IF4041437637,32093285,R0M2C0VIR - VIRDEN SPORT AND FASHION,Shelf Talker,2026-02-09,2026-02-19,1,0,Order NonMasterPack,0.5,0.03,0.53
16298878,IF4041437672,32093320,T1W1P4SPO - SPORTS EXPERTS,Shelf Talker,2026-02-09,2026-02-19,1,0,Order NonMasterPack,0.5,0.03,0.53
16298878,IF4041437672,32093320,T1W1P4SPO - SPORTS EXPERTS,Shelf Talker,2026-02-09,2026-02-19,1,0,Order Processing,2,0.1,2.1
16298879,IF4041437678,32093329,G4Z1J8SPI - SPIN SPORT,Shelf Talker,2026-02-09,2026-02-19,1,0,Order NonMasterPack,0.5,0.03,0.53
16298879,IF4041437678,32093329,G4Z1J8SPI - SPIN SPORT,Shelf Talker,2026-02-09,2026-02-19,1,0,Order Processing,2,0.1,2.1
16298882,IF4041437619,32093267,T7P2J8A&M - A&M CLOTHING AND SHOES,Shelf Talker,2026-02-09,2026-02-19,1,0,Order Processing,2,0.1,2.1
16298882,IF4041437619,32093267,T7P2J8A&M - A&M CLOTHING AND SHOES,Shelf Talker,2026-02-09,2026-02-19,1,0,Order NonMasterPack,0.5,0.03,0.53
16298891,IF4041437627,32093275,R0L1Z0RUM - RUMORS,Shelf Talker,2026-02-09,2026-02-19,1,0,Order NonMasterPack,0.5,0.03,0.53
16298891,IF4041437627,32093275,R0L1Z0RUM - RUMORS,Shelf Talker,2026-02-09,2026-02-19,1,0,Order Processing,2,0.1,2.1
16298892,IF4041437767,32093416,V7C0A2RIC - RICHMOND OLYMPIC OVAL,Shelf Talker,2026-02-09,2026-02-19,1,0,Order NonMasterPack,0.5,0.03,0.53
16298892,IF4041437767,32093416,V7C0A2RIC - RICHMOND OLYMPIC OVAL,Shelf Talker,2026-02-09,2026-02-19,1,0,Order Processing,2,0.1,2.1
16298896,IF4041437779,32093629,V8J3T6DRI - DRIFT APPAREL,Shelf Talker,2026-02-09,2026-02-19,1,0,Order Processing,2,0.1,2.1
16298896,IF4041437779,32093629,V8J3T6DRI - DRIFT APPAREL,Shelf Talker,2026-02-09,2026-02-19,1,0,Order NonMasterPack,0.5,0.03,0.53
16298929,IF4041437646,32093294,T4L2L1DER - DEROWIN HOLDINGS LTD,Shelf Talker,2026-02-09,2026-02-19,1,0,Order NonMasterPack,0.5,0.03,0.53
16298929,IF4041437646,32093294,T4L2L1DER - DEROWIN HOLDINGS LTD,Shelf Talker,2026-02-09,2026-02-19,1,0,Order Processing,2,0.1,2.1
16298932,IF4041437636,32093284,T9M0C4TNT - TNT CLOTHING,Shelf Talker,2026-02-09,2026-02-19,1,0,Order Processing,2,0.1,2.1
16298932,IF4041437636,32093284,T9M0C4TNT - TNT CLOTHING,Shelf Talker,2026-02-09,2026-02-19,1,0,Order NonMasterPack,0.5,0.03,0.53
16298934,IF4041437732,32093382,G4R1Y5PLA - Place de Ville,Shelf Talker,2026-02-09,2026-02-19,1,0,Order Processing,2,0.1,2.1
16298934,IF4041437732,32093382,G4R1Y5PLA - Place de Ville,Shelf Talker,2026-02-09,2026-02-19,1,0,Order NonMasterPack,0.5,0.03,0.53
16298935,IF4041437656,32093304,K0J1B0MAD - MADAWASKA OUTDOORS,Shelf Talker,2026-02-09,2026-02-19,1,0,Order Processing,2,0.1,2.1
16298935,IF4041437656,32093304,K0J1B0MAD - MADAWASKA OUTDOORS,Shelf Talker,2026-02-09,2026-02-19,1,0,Order NonMasterPack,0.5,0.03,0.53
16298973,IF4041437617,32093265,T8V3Y2ACT - ACTION SPORTS,Shelf Talker,2026-02-09,2026-02-19,1,0,Order Processing,2,0.1,2.1
16298973,IF4041437617,32093265,T8V3Y2ACT - ACTION SPORTS,Shelf Talker,2026-02-09,2026-02-19,1,0,Order NonMasterPack,0.5,0.03,0.53
16298975,IF4041437614,32093262,B0T1W0LOC - LOCKE'S SPORTING AND OUTDOOR ADVENTURE,Shelf Talker,2026-02-09,2026-02-19,1,0,Order Processing,2,0.1,2.1
16298975,IF4041437614,32093262,B0T1W0LOC - LOCKE'S SPORTING AND OUTDOOR ADVENTURE,Shelf Talker,2026-02-09,2026-02-19,1,0,Order NonMasterPack,0.5,0.03,0.53
16298980,IF4041437752,32093402,V1C3R3GER - GERICK SPORTS,Shelf Talker,2026-02-09,2026-02-19,1,0,Order NonMasterPack,0.5,0.03,0.53
16298980,IF4041437752,32093402,V1C3R3GER - GERICK SPORTS,Shelf Talker,2026-02-09,2026-02-19,1,0,Order Processing,2,0.1,2.1
16298997,IF4041437671,32093319,V1J5Z2ERN - Ernies Sports Experts,Shelf Talker,2026-02-09,2026-02-19,1,0,Order Processing,2,0.1,2.1
16298997,IF4041437671,32093319,V1J5Z2ERN - Ernies Sports Experts,Shelf Talker,2026-02-09,2026-02-19,1,0,Order NonMasterPack,0.5,0.03,0.53
16298817,IF4041437628,32093276,T8V3B1THE - The Drop Rideshop,Shelf Talker,2026-02-09,2026-02-19,1,0,Order NonMasterPack,0.5,0.03,0.53
16298817,IF4041437628,32093276,T8V3B1THE - The Drop Rideshop,Shelf Talker,2026-02-09,2026-02-19,1,0,Order Processing,2,0.1,2.1
16298820,IF4041437603,32093251,A5A1L8MER - MERCERS MARINE EQUIPMENT LTD.,Shelf Talker,2026-02-09,2026-02-19,1,0,Order NonMasterPack,0.5,0.03,0.53
16298820,IF4041437603,32093251,A5A1L8MER - MERCERS MARINE EQUIPMENT LTD.,Shelf Talker,2026-02-09,2026-02-19,1,0,Order Processing,2,0.1,2.1
16298821,IF4041437620,32093268,T0A3A2ATH - ATHLETIC ALLEY MAGNET SHOES,Shelf Talker,2026-02-09,2026-02-19,1,0,Order Processing,2,0.1,2.1
16298821,IF4041437620,32093268,T0A3A2ATH - ATHLETIC ALLEY MAGNET SHOES,Shelf Talker,2026-02-09,2026-02-19,1,0,Order NonMasterPack,0.5,0.03,0.53
16298829,IF4041437664,32093312,P0J1P0A1 - A1 SOURCE FOR SPORTS,Shelf Talker,2026-02-09,2026-02-19,1,0,Order Processing,2,0.1,2.1
16298829,IF4041437664,32093312,P0J1P0A1 - A1 SOURCE FOR SPORTS,Shelf Talker,2026-02-09,2026-02-19,1,0,Order NonMasterPack,0.5,0.03,0.53
16298837,IF4041437790,32093640,V5J3G6CAN - CANADA GARDENWORKS LTD dba GARDENWORKS,Shelf Talker,2026-02-09,2026-02-19,1,0,Order Processing,2,0.1,2.1
16298837,IF4041437790,32093640,V5J3G6CAN - CANADA GARDENWORKS LTD dba GARDENWORKS,Shelf Talker,2026-02-09,2026-02-19,1,0,Order NonMasterPack,0.5,0.03,0.53
16298838,IF4041437792,32093642,V3Z1G6ART - ART KNAPP SURREY,Shelf Talker,2026-02-09,2026-02-19,1,0,Order Processing,2,0.1,2.1
16298838,IF4041437792,32093642,V3Z1G6ART - ART KNAPP SURREY,Shelf Talker,2026-02-09,2026-02-19,1,0,Order NonMasterPack,0.5,0.03,0.53
16298840,IF4041437630,32093278,T0H1L0BOY - BOYTS LTD.,Shelf Talker,2026-02-09,2026-02-19,1,0,Order Processing,2,0.1,2.1
16298840,IF4041437630,32093278,T0H1L0BOY - BOYTS LTD.,Shelf Talker,2026-02-09,2026-02-19,1,0,Order NonMasterPack,0.5,0.03,0.53
16299006,IF4041437640,32093288,T1W2B6VAL - VALHALLA PURE OUTFITTERS - CANMORE,Shelf Talker,2026-02-09,2026-02-19,1,0,Order Processing,2,0.1,2.1
16299006,IF4041437640,32093288,T1W2B6VAL - VALHALLA PURE OUTFITTERS - CANMORE,Shelf Talker,2026-02-09,2026-02-19,1,0,Order NonMasterPack,0.5,0.03,0.53
16299007,IF4041437644,32093292,T4V1N2THE - THE TRENDY WALRUS,Shelf Talker,2026-02-09,2026-02-19,1,0,Order Processing,2,0.1,2.1
16299007,IF4041437644,32093292,T4V1N2THE - THE TRENDY WALRUS,Shelf Talker,2026-02-09,2026-02-19,1,0,Order NonMasterPack,0.5,0.03,0.53
16299010,IF4041437605,32093253,B2N4B5TAK - TAKE IT OUTSIDE INC.,Shelf Talker,2026-02-09,2026-02-19,1,0,Order NonMasterPack,0.5,0.03,0.53
16299010,IF4041437605,32093253,B2N4B5TAK - TAKE IT OUTSIDE INC.,Shelf Talker,2026-02-09,2026-02-19,1,0,Order Processing,2,0.1,2.1
16299013,IF4041437795,32093645,V7M3M7VAL - VALHALLA PURE OUTFITTERS,Shelf Talker,2026-02-09,2026-02-19,1,0,Order Processing,2,0.1,2.1
16299013,IF4041437795,32093645,V7M3M7VAL - VALHALLA PURE OUTFITTERS,Shelf Talker,2026-02-09,2026-02-19,1,0,Order NonMasterPack,0.5,0.03,0.53
16299018,IF4041437775,32093424,V0J3A0CAL - CALIFORNIA DREAMIN,Shelf Talker,2026-02-09,2026-02-19,1,0,Order NonMasterPack,0.5,0.03,0.53
16299018,IF4041437775,32093424,V0J3A0CAL - CALIFORNIA DREAMIN,Shelf Talker,2026-02-09,2026-02-19,1,0,Order Processing,2,0.1,2.1
16299024,IF4041437784,32093634,T0L1E0MOR - Moraine Lake / Cap group,Shelf Talker,2026-02-09,2026-02-19,1,0,Order Processing,2,0.1,2.1
16299024,IF4041437784,32093634,T0L1E0MOR - Moraine Lake / Cap group,Shelf Talker,2026-02-09,2026-02-19,1,0,Order NonMasterPack,0.5,0.03,0.53
16299030,IF4041437610,32093258,B4N1H6LIV - LIV FASHION BOUTIQUE,Shelf Talker,2026-02-09,2026-02-19,1,0,Order NonMasterPack,0.5,0.03,0.53
16299030,IF4041437610,32093258,B4N1H6LIV - LIV FASHION BOUTIQUE,Shelf Talker,2026-02-09,2026-02-19,1,0,Order Processing,2,0.1,2.1
16299033,IF4041437785,32093635,V7R4J1CAP - CAPILANO TRADING POST,Shelf Talker,2026-02-09,2026-02-19,1,0,Order Processing,2,0.1,2.1
16299033,IF4041437785,32093635,V7R4J1CAP - CAPILANO TRADING POST,Shelf Talker,2026-02-09,2026-02-19,1,0,Order NonMasterPack,0.5,0.03,0.53
16299035,IF4041437648,32093296,R6W0L8TIM - TIME-OUT SPORTS EXCELLENCE,Shelf Talker,2026-02-09,2026-02-19,1,0,Order NonMasterPack,0.5,0.03,0.53
16299035,IF4041437648,32093296,R6W0L8TIM - TIME-OUT SPORTS EXCELLENCE,Shelf Talker,2026-02-09,2026-02-19,1,0,Order Processing,2,0.1,2.1
16299038,IF4041437770,32093419,V0R1K0XS - XS IV CHEMAINUS  BEYOND THE USUAL,Shelf Talker,2026-02-09,2026-02-19,1,0,Order Processing,2,0.1,2.1
16299038,IF4041437770,32093419,V0R1K0XS - XS IV CHEMAINUS  BEYOND THE USUAL,Shelf Talker,2026-02-09,2026-02-19,1,0,Order NonMasterPack,0.5,0.03,0.53
16299042,IF4041437764,32093413,V0R2Z0HAB - HABIT CLOTHING,Shelf Talker,2026-02-09,2026-02-19,1,0,Order Processing,2,0.1,2.1
16299042,IF4041437764,32093413,V0R2Z0HAB - HABIT CLOTHING,Shelf Talker,2026-02-09,2026-02-19,1,0,Order NonMasterPack,0.5,0.03,0.53
16299066,IF4041437618,32093266,T9W1C5ARM - ARMSTRONGS CLOTHING AND SPORTS,Shelf Talker,2026-02-09,2026-02-19,1,0,Order Processing,2,0.1,2.1
16299066,IF4041437618,32093266,T9W1C5ARM - ARMSTRONGS CLOTHING AND SPORTS,Shelf Talker,2026-02-09,2026-02-19,1,0,Order NonMasterPack,0.5,0.03,0.53
16299092,IF4041437670,32093318,T8V4C2SPO - SPORTS EXPERTS,Shelf Talker,2026-02-09,2026-02-19,1,0,Order Processing,2,0.1,2.1
16299092,IF4041437670,32093318,T8V4C2SPO - SPORTS EXPERTS,Shelf Talker,2026-02-09,2026-02-19,1,0,Order NonMasterPack,0.5,0.03,0.53
16299095,IF4041437638,32093286,T0L2H0KAN - KANANASKIS OUTFITTERS LTD,Shelf Talker,2026-02-09,2026-02-19,1,0,Order NonMasterPack,0.5,0.03,0.53
16299095,IF4041437638,32093286,T0L2H0KAN - KANANASKIS OUTFITTERS LTD,Shelf Talker,2026-02-09,2026-02-19,1,0,Order Processing,2,0.1,2.1
16299099,IF4041437750,32093400,V8A5K9ARM - ARMITAGE MENS WEAR,Shelf Talker,2026-02-09,2026-02-19,1,0,Order NonMasterPack,0.5,0.03,0.53
16299099,IF4041437750,32093400,V8A5K9ARM - ARMITAGE MENS WEAR,Shelf Talker,2026-02-09,2026-02-19,1,0,Order Processing,2,0.1,2.1
16299103,IF4041437629,32093277,T0E1E0RAN - RANSOM,Shelf Talker,2026-02-09,2026-02-19,1,0,Order NonMasterPack,0.5,0.03,0.53
16299103,IF4041437629,32093277,T0E1E0RAN - RANSOM,Shelf Talker,2026-02-09,2026-02-19,1,0,Order Processing,2,0.1,2.1
16299104,IF4041437642,32093290,T9H1L2LUS - LUSSO CLOTHING LTD,Shelf Talker,2026-02-09,2026-02-19,1,0,Order NonMasterPack,0.5,0.03,0.53
16299104,IF4041437642,32093290,T9H1L2LUS - LUSSO CLOTHING LTD,Shelf Talker,2026-02-09,2026-02-19,1,0,Order Processing,2,0.1,2.1
16299106,IF4041437616,32093264,T1R1E842 - 42 STREET,Shelf Talker,2026-02-09,2026-02-19,1,0,Order NonMasterPack,0.5,0.03,0.53
16299106,IF4041437616,32093264,T1R1E842 - 42 STREET,Shelf Talker,2026-02-09,2026-02-19,1,0,Order Processing,2,0.1,2.1
16299112,IF4041437622,32093270,T0A2C0FOU - FOUR SEASONS,Shelf Talker,2026-02-09,2026-02-19,1,0,Order NonMasterPack,0.5,0.03,0.53
16299112,IF4041437622,32093270,T0A2C0FOU - FOUR SEASONS,Shelf Talker,2026-02-09,2026-02-19,1,0,Order Processing,2,0.1,2.1
16299113,IF4041437748,32093398,J0K2T0PIS - PISCINES ET SPAS STE-JULIENNE,Shelf Talker,2026-02-09,2026-02-19,1,0,Order NonMasterPack,0.5,0.03,0.53
16299113,IF4041437748,32093398,J0K2T0PIS - PISCINES ET SPAS STE-JULIENNE,Shelf Talker,2026-02-09,2026-02-19,1,0,Order Processing,2,0.1,2.1
16299126,IF4041437794,32093644,V7B1K4VAN - VANCOUVER LP WDFG,Shelf Talker,2026-02-09,2026-02-19,1,0,Order Processing,2,0.1,2.1
16299126,IF4041437794,32093644,V7B1K4VAN - VANCOUVER LP WDFG,Shelf Talker,2026-02-09,2026-02-19,1,0,Order NonMasterPack,0.5,0.03,0.53
16299128,IF4041437657,32093305,P0T1T0BRA - BRAGGS,Shelf Talker,2026-02-09,2026-02-19,1,0,Order Processing,2,0.1,2.1
16299128,IF4041437657,32093305,P0T1T0BRA - BRAGGS,Shelf Talker,2026-02-09,2026-02-19,1,0,Order NonMasterPack,0.5,0.03,0.53
16299130,IF4041437623,32093271,T0C2L0JOH - JOHNS MENSWEAR,Shelf Talker,2026-02-09,2026-02-19,1,0,Order Processing,2,0.1,2.1
16299130,IF4041437623,32093271,T0C2L0JOH - JOHNS MENSWEAR,Shelf Talker,2026-02-09,2026-02-19,1,0,Order NonMasterPack,0.5,0.03,0.53
16299131,IF4041437612,32093260,B2A1B9ESC - ESCAPE OUTDOORS,Shelf Talker,2026-02-09,2026-02-19,1,0,Order Processing,2,0.1,2.1
16299131,IF4041437612,32093260,B2A1B9ESC - ESCAPE OUTDOORS,Shelf Talker,2026-02-09,2026-02-19,1,0,Order NonMasterPack,0.5,0.03,0.53
16299134,IF4041437645,32093293,S9V0T6HOT - HOT PEPPERS,Shelf Talker,2026-02-09,2026-02-19,1,0,Order Processing,2,0.1,2.1
16299134,IF4041437645,32093293,S9V0T6HOT - HOT PEPPERS,Shelf Talker,2026-02-09,2026-02-19,1,0,Order NonMasterPack,0.5,0.03,0.53
16300287,IF4041438157,32115875,A2N1J3COA - COAST CLOTHING,Shelf Talker,2026-02-09,2026-02-19,1,0,Order Processing,2,0.1,2.1
16300287,IF4041438157,32115875,A2N1J3COA - COAST CLOTHING,Shelf Talker,2026-02-09,2026-02-19,1,0,Order NonMasterPack,0.5,0.03,0.53
16300288,IF4041438158,32115876,B0T1K0LIL - LILIETH BOUTIQUE,Shelf Talker,2026-02-09,2026-02-19,1,0,Order Processing,2,0.1,2.1
16300288,IF4041438158,32115876,B0T1K0LIL - LILIETH BOUTIQUE,Shelf Talker,2026-02-09,2026-02-19,1,0,Order NonMasterPack,0.5,0.03,0.53
16300289,IF4041438159,32115877,B2H2P6PIC - PICTOU MANAGEMENT LTD dba MINERS APPAREL,Shelf Talker,2026-02-09,2026-02-19,1,0,Order Processing,2,0.1,2.1
16300289,IF4041438159,32115877,B2H2P6PIC - PICTOU MANAGEMENT LTD dba MINERS APPAREL,Shelf Talker,2026-02-09,2026-02-19,1,0,Order NonMasterPack,0.5,0.03,0.53
16300297,IF4041438169,32115886,V0J1Z0CHI - CHIAS DREAM CLOSET,Shelf Talker,2026-02-09,2026-02-19,1,0,Order NonMasterPack,0.5,0.03,0.53
16300297,IF4041438169,32115886,V0J1Z0CHI - CHIAS DREAM CLOSET,Shelf Talker,2026-02-09,2026-02-19,1,0,Order Processing,2,0.1,2.1
16300299,IF4041438171,32115888,V6A3P7PLE - PLENTY STORES INC.,Shelf Talker,2026-02-09,2026-02-19,1,0,Order Processing,2,0.1,2.1
16300299,IF4041438171,32115888,V6A3P7PLE - PLENTY STORES INC.,Shelf Talker,2026-02-09,2026-02-19,1,0,Order NonMasterPack,0.5,0.03,0.53
16302465,IF4041438334,32123548,V2R3N5MOU - MOUNT WADDINGTONS OUTDOORS,Shelf Talker,2026-02-10,2026-02-19,1,0,Order Processing,2,0.1,2.1
16302465,IF4041438334,32123548,V2R3N5MOU - MOUNT WADDINGTONS OUTDOORS,Shelf Talker,2026-02-10,2026-02-19,1,0,Order NonMasterPack,0.5,0.03,0.53
16268802,IF4041436521,32028707,T6E6H7BEL - BELOW THE BELT LTD.,206854,2026-01-29,2026-02-19,111,4297.5,Order NonMasterPack,55.5,2.78,58.28
16268802,IF4041436521,32028707,T6E6H7BEL - BELOW THE BELT LTD.,206854,2026-01-29,2026-02-19,1,4297.5,Order Processing,2,0.1,2.1
16268802,IF4041436521,32028707,T6E6H7BEL - BELOW THE BELT LTD.,206854,2026-01-29,2026-02-19,2,4297.5,Order Master Pack Carton,4,0.2,4.2
16303562,IF4041438370,32124970,J1L3A6MOM - MOMO SPORTS SHERBROOKE,TENTREECLOSEO30MAF90226,2026-02-10,2026-02-19,1,1016.4,Order Processing,2,0.1,2.1
16303562,IF4041438370,32124970,J1L3A6MOM - MOMO SPORTS SHERBROOKE,TENTREECLOSEO30MAF90226,2026-02-10,2026-02-19,33,1016.4,Order NonMasterPack,16.5,0.83,17.33
16306127,IF4041438546,32132852,J6T1A9SPO - Sports Experts,4262097-454,2026-02-11,2026-02-19,1,170,Order Processing,2,0.1,2.1
16306127,IF4041438546,32132852,J6T1A9SPO - Sports Experts,4262097-454,2026-02-11,2026-02-19,5,170,Order NonMasterPack,2.5,0.13,2.63
16306130,IF4041438549,32132855,G0C1J0SPO - SPORTS EXPERTS 677,4262097-677,2026-02-11,2026-02-19,1,135,Order Processing,2,0.1,2.1
16306130,IF4041438549,32132855,G0C1J0SPO - SPORTS EXPERTS 677,4262097-677,2026-02-11,2026-02-19,6,135,Order NonMasterPack,3,0.15,3.15
16306134,IF4041438553,32132859,J1L1C9SPO - SPORTS EXPERTS - ATMOSPHERE,4262097-796,2026-02-11,2026-02-19,8,252.5,Order NonMasterPack,4,0.2,4.2
16306134,IF4041438553,32132859,J1L1C9SPO - SPORTS EXPERTS - ATMOSPHERE,4262097-796,2026-02-11,2026-02-19,1,252.5,Order Processing,2,0.1,2.1
16306135,IF4041438554,32132860,J2C6Y7PRO - Promenades Drummondville,4262097-861,2026-02-11,2026-02-19,1,272,Order Processing,2,0.1,2.1
16306135,IF4041438554,32132860,J2C6Y7PRO - Promenades Drummondville,4262097-861,2026-02-11,2026-02-19,8,272,Order NonMasterPack,4,0.2,4.2
16263502,IF4041436214,32006950,J3A1M1SPO - SPORTS EXPERTS 408,4262104-408,2026-01-27,2026-02-19,6,264,Order NonMasterPack,3,0.15,3.15
16263502,IF4041436214,32006950,J3A1M1SPO - SPORTS EXPERTS 408,4262104-408,2026-01-27,2026-02-19,1,264,Order Processing,2,0.1,2.1
16263505,IF4041436218,32006953,E3V1T9SPO - SPORTS EXPERTS,4262104-482,2026-01-27,2026-02-19,70,1788,Order NonMasterPack,35,1.75,36.75
16263505,IF4041436218,32006953,E3V1T9SPO - SPORTS EXPERTS,4262104-482,2026-01-27,2026-02-19,1,1788,Order Processing,2,0.1,2.1
16263506,IF4041436219,32006954,G2J1R8MÉG - Méga Centre Le Bourgneuf,4262100-682,2026-01-27,2026-02-19,6,204,Order NonMasterPack,3,0.15,3.15
16263506,IF4041436219,32006954,G2J1R8MÉG - Méga Centre Le Bourgneuf,4262100-682,2026-01-27,2026-02-19,1,204,Order Processing,2,0.1,2.1
16298841,IF4041437699,32093350,J7R4Z3SPO - SPORTS EXPERTS - ATMOSPHERE,Shelf Talker,2026-02-09,2026-02-19,1,0,Order NonMasterPack,0.5,0.03,0.53
16298841,IF4041437699,32093350,J7R4Z3SPO - SPORTS EXPERTS - ATMOSPHERE,Shelf Talker,2026-02-09,2026-02-19,1,0,Order Processing,2,0.1,2.1
16298865,IF4041437702,32093353,J7V8W5SPO - SPORTS EXPERTS - ATMOSPHERE,Shelf Talker,2026-02-09,2026-02-19,1,0,Order Processing,2,0.1,2.1
16298865,IF4041437702,32093353,J7V8W5SPO - SPORTS EXPERTS - ATMOSPHERE,Shelf Talker,2026-02-09,2026-02-19,1,0,Order NonMasterPack,0.5,0.03,0.53
16298895,IF4041437715,32093366,J3A1M1SPO - SPORTS EXPERTS 408,Shelf Talker,2026-02-09,2026-02-19,1,0,Order Processing,2,0.1,2.1
16298895,IF4041437715,32093366,J3A1M1SPO - SPORTS EXPERTS 408,Shelf Talker,2026-02-09,2026-02-19,1,0,Order NonMasterPack,0.5,0.03,0.53
16298911,IF4041437717,32093368,J3V6A8SPO - SPORTS EXPERTS - ATMOSPHERE 584,Shelf Talker,2026-02-09,2026-02-19,1,0,Order NonMasterPack,0.5,0.03,0.53
16298911,IF4041437717,32093368,J3V6A8SPO - SPORTS EXPERTS - ATMOSPHERE 584,Shelf Talker,2026-02-09,2026-02-19,1,0,Order Processing,2,0.1,2.1
16298912,IF4041437739,32093389,J6A5N4GAL - Galeries Rive-Nord,Shelf Talker,2026-02-09,2026-02-19,1,0,Order Processing,2,0.1,2.1
16298912,IF4041437739,32093389,J6A5N4GAL - Galeries Rive-Nord,Shelf Talker,2026-02-09,2026-02-19,1,0,Order NonMasterPack,0.5,0.03,0.53
16298928,IF4041437737,32093387,J6W3Z5SPO - SPORTS EXPERTS - ATMOSPHERE,Shelf Talker,2026-02-09,2026-02-19,1,0,Order NonMasterPack,0.5,0.03,0.53
16298928,IF4041437737,32093387,J6W3Z5SPO - SPORTS EXPERTS - ATMOSPHERE,Shelf Talker,2026-02-09,2026-02-19,1,0,Order Processing,2,0.1,2.1
16298945,IF4041437710,32093361,J9P1W1SKI - Ski & Vélo Plein Air,Shelf Talker,2026-02-09,2026-02-19,1,0,Order Processing,2,0.1,2.1
16298945,IF4041437710,32093361,J9P1W1SKI - Ski & Vélo Plein Air,Shelf Talker,2026-02-09,2026-02-19,1,0,Order NonMasterPack,0.5,0.03,0.53
16298974,IF4041437727,32093377,G7H5N6SPO - SPORTS EXPERTS - ATMOSPHERE,Shelf Talker,2026-02-09,2026-02-19,1,0,Order NonMasterPack,0.5,0.03,0.53
16298974,IF4041437727,32093377,G7H5N6SPO - SPORTS EXPERTS - ATMOSPHERE,Shelf Talker,2026-02-09,2026-02-19,1,0,Order Processing,2,0.1,2.1
16298979,IF4041437745,32093395,G9N7C1SPO - SPORTS EXPERTS - ATMOSPHERE,Shelf Talker,2026-02-09,2026-02-19,1,0,Order Processing,2,0.1,2.1
16298979,IF4041437745,32093395,G9N7C1SPO - SPORTS EXPERTS - ATMOSPHERE,Shelf Talker,2026-02-09,2026-02-19,1,0,Order NonMasterPack,0.5,0.03,0.53
16298996,IF4041437743,32093393,J7Y3S7SPO - SPORTS EXPERTS - ATMOSPHERE,Shelf Talker,2026-02-09,2026-02-19,1,0,Order Processing,2,0.1,2.1
16298996,IF4041437743,32093393,J7Y3S7SPO - SPORTS EXPERTS - ATMOSPHERE,Shelf Talker,2026-02-09,2026-02-19,1,0,Order NonMasterPack,0.5,0.03,0.53
16299008,IF4041437714,32093365,G7H5N6PLA - Place du Royaume,Shelf Talker,2026-02-09,2026-02-19,1,0,Order NonMasterPack,0.5,0.03,0.53
16299008,IF4041437714,32093365,G7H5N6PLA - Place du Royaume,Shelf Talker,2026-02-09,2026-02-19,1,0,Order Processing,2,0.1,2.1
16299096,IF4041437713,32093364,J6K1C6SPO - SPORTS EXPERTS 466,Shelf Talker,2026-02-09,2026-02-19,1,0,Order NonMasterPack,0.5,0.03,0.53
16299096,IF4041437713,32093364,J6K1C6SPO - SPORTS EXPERTS 466,Shelf Talker,2026-02-09,2026-02-19,1,0,Order Processing,2,0.1,2.1
16299105,IF4041437725,32093376,G2J1R8MÉG - Méga Centre Le Bourgneuf,Shelf Talker,2026-02-09,2026-02-19,1,0,Order Processing,2,0.1,2.1
16299105,IF4041437725,32093376,G2J1R8MÉG - Méga Centre Le Bourgneuf,Shelf Talker,2026-02-09,2026-02-19,1,0,Order NonMasterPack,0.5,0.03,0.53
16299108,IF4041437728,32093378,J7A3T2SPO - SPORTS EXPERTS - ATMOSPHERE,Shelf Talker,2026-02-09,2026-02-19,1,0,Order Processing,2,0.1,2.1
16299108,IF4041437728,32093378,J7A3T2SPO - SPORTS EXPERTS - ATMOSPHERE,Shelf Talker,2026-02-09,2026-02-19,1,0,Order NonMasterPack,0.5,0.03,0.53
16299109,IF4041437673,32093321,K6A2R2SPO - SPORTS EXPERTS,Shelf Talker,2026-02-09,2026-02-19,1,0,Order NonMasterPack,0.5,0.03,0.53
16299109,IF4041437673,32093321,K6A2R2SPO - SPORTS EXPERTS,Shelf Talker,2026-02-09,2026-02-19,1,0,Order Processing,2,0.1,2.1
16299123,IF4041437741,32093391,G9A6M1SPO - SPORTS EXPERTS - ATMOSPHERE,Shelf Talker,2026-02-09,2026-02-19,1,0,Order Processing,2,0.1,2.1
16299123,IF4041437741,32093391,G9A6M1SPO - SPORTS EXPERTS - ATMOSPHERE,Shelf Talker,2026-02-09,2026-02-19,1,0,Order NonMasterPack,0.5,0.03,0.53
16298835,IF4041437608,32093256,B5A1E7EVE - EVERY BLOOMIN THING,Shelf Talker,2026-02-09,2026-02-19,1,0,Order NonMasterPack,0.5,0.03,0.53
16298835,IF4041437608,32093256,B5A1E7EVE - EVERY BLOOMIN THING,Shelf Talker,2026-02-09,2026-02-19,1,0,Order Processing,2,0.1,2.1
16298836,IF4041437762,32093411,V2A5A4FRE - FREE RIDE PENTICTON,Shelf Talker,2026-02-09,2026-02-19,1,0,Order NonMasterPack,0.5,0.03,0.53
16298836,IF4041437762,32093411,V2A5A4FRE - FREE RIDE PENTICTON,Shelf Talker,2026-02-09,2026-02-19,1,0,Order Processing,2,0.1,2.1
16298843,IF4041437787,32093637,V8W1X5BLA - BLACKSAND PROPERTIES LTD. dba MERCHANT Q,Shelf Talker,2026-02-09,2026-02-19,1,0,Order Processing,2,0.1,2.1
16298843,IF4041437787,32093637,V8W1X5BLA - BLACKSAND PROPERTIES LTD. dba MERCHANT Q,Shelf Talker,2026-02-09,2026-02-19,1,0,Order NonMasterPack,0.5,0.03,0.53
16298850,IF4041437665,32093313,K9J2T7WIL - WILD ROCK OUTFITTERS,Shelf Talker,2026-02-09,2026-02-19,1,0,Order Processing,2,0.1,2.1
16298850,IF4041437665,32093313,K9J2T7WIL - WILD ROCK OUTFITTERS,Shelf Talker,2026-02-09,2026-02-19,1,0,Order NonMasterPack,0.5,0.03,0.53
16298863,IF4041437660,32093308,N0B2N0CHA - CHANGE LIFESTYLE & APPAREL,Shelf Talker,2026-02-09,2026-02-19,1,0,Order Processing,2,0.1,2.1
16298863,IF4041437660,32093308,N0B2N0CHA - CHANGE LIFESTYLE & APPAREL,Shelf Talker,2026-02-09,2026-02-19,1,0,Order NonMasterPack,0.5,0.03,0.53
16298868,IF4041437676,32093327,G7X3B5IMM - Immeubles Ultra Violet Inc.,Shelf Talker,2026-02-09,2026-02-19,1,0,Order Processing,2,0.1,2.1
16298868,IF4041437676,32093327,G7X3B5IMM - Immeubles Ultra Violet Inc.,Shelf Talker,2026-02-09,2026-02-19,1,0,Order NonMasterPack,0.5,0.03,0.53
16298875,IF4041437798,32093648,V1T5H7KAL - KALECO,Shelf Talker,2026-02-09,2026-02-19,1,0,Order Processing,2,0.1,2.1
16298875,IF4041437798,32093648,V1T5H7KAL - KALECO,Shelf Talker,2026-02-09,2026-02-19,1,0,Order NonMasterPack,0.5,0.03,0.53
16298931,IF4041437662,32093310,N0E1L0MAC - MACKENZIE CREEK TRADING COMPANY,Shelf Talker,2026-02-09,2026-02-19,1,0,Order Processing,2,0.1,2.1
16298931,IF4041437662,32093310,N0E1L0MAC - MACKENZIE CREEK TRADING COMPANY,Shelf Talker,2026-02-09,2026-02-19,1,0,Order NonMasterPack,0.5,0.03,0.53
16298941,IF4041437774,32093423,V1T9H2WEA - WEARABOUTS - VERNON,Shelf Talker,2026-02-09,2026-02-19,1,0,Order Processing,2,0.1,2.1
16298941,IF4041437774,32093423,V1T9H2WEA - WEARABOUTS - VERNON,Shelf Talker,2026-02-09,2026-02-19,1,0,Order NonMasterPack,0.5,0.03,0.53
16298966,IF4041437688,32093339,G0C2B0RHE - RHEAL PITRE A FILS LTEE,Shelf Talker,2026-02-09,2026-02-19,1,0,Order NonMasterPack,0.5,0.03,0.53
16298966,IF4041437688,32093339,G0C2B0RHE - RHEAL PITRE A FILS LTEE,Shelf Talker,2026-02-09,2026-02-19,1,0,Order Processing,2,0.1,2.1
16298981,IF4041437651,32093299,N4N1N9DEN - DENIM BAR,Shelf Talker,2026-02-09,2026-02-19,1,0,Order Processing,2,0.1,2.1
16298981,IF4041437651,32093299,N4N1N9DEN - DENIM BAR,Shelf Talker,2026-02-09,2026-02-19,1,0,Order NonMasterPack,0.5,0.03,0.53
16298983,IF4041437661,32093309,L1A1N2G F - G FACEY CLOTHING,Shelf Talker,2026-02-09,2026-02-19,1,0,Order Processing,2,0.1,2.1
16298983,IF4041437661,32093309,L1A1N2G F - G FACEY CLOTHING,Shelf Talker,2026-02-09,2026-02-19,1,0,Order NonMasterPack,0.5,0.03,0.53
16299000,IF4041437763,32093412,V1Z4C9FRE - FREE RIDE,Shelf Talker,2026-02-09,2026-02-19,1,0,Order NonMasterPack,0.5,0.03,0.53
16299000,IF4041437763,32093412,V1Z4C9FRE - FREE RIDE,Shelf Talker,2026-02-09,2026-02-19,1,0,Order Processing,2,0.1,2.1
16299014,IF4041437666,32093314,N0B1S0ARI - ARIA BOUTIQUE,Shelf Talker,2026-02-09,2026-02-19,1,0,Order Processing,2,0.1,2.1
16299014,IF4041437666,32093314,N0B1S0ARI - ARIA BOUTIQUE,Shelf Talker,2026-02-09,2026-02-19,1,0,Order NonMasterPack,0.5,0.03,0.53
16299019,IF4041437753,32093403,V9Y8E9LAC - LACE IT UP aka JAYS MENS WEAR,Shelf Talker,2026-02-09,2026-02-19,1,0,Order NonMasterPack,0.5,0.03,0.53
16299019,IF4041437753,32093403,V9Y8E9LAC - LACE IT UP aka JAYS MENS WEAR,Shelf Talker,2026-02-09,2026-02-19,1,0,Order Processing,2,0.1,2.1
16299023,IF4041437773,32093422,V1Y4R9BIG - BIG WHITE SKI RESORT,Shelf Talker,2026-02-09,2026-02-19,1,0,Order NonMasterPack,0.5,0.03,0.53
16299023,IF4041437773,32093422,V1Y4R9BIG - BIG WHITE SKI RESORT,Shelf Talker,2026-02-09,2026-02-19,1,0,Order Processing,2,0.1,2.1
16299028,IF4041437615,32093263,E3C1A6PAR - PARKS NEW BRUNSWICK,Shelf Talker,2026-02-09,2026-02-19,1,0,Order Processing,2,0.1,2.1
16299028,IF4041437615,32093263,E3C1A6PAR - PARKS NEW BRUNSWICK,Shelf Talker,2026-02-09,2026-02-19,1,0,Order NonMasterPack,0.5,0.03,0.53
16299039,IF4041437746,32093396,G6P4A2SIG - SIGNE POUR LUI INC.,Shelf Talker,2026-02-09,2026-02-19,1,0,Order Processing,2,0.1,2.1
16299039,IF4041437746,32093396,G6P4A2SIG - SIGNE POUR LUI INC.,Shelf Talker,2026-02-09,2026-02-19,1,0,Order NonMasterPack,0.5,0.03,0.53
16299040,IF4041437606,32093254,A2H2N2GEO - GEORGES MOUNTAIN VILLAGE,Shelf Talker,2026-02-09,2026-02-19,1,0,Order NonMasterPack,0.5,0.03,0.53
16299040,IF4041437606,32093254,A2H2N2GEO - GEORGES MOUNTAIN VILLAGE,Shelf Talker,2026-02-09,2026-02-19,1,0,Order Processing,2,0.1,2.1
16299062,IF4041437780,32093630,V8B0G8VAL - VALHALLA PURE SQUAMISH,Shelf Talker,2026-02-09,2026-02-19,1,0,Order NonMasterPack,0.5,0.03,0.53
16299062,IF4041437780,32093630,V8B0G8VAL - VALHALLA PURE SQUAMISH,Shelf Talker,2026-02-09,2026-02-19,1,0,Order Processing,2,0.1,2.1
16299100,IF4041437604,32093252,B3B0E6TAK - TAKE IT OUTSIDE INC.,Shelf Talker,2026-02-09,2026-02-19,1,0,Order NonMasterPack,0.5,0.03,0.53
16299100,IF4041437604,32093252,B3B0E6TAK - TAKE IT OUTSIDE INC.,Shelf Talker,2026-02-09,2026-02-19,1,0,Order Processing,2,0.1,2.1
16299101,IF4041437652,32093300,N5A3G8GRU - GRUV,Shelf Talker,2026-02-09,2026-02-19,1,0,Order Processing,2,0.1,2.1
16299101,IF4041437652,32093300,N5A3G8GRU - GRUV,Shelf Talker,2026-02-09,2026-02-19,1,0,Order NonMasterPack,0.5,0.03,0.53
16299110,IF4041437778,32093628,T2E6W5MRG - MRG - BANFF #573,Shelf Talker,2026-02-09,2026-02-19,1,0,Order Processing,2,0.1,2.1
16299110,IF4041437778,32093628,T2E6W5MRG - MRG - BANFF #573,Shelf Talker,2026-02-09,2026-02-19,1,0,Order NonMasterPack,0.5,0.03,0.53
16299121,IF4041437609,32093257,C1E2L9SPO - SPORTING INTENTIONS,Shelf Talker,2026-02-09,2026-02-19,1,0,Order NonMasterPack,0.5,0.03,0.53
16299121,IF4041437609,32093257,C1E2L9SPO - SPORTING INTENTIONS,Shelf Talker,2026-02-09,2026-02-19,1,0,Order Processing,2,0.1,2.1
16300267,IF4041438128,32115647,V8L1X7COT - COTTONS AND BLUES,Shelf Talker,2026-02-09,2026-02-19,1,0,Order Processing,2,0.1,2.1
16300267,IF4041438128,32115647,V8L1X7COT - COTTONS AND BLUES,Shelf Talker,2026-02-09,2026-02-19,1,0,Order NonMasterPack,0.5,0.03,0.53
16300268,IF4041438129,32115648,V9L1V8WAL - WALL STREET CLOTHING,Shelf Talker,2026-02-09,2026-02-19,1,0,Order Processing,2,0.1,2.1
16300268,IF4041438129,32115648,V9L1V8WAL - WALL STREET CLOTHING,Shelf Talker,2026-02-09,2026-02-19,1,0,Order NonMasterPack,0.5,0.03,0.53
16300290,IF4041438160,32115878,A1C1K2ETH - ETHEREAL BOUTIQUE,Shelf Talker,2026-02-09,2026-02-19,1,0,Order Processing,2,0.1,2.1
16300290,IF4041438160,32115878,A1C1K2ETH - ETHEREAL BOUTIQUE,Shelf Talker,2026-02-09,2026-02-19,1,0,Order NonMasterPack,0.5,0.03,0.53
16300296,IF4041438168,32115885,V9K1S7COV - COVET BOUTIQUE,Shelf Talker,2026-02-09,2026-02-19,1,0,Order Processing,2,0.1,2.1
16300296,IF4041438168,32115885,V9K1S7COV - COVET BOUTIQUE,Shelf Talker,2026-02-09,2026-02-19,1,0,Order NonMasterPack,0.5,0.03,0.53
16300304,IF4041438161,32115879,NLA0EOUT - OUTPORT BOUTIQUE,Shelf Talker,2026-02-09,2026-02-19,1,0,Order Processing,2,0.1,2.1
16300304,IF4041438161,32115879,NLA0EOUT - OUTPORT BOUTIQUE,Shelf Talker,2026-02-09,2026-02-19,1,0,Order NonMasterPack,0.5,0.03,0.53
16298923,IF4041437607,32093255,E3B1B2THE - THE RADICAL EDGE,Shelf Talker,2026-02-09,2026-02-19,1,0,Order Processing,2,0.1,2.1
16298923,IF4041437607,32093255,E3B1B2THE - THE RADICAL EDGE,Shelf Talker,2026-02-09,2026-02-19,2,0,Order NonMasterPack,1,0.05,1.05
16263504,IF4041436217,32006952,H8N1X1SPO - SPORTS EXPERTS - ATMOSPHERE,4262104-590,2026-01-27,2026-02-19,5,220,Order NonMasterPack,2.5,0.13,2.63
16263504,IF4041436217,32006952,H8N1X1SPO - SPORTS EXPERTS - ATMOSPHERE,4262104-590,2026-01-27,2026-02-19,1,220,Order Processing,2,0.1,2.1
16298825,IF4041437703,32093354,G1V2L1PLA - Place Ste-Foy,Shelf Talker,2026-02-09,2026-02-19,1,0,Order NonMasterPack,0.5,0.03,0.53
16298825,IF4041437703,32093354,G1V2L1PLA - Place Ste-Foy,Shelf Talker,2026-02-09,2026-02-19,1,0,Order Processing,2,0.1,2.1
16298909,IF4041437731,32093381,"H1R3H7SEF - SEF 414 GALERIE D'ANJOU,",Shelf Talker,2026-02-09,2026-02-19,1,0,Order Processing,2,0.1,2.1
16298909,IF4041437731,32093381,"H1R3H7SEF - SEF 414 GALERIE D'ANJOU,",Shelf Talker,2026-02-09,2026-02-19,1,0,Order NonMasterPack,0.5,0.03,0.53
16298914,IF4041437720,32093371,H9R5J1CEN - Centre Fairview Pointe-Claire,Shelf Talker,2026-02-09,2026-02-19,1,0,Order Processing,2,0.1,2.1
16298914,IF4041437720,32093371,H9R5J1CEN - Centre Fairview Pointe-Claire,Shelf Talker,2026-02-09,2026-02-19,1,0,Order NonMasterPack,0.5,0.03,0.53
16298930,IF4041437744,32093394,J6E6X6ATM - ATMOSPHERE #882 (Sports 12345 INC),Shelf Talker,2026-02-09,2026-02-19,1,0,Order Processing,2,0.1,2.1
16298930,IF4041437744,32093394,J6E6X6ATM - ATMOSPHERE #882 (Sports 12345 INC),Shelf Talker,2026-02-09,2026-02-19,1,0,Order NonMasterPack,0.5,0.03,0.53
16298933,IF4041437735,32093385,J4Y0A5QUA - Quartier Dix-30,Shelf Talker,2026-02-09,2026-02-19,1,0,Order NonMasterPack,0.5,0.03,0.53
16298933,IF4041437735,32093385,J4Y0A5QUA - Quartier Dix-30,Shelf Talker,2026-02-09,2026-02-19,1,0,Order Processing,2,0.1,2.1
16298965,IF4041437711,32093362,H7P6C8SPO - SPORTS EXPERTS 3398,Shelf Talker,2026-02-09,2026-02-19,1,0,Order Processing,2,0.1,2.1
16298965,IF4041437711,32093362,H7P6C8SPO - SPORTS EXPERTS 3398,Shelf Talker,2026-02-09,2026-02-19,1,0,Order NonMasterPack,0.5,0.03,0.53
16298968,IF4041437700,32093351,G6S1C1SPO - SPORTS EXPERTS,Shelf Talker,2026-02-09,2026-02-19,1,0,Order Processing,2,0.1,2.1
16298968,IF4041437700,32093351,G6S1C1SPO - SPORTS EXPERTS,Shelf Talker,2026-02-09,2026-02-19,1,0,Order NonMasterPack,0.5,0.03,0.53
16298970,IF4041437719,32093370,J2S4Z5SPO - SPORTS EXPERTS,Shelf Talker,2026-02-09,2026-02-19,1,0,Order Processing,2,0.1,2.1
16298970,IF4041437719,32093370,J2S4Z5SPO - SPORTS EXPERTS,Shelf Talker,2026-02-09,2026-02-19,1,0,Order NonMasterPack,0.5,0.03,0.53
16299011,IF4041437696,32093347,J8T6G3PRO - Promenades Gatineau,Shelf Talker,2026-02-09,2026-02-19,1,0,Order Processing,2,0.1,2.1
16299011,IF4041437696,32093347,J8T6G3PRO - Promenades Gatineau,Shelf Talker,2026-02-09,2026-02-19,1,0,Order NonMasterPack,0.5,0.03,0.53
16299017,IF4041437709,32093360,G8L1H3LES - Les Promenades du Boulevard,Shelf Talker,2026-02-09,2026-02-19,1,0,Order NonMasterPack,0.5,0.03,0.53
16299017,IF4041437709,32093360,G8L1H3LES - Les Promenades du Boulevard,Shelf Talker,2026-02-09,2026-02-19,1,0,Order Processing,2,0.1,2.1
16299026,IF4041437716,32093367,G6V6Y8SPO - SPORTS EXPERTS,Shelf Talker,2026-02-09,2026-02-19,1,0,Order Processing,2,0.1,2.1
16299026,IF4041437716,32093367,G6V6Y8SPO - SPORTS EXPERTS,Shelf Talker,2026-02-09,2026-02-19,1,0,Order NonMasterPack,0.5,0.03,0.53
16299034,IF4041437708,32093359,G8H3B8CAR - Carrefour Jeannois,Shelf Talker,2026-02-09,2026-02-19,1,0,Order NonMasterPack,0.5,0.03,0.53
16299034,IF4041437708,32093359,G8H3B8CAR - Carrefour Jeannois,Shelf Talker,2026-02-09,2026-02-19,1,0,Order Processing,2,0.1,2.1
16299041,IF4041437718,32093369,H3B1E2SPO - SPORTS EXPERTS 534,Shelf Talker,2026-02-09,2026-02-19,1,0,Order Processing,2,0.1,2.1
16299041,IF4041437718,32093369,H3B1E2SPO - SPORTS EXPERTS 534,Shelf Talker,2026-02-09,2026-02-19,1,0,Order NonMasterPack,0.5,0.03,0.53
16299061,IF4041437729,32093379,G1C5R9PRO - Promenade Beauport,Shelf Talker,2026-02-09,2026-02-19,1,0,Order Processing,2,0.1,2.1
16299061,IF4041437729,32093379,G1C5R9PRO - Promenade Beauport,Shelf Talker,2026-02-09,2026-02-19,1,0,Order NonMasterPack,0.5,0.03,0.53
16299093,IF4041437694,32093345,H4P0C9AT - AT MONT-ROYAL,Shelf Talker,2026-02-09,2026-02-19,1,0,Order Processing,2,0.1,2.1
16299093,IF4041437694,32093345,H4P0C9AT - AT MONT-ROYAL,Shelf Talker,2026-02-09,2026-02-19,1,0,Order NonMasterPack,0.5,0.03,0.53
16299102,IF4041437722,32093373,H8N1X1SPO - SPORTS EXPERTS - ATMOSPHERE,Shelf Talker,2026-02-09,2026-02-19,1,0,Order Processing,2,0.1,2.1
16299102,IF4041437722,32093373,H8N1X1SPO - SPORTS EXPERTS - ATMOSPHERE,Shelf Talker,2026-02-09,2026-02-19,1,0,Order NonMasterPack,0.5,0.03,0.53
16299115,IF4041437692,32093343,G5R4C2CEN - Centre Commercial Rivière-du-Loup,Shelf Talker,2026-02-09,2026-02-19,1,0,Order NonMasterPack,0.5,0.03,0.53
16299115,IF4041437692,32093343,G5R4C2CEN - Centre Commercial Rivière-du-Loup,Shelf Talker,2026-02-09,2026-02-19,1,0,Order Processing,2,0.1,2.1
16299116,IF4041437701,32093352,J9A0C7PLA - Plateau des Grives,Shelf Talker,2026-02-09,2026-02-19,1,0,Order NonMasterPack,0.5,0.03,0.53
16299116,IF4041437701,32093352,J9A0C7PLA - Plateau des Grives,Shelf Talker,2026-02-09,2026-02-19,1,0,Order Processing,2,0.1,2.1
16299122,IF4041437730,32093380,G5L7Y5SPO - SPORTS EXPERTS,Shelf Talker,2026-02-09,2026-02-19,1,0,Order NonMasterPack,0.5,0.03,0.53
16299122,IF4041437730,32093380,G5L7Y5SPO - SPORTS EXPERTS,Shelf Talker,2026-02-09,2026-02-19,1,0,Order Processing,2,0.1,2.1
16299127,IF4041437738,32093388,H3P3E9CEN - Centre Rockland,Shelf Talker,2026-02-09,2026-02-19,1,0,Order Processing,2,0.1,2.1
16299127,IF4041437738,32093388,H3P3E9CEN - Centre Rockland,Shelf Talker,2026-02-09,2026-02-19,1,0,Order NonMasterPack,0.5,0.03,0.53
16299137,IF4041437740,32093390,G1V2L8SPO - Sports Experts,Shelf Talker,2026-02-09,2026-02-19,1,0,Order Processing,2,0.1,2.1
16299137,IF4041437740,32093390,G1V2L8SPO - Sports Experts,Shelf Talker,2026-02-09,2026-02-19,1,0,Order NonMasterPack,0.5,0.03,0.53
16298842,IF4041437782,32093632,V0X1W0WOR - WORK N PLAY CLOTHING CO,Shelf Talker,2026-02-09,2026-02-19,1,0,Order Processing,2,0.1,2.1
16298842,IF4041437782,32093632,V0X1W0WOR - WORK N PLAY CLOTHING CO,Shelf Talker,2026-02-09,2026-02-19,1,0,Order NonMasterPack,0.5,0.03,0.53
16298847,IF4041437601,32093249,E3V3S9JES - JESSOMES SOURCE FOR SPORTS,Shelf Talker,2026-02-09,2026-02-19,1,0,Order NonMasterPack,0.5,0.03,0.53
16298847,IF4041437601,32093249,E3V3S9JES - JESSOMES SOURCE FOR SPORTS,Shelf Talker,2026-02-09,2026-02-19,1,0,Order Processing,2,0.1,2.1
16298858,IF4041437602,32093250,B0W2Z0LA - LA CACHETTE,Shelf Talker,2026-02-09,2026-02-19,1,0,Order Processing,2,0.1,2.1
16298858,IF4041437602,32093250,B0W2Z0LA - LA CACHETTE,Shelf Talker,2026-02-09,2026-02-19,1,0,Order NonMasterPack,0.5,0.03,0.53
16298859,IF4041437639,32093287,S0J3G0BOU - BOUTIQUE NORTH,Shelf Talker,2026-02-09,2026-02-19,1,0,Order Processing,2,0.1,2.1
16298859,IF4041437639,32093287,S0J3G0BOU - BOUTIQUE NORTH,Shelf Talker,2026-02-09,2026-02-19,1,0,Order NonMasterPack,0.5,0.03,0.53
16298861,IF4041437658,32093306,K2P1L9BOO - BOOGIE + BIRDIE,Shelf Talker,2026-02-09,2026-02-19,1,0,Order Processing,2,0.1,2.1
16298861,IF4041437658,32093306,K2P1L9BOO - BOOGIE + BIRDIE,Shelf Talker,2026-02-09,2026-02-19,1,0,Order NonMasterPack,0.5,0.03,0.53
16298864,IF4041437621,32093269,S0L1S0CAM - CAMERONS CLOTHING COMPANY,Shelf Talker,2026-02-09,2026-02-19,1,0,Order NonMasterPack,0.5,0.03,0.53
16298864,IF4041437621,32093269,S0L1S0CAM - CAMERONS CLOTHING COMPANY,Shelf Talker,2026-02-09,2026-02-19,1,0,Order Processing,2,0.1,2.1
16298867,IF4041437635,32093283,T0H2H0LA - LA CRETE SOURCE FOR SPORTS,Shelf Talker,2026-02-09,2026-02-19,1,0,Order NonMasterPack,0.5,0.03,0.53
16298867,IF4041437635,32093283,T0H2H0LA - LA CRETE SOURCE FOR SPORTS,Shelf Talker,2026-02-09,2026-02-19,1,0,Order Processing,2,0.1,2.1
16298869,IF4041437796,32093646,V0N2J2ALL - ALLISON TAYLOR dba INIS TRADING CO,Shelf Talker,2026-02-09,2026-02-19,1,0,Order Processing,2,0.1,2.1
16298869,IF4041437796,32093646,V0N2J2ALL - ALLISON TAYLOR dba INIS TRADING CO,Shelf Talker,2026-02-09,2026-02-19,1,0,Order NonMasterPack,0.5,0.03,0.53
16298889,IF4041437634,32093282,S0C0R0KIN - KINGS DEPARTMENT STORE,Shelf Talker,2026-02-09,2026-02-19,1,0,Order NonMasterPack,0.5,0.03,0.53
16298889,IF4041437634,32093282,S0C0R0KIN - KINGS DEPARTMENT STORE,Shelf Talker,2026-02-09,2026-02-19,1,0,Order Processing,2,0.1,2.1
16298902,IF4041437766,32093415,V0R1X0NOR - NORTH ROAD SPORTS,Shelf Talker,2026-02-09,2026-02-19,1,0,Order Processing,2,0.1,2.1
16298902,IF4041437766,32093415,V0R1X0NOR - NORTH ROAD SPORTS,Shelf Talker,2026-02-09,2026-02-19,1,0,Order NonMasterPack,0.5,0.03,0.53
16298937,IF4041437747,32093397,G3A0P5LAT - LATULIPPE DISTRIBUTION CENTER,Shelf Talker,2026-02-09,2026-02-19,1,0,Order Processing,2,0.1,2.1
16298937,IF4041437747,32093397,G3A0P5LAT - LATULIPPE DISTRIBUTION CENTER,Shelf Talker,2026-02-09,2026-02-19,1,0,Order NonMasterPack,0.5,0.03,0.53
16298942,IF4041437758,32093407,V2J2M5PEA - PEARLS FASHION,Shelf Talker,2026-02-09,2026-02-19,1,0,Order Processing,2,0.1,2.1
16298942,IF4041437758,32093407,V2J2M5PEA - PEARLS FASHION,Shelf Talker,2026-02-09,2026-02-19,1,0,Order NonMasterPack,0.5,0.03,0.53
16298964,IF4041437769,32093418,V0R1M0WAB - WABISABI BOARDWEAR,Shelf Talker,2026-02-09,2026-02-19,1,0,Order Processing,2,0.1,2.1
16298964,IF4041437769,32093418,V0R1M0WAB - WABISABI BOARDWEAR,Shelf Talker,2026-02-09,2026-02-19,1,0,Order NonMasterPack,0.5,0.03,0.53
16298967,IF4041437768,32093417,V0A1K0THE - THE INSIDE EDGE SPORTS STORE LTD,Shelf Talker,2026-02-09,2026-02-19,1,0,Order NonMasterPack,0.5,0.03,0.53
16298967,IF4041437768,32093417,V0A1K0THE - THE INSIDE EDGE SPORTS STORE LTD,Shelf Talker,2026-02-09,2026-02-19,1,0,Order Processing,2,0.1,2.1
16298978,IF4041437757,32093406,V0K2E0OUT - OUTLAW FASHIONS (FCJ ENTERPRISES LTD),Shelf Talker,2026-02-09,2026-02-19,1,0,Order NonMasterPack,0.5,0.03,0.53
16298978,IF4041437757,32093406,V0K2E0OUT - OUTLAW FASHIONS (FCJ ENTERPRISES LTD),Shelf Talker,2026-02-09,2026-02-19,1,0,Order Processing,2,0.1,2.1
16298982,IF4041437797,32093647,V9G1B8TIM - TIMES INFINITY CORP,Shelf Talker,2026-02-09,2026-02-19,1,0,Order Processing,2,0.1,2.1
16298982,IF4041437797,32093647,V9G1B8TIM - TIMES INFINITY CORP,Shelf Talker,2026-02-09,2026-02-19,1,0,Order NonMasterPack,0.5,0.03,0.53
16298818,IF4041437761,32093410,V0B1M0EDG - EDGE OF THE WORLD BOARD SHOP,Shelf Talker,2026-02-09,2026-02-19,1,0,Order NonMasterPack,0.5,0.03,0.53
16298818,IF4041437761,32093410,V0B1M0EDG - EDGE OF THE WORLD BOARD SHOP,Shelf Talker,2026-02-09,2026-02-19,1,0,Order Processing,2,0.1,2.1
16298823,IF4041437677,32093328,H7L5Z6A/S - A/S Les Boutiques Tremblant,Shelf Talker,2026-02-09,2026-02-19,1,0,Order Processing,2,0.1,2.1
16298823,IF4041437677,32093328,H7L5Z6A/S - A/S Les Boutiques Tremblant,Shelf Talker,2026-02-09,2026-02-19,1,0,Order NonMasterPack,0.5,0.03,0.53
16298839,IF4041437776,32093626,V0R2G0SWO - SWORDFERN BOUTIQUE,Shelf Talker,2026-02-09,2026-02-19,1,0,Order NonMasterPack,0.5,0.03,0.53
16298839,IF4041437776,32093626,V0R2G0SWO - SWORDFERN BOUTIQUE,Shelf Talker,2026-02-09,2026-02-19,1,0,Order Processing,2,0.1,2.1
16299015,IF4041437793,32093643,V0H1X6PEC - PECHE BEACH CO,Shelf Talker,2026-02-09,2026-02-19,1,0,Order NonMasterPack,0.5,0.03,0.53
16299015,IF4041437793,32093643,V0H1X6PEC - PECHE BEACH CO,Shelf Talker,2026-02-09,2026-02-19,1,0,Order Processing,2,0.1,2.1
16299016,IF4041437641,32093289,R1A1V2KEY - KEYSTONE SOURCE FOR SPORTS,Shelf Talker,2026-02-09,2026-02-19,1,0,Order Processing,2,0.1,2.1
16299016,IF4041437641,32093289,R1A1V2KEY - KEYSTONE SOURCE FOR SPORTS,Shelf Talker,2026-02-09,2026-02-19,1,0,Order NonMasterPack,0.5,0.03,0.53
16299029,IF4041437760,32093409,V1K1B8WOR - WORK N PLAY CLOTHING CO,Shelf Talker,2026-02-09,2026-02-19,1,0,Order NonMasterPack,0.5,0.03,0.53
16299029,IF4041437760,32093409,V1K1B8WOR - WORK N PLAY CLOTHING CO,Shelf Talker,2026-02-09,2026-02-19,1,0,Order Processing,2,0.1,2.1
16299107,IF4041437633,32093281,T7E1T7JEN - JENSENS LIFESTYLE CLOTHING,Shelf Talker,2026-02-09,2026-02-19,1,0,Order Processing,2,0.1,2.1
16299107,IF4041437633,32093281,T7E1T7JEN - JENSENS LIFESTYLE CLOTHING,Shelf Talker,2026-02-09,2026-02-19,1,0,Order NonMasterPack,0.5,0.03,0.53
16299117,IF4041437643,32093291,R7A1G6STR - STREAM N WOOD,Shelf Talker,2026-02-09,2026-02-19,1,0,Order NonMasterPack,0.5,0.03,0.53
16299117,IF4041437643,32093291,R7A1G6STR - STREAM N WOOD,Shelf Talker,2026-02-09,2026-02-19,1,0,Order Processing,2,0.1,2.1
16299120,IF4041437749,32093399,J4Y0C4QUI - QUINCAILLERIE TURBO INC,Shelf Talker,2026-02-09,2026-02-19,1,0,Order Processing,2,0.1,2.1
16299120,IF4041437749,32093399,J4Y0C4QUI - QUINCAILLERIE TURBO INC,Shelf Talker,2026-02-09,2026-02-19,1,0,Order NonMasterPack,0.5,0.03,0.53
16299124,IF4041437759,32093408,V0A1H0TOP - TOP NOTCH,Shelf Talker,2026-02-09,2026-02-19,1,0,Order NonMasterPack,0.5,0.03,0.53
16299124,IF4041437759,32093408,V0A1H0TOP - TOP NOTCH,Shelf Talker,2026-02-09,2026-02-19,1,0,Order Processing,2,0.1,2.1
16299129,IF4041437632,32093280,S9A3W6FF2 - FF2,Shelf Talker,2026-02-09,2026-02-19,1,0,Order NonMasterPack,0.5,0.03,0.53
16299129,IF4041437632,32093280,S9A3W6FF2 - FF2,Shelf Talker,2026-02-09,2026-02-19,1,0,Order Processing,2,0.1,2.1
16299132,IF4041437675,32093326,J3P6L9ST - ST PIERRE SPORTS DE SOREL INC.,Shelf Talker,2026-02-09,2026-02-19,1,0,Order Processing,2,0.1,2.1
16299132,IF4041437675,32093326,J3P6L9ST - ST PIERRE SPORTS DE SOREL INC.,Shelf Talker,2026-02-09,2026-02-19,1,0,Order NonMasterPack,0.5,0.03,0.53
16300266,IF4041438127,32115646,L9H1T7ADV - ADVENTURE ATTIC,Shelf Talker,2026-02-09,2026-02-19,1,0,Order NonMasterPack,0.5,0.03,0.53
16300266,IF4041438127,32115646,L9H1T7ADV - ADVENTURE ATTIC,Shelf Talker,2026-02-09,2026-02-19,1,0,Order Processing,2,0.1,2.1
16300269,IF4041438130,32115649,S0L2V0GOG - GOGH SPORTS COMPANY LTD. DBA ATHLETE'S H,Shelf Talker,2026-02-09,2026-02-19,1,0,Order NonMasterPack,0.5,0.03,0.53
16300269,IF4041438130,32115649,S0L2V0GOG - GOGH SPORTS COMPANY LTD. DBA ATHLETE'S H,Shelf Talker,2026-02-09,2026-02-19,1,0,Order Processing,2,0.1,2.1
16300291,IF4041438162,32115880,S0G3N0MCP - MCPHAIL TRAVEL,Shelf Talker,2026-02-09,2026-02-19,1,0,Order NonMasterPack,0.5,0.03,0.53
16300291,IF4041438162,32115880,S0G3N0MCP - MCPHAIL TRAVEL,Shelf Talker,2026-02-09,2026-02-19,1,0,Order Processing,2,0.1,2.1
16300292,IF4041438163,32115881,S0A2P0OUT - OUT OF THE BOX STORE,Shelf Talker,2026-02-09,2026-02-19,1,0,Order NonMasterPack,0.5,0.03,0.53
16300292,IF4041438163,32115881,S0A2P0OUT - OUT OF THE BOX STORE,Shelf Talker,2026-02-09,2026-02-19,1,0,Order Processing,2,0.1,2.1
16300293,IF4041438165,32115882,N1H2T1MER - MERIMAK INC.,Shelf Talker,2026-02-09,2026-02-19,1,0,Order Processing,2,0.1,2.1
16300293,IF4041438165,32115882,N1H2T1MER - MERIMAK INC.,Shelf Talker,2026-02-09,2026-02-19,1,0,Order NonMasterPack,0.5,0.03,0.53
16300294,IF4041438166,32115883,N1H2T1MER - MERIMAK INC.,Shelf Talker,2026-02-09,2026-02-19,1,0,Order Processing,2,0.1,2.1
16300294,IF4041438166,32115883,N1H2T1MER - MERIMAK INC.,Shelf Talker,2026-02-09,2026-02-19,1,0,Order NonMasterPack,0.5,0.03,0.53
16300295,IF4041438167,32115884,K0E1T0ONC - ONCE @426 BOUTIQUE + MARKET,Shelf Talker,2026-02-09,2026-02-19,1,0,Order Processing,2,0.1,2.1
16300295,IF4041438167,32115884,K0E1T0ONC - ONCE @426 BOUTIQUE + MARKET,Shelf Talker,2026-02-09,2026-02-19,1,0,Order NonMasterPack,0.5,0.03,0.53
16300298,IF4041438170,32115887,Y1A2B3COA - COAST MOUNTAIN,Shelf Talker,2026-02-09,2026-02-19,1,0,Order Processing,2,0.1,2.1
16300298,IF4041438170,32115887,Y1A2B3COA - COAST MOUNTAIN,Shelf Talker,2026-02-09,2026-02-19,1,0,Order NonMasterPack,0.5,0.03,0.53
16309082,IF4041438657,32134293,T8V4C2SPO - SPORTS EXPERTS,RETENRENGP,2026-02-12,2026-02-19,1,56.05,Order NonMasterPack,0.5,0.03,0.53
16309082,IF4041438657,32134293,T8V4C2SPO - SPORTS EXPERTS,RETENRENGP,2026-02-12,2026-02-19,1,56.05,Order Processing,2,0.1,2.1
16308989,IF4041438882,32141674,V0N3A0TRA - TRAIL BAY SOURCE FOR SPORTS,BS26004-2,2026-02-12,2026-02-19,88,2614,Order NonMasterPack,44,2.2,46.2
16308989,IF4041438882,32141674,V0N3A0TRA - TRAIL BAY SOURCE FOR SPORTS,BS26004-2,2026-02-12,2026-02-19,1,2614,Order Processing,2,0.1,2.1
16308990,IF4041438883,32141675,V0N3A0TRA - TRAIL BAY SOURCE FOR SPORTS,BS26004-1,2026-02-12,2026-02-19,1,3254.5,Order Processing,2,0.1,2.1
16308990,IF4041438883,32141675,V0N3A0TRA - TRAIL BAY SOURCE FOR SPORTS,BS26004-1,2026-02-12,2026-02-19,85,3254.5,Order NonMasterPack,42.5,2.13,44.63
16302469,IF4041438338,32123552,V0N3A0TRA - TRAIL BAY SOURCE FOR SPORTS,Shelf Talker,2026-02-10,2026-02-19,1,0,Order Processing,2,0.1,2.1
16302469,IF4041438338,32123552,V0N3A0TRA - TRAIL BAY SOURCE FOR SPORTS,Shelf Talker,2026-02-10,2026-02-19,1,0,Order NonMasterPack,0.5,0.03,0.53
16308929,IF4041438807,32140917,V2R3N5MOU - MOUNT WADDINGTONS OUTDOORS,MWOVTENTREES26001,2026-02-12,2026-02-20,1,3382,Order Processing,2,0.1,2.1
16308929,IF4041438807,32140917,V2R3N5MOU - MOUNT WADDINGTONS OUTDOORS,MWOVTENTREES26001,2026-02-12,2026-02-20,106,3382,Order NonMasterPack,53,2.65,55.65
16308930,IF4041438808,32140919,V2R3N5MOU - MOUNT WADDINGTONS OUTDOORS,MWODTENTREES26001,2026-02-12,2026-02-20,254,8628,Order NonMasterPack,127,6.35,133.35
16308930,IF4041438808,32140919,V2R3N5MOU - MOUNT WADDINGTONS OUTDOORS,MWODTENTREES26001,2026-02-12,2026-02-20,1,8628,Order Processing,2,0.1,2.1
16308924,IF4041438799,32140912,T1W2B6VAL - VALHALLA PURE OUTFITTERS - CANMORE,14-TTIfeb16Wmns&Accessories,2026-02-12,2026-02-20,337,11256,Order NonMasterPack,168.5,8.43,176.93
16308924,IF4041438799,32140912,T1W2B6VAL - VALHALLA PURE OUTFITTERS - CANMORE,14-TTIfeb16Wmns&Accessories,2026-02-12,2026-02-20,1,11256,Order Processing,2,0.1,2.1
16308928,IF4041438806,32140916,T1W2B6VAL - VALHALLA PURE OUTFITTERS - CANMORE,14-TTImensFeb16/26,2026-02-12,2026-02-20,1,9474.5,Order Processing,2,0.1,2.1
16308928,IF4041438806,32140916,T1W2B6VAL - VALHALLA PURE OUTFITTERS - CANMORE,14-TTImensFeb16/26,2026-02-12,2026-02-20,263,9474.5,Order NonMasterPack,131.5,6.58,138.08
16308925,IF4041438803,32140913,E3B1B2THE - THE RADICAL EDGE,S26b,2026-02-12,2026-02-20,1,2375,Order Processing,2,0.1,2.1
16308925,IF4041438803,32140913,E3B1B2THE - THE RADICAL EDGE,S26b,2026-02-12,2026-02-20,63,2375,Order NonMasterPack,31.5,1.58,33.08
16320020,IF4041439011,32144913,V0R2Z0TOF - TOFINO FISHING AND TRADING,HATSTEN1,2026-02-17,2026-02-20,1,22.5,Order NonMasterPack,0.5,0.03,0.53
16320020,IF4041439011,32144913,V0R2Z0TOF - TOFINO FISHING AND TRADING,HATSTEN1,2026-02-17,2026-02-20,1,22.5,Order Processing,2,0.1,2.1
16298877,IF4041437649,32093297,R3J3Y6THE - THE NORTH WEST COMPANY LP,Shelf Talker,2026-02-09,2026-02-20,1,0,Order Processing,2,0.1,2.1
16298877,IF4041437649,32093297,R3J3Y6THE - THE NORTH WEST COMPANY LP,Shelf Talker,2026-02-09,2026-02-20,5,0,Order NonMasterPack,2.5,0.13,2.63
16298900,IF4041437751,32093401,V1E1B4HAR - HARTTY CLOTHING,Shelf Talker,2026-02-09,2026-02-20,2,0,Order NonMasterPack,1,0.05,1.05
16298900,IF4041437751,32093401,V1E1B4HAR - HARTTY CLOTHING,Shelf Talker,2026-02-09,2026-02-20,1,0,Order Processing,2,0.1,2.1
16299138,IF4041437681,32093332,G7H5B1SAI - SAIL PLEIN 29,Shelf Talker,2026-02-09,2026-02-20,1,0,Order Processing,2,0.1,2.1
16299138,IF4041437681,32093332,G7H5B1SAI - SAIL PLEIN 29,Shelf Talker,2026-02-09,2026-02-20,1,0,Order NonMasterPack,0.5,0.03,0.53
16299136,IF4041437686,32093337,J6V1N9SAI - SAIL 30,Shelf Talker,2026-02-09,2026-02-20,1,0,Order NonMasterPack,0.5,0.03,0.53
16299136,IF4041437686,32093337,J6V1N9SAI - SAIL 30,Shelf Talker,2026-02-09,2026-02-20,1,0,Order Processing,2,0.1,2.1
16299135,IF4041437685,32093336,J1L3A6SAI - SAIL 31 - SHERBROOKE,Shelf Talker,2026-02-09,2026-02-20,1,0,Order Processing,2,0.1,2.1
16299135,IF4041437685,32093336,J1L3A6SAI - SAIL 31 - SHERBROOKE,Shelf Talker,2026-02-09,2026-02-20,1,0,Order NonMasterPack,0.5,0.03,0.53
16299091,IF4041437683,32093334,J7V0N3SAI - SAIL 27,Shelf Talker,2026-02-09,2026-02-20,1,0,Order Processing,2,0.1,2.1
16299091,IF4041437683,32093334,J7V0N3SAI - SAIL 27,Shelf Talker,2026-02-09,2026-02-20,1,0,Order NonMasterPack,0.5,0.03,0.53
16299060,IF4041437684,32093335,G2J0B8SAI - SAIL 17,Shelf Talker,2026-02-09,2026-02-20,1,0,Order Processing,2,0.1,2.1
16299060,IF4041437684,32093335,G2J0B8SAI - SAIL 17,Shelf Talker,2026-02-09,2026-02-20,1,0,Order NonMasterPack,0.5,0.03,0.53
16298999,IF4041437679,32093330,J3G0S5SAI - SAIL 15,Shelf Talker,2026-02-09,2026-02-20,1,0,Order Processing,2,0.1,2.1
16298999,IF4041437679,32093330,J3G0S5SAI - SAIL 15,Shelf Talker,2026-02-09,2026-02-20,1,0,Order NonMasterPack,0.5,0.03,0.53
16308926,IF4041438804,32140914,N0B2N0CHA - CHANGE LIFESTYLE & APPAREL,Spring26Feb,2026-02-12,2026-02-20,1,3094,Order Processing,2,0.1,2.1
16308926,IF4041438804,32140914,N0B2N0CHA - CHANGE LIFESTYLE & APPAREL,Spring26Feb,2026-02-12,2026-02-20,102,3094,Order NonMasterPack,51,2.55,53.55
16308923,IF4041438797,32140911,E3B1B2THE - THE RADICAL EDGE,S26a,2026-02-12,2026-02-20,1,9878.5,Order Processing,2,0.1,2.1
16308923,IF4041438797,32140911,E3B1B2THE - THE RADICAL EDGE,S26a,2026-02-12,2026-02-20,269,9878.5,Order NonMasterPack,134.5,6.73,141.23
16299032,IF4041437624,32093272,R0G0J0KNO - KNOCKABOUTS INC.,Shelf Talker,2026-02-09,2026-02-20,1,0,Order NonMasterPack,0.5,0.03,0.53
16299032,IF4041437624,32093272,R0G0J0KNO - KNOCKABOUTS INC.,Shelf Talker,2026-02-09,2026-02-20,1,0,Order Processing,2,0.1,2.1
16299133,IF4041437682,32093333,H7P0B7SAI - SAIL 16,Shelf Talker,2026-02-09,2026-02-20,1,0,Order NonMasterPack,0.5,0.03,0.53
16299133,IF4041437682,32093333,H7P0B7SAI - SAIL 16,Shelf Talker,2026-02-09,2026-02-20,1,0,Order Processing,2,0.1,2.1
16299064,IF4041437668,32093316,K1G3X8SAI - SAIL 21,Shelf Talker,2026-02-09,2026-02-20,1,0,Order NonMasterPack,0.5,0.03,0.53
16299064,IF4041437668,32093316,K1G3X8SAI - SAIL 21,Shelf Talker,2026-02-09,2026-02-20,1,0,Order Processing,2,0.1,2.1
16299021,IF4041437669,32093317,L1J0B6SAI - SAIL 23,Shelf Talker,2026-02-09,2026-02-20,1,0,Order NonMasterPack,0.5,0.03,0.53
16299021,IF4041437669,32093317,L1J0B6SAI - SAIL 23,Shelf Talker,2026-02-09,2026-02-20,1,0,Order Processing,2,0.1,2.1
16298998,IF4041437680,32093331,L7P0N6SAI - SAIL 24,Shelf Talker,2026-02-09,2026-02-20,1,0,Order NonMasterPack,0.5,0.03,0.53
16298998,IF4041437680,32093331,L7P0N6SAI - SAIL 24,Shelf Talker,2026-02-09,2026-02-20,1,0,Order Processing,2,0.1,2.1
16298888,IF4041437687,32093338,J4Y0G4SAI - SAIL 18,Shelf Talker,2026-02-09,2026-02-20,1,0,Order Processing,2,0.1,2.1
16298888,IF4041437687,32093338,J4Y0G4SAI - SAIL 18,Shelf Talker,2026-02-09,2026-02-20,1,0,Order NonMasterPack,0.5,0.03,0.53
16298833,IF4041437667,32093315,N3C1Z4SAI - SAIL 26,Shelf Talker,2026-02-09,2026-02-20,1,0,Order Processing,2,0.1,2.1
16298833,IF4041437667,32093315,N3C1Z4SAI - SAIL 26,Shelf Talker,2026-02-09,2026-02-20,1,0,Order NonMasterPack,0.5,0.03,0.53
16299118,IF4041437655,32093303,P9A1H4MCT - MCTAGGARTS SOURCE FOR SPORTS,Shelf Talker,2026-02-09,2026-02-20,1,0,Order Processing,2,0.1,2.1
16299118,IF4041437655,32093303,P9A1H4MCT - MCTAGGARTS SOURCE FOR SPORTS,Shelf Talker,2026-02-09,2026-02-20,5,0,Order NonMasterPack,2.5,0.13,2.63
16326348,IF4041439888,32194697,V5X0A8 - TOP NOTCH EMBROIDERY,ADVENTUREATP0226,2026-02-19,2026-02-23,1,663,Order Processing,2,0.1,2.1
16326348,IF4041439888,32194697,V5X0A8 - TOP NOTCH EMBROIDERY,ADVENTUREATP0226,2026-02-19,2026-02-23,17,663,Order NonMasterPack,8.5,0.43,8.93
16308213,IF4041438583,32133387,J6E6X6ATM - ATMOSPHERE #882 (Sports 12345 INC),4262104-882,2026-02-12,2026-02-23,1,5334,Order Processing,2,0.1,2.1
16308213,IF4041438583,32133387,J6E6X6ATM - ATMOSPHERE #882 (Sports 12345 INC),4262104-882,2026-02-12,2026-02-23,169,5334,Order NonMasterPack,84.5,4.23,88.73
16308214,IF4041438584,32133388,G7H5N6PLA - Place du Royaume,4262104-484,2026-02-12,2026-02-23,1,4761.5,Order Processing,2,0.1,2.1
16308214,IF4041438584,32133388,G7H5N6PLA - Place du Royaume,4262104-484,2026-02-12,2026-02-23,119,4761.5,Order NonMasterPack,59.5,2.98,62.48
16308219,IF4041438590,32133393,G4X2A9CAR - Carrefour Gaspé,4262104-681,2026-02-12,2026-02-23,1,6350.5,Order Processing,2,0.1,2.1
16308219,IF4041438590,32133393,G4X2A9CAR - Carrefour Gaspé,4262104-681,2026-02-12,2026-02-23,186,6350.5,Order NonMasterPack,93,4.65,97.65
16308225,IF4041438597,32133399,J0K2N0BUY - Buying Member 712,4262104-712,2026-02-12,2026-02-23,20,1180,Order NonMasterPack,10,0.5,10.5
16308225,IF4041438597,32133399,J0K2N0BUY - Buying Member 712,4262104-712,2026-02-12,2026-02-23,1,1180,Order Processing,2,0.1,2.1
16308238,IF4041438612,32133788,G8H3B8CAR - Carrefour Jeannois,4262100-603,2026-02-12,2026-02-23,1,1047,Order Processing,2,0.1,2.1
16308238,IF4041438612,32133788,G8H3B8CAR - Carrefour Jeannois,4262100-603,2026-02-12,2026-02-23,28,1047,Order NonMasterPack,14,0.7,14.7
16308267,IF4041438650,32134289,J0R1R6SPO - SPORTS EXPERTS - ATMOSPHERE,4262100-834,2026-02-12,2026-02-23,1,11027,Order Processing,2,0.1,2.1
16308267,IF4041438650,32134289,J0R1R6SPO - SPORTS EXPERTS - ATMOSPHERE,4262100-834,2026-02-12,2026-02-23,299,11027,Order NonMasterPack,149.5,7.48,156.98
16268807,IF4041436529,32028715,A5A1L8MER - MERCERS MARINE EQUIPMENT LTD.,SP26 LADIES,2026-01-29,2026-02-23,16,360,Order NonMasterPack,8,0.4,8.4
16268807,IF4041436529,32028715,A5A1L8MER - MERCERS MARINE EQUIPMENT LTD.,SP26 LADIES,2026-01-29,2026-02-23,1,360,Order Processing,2,0.1,2.1
16268810,IF4041436544,32028728,V0A1K0THE - THE INSIDE EDGE SPORTS STORE LTD,20260216,2026-01-29,2026-02-23,1,878.5,Order Processing,2,0.1,2.1
16268810,IF4041436544,32028728,V0A1K0THE - THE INSIDE EDGE SPORTS STORE LTD,20260216,2026-01-29,2026-02-23,22,878.5,Order NonMasterPack,11,0.55,11.55
16298845,IF4041437595,32093243,T0A2C0FOU - FOUR SEASONS,FSCss26Feb16GARY,2026-02-09,2026-02-23,1,1631,Order Processing,2,0.1,2.1
16298845,IF4041437595,32093243,T0A2C0FOU - FOUR SEASONS,FSCss26Feb16GARY,2026-02-09,2026-02-23,55,1631,Order NonMasterPack,27.5,1.38,28.88
16309086,IF4041438760,32140030,J4G1R3SAI - SAIL 80,PO00378752,2026-02-12,2026-02-23,134,4571,Order NonMasterPack,67,3.35,70.35
16309086,IF4041438760,32140030,J4G1R3SAI - SAIL 80,PO00378752,2026-02-12,2026-02-23,1,4571,Order Processing,2,0.1,2.1
16306138,IF4041438559,32132864,J6K1C6SPO - SPORTS EXPERTS 466,4262100-466,2026-02-11,2026-02-23,98,3260,Order NonMasterPack,49,2.45,51.45
16306138,IF4041438559,32132864,J6K1C6SPO - SPORTS EXPERTS 466,4262100-466,2026-02-11,2026-02-23,1,3260,Order Processing,2,0.1,2.1
16306139,IF4041438560,32132865,H9R5J1CEN - Centre Fairview Pointe-Claire,4262100-586,2026-02-11,2026-02-23,162,5792,Order NonMasterPack,81,4.05,85.05
16306139,IF4041438560,32132865,H9R5J1CEN - Centre Fairview Pointe-Claire,4262100-586,2026-02-11,2026-02-23,1,5792,Order Processing,2,0.1,2.1
16306143,IF4041438564,32132869,H3P3E9CEN - Centre Rockland,4262100-852,2026-02-11,2026-02-23,1,3314,Order Processing,2,0.1,2.1
16306143,IF4041438564,32132869,H3P3E9CEN - Centre Rockland,4262100-852,2026-02-11,2026-02-23,97,3314,Order NonMasterPack,48.5,2.43,50.93
16306144,IF4041438565,32132870,J2C6Y7PRO - Promenades Drummondville,4262100-861,2026-02-11,2026-02-23,128,4315,Order NonMasterPack,64,3.2,67.2
16306144,IF4041438565,32132870,J2C6Y7PRO - Promenades Drummondville,4262100-861,2026-02-11,2026-02-23,1,4315,Order Processing,2,0.1,2.1
16308199,IF4041438566,32132871,H4P0C9AT - AT MONT-ROYAL,4262100-3315,2026-02-12,2026-02-23,1,7009,Order Processing,2,0.1,2.1
16308199,IF4041438566,32132871,H4P0C9AT - AT MONT-ROYAL,4262100-3315,2026-02-12,2026-02-23,182,7009,Order NonMasterPack,91,4.55,95.55
16308205,IF4041438574,32133379,J2C6Y7PRO - Promenades Drummondville,4262104-861,2026-02-12,2026-02-23,192,6461,Order NonMasterPack,96,4.8,100.8
16308205,IF4041438574,32133379,J2C6Y7PRO - Promenades Drummondville,4262104-861,2026-02-12,2026-02-23,1,6461,Order Processing,2,0.1,2.1
16308209,IF4041438578,32133383,J6K1C6SPO - SPORTS EXPERTS 466,4262104-466,2026-02-12,2026-02-23,44,1097.5,Order NonMasterPack,22,1.1,23.1
16308209,IF4041438578,32133383,J6K1C6SPO - SPORTS EXPERTS 466,4262104-466,2026-02-12,2026-02-23,1,1097.5,Order Processing,2,0.1,2.1
16308210,IF4041438579,32133384,J4Y0A5QUA - Quartier Dix-30,4262104-842,2026-02-12,2026-02-23,202,6171,Order NonMasterPack,101,5.05,106.05
16308210,IF4041438579,32133384,J4Y0A5QUA - Quartier Dix-30,4262104-842,2026-02-12,2026-02-23,1,6171,Order Processing,2,0.1,2.1
16308216,IF4041438586,32133390,"H1R3H7SEF - SEF 414 GALERIE D'ANJOU,",4262104-414,2026-02-12,2026-02-23,1,5626,Order Processing,2,0.1,2.1
16308216,IF4041438586,32133390,"H1R3H7SEF - SEF 414 GALERIE D'ANJOU,",4262104-414,2026-02-12,2026-02-23,186,5626,Order NonMasterPack,93,4.65,97.65
16308221,IF4041438592,32133395,J6T1A9SPO - Sports Experts,4262104-454,2026-02-12,2026-02-23,1,3827.5,Order Processing,2,0.1,2.1
16308221,IF4041438592,32133395,J6T1A9SPO - Sports Experts,4262104-454,2026-02-12,2026-02-23,123,3827.5,Order NonMasterPack,61.5,3.08,64.58
16308222,IF4041438593,32133396,J9P1W1SKI - Ski & Vélo Plein Air,4262104-847,2026-02-12,2026-02-23,1,2994.5,Order Processing,2,0.1,2.1
16308222,IF4041438593,32133396,J9P1W1SKI - Ski & Vélo Plein Air,4262104-847,2026-02-12,2026-02-23,88,2994.5,Order NonMasterPack,44,2.2,46.2
16308231,IF4041438605,32133781,J2S4Z5SPO - SPORTS EXPERTS,4262104-536,2026-02-12,2026-02-23,1,8290.5,Order Processing,2,0.1,2.1
16308231,IF4041438605,32133781,J2S4Z5SPO - SPORTS EXPERTS,4262104-536,2026-02-12,2026-02-23,273,8290.5,Order NonMasterPack,136.5,6.83,143.33
16308234,IF4041438608,32133784,H9R5J1CEN - Centre Fairview Pointe-Claire,4262104-586,2026-02-12,2026-02-23,182,5343,Order NonMasterPack,91,4.55,95.55
16308234,IF4041438608,32133784,H9R5J1CEN - Centre Fairview Pointe-Claire,4262104-586,2026-02-12,2026-02-23,1,5343,Order Processing,2,0.1,2.1
16308235,IF4041438609,32133785,J2G8K1SPO - Sports Experts 410,4262100-410,2026-02-12,2026-02-23,63,2460.5,Order NonMasterPack,31.5,1.58,33.08
16308235,IF4041438609,32133785,J2G8K1SPO - Sports Experts 410,4262100-410,2026-02-12,2026-02-23,1,2460.5,Order Processing,2,0.1,2.1
16308250,IF4041438629,32133801,J9P1W1SKI - Ski & Vélo Plein Air,4262100-847,2026-02-12,2026-02-23,1,2515,Order Processing,2,0.1,2.1
16308250,IF4041438629,32133801,J9P1W1SKI - Ski & Vélo Plein Air,4262100-847,2026-02-12,2026-02-23,78,2515,Order NonMasterPack,39,1.95,40.95
16308252,IF4041438632,32133804,J6A5N4GAL - Galeries Rive-Nord,4262100-863,2026-02-12,2026-02-23,1,3980,Order Processing,2,0.1,2.1
16308252,IF4041438632,32133804,J6A5N4GAL - Galeries Rive-Nord,4262100-863,2026-02-12,2026-02-23,106,3980,Order NonMasterPack,53,2.65,55.65
16308257,IF4041438637,32134279,J7A3T2SPO - SPORTS EXPERTS - ATMOSPHERE,4262100-699,2026-02-12,2026-02-23,254,8715,Order NonMasterPack,127,6.35,133.35
16308257,IF4041438637,32134279,J7A3T2SPO - SPORTS EXPERTS - ATMOSPHERE,4262100-699,2026-02-12,2026-02-23,1,8715,Order Processing,2,0.1,2.1
16308259,IF4041438640,32134281,J4Y0A5QUA - Quartier Dix-30,4262100-842,2026-02-12,2026-02-23,149,5377,Order NonMasterPack,74.5,3.73,78.23
16308259,IF4041438640,32134281,J4Y0A5QUA - Quartier Dix-30,4262100-842,2026-02-12,2026-02-23,1,5377,Order Processing,2,0.1,2.1
16308260,IF4041438641,32134282,J9T4B2SPO - SPORTS EXPERTS,4262100-855,2026-02-12,2026-02-23,1,3694,Order Processing,2,0.1,2.1
16308260,IF4041438641,32134282,J9T4B2SPO - SPORTS EXPERTS,4262100-855,2026-02-12,2026-02-23,103,3694,Order NonMasterPack,51.5,2.58,54.08
16308261,IF4041438643,32134283,J7V8W5SPO - SPORTS EXPERTS - ATMOSPHERE,4262100-3308,2026-02-12,2026-02-23,131,4863.5,Order NonMasterPack,65.5,3.28,68.78
16308261,IF4041438643,32134283,J7V8W5SPO - SPORTS EXPERTS - ATMOSPHERE,4262100-3308,2026-02-12,2026-02-23,1,4863.5,Order Processing,2,0.1,2.1
16308263,IF4041438646,32134285,G9A6M1SPO - SPORTS EXPERTS - ATMOSPHERE,4262100-866,2026-02-12,2026-02-23,1,6092,Order Processing,2,0.1,2.1
16308263,IF4041438646,32134285,G9A6M1SPO - SPORTS EXPERTS - ATMOSPHERE,4262100-866,2026-02-12,2026-02-23,170,6092,Order NonMasterPack,85,4.25,89.25
16308265,IF4041438648,32134287,J7R4Z3SPO - SPORTS EXPERTS - ATMOSPHERE,4262100-864,2026-02-12,2026-02-23,1,2132,Order Processing,2,0.1,2.1
16308265,IF4041438648,32134287,J7R4Z3SPO - SPORTS EXPERTS - ATMOSPHERE,4262100-864,2026-02-12,2026-02-23,59,2132,Order NonMasterPack,29.5,1.48,30.98
16308268,IF4041438655,32134291,G4X2A9CAR - Carrefour Gaspé,4262100-681,2026-02-12,2026-02-23,1,11835.5,Order Processing,2,0.1,2.1
16308268,IF4041438655,32134291,G4X2A9CAR - Carrefour Gaspé,4262100-681,2026-02-12,2026-02-23,291,11835.5,Order NonMasterPack,145.5,7.28,152.78
16308285,IF4041438761,32140129,J7V8W5SPO - SPORTS EXPERTS - ATMOSPHERE,4262104-3308,2026-02-12,2026-02-23,120,3179,Order NonMasterPack,60,3,63
16308285,IF4041438761,32140129,J7V8W5SPO - SPORTS EXPERTS - ATMOSPHERE,4262104-3308,2026-02-12,2026-02-23,1,3179,Order Processing,2,0.1,2.1
16308335,IF4041438651,32134290,J7Y3S7SPO - SPORTS EXPERTS - ATMOSPHERE,4262100-877,2026-02-12,2026-02-23,270,10511.5,Order NonMasterPack,135,6.75,141.75
16308335,IF4041438651,32134290,J7Y3S7SPO - SPORTS EXPERTS - ATMOSPHERE,4262100-877,2026-02-12,2026-02-23,1,10511.5,Order Processing,2,0.1,2.1
16308339,IF4041438599,32133401,J7Y3S7SPO - SPORTS EXPERTS - ATMOSPHERE,4262104-877,2026-02-12,2026-02-23,184,4889,Order NonMasterPack,92,4.6,96.6
16308339,IF4041438599,32133401,J7Y3S7SPO - SPORTS EXPERTS - ATMOSPHERE,4262104-877,2026-02-12,2026-02-23,1,4889,Order Processing,2,0.1,2.1
16298822,IF4041437613,32093261,B3B1S1CLE - CLEVE'S SOURCE FOR SPORTS,Shelf Talker,2026-02-09,2026-02-23,1,0,Order Processing,2,0.1,2.1
16298822,IF4041437613,32093261,B3B1S1CLE - CLEVE'S SOURCE FOR SPORTS,Shelf Talker,2026-02-09,2026-02-23,16,0,Handling,8.8,0.44,9.24
16268808,IF4041436531,32028717,V9Y8E9LAC - LACE IT UP aka JAYS MENS WEAR,HatsSp261,2026-01-29,2026-02-23,1,270,Order Processing,2,0.1,2.1
16268808,IF4041436531,32028717,V9Y8E9LAC - LACE IT UP aka JAYS MENS WEAR,HatsSp261,2026-01-29,2026-02-23,12,270,Order NonMasterPack,6,0.3,6.3
16268809,IF4041436543,32028727,K2P1L9BOO - BOOGIE + BIRDIE,SS26,2026-01-29,2026-02-23,1,1555.5,Order Processing,2,0.1,2.1
16268809,IF4041436543,32028727,K2P1L9BOO - BOOGIE + BIRDIE,SS26,2026-01-29,2026-02-23,59,1555.5,Order NonMasterPack,29.5,1.48,30.98
16298854,IF4041437575,32093223,R3J3Y6THE - THE NORTH WEST COMPANY LP,433541,2026-02-09,2026-02-23,91,2969.5,Order NonMasterPack,45.5,2.28,47.78
16298854,IF4041437575,32093223,R3J3Y6THE - THE NORTH WEST COMPANY LP,433541,2026-02-09,2026-02-23,1,2969.5,Order Processing,2,0.1,2.1
16308289,IF4041438767,32140134,K1V9B4961 - 9613 Paradies Ottawa,4500771438,2026-02-12,2026-02-23,1,4713.5,Order Processing,2,0.1,2.1
16308289,IF4041438767,32140134,K1V9B4961 - 9613 Paradies Ottawa,4500771438,2026-02-12,2026-02-23,108,4713.5,Order NonMasterPack,54,2.7,56.7
16308290,IF4041438768,32140136,K1V9B4961 - 9613 Paradies Ottawa,4500769842,2026-02-12,2026-02-23,1,3819.5,Order Processing,2,0.1,2.1
16308290,IF4041438768,32140136,K1V9B4961 - 9613 Paradies Ottawa,4500769842,2026-02-12,2026-02-23,113,3819.5,Order NonMasterPack,56.5,2.83,59.33
16326320,IF4041438766,32140133,T9E0V978 - 9785 Paradies Edmonton,4500771439,2026-02-19,2026-02-23,76,3298.5,Order NonMasterPack,38,1.9,39.9
16326320,IF4041438766,32140133,T9E0V978 - 9785 Paradies Edmonton,4500771439,2026-02-19,2026-02-23,1,3298.5,Order Processing,2,0.1,2.1
16320003,IF4041438988,32144891,H7L5Z6A/S - A/S Les Boutiques Tremblant,DCTR0000690,2026-02-17,2026-02-23,314,11969,Order NonMasterPack,157,7.85,164.85
16320003,IF4041438988,32144891,H7L5Z6A/S - A/S Les Boutiques Tremblant,DCTR0000690,2026-02-17,2026-02-23,1,11969,Order Processing,2,0.1,2.1
16308207,IF4041438576,32133381,H3P3E9CEN - Centre Rockland,4262104-852,2026-02-12,2026-02-23,1,1523,Order Processing,2,0.1,2.1
16308207,IF4041438576,32133381,H3P3E9CEN - Centre Rockland,4262104-852,2026-02-12,2026-02-23,48,1523,Order NonMasterPack,24,1.2,25.2
16308223,IF4041438594,32133397,G6V6Y8SPO - SPORTS EXPERTS,4262104-495,2026-02-12,2026-02-23,114,3425,Order NonMasterPack,57,2.85,59.85
16308223,IF4041438594,32133397,G6V6Y8SPO - SPORTS EXPERTS,4262104-495,2026-02-12,2026-02-23,1,3425,Order Processing,2,0.1,2.1
16308226,IF4041438598,32133400,H4P0C9AT - AT MONT-ROYAL,4262104-3315,2026-02-12,2026-02-23,1,3636,Order Processing,2,0.1,2.1
16308226,IF4041438598,32133400,H4P0C9AT - AT MONT-ROYAL,4262104-3315,2026-02-12,2026-02-23,105,3636,Order NonMasterPack,52.5,2.63,55.13
16308228,IF4041438601,32133777,G8L1H3LES - Les Promenades du Boulevard,4262104-622,2026-02-12,2026-02-23,92,3054,Order NonMasterPack,46,2.3,48.3
16308228,IF4041438601,32133777,G8L1H3LES - Les Promenades du Boulevard,4262104-622,2026-02-12,2026-02-23,1,3054,Order Processing,2,0.1,2.1
16308236,IF4041438610,32133786,G6S1C1SPO - SPORTS EXPERTS,4262100-427,2026-02-12,2026-02-23,90,3253.5,Order NonMasterPack,45,2.25,47.25
16308236,IF4041438610,32133786,G6S1C1SPO - SPORTS EXPERTS,4262100-427,2026-02-12,2026-02-23,1,3253.5,Order Processing,2,0.1,2.1
16308240,IF4041438614,32133790,G5R4C2CEN - Centre Commercial Rivière-du-Loup,4262100-421,2026-02-12,2026-02-23,1,3209.5,Order Processing,2,0.1,2.1
16308240,IF4041438614,32133790,G5R4C2CEN - Centre Commercial Rivière-du-Loup,4262100-421,2026-02-12,2026-02-23,89,3209.5,Order NonMasterPack,44.5,2.23,46.73
16308242,IF4041438616,32133792,"H1R3H7SEF - SEF 414 GALERIE D'ANJOU,",4262100-414,2026-02-12,2026-02-23,90,3325,Order NonMasterPack,45,2.25,47.25
16308242,IF4041438616,32133792,"H1R3H7SEF - SEF 414 GALERIE D'ANJOU,",4262100-414,2026-02-12,2026-02-23,1,3325,Order Processing,2,0.1,2.1
16308245,IF4041438619,32133795,G8L1H3LES - Les Promenades du Boulevard,4262100-622,2026-02-12,2026-02-23,61,2608,Order NonMasterPack,30.5,1.53,32.03
16308245,IF4041438619,32133795,G8L1H3LES - Les Promenades du Boulevard,4262100-622,2026-02-12,2026-02-23,1,2608,Order Processing,2,0.1,2.1
16308262,IF4041438645,32134284,J8T6G3PRO - Promenades Gatineau,4262100-845,2026-02-12,2026-02-23,1,4795.5,Order Processing,2,0.1,2.1
16308262,IF4041438645,32134284,J8T6G3PRO - Promenades Gatineau,4262100-845,2026-02-12,2026-02-23,131,4795.5,Order NonMasterPack,65.5,3.28,68.78
16308266,IF4041438649,32134288,G1V2L1PLA - Place Ste-Foy,4262100-3702,2026-02-12,2026-02-23,205,7409,Order NonMasterPack,102.5,5.13,107.63
16308266,IF4041438649,32134288,G1V2L1PLA - Place Ste-Foy,4262100-3702,2026-02-12,2026-02-23,1,7409,Order Processing,2,0.1,2.1
16308286,IF4041438762,32140130,G1V2L1PLA - Place Ste-Foy,4262104-3702,2026-02-12,2026-02-23,132,4074,Order NonMasterPack,66,3.3,69.3
16308286,IF4041438762,32140130,G1V2L1PLA - Place Ste-Foy,4262104-3702,2026-02-12,2026-02-23,1,4074,Order Processing,2,0.1,2.1
16308337,IF4041438622,32133796,G1V2L8SPO - Sports Experts,4262100-415,2026-02-12,2026-02-23,1,8425,Order Processing,2,0.1,2.1
16308337,IF4041438622,32133796,G1V2L8SPO - Sports Experts,4262100-415,2026-02-12,2026-02-23,237,8425,Order NonMasterPack,118.5,5.93,124.43
16308338,IF4041438602,32133778,G1V2L8SPO - Sports Experts,4262104-415,2026-02-12,2026-02-23,276,8173,Order NonMasterPack,138,6.9,144.9
16308338,IF4041438602,32133778,G1V2L8SPO - Sports Experts,4262104-415,2026-02-12,2026-02-23,1,8173,Order Processing,2,0.1,2.1
16268803,IF4041436524,32028710,H7L5Z6A/S - A/S Les Boutiques Tremblant,DCTR0000689,2026-01-29,2026-02-23,12,468,Order NonMasterPack,6,0.3,6.3
16268803,IF4041436524,32028710,H7L5Z6A/S - A/S Les Boutiques Tremblant,DCTR0000689,2026-01-29,2026-02-23,1,468,Order Processing,2,0.1,2.1
16298819,IF4041437579,32093227,B0W2Z0LA - LA CACHETTE,9976,2026-02-09,2026-02-23,1,1164.5,Order Processing,2,0.1,2.1
16298819,IF4041437579,32093227,B0W2Z0LA - LA CACHETTE,9976,2026-02-09,2026-02-23,40,1164.5,Order NonMasterPack,20,1,21
16326323,IF4041438781,32140361,H7P0B7SAI - SAIL 16,PO00378741,2026-02-19,2026-02-23,1199,40801.5,Order NonMasterPack,599.5,29.98,629.48
16326323,IF4041438781,32140361,H7P0B7SAI - SAIL 16,PO00378741,2026-02-19,2026-02-23,1,40801.5,Order Processing,2,0.1,2.1
16305391,IF4041438493,32131640,V0R2Z0TOF - TOFINO FISHING AND TRADING,tenbsp26,2026-02-11,2026-02-24,1,343,Order Processing,2,0.1,2.1
16305391,IF4041438493,32131640,V0R2Z0TOF - TOFINO FISHING AND TRADING,tenbsp26,2026-02-11,2026-02-24,7,343,Order NonMasterPack,3.5,0.18,3.68
16299097,IF4041437631,32093279,T4R1N9EDG - EDGE CLOTHING,Shelf Talker,2026-02-09,2026-02-24,1,0,Order NonMasterPack,0.5,0.03,0.53
16299097,IF4041437631,32093279,T4R1N9EDG - EDGE CLOTHING,Shelf Talker,2026-02-09,2026-02-24,1,0,Order Processing,2,0.1,2.1
16309089,IF4041438775,32140034,G7H5B1SAI - SAIL PLEIN 29,PO00378749,2026-02-12,2026-02-24,1,24578,Order Processing,2,0.1,2.1
16309089,IF4041438775,32140034,G7H5B1SAI - SAIL PLEIN 29,PO00378749,2026-02-12,2026-02-24,728,24578,Order NonMasterPack,364,18.2,382.2
16308212,IF4041438582,32133386,J9X6H7SPO - SPORTS EXPERTS,4262104-849,2026-02-12,2026-02-24,1,5943,Order Processing,2,0.1,2.1
16308212,IF4041438582,32133386,J9X6H7SPO - SPORTS EXPERTS,4262104-849,2026-02-12,2026-02-24,187,5943,Order NonMasterPack,93.5,4.68,98.18
16308217,IF4041438587,32133391,E1X1G5SPO - SPORTS EXPERTS 646,4262104-646,2026-02-12,2026-02-24,49,1460,Order NonMasterPack,24.5,1.23,25.73
16308217,IF4041438587,32133391,E1X1G5SPO - SPORTS EXPERTS 646,4262104-646,2026-02-12,2026-02-24,1,1460,Order Processing,2,0.1,2.1
16308220,IF4041438591,32133394,J0T1T0SPO - SPORTS EXPERTS 620 (DAUDELIN),4262104-620,2026-02-12,2026-02-24,1,1115.5,Order Processing,2,0.1,2.1
16308220,IF4041438591,32133394,J0T1T0SPO - SPORTS EXPERTS 620 (DAUDELIN),4262104-620,2026-02-12,2026-02-24,39,1115.5,Order NonMasterPack,19.5,0.98,20.48
16308224,IF4041438596,32133398,J9T4B2SPO - SPORTS EXPERTS,4262104-855,2026-02-12,2026-02-24,1,5635,Order Processing,2,0.1,2.1
16308224,IF4041438596,32133398,J9T4B2SPO - SPORTS EXPERTS,4262104-855,2026-02-12,2026-02-24,180,5635,Order NonMasterPack,90,4.5,94.5
16308237,IF4041438611,32133787,E1X1G5SPO - SPORTS EXPERTS 646,4262100-646,2026-02-12,2026-02-24,1,1247.5,Order Processing,2,0.1,2.1
16308237,IF4041438611,32133787,E1X1G5SPO - SPORTS EXPERTS 646,4262100-646,2026-02-12,2026-02-24,38,1247.5,Order NonMasterPack,19,0.95,19.95
16308239,IF4041438613,32133789,J0T1T0SPO - SPORTS EXPERTS 620 (DAUDELIN),4262100-620,2026-02-12,2026-02-24,1,1452.5,Order Processing,2,0.1,2.1
16308239,IF4041438613,32133789,J0T1T0SPO - SPORTS EXPERTS 620 (DAUDELIN),4262100-620,2026-02-12,2026-02-24,42,1452.5,Order NonMasterPack,21,1.05,22.05
16308246,IF4041438623,32133797,J3V6A8SPO - SPORTS EXPERTS - ATMOSPHERE 584,4262100-526,2026-02-12,2026-02-24,337,11947.5,Order NonMasterPack,168.5,8.43,176.93
16308246,IF4041438623,32133797,J3V6A8SPO - SPORTS EXPERTS - ATMOSPHERE 584,4262100-526,2026-02-12,2026-02-24,1,11947.5,Order Processing,2,0.1,2.1
16298846,IF4041437591,32093239,T8V3B1THE - The Drop Rideshop,TenTreeMenSp26-02,2026-02-09,2026-02-24,1,2883,Order Processing,2,0.1,2.1
16298846,IF4041437591,32093239,T8V3B1THE - The Drop Rideshop,TenTreeMenSp26-02,2026-02-09,2026-02-24,84,2883,Order NonMasterPack,42,2.1,44.1
16298866,IF4041437586,32093234,T9H1L2LUS - LUSSO CLOTHING LTD,LC SP26 TENTREE ORDER,2026-02-09,2026-02-24,1,2022,Order Processing,2,0.1,2.1
16298866,IF4041437586,32093234,T9H1L2LUS - LUSSO CLOTHING LTD,LC SP26 TENTREE ORDER,2026-02-09,2026-02-24,72,2022,Order NonMasterPack,36,1.8,37.8
16302435,IF4041438266,32118844,V7M3M7VAL - VALHALLA PURE OUTFITTERS,35-TEN-SS26-07112025,2026-02-10,2026-02-24,44,1444.5,Order NonMasterPack,22,1.1,23.1
16302435,IF4041438266,32118844,V7M3M7VAL - VALHALLA PURE OUTFITTERS,35-TEN-SS26-07112025,2026-02-10,2026-02-24,1,1444.5,Order Processing,2,0.1,2.1
16268804,IF4041436525,32028711,T0K1W0TAM - TAMARACK/WVSC WAREHOUSE,S26TenTreeAcces,2026-01-29,2026-02-24,1,3037.5,Order Processing,2,0.1,2.1
16268804,IF4041436525,32028711,T0K1W0TAM - TAMARACK/WVSC WAREHOUSE,S26TenTreeAcces,2026-01-29,2026-02-24,135,3037.5,Order NonMasterPack,67.5,3.38,70.88
16299022,IF4041437576,32093224,V8J3T6DRI - DRIFT APPAREL,ss26-1,2026-02-09,2026-02-24,1,3465,Order Processing,2,0.1,2.1
16299022,IF4041437576,32093224,V8J3T6DRI - DRIFT APPAREL,ss26-1,2026-02-09,2026-02-24,104,3465,Order NonMasterPack,52,2.6,54.6
16303561,IF4041438383,32125875,V6A3P7PLE - PLENTY STORES INC.,PL71025,2026-02-10,2026-02-24,1,6592.5,Order Processing,2,0.1,2.1
16303561,IF4041438383,32125875,V6A3P7PLE - PLENTY STORES INC.,PL71025,2026-02-10,2026-02-24,293,6592.5,Order NonMasterPack,146.5,7.33,153.83
16299098,IF4041437593,32093241,R0M2C0VIR - VIRDEN SPORT AND FASHION,SHIP1-SPRING2026,2026-02-09,2026-02-24,1,1674.5,Order Processing,2,0.1,2.1
16299098,IF4041437593,32093241,R0M2C0VIR - VIRDEN SPORT AND FASHION,SHIP1-SPRING2026,2026-02-09,2026-02-24,56,1674.5,Order NonMasterPack,28,1.4,29.4
16302439,IF4041438308,32123522,A2B1K7GEN - GENTLEMAN B LIFESTYLE,Shelf Talker,2026-02-10,2026-02-24,1,0,Handling,0.55,0.03,0.58
16302439,IF4041438308,32123522,A2B1K7GEN - GENTLEMAN B LIFESTYLE,Shelf Talker,2026-02-10,2026-02-24,1,0,Order Processing,2,0.1,2.1
16302442,IF4041438311,32123525,V1E4N6WEA - WEARABOUTS,Shelf Talker,2026-02-10,2026-02-24,1,0,Handling,0.55,0.03,0.58
16302442,IF4041438311,32123525,V1E4N6WEA - WEARABOUTS,Shelf Talker,2026-02-10,2026-02-24,1,0,Order Processing,2,0.1,2.1
16303560,IF4041438363,32124950,V7C0A2RIC - RICHMOND OLYMPIC OVAL,SS26D2,2026-02-10,2026-02-24,124,3062,Order NonMasterPack,62,3.1,65.1
16303560,IF4041438363,32124950,V7C0A2RIC - RICHMOND OLYMPIC OVAL,SS26D2,2026-02-10,2026-02-24,1,3062,Order Processing,2,0.1,2.1
16305369,IF4041438471,32131619,V0J3A0CAL - CALIFORNIA DREAMIN,del 1 tentree,2026-02-11,2026-02-24,1,5716.5,Order Processing,2,0.1,2.1
16305369,IF4041438471,32131619,V0J3A0CAL - CALIFORNIA DREAMIN,del 1 tentree,2026-02-11,2026-02-24,192,5716.5,Order NonMasterPack,96,4.8,100.8
16305371,IF4041438473,32131621,V9G1B8TIM - TIMES INFINITY CORP,TIC-200,2026-02-11,2026-02-24,80,1544,Order NonMasterPack,40,2,42
16305371,IF4041438473,32131621,V9G1B8TIM - TIMES INFINITY CORP,TIC-200,2026-02-11,2026-02-24,1,1544,Order Processing,2,0.1,2.1
16305372,IF4041438474,32131622,V1T9H2WEA - WEARABOUTS - VERNON,VerSp26s1,2026-02-11,2026-02-24,1,5319.5,Order Processing,2,0.1,2.1
16305372,IF4041438474,32131622,V1T9H2WEA - WEARABOUTS - VERNON,VerSp26s1,2026-02-11,2026-02-24,133,5319.5,Order NonMasterPack,66.5,3.33,69.83
16305376,IF4041438478,32131626,E8J1T7DAZ - DAZE SPORTS EXCELLENCE,Tentree SS26 - 2,2026-02-11,2026-02-24,1,4052,Order Processing,2,0.1,2.1
16305376,IF4041438478,32131626,E8J1T7DAZ - DAZE SPORTS EXCELLENCE,Tentree SS26 - 2,2026-02-11,2026-02-24,113,4052,Order NonMasterPack,56.5,2.83,59.33
16305378,IF4041438480,32131628,V7M2J5NOR - NORTH SHORE SKI AND BOARD,PBMFEB16 6%,2026-02-11,2026-02-24,56,1834,Order NonMasterPack,28,1.4,29.4
16305378,IF4041438480,32131628,V7M2J5NOR - NORTH SHORE SKI AND BOARD,PBMFEB16 6%,2026-02-11,2026-02-24,1,1834,Order Processing,2,0.1,2.1
16305381,IF4041438481,32131629,V9Y8E9LAC - LACE IT UP aka JAYS MENS WEAR,TTMens261,2026-02-11,2026-02-24,36,1217,Order NonMasterPack,18,0.9,18.9
16305381,IF4041438481,32131629,V9Y8E9LAC - LACE IT UP aka JAYS MENS WEAR,TTMens261,2026-02-11,2026-02-24,1,1217,Order Processing,2,0.1,2.1
16305382,IF4041438482,32131630,V8J1P2HOM - HOMEWORK,spring2026-1,2026-02-11,2026-02-24,73,3271,Order NonMasterPack,36.5,1.83,38.33
16305382,IF4041438482,32131630,V8J1P2HOM - HOMEWORK,spring2026-1,2026-02-11,2026-02-24,1,3271,Order Processing,2,0.1,2.1
16305383,IF4041438483,32131631,T8V3Y2ACT - ACTION SPORTS,SPRING MENS TEN TREE 2026,2026-02-11,2026-02-24,289,10176.5,Order NonMasterPack,144.5,7.23,151.73
16305383,IF4041438483,32131631,T8V3Y2ACT - ACTION SPORTS,SPRING MENS TEN TREE 2026,2026-02-11,2026-02-24,1,10176.5,Order Processing,2,0.1,2.1
16305384,IF4041438484,32131632,T9M0C4TNT - TNT CLOTHING,spring 1,2026-02-11,2026-02-24,35,934,Order NonMasterPack,17.5,0.88,18.38
16305384,IF4041438484,32131632,T9M0C4TNT - TNT CLOTHING,spring 1,2026-02-11,2026-02-24,1,934,Order Processing,2,0.1,2.1
16305387,IF4041438487,32131635,V1T5H7KAL - KALECO,SS26 accessories,2026-02-11,2026-02-24,1,304,Order Processing,2,0.1,2.1
16305387,IF4041438487,32131635,V1T5H7KAL - KALECO,SS26 accessories,2026-02-11,2026-02-24,10,304,Order NonMasterPack,5,0.25,5.25
16305392,IF4041438496,32131642,T4L2L1DER - DEROWIN HOLDINGS LTD,TenTreeSS26,2026-02-11,2026-02-24,69,2488.5,Order NonMasterPack,34.5,1.73,36.23
16305392,IF4041438496,32131642,T4L2L1DER - DEROWIN HOLDINGS LTD,TenTreeSS26,2026-02-11,2026-02-24,1,2488.5,Order Processing,2,0.1,2.1
16305393,IF4041438499,32131643,T0L2H0KAN - KANANASKIS OUTFITTERS LTD,Mns Early,2026-02-11,2026-02-24,1,2351,Order Processing,2,0.1,2.1
16305393,IF4041438499,32131643,T0L2H0KAN - KANANASKIS OUTFITTERS LTD,Mns Early,2026-02-11,2026-02-24,63,2351,Order NonMasterPack,31.5,1.58,33.08
16308270,IF4041438660,32134296,T1W1P4SPO - SPORTS EXPERTS,ATSSINDENT,2026-02-12,2026-02-24,270,9002.5,Order NonMasterPack,135,6.75,141.75
16308270,IF4041438660,32134296,T1W1P4SPO - SPORTS EXPERTS,ATSSINDENT,2026-02-12,2026-02-24,1,9002.5,Order Processing,2,0.1,2.1
16306136,IF4041438555,32132861,J6W3Z5SPO - SPORTS EXPERTS - ATMOSPHERE,4262104-851,2026-02-11,2026-02-24,196,5127,Order NonMasterPack,98,4.9,102.9
16306136,IF4041438555,32132861,J6W3Z5SPO - SPORTS EXPERTS - ATMOSPHERE,4262104-851,2026-02-11,2026-02-24,1,5127,Order Processing,2,0.1,2.1
16306137,IF4041438557,32132863,J8E2Z9SPO - SPORTS EXPERTS - ATMOSPHERE,4262104-870,2026-02-11,2026-02-24,184,4900,Order NonMasterPack,92,4.6,96.6
16306137,IF4041438557,32132863,J8E2Z9SPO - SPORTS EXPERTS - ATMOSPHERE,4262104-870,2026-02-11,2026-02-24,1,4900,Order Processing,2,0.1,2.1
16306140,IF4041438561,32132866,H8N1X1SPO - SPORTS EXPERTS - ATMOSPHERE,4262100-590,2026-02-11,2026-02-24,190,6897,Order NonMasterPack,95,4.75,99.75
16306140,IF4041438561,32132866,H8N1X1SPO - SPORTS EXPERTS - ATMOSPHERE,4262100-590,2026-02-11,2026-02-24,1,6897,Order Processing,2,0.1,2.1
16306141,IF4041438562,32132867,J2S4Z5SPO - SPORTS EXPERTS,4262100-536,2026-02-11,2026-02-24,1,8576,Order Processing,2,0.1,2.1
16306141,IF4041438562,32132867,J2S4Z5SPO - SPORTS EXPERTS,4262100-536,2026-02-11,2026-02-24,240,8576,Order NonMasterPack,120,6,126
16306142,IF4041438563,32132868,J1L1C9SPO - SPORTS EXPERTS - ATMOSPHERE,4262100-796,2026-02-11,2026-02-24,1,4712.5,Order Processing,2,0.1,2.1
16306142,IF4041438563,32132868,J1L1C9SPO - SPORTS EXPERTS - ATMOSPHERE,4262100-796,2026-02-11,2026-02-24,126,4712.5,Order NonMasterPack,63,3.15,66.15
16308200,IF4041438567,32133374,J6W3Z5SPO - SPORTS EXPERTS - ATMOSPHERE,4262100-851,2026-02-12,2026-02-24,1,10430.5,Order Processing,2,0.1,2.1
16308200,IF4041438567,32133374,J6W3Z5SPO - SPORTS EXPERTS - ATMOSPHERE,4262100-851,2026-02-12,2026-02-24,281,10430.5,Order NonMasterPack,140.5,7.03,147.53
16308201,IF4041438568,32133375,J8E2Z9SPO - SPORTS EXPERTS - ATMOSPHERE,4262100-870,2026-02-12,2026-02-24,300,11106,Order NonMasterPack,150,7.5,157.5
16308201,IF4041438568,32133375,J8E2Z9SPO - SPORTS EXPERTS - ATMOSPHERE,4262100-870,2026-02-12,2026-02-24,1,11106,Order Processing,2,0.1,2.1
16308202,IF4041438570,32133376,H3B1E2SPO - SPORTS EXPERTS 534,4262104-534,2026-02-12,2026-02-24,176,5439,Order NonMasterPack,88,4.4,92.4
16308202,IF4041438570,32133376,H3B1E2SPO - SPORTS EXPERTS 534,4262104-534,2026-02-12,2026-02-24,1,5439,Order Processing,2,0.1,2.1
16308203,IF4041438571,32133377,G9A6J2SPO - SPORTS EXPERTS - ATMOSPHERE,4262104-589,2026-02-12,2026-02-24,159,4577.5,Order NonMasterPack,79.5,3.98,83.48
16308203,IF4041438571,32133377,G9A6J2SPO - SPORTS EXPERTS - ATMOSPHERE,4262104-589,2026-02-12,2026-02-24,1,4577.5,Order Processing,2,0.1,2.1
16308206,IF4041438575,32133380,J7A3T2SPO - SPORTS EXPERTS - ATMOSPHERE,4262104-699,2026-02-12,2026-02-24,227,6385.5,Order NonMasterPack,113.5,5.68,119.18
16308206,IF4041438575,32133380,J7A3T2SPO - SPORTS EXPERTS - ATMOSPHERE,4262104-699,2026-02-12,2026-02-24,1,6385.5,Order Processing,2,0.1,2.1
16308208,IF4041438577,32133382,G9A6M1SPO - SPORTS EXPERTS - ATMOSPHERE,4262104-866,2026-02-12,2026-02-24,120,3500.5,Order NonMasterPack,60,3,63
16308208,IF4041438577,32133382,G9A6M1SPO - SPORTS EXPERTS - ATMOSPHERE,4262104-866,2026-02-12,2026-02-24,1,3500.5,Order Processing,2,0.1,2.1
16308211,IF4041438581,32133385,J0R1R6SPO - SPORTS EXPERTS - ATMOSPHERE,4262104-834,2026-02-12,2026-02-24,292,8828,Order NonMasterPack,146,7.3,153.3
16308211,IF4041438581,32133385,J0R1R6SPO - SPORTS EXPERTS - ATMOSPHERE,4262104-834,2026-02-12,2026-02-24,1,8828,Order Processing,2,0.1,2.1
16308215,IF4041438585,32133389,G9N7C1SPO - SPORTS EXPERTS - ATMOSPHERE,4262104-883,2026-02-12,2026-02-24,54,1626,Order NonMasterPack,27,1.35,28.35
16308215,IF4041438585,32133389,G9N7C1SPO - SPORTS EXPERTS - ATMOSPHERE,4262104-883,2026-02-12,2026-02-24,1,1626,Order Processing,2,0.1,2.1
16308218,IF4041438589,32133392,J7R4Z3SPO - SPORTS EXPERTS - ATMOSPHERE,4262104-864,2026-02-12,2026-02-24,1,1371.5,Order Processing,2,0.1,2.1
16308218,IF4041438589,32133392,J7R4Z3SPO - SPORTS EXPERTS - ATMOSPHERE,4262104-864,2026-02-12,2026-02-24,42,1371.5,Order NonMasterPack,21,1.05,22.05
16308227,IF4041438600,32133402,K6A2R2SPO - SPORTS EXPERTS,4262104-788,2026-02-12,2026-02-24,52,1901,Order NonMasterPack,26,1.3,27.3
16308227,IF4041438600,32133402,K6A2R2SPO - SPORTS EXPERTS,4262104-788,2026-02-12,2026-02-24,1,1901,Order Processing,2,0.1,2.1
16308229,IF4041438603,32133779,G7H5N6SPO - SPORTS EXPERTS - ATMOSPHERE,4262104-698,2026-02-12,2026-02-24,146,4006.5,Order NonMasterPack,73,3.65,76.65
16308229,IF4041438603,32133779,G7H5N6SPO - SPORTS EXPERTS - ATMOSPHERE,4262104-698,2026-02-12,2026-02-24,1,4006.5,Order Processing,2,0.1,2.1
16308230,IF4041438604,32133780,J1L1C9SPO - SPORTS EXPERTS - ATMOSPHERE,4262104-796,2026-02-12,2026-02-24,105,2766,Order NonMasterPack,52.5,2.63,55.13
16308230,IF4041438604,32133780,J1L1C9SPO - SPORTS EXPERTS - ATMOSPHERE,4262104-796,2026-02-12,2026-02-24,1,2766,Order Processing,2,0.1,2.1
16308232,IF4041438606,32133782,G0C1J0SPO - SPORTS EXPERTS 677,4262104-677,2026-02-12,2026-02-24,1,5952.5,Order Processing,2,0.1,2.1
16308232,IF4041438606,32133782,G0C1J0SPO - SPORTS EXPERTS 677,4262104-677,2026-02-12,2026-02-24,172,5952.5,Order NonMasterPack,86,4.3,90.3
16308233,IF4041438607,32133783,J3V6A8SPO - SPORTS EXPERTS - ATMOSPHERE 584,4262104-526,2026-02-12,2026-02-24,284,8232,Order NonMasterPack,142,7.1,149.1
16308233,IF4041438607,32133783,J3V6A8SPO - SPORTS EXPERTS - ATMOSPHERE 584,4262104-526,2026-02-12,2026-02-24,1,8232,Order Processing,2,0.1,2.1
16308243,IF4041438617,32133793,J6T1A9SPO - Sports Experts,4262100-454,2026-02-12,2026-02-24,1,3998.5,Order Processing,2,0.1,2.1
16308243,IF4041438617,32133793,J6T1A9SPO - Sports Experts,4262100-454,2026-02-12,2026-02-24,100,3998.5,Order NonMasterPack,50,2.5,52.5
16308244,IF4041438618,32133794,E3V1T9SPO - SPORTS EXPERTS,4262100-482,2026-02-12,2026-02-24,30,1820,Order NonMasterPack,15,0.75,15.75
16308244,IF4041438618,32133794,E3V1T9SPO - SPORTS EXPERTS,4262100-482,2026-02-12,2026-02-24,1,1820,Order Processing,2,0.1,2.1
16308247,IF4041438625,32133798,G9A6J2SPO - SPORTS EXPERTS - ATMOSPHERE,4262100-589,2026-02-12,2026-02-24,250,8797,Order NonMasterPack,125,6.25,131.25
16308247,IF4041438625,32133798,G9A6J2SPO - SPORTS EXPERTS - ATMOSPHERE,4262100-589,2026-02-12,2026-02-24,1,8797,Order Processing,2,0.1,2.1
16308248,IF4041438627,32133799,G0C1J0SPO - SPORTS EXPERTS 677,4262100-677,2026-02-12,2026-02-24,256,10424.5,Order NonMasterPack,128,6.4,134.4
16308248,IF4041438627,32133799,G0C1J0SPO - SPORTS EXPERTS 677,4262100-677,2026-02-12,2026-02-24,1,10424.5,Order Processing,2,0.1,2.1
16308254,IF4041438634,32133806,J9X6H7SPO - SPORTS EXPERTS,4262100-849,2026-02-12,2026-02-24,97,3420,Order NonMasterPack,48.5,2.43,50.93
16308254,IF4041438634,32133806,J9X6H7SPO - SPORTS EXPERTS,4262100-849,2026-02-12,2026-02-24,1,3420,Order Processing,2,0.1,2.1
16308255,IF4041438635,32134277,J6E6X6ATM - ATMOSPHERE #882 (Sports 12345 INC),4262100-882,2026-02-12,2026-02-24,101,3771.5,Order NonMasterPack,50.5,2.53,53.03
16308255,IF4041438635,32134277,J6E6X6ATM - ATMOSPHERE #882 (Sports 12345 INC),4262100-882,2026-02-12,2026-02-24,1,3771.5,Order Processing,2,0.1,2.1
16308256,IF4041438636,32134278,G7H5N6SPO - SPORTS EXPERTS - ATMOSPHERE,4262100-698,2026-02-12,2026-02-24,1,5747,Order Processing,2,0.1,2.1
16308256,IF4041438636,32134278,G7H5N6SPO - SPORTS EXPERTS - ATMOSPHERE,4262100-698,2026-02-12,2026-02-24,160,5747,Order NonMasterPack,80,4,84
16308258,IF4041438638,32134280,G9N7C1SPO - SPORTS EXPERTS - ATMOSPHERE,4262100-883,2026-02-12,2026-02-24,1,3763.5,Order Processing,2,0.1,2.1
16308258,IF4041438638,32134280,G9N7C1SPO - SPORTS EXPERTS - ATMOSPHERE,4262100-883,2026-02-12,2026-02-24,110,3763.5,Order NonMasterPack,55,2.75,57.75
16298870,IF4041437578,32093226,L4G3H7ST - ST ANDREW'S COLLEGE,159 - St Anne's,2026-02-09,2026-02-24,1,2921.5,Order Processing,2,0.1,2.1
16298870,IF4041437578,32093226,L4G3H7ST - ST ANDREW'S COLLEGE,159 - St Anne's,2026-02-09,2026-02-24,93,2921.5,Order NonMasterPack,46.5,2.33,48.83
16298881,IF4041437574,32093222,R3J3Y6THE - THE NORTH WEST COMPANY LP,433540,2026-02-09,2026-02-24,96,3450,Order NonMasterPack,48,2.4,50.4
16298881,IF4041437574,32093222,R3J3Y6THE - THE NORTH WEST COMPANY LP,433540,2026-02-09,2026-02-24,1,3450,Order Processing,2,0.1,2.1
16298894,IF4041437580,32093228,B0W2Z0LA - LA CACHETTE,9976,2026-02-09,2026-02-24,66,1745,Order NonMasterPack,33,1.65,34.65
16298894,IF4041437580,32093228,B0W2Z0LA - LA CACHETTE,9976,2026-02-09,2026-02-24,1,1745,Order Processing,2,0.1,2.1
16302433,IF4041438263,32118842,V8B0G8VAL - VALHALLA PURE SQUAMISH,TTI-SS26-M-Sh1,2026-02-10,2026-02-24,1,2624.5,Order Processing,2,0.1,2.1
16302433,IF4041438263,32118842,V8B0G8VAL - VALHALLA PURE SQUAMISH,TTI-SS26-M-Sh1,2026-02-10,2026-02-24,75,2624.5,Order NonMasterPack,37.5,1.88,39.38
16308980,IF4041438873,32141665,V8B0G8VAL - VALHALLA PURE SQUAMISH,TTI-SS26-W-Sh1,2026-02-12,2026-02-24,1,2750.5,Order Processing,2,0.1,2.1
16308980,IF4041438873,32141665,V8B0G8VAL - VALHALLA PURE SQUAMISH,TTI-SS26-W-Sh1,2026-02-12,2026-02-24,75,2750.5,Order NonMasterPack,37.5,1.88,39.38
16302434,IF4041438264,32118843,V1Y4R9BIG - BIG WHITE SKI RESORT,1659,2026-02-10,2026-02-24,178,6097,Order NonMasterPack,89,4.45,93.45
16302434,IF4041438264,32118843,V1Y4R9BIG - BIG WHITE SKI RESORT,1659,2026-02-10,2026-02-24,1,6097,Order Processing,2,0.1,2.1
16298938,IF4041437581,32093229,N4N1N9DEN - DENIM BAR,Spring26,2026-02-09,2026-02-24,63,2247,Order NonMasterPack,31.5,1.58,33.08
16298938,IF4041437581,32093229,N4N1N9DEN - DENIM BAR,Spring26,2026-02-09,2026-02-24,1,2247,Order Processing,2,0.1,2.1
16299065,IF4041437577,32093225,L4G3H7ST - ST ANDREW'S COLLEGE,357 - St Andrew's,2026-02-09,2026-02-24,118,3750,Order NonMasterPack,59,2.95,61.95
16299065,IF4041437577,32093225,L4G3H7ST - ST ANDREW'S COLLEGE,357 - St Andrew's,2026-02-09,2026-02-24,1,3750,Order Processing,2,0.1,2.1
16305367,IF4041438468,32131617,N5A3G8GRU - GRUV,1Sp26,2026-02-11,2026-02-24,168,4761.5,Order NonMasterPack,84,4.2,88.2
16305367,IF4041438468,32131617,N5A3G8GRU - GRUV,1Sp26,2026-02-11,2026-02-24,1,4761.5,Order Processing,2,0.1,2.1
16305370,IF4041438472,32131620,B2A1B9ESC - ESCAPE OUTDOORS,SS 26 Ship 3,2026-02-11,2026-02-24,1,885.5,Order Processing,2,0.1,2.1
16305370,IF4041438472,32131620,B2A1B9ESC - ESCAPE OUTDOORS,SS 26 Ship 3,2026-02-11,2026-02-24,32,885.5,Order NonMasterPack,16,0.8,16.8
16305374,IF4041438475,32131623,B5A1E7EVE - EVERY BLOOMIN THING,KN060225C,2026-02-11,2026-02-24,1,2135,Order Processing,2,0.1,2.1
16305374,IF4041438475,32131623,B5A1E7EVE - EVERY BLOOMIN THING,KN060225C,2026-02-11,2026-02-24,65,2135,Order NonMasterPack,32.5,1.63,34.13
16305375,IF4041438477,32131625,A5A1L8MER - MERCERS MARINE EQUIPMENT LTD.,S26Accessories,2026-02-11,2026-02-24,83,2063,Order NonMasterPack,41.5,2.08,43.58
16305375,IF4041438477,32131625,A5A1L8MER - MERCERS MARINE EQUIPMENT LTD.,S26Accessories,2026-02-11,2026-02-24,1,2063,Order Processing,2,0.1,2.1
16305389,IF4041438492,32131639,J4Y0C4QUI - QUINCAILLERIE TURBO INC,SS2026-ACC,2026-02-11,2026-02-24,1,1518,Order Processing,2,0.1,2.1
16305389,IF4041438492,32131639,J4Y0C4QUI - QUINCAILLERIE TURBO INC,SS2026-ACC,2026-02-11,2026-02-24,66,1518,Order NonMasterPack,33,1.65,34.65
16308269,IF4041438659,32134295,G4R1Y5PLA - Place de Ville,B250708,2026-02-12,2026-02-24,169,6179,Order NonMasterPack,84.5,4.23,88.73
16308269,IF4041438659,32134295,G4R1Y5PLA - Place de Ville,B250708,2026-02-12,2026-02-24,1,6179,Order Processing,2,0.1,2.1
16308922,IF4041438796,32140910,A2H2N2GEO - GEORGES MOUNTAIN VILLAGE,SS26,2026-02-12,2026-02-24,236,9469.5,Order NonMasterPack,118,5.9,123.9
16308922,IF4041438796,32140910,A2H2N2GEO - GEORGES MOUNTAIN VILLAGE,SS26,2026-02-12,2026-02-24,1,9469.5,Order Processing,2,0.1,2.1
16308937,IF4041438816,32140927,V0N2J2ALL - ALLISON TAYLOR dba INIS TRADING CO,Spring #1,2026-02-12,2026-02-24,116,4379,Order NonMasterPack,58,2.9,60.9
16308937,IF4041438816,32140927,V0N2J2ALL - ALLISON TAYLOR dba INIS TRADING CO,Spring #1,2026-02-12,2026-02-24,1,4379,Order Processing,2,0.1,2.1
16299009,IF4041437597,32093245,J0K2T0PIS - PISCINES ET SPAS STE-JULIENNE,Tentree SP26,2026-02-09,2026-02-24,1,234,Order Processing,2,0.1,2.1
16299009,IF4041437597,32093245,J0K2T0PIS - PISCINES ET SPAS STE-JULIENNE,Tentree SP26,2026-02-09,2026-02-24,9,234,Order NonMasterPack,4.5,0.23,4.73
16302438,IF4041438307,32123521,V0N2R0ADL - ADLINES ATTIRE LTD dba THE CLOTHES INN,Shelf Talker,2026-02-10,2026-02-24,1,0,Handling,0.55,0.03,0.58
16302438,IF4041438307,32123521,V0N2R0ADL - ADLINES ATTIRE LTD dba THE CLOTHES INN,Shelf Talker,2026-02-10,2026-02-24,1,0,Order Processing,2,0.1,2.1
16308287,IF4041438764,32140131,T2E3B9940 - 9403 Paradies Calgary,4500769841,2026-02-12,2026-02-24,193,6556,Order NonMasterPack,96.5,4.83,101.33
16308287,IF4041438764,32140131,T2E3B9940 - 9403 Paradies Calgary,4500769841,2026-02-12,2026-02-24,1,6556,Order Processing,2,0.1,2.1
16308288,IF4041438765,32140132,T2E3B9940 - 9403 Paradies Calgary,4500771437,2026-02-12,2026-02-24,1,6597,Order Processing,2,0.1,2.1
16308288,IF4041438765,32140132,T2E3B9940 - 9403 Paradies Calgary,4500771437,2026-02-12,2026-02-24,152,6597,Order NonMasterPack,76,3.8,79.8
16298855,IF4041437689,32093340,J2J0C2MOM - MOMO SPORTS GRANBY,Shelf Talker,2026-02-09,2026-02-24,1,0,Order NonMasterPack,0.5,0.03,0.53
16298855,IF4041437689,32093340,J2J0C2MOM - MOMO SPORTS GRANBY,Shelf Talker,2026-02-09,2026-02-24,1,0,Order Processing,2,0.1,2.1
16298831,IF4041437690,32093341,J1L3A6MOM - MOMO SPORTS SHERBROOKE,Shelf Talker,2026-02-09,2026-02-24,1,0,Order NonMasterPack,0.5,0.03,0.53
16298831,IF4041437690,32093341,J1L3A6MOM - MOMO SPORTS SHERBROOKE,Shelf Talker,2026-02-09,2026-02-24,1,0,Order Processing,2,0.1,2.1
16309088,IF4041438774,32140033,L7P0N6SAI - SAIL 24,PO00378746,2026-02-12,2026-02-24,1,22488.5,Order Processing,2,0.1,2.1
16309088,IF4041438774,32140033,L7P0N6SAI - SAIL 24,PO00378746,2026-02-12,2026-02-24,701,22488.5,Order NonMasterPack,350.5,17.53,368.03
16326319,IF4041438769,32140137,T9E0V978 - 9785 Paradies Edmonton,4500769843,2026-02-19,2026-02-24,89,3048,Order NonMasterPack,44.5,2.23,46.73
16326319,IF4041438769,32140137,T9E0V978 - 9785 Paradies Edmonton,4500769843,2026-02-19,2026-02-24,1,3048,Order Processing,2,0.1,2.1
16326322,IF4041438777,32140360,L1J0B6SAI - SAIL 23,PO00378745,2026-02-19,2026-02-24,1,22007.5,Order Processing,2,0.1,2.1
16326322,IF4041438777,32140360,L1J0B6SAI - SAIL 23,PO00378745,2026-02-19,2026-02-24,670,22007.5,Order NonMasterPack,335,16.75,351.75
16326328,IF4041438907,32142268,N3C1Z4SAI - SAIL 26,PO00378747,2026-02-19,2026-02-24,656,21814.5,Order NonMasterPack,328,16.4,344.4
16326328,IF4041438907,32142268,N3C1Z4SAI - SAIL 26,PO00378747,2026-02-19,2026-02-24,1,21814.5,Order Processing,2,0.1,2.1
16308204,IF4041438572,32133378,G5L7Y5SPO - SPORTS EXPERTS,4262104-775,2026-02-12,2026-02-24,1,3079,Order Processing,2,0.1,2.1
16308204,IF4041438572,32133378,G5L7Y5SPO - SPORTS EXPERTS,4262104-775,2026-02-12,2026-02-24,102,3079,Order NonMasterPack,51,2.55,53.55
16308241,IF4041438615,32133791,G6V6Y8SPO - SPORTS EXPERTS,4262100-495,2026-02-12,2026-02-24,1,4325,Order Processing,2,0.1,2.1
16308241,IF4041438615,32133791,G6V6Y8SPO - SPORTS EXPERTS,4262100-495,2026-02-12,2026-02-24,119,4325,Order NonMasterPack,59.5,2.98,62.48
16308253,IF4041438633,32133805,G5L7Y5SPO - SPORTS EXPERTS,4262100-775,2026-02-12,2026-02-24,1,4832,Order Processing,2,0.1,2.1
16308253,IF4041438633,32133805,G5L7Y5SPO - SPORTS EXPERTS,4262100-775,2026-02-12,2026-02-24,132,4832,Order NonMasterPack,66,3.3,69.3
16308264,IF4041438647,32134286,J9A0C7PLA - Plateau des Grives,4262100-3307,2026-02-12,2026-02-24,124,4351,Order NonMasterPack,62,3.1,65.1
16308264,IF4041438647,32134286,J9A0C7PLA - Plateau des Grives,4262100-3307,2026-02-12,2026-02-24,1,4351,Order Processing,2,0.1,2.1
16308336,IF4041438631,32133803,G1C5R9PRO - Promenade Beauport,4262100-763,2026-02-12,2026-02-24,92,3317,Order NonMasterPack,46,2.3,48.3
16308336,IF4041438631,32133803,G1C5R9PRO - Promenade Beauport,4262100-763,2026-02-12,2026-02-24,1,3317,Order Processing,2,0.1,2.1
16268805,IF4041436526,32028712,J1L3A6MOM - MOMO SPORTS SHERBROOKE,TENTREEACCESSHPE26,2026-01-29,2026-02-24,42,945,Order NonMasterPack,21,1.05,22.05
16268805,IF4041436526,32028712,J1L3A6MOM - MOMO SPORTS SHERBROOKE,TENTREEACCESSHPE26,2026-01-29,2026-02-24,1,945,Order Processing,2,0.1,2.1
16268806,IF4041436527,32028713,J2J0C2MOM - MOMO SPORTS GRANBY,GRTENTREEMAFPE26,2026-01-29,2026-02-24,17,382.5,Order NonMasterPack,8.5,0.43,8.93
16268806,IF4041436527,32028713,J2J0C2MOM - MOMO SPORTS GRANBY,GRTENTREEMAFPE26,2026-01-29,2026-02-24,1,382.5,Order Processing,2,0.1,2.1
16283513,IF4041437077,32058983,V9W8C9SPI - SPINNERS SPORTS CAMPBELL RIVER,10THAT021626,2026-02-03,2026-02-24,143,3242.5,Order NonMasterPack,71.5,3.58,75.08
16283513,IF4041437077,32058983,V9W8C9SPI - SPINNERS SPORTS CAMPBELL RIVER,10THAT021626,2026-02-03,2026-02-24,1,3242.5,Order Processing,2,0.1,2.1
16298826,IF4041437599,32093247,R0G0J0KNO - KNOCKABOUTS INC.,KNOTTSP26-1,2026-02-09,2026-02-24,35,1100,Order NonMasterPack,17.5,0.88,18.38
16298826,IF4041437599,32093247,R0G0J0KNO - KNOCKABOUTS INC.,KNOTTSP26-1,2026-02-09,2026-02-24,1,1100,Order Processing,2,0.1,2.1
16298860,IF4041437594,32093242,V9W8C9SPI - SPINNERS SPORTS CAMPBELL RIVER,10TWOMEN021626,2026-02-09,2026-02-24,1,3172.5,Order Processing,2,0.1,2.1
16298860,IF4041437594,32093242,V9W8C9SPI - SPINNERS SPORTS CAMPBELL RIVER,10TWOMEN021626,2026-02-09,2026-02-24,141,3172.5,Order NonMasterPack,70.5,3.53,74.03
16298890,IF4041437585,32093233,L4N8X1SOJ - SOJOURN A SEASONAL EXPERIENCE,B 030126 TTREE ACC,2026-02-09,2026-02-24,1,225,Order Processing,2,0.1,2.1
16298890,IF4041437585,32093233,L4N8X1SOJ - SOJOURN A SEASONAL EXPERIENCE,B 030126 TTREE ACC,2026-02-09,2026-02-24,10,225,Order NonMasterPack,5,0.25,5.25
16298915,IF4041437588,32093236,S9A3W6FF2 - FF2,Spring26,2026-02-09,2026-02-24,1,4938,Order Processing,2,0.1,2.1
16298915,IF4041437588,32093236,S9A3W6FF2 - FF2,Spring26,2026-02-09,2026-02-24,179,4938,Order NonMasterPack,89.5,4.48,93.98
16298977,IF4041437589,32093237,S9A3W6FF2 - FF2,Spring2026,2026-02-09,2026-02-24,1,2647.5,Order Processing,2,0.1,2.1
16298977,IF4041437589,32093237,S9A3W6FF2 - FF2,Spring2026,2026-02-09,2026-02-24,103,2647.5,Order NonMasterPack,51.5,2.58,54.08
16299037,IF4041437598,32093246,V1N2M9MAL - MALLARDS SOURCE FOR SPORTS,Ten Spring 26 1,2026-02-09,2026-02-24,1,2286.5,Order Processing,2,0.1,2.1
16299037,IF4041437598,32093246,V1N2M9MAL - MALLARDS SOURCE FOR SPORTS,Ten Spring 26 1,2026-02-09,2026-02-24,86,2286.5,Order NonMasterPack,43,2.15,45.15
16299094,IF4041437584,32093232,L4N8X1SOJ - SOJOURN A SEASONAL EXPERIENCE,B 030126 TTREE MENS,2026-02-09,2026-02-24,1,2175,Order Processing,2,0.1,2.1
16299094,IF4041437584,32093232,L4N8X1SOJ - SOJOURN A SEASONAL EXPERIENCE,B 030126 TTREE MENS,2026-02-09,2026-02-24,68,2175,Order NonMasterPack,34,1.7,35.7
16302432,IF4041438262,32118841,L4N8X1SOJ - SOJOURN A SEASONAL EXPERIENCE,B 030126 TTREE WMNS,2026-02-10,2026-02-24,61,2333,Order NonMasterPack,30.5,1.53,32.03
16302432,IF4041438262,32118841,L4N8X1SOJ - SOJOURN A SEASONAL EXPERIENCE,B 030126 TTREE WMNS,2026-02-10,2026-02-24,1,2333,Order Processing,2,0.1,2.1
16302437,IF4041438306,32123520,V0N2P0THE - THE CLOTHES INN,Shelf Talker,2026-02-10,2026-02-24,1,0,Handling,0.55,0.03,0.58
16302437,IF4041438306,32123520,V0N2P0THE - THE CLOTHES INN,Shelf Talker,2026-02-10,2026-02-24,1,0,Order Processing,2,0.1,2.1
16302458,IF4041438327,32123541,L4N8X1SOJ - SOJOURN A SEASONAL EXPERIENCE,Shelf Talker,2026-02-10,2026-02-24,1,0,Handling,0.55,0.03,0.58
16302458,IF4041438327,32123541,L4N8X1SOJ - SOJOURN A SEASONAL EXPERIENCE,Shelf Talker,2026-02-10,2026-02-24,1,0,Order Processing,2,0.1,2.1
16302462,IF4041438331,32123545,L4W5M7C/O - c/o Lowe-Martin,Shelf Talker,2026-02-10,2026-02-24,1,0,Handling,0.55,0.03,0.58
16302462,IF4041438331,32123545,L4W5M7C/O - c/o Lowe-Martin,Shelf Talker,2026-02-10,2026-02-24,1,0,Order Processing,2,0.1,2.1
16302471,IF4041438340,32123554,K2A1H1TRA - TRAILHEAD PADDLE SHACK,Shelf Talker,2026-02-10,2026-02-24,1,0,Handling,0.55,0.03,0.58
16302471,IF4041438340,32123554,K2A1H1TRA - TRAILHEAD PADDLE SHACK,Shelf Talker,2026-02-10,2026-02-24,1,0,Order Processing,2,0.1,2.1
16305386,IF4041438486,32131634,V2J2M5PEA - PEARLS FASHION,tentreeSP26Feb,2026-02-11,2026-02-24,98,3416,Order NonMasterPack,49,2.45,51.45
16305386,IF4041438486,32131634,V2J2M5PEA - PEARLS FASHION,tentreeSP26Feb,2026-02-11,2026-02-24,1,3416,Order Processing,2,0.1,2.1
16305390,IF4041438494,32131641,S0L1S0CAM - CAMERONS CLOTHING COMPANY,SS26D1/2Mn,2026-02-11,2026-02-24,44,1537.5,Order NonMasterPack,22,1.1,23.1
16305390,IF4041438494,32131641,S0L1S0CAM - CAMERONS CLOTHING COMPANY,SS26D1/2Mn,2026-02-11,2026-02-24,1,1537.5,Order Processing,2,0.1,2.1
16305394,IF4041438500,32131644,V0R1M0WAB - WABISABI BOARDWEAR,TenTree Wom SP26 Feb,2026-02-11,2026-02-24,1,1859,Order Processing,2,0.1,2.1
16305394,IF4041438500,32131644,V0R1M0WAB - WABISABI BOARDWEAR,TenTree Wom SP26 Feb,2026-02-11,2026-02-24,44,1859,Order NonMasterPack,22,1.1,23.1
16319986,IF4041439644,32178595,L2S0C7OUT - OUTDOORS ORIENTED INC.,Shelf Talker,2026-02-17,2026-02-24,1,0,Handling,0.55,0.03,0.58
16319986,IF4041439644,32178595,L2S0C7OUT - OUTDOORS ORIENTED INC.,Shelf Talker,2026-02-17,2026-02-24,1,0,Order Processing,2,0.1,2.1
16263513,IF4041436287,32012720,V8L3S8BC - BC Ferries Retail Department,184312,2026-01-27,2026-02-24,1,2710,Order Processing,2,0.1,2.1
16263513,IF4041436287,32012720,V8L3S8BC - BC Ferries Retail Department,184312,2026-01-27,2026-02-24,100,2710,Order NonMasterPack,50,2.5,52.5
16302387,IF4041438205,32118295,V8L3S8BC - BC Ferries Retail Department,184054,2026-02-10,2026-02-24,1,2311.5,Order Processing,2,0.1,2.1
16302387,IF4041438205,32118295,V8L3S8BC - BC Ferries Retail Department,184054,2026-02-10,2026-02-24,59,2311.5,Order NonMasterPack,29.5,1.48,30.98
16302475,IF4041438352,32124025,V8L3S8BC - BC Ferries Retail Department,184066,2026-02-10,2026-02-24,645,22290,Order NonMasterPack,322.5,16.13,338.63
16302475,IF4041438352,32124025,V8L3S8BC - BC Ferries Retail Department,184066,2026-02-10,2026-02-24,1,22290,Order Master Pack Carton,2,0.1,2.1
16302475,IF4041438352,32124025,V8L3S8BC - BC Ferries Retail Department,184066,2026-02-10,2026-02-24,1,22290,Order Processing,2,0.1,2.1
16302390,IF4041438209,32118298,V8L3S8BC - BC Ferries Retail Department,184057,2026-02-10,2026-02-24,59,2311.5,Order NonMasterPack,29.5,1.48,30.98
16302390,IF4041438209,32118298,V8L3S8BC - BC Ferries Retail Department,184057,2026-02-10,2026-02-24,1,2311.5,Order Processing,2,0.1,2.1
16263524,IF4041436299,32012731,V8L3S8BC - BC Ferries Retail Department,184327,2026-01-27,2026-02-24,44,990,Order NonMasterPack,22,1.1,23.1
16263524,IF4041436299,32012731,V8L3S8BC - BC Ferries Retail Department,184327,2026-01-27,2026-02-24,1,990,Order Processing,2,0.1,2.1
16302415,IF4041438242,32118824,V8L3S8BC - BC Ferries Retail Department,184336,2026-02-10,2026-02-24,66,1485,Order NonMasterPack,33,1.65,34.65
16302415,IF4041438242,32118824,V8L3S8BC - BC Ferries Retail Department,184336,2026-02-10,2026-02-24,1,1485,Order Processing,2,0.1,2.1
16302412,IF4041438238,32118821,V8L3S8BC - BC Ferries Retail Department,184231,2026-02-10,2026-02-24,92,3511,Order NonMasterPack,46,2.3,48.3
16302412,IF4041438238,32118821,V8L3S8BC - BC Ferries Retail Department,184231,2026-02-10,2026-02-24,1,3511,Order Processing,2,0.1,2.1
16302389,IF4041438208,32118297,V8L3S8BC - BC Ferries Retail Department,184056,2026-02-10,2026-02-24,59,2311.5,Order NonMasterPack,29.5,1.48,30.98
16302389,IF4041438208,32118297,V8L3S8BC - BC Ferries Retail Department,184056,2026-02-10,2026-02-24,1,2311.5,Order Processing,2,0.1,2.1
16302419,IF4041438246,32118828,V8L3S8BC - BC Ferries Retail Department,184340,2026-02-10,2026-02-24,66,1485,Order NonMasterPack,33,1.65,34.65
16302419,IF4041438246,32118828,V8L3S8BC - BC Ferries Retail Department,184340,2026-02-10,2026-02-24,1,1485,Order Processing,2,0.1,2.1
16263514,IF4041436288,32012721,V8L3S8BC - BC Ferries Retail Department,184313,2026-01-27,2026-02-24,100,2710,Order NonMasterPack,50,2.5,52.5
16263514,IF4041436288,32012721,V8L3S8BC - BC Ferries Retail Department,184313,2026-01-27,2026-02-24,1,2710,Order Processing,2,0.1,2.1
16302413,IF4041438240,32118822,V8L3S8BC - BC Ferries Retail Department,184232,2026-02-10,2026-02-24,949,44612,Order NonMasterPack,474.5,23.73,498.23
16302413,IF4041438240,32118822,V8L3S8BC - BC Ferries Retail Department,184232,2026-02-10,2026-02-24,26,44612,Order Master Pack Carton,52,2.6,54.6
16302413,IF4041438240,32118822,V8L3S8BC - BC Ferries Retail Department,184232,2026-02-10,2026-02-24,1,44612,Order Processing,2,0.1,2.1
16302411,IF4041438237,32118820,V8L3S8BC - BC Ferries Retail Department,184230,2026-02-10,2026-02-24,1,3511,Order Processing,2,0.1,2.1
16302411,IF4041438237,32118820,V8L3S8BC - BC Ferries Retail Department,184230,2026-02-10,2026-02-24,92,3511,Order NonMasterPack,46,2.3,48.3
16263512,IF4041436286,32012719,V8L3S8BC - BC Ferries Retail Department,184296,2026-01-27,2026-02-24,1,2710,Order Processing,2,0.1,2.1
16263512,IF4041436286,32012719,V8L3S8BC - BC Ferries Retail Department,184296,2026-01-27,2026-02-24,100,2710,Order NonMasterPack,50,2.5,52.5
16302410,IF4041438236,32118819,V8L3S8BC - BC Ferries Retail Department,184229,2026-02-10,2026-02-24,1,3511,Order Processing,2,0.1,2.1
16302410,IF4041438236,32118819,V8L3S8BC - BC Ferries Retail Department,184229,2026-02-10,2026-02-24,92,3511,Order NonMasterPack,46,2.3,48.3
16302414,IF4041438241,32118823,V8L3S8BC - BC Ferries Retail Department,184334,2026-02-10,2026-02-24,1,1485,Order Processing,2,0.1,2.1
16302414,IF4041438241,32118823,V8L3S8BC - BC Ferries Retail Department,184334,2026-02-10,2026-02-24,66,1485,Order NonMasterPack,33,1.65,34.65
16298899,IF4041437788,32093638,V8L3S8BC - BC Ferries Retail Department,Shelf Talker,2026-02-09,2026-02-24,1,0,Order Processing,2,0.1,2.1
16298899,IF4041437788,32093638,V8L3S8BC - BC Ferries Retail Department,Shelf Talker,2026-02-09,2026-02-24,1,0,Order NonMasterPack,0.5,0.03,0.53
16302398,IF4041438218,32118306,V8L3S8BC - BC Ferries Retail Department,184065,2026-02-10,2026-02-24,44,1602.5,Order NonMasterPack,22,1.1,23.1
16302398,IF4041438218,32118306,V8L3S8BC - BC Ferries Retail Department,184065,2026-02-10,2026-02-24,1,1602.5,Order Processing,2,0.1,2.1
16302392,IF4041438211,32118300,V8L3S8BC - BC Ferries Retail Department,184059,2026-02-10,2026-02-24,59,2311.5,Order NonMasterPack,29.5,1.48,30.98
16302392,IF4041438211,32118300,V8L3S8BC - BC Ferries Retail Department,184059,2026-02-10,2026-02-24,1,2311.5,Order Processing,2,0.1,2.1
16263509,IF4041436282,32012716,V8L3S8BC - BC Ferries Retail Department,184290,2026-01-27,2026-02-24,154,4279,Order NonMasterPack,77,3.85,80.85
16263509,IF4041436282,32012716,V8L3S8BC - BC Ferries Retail Department,184290,2026-01-27,2026-02-24,1,4279,Order Processing,2,0.1,2.1
16302416,IF4041438243,32118825,V8L3S8BC - BC Ferries Retail Department,184337,2026-02-10,2026-02-24,66,1485,Order NonMasterPack,33,1.65,34.65
16302416,IF4041438243,32118825,V8L3S8BC - BC Ferries Retail Department,184337,2026-02-10,2026-02-24,1,1485,Order Processing,2,0.1,2.1
16302396,IF4041438216,32118304,V8L3S8BC - BC Ferries Retail Department,184063,2026-02-10,2026-02-24,44,1602.5,Order NonMasterPack,22,1.1,23.1
16302396,IF4041438216,32118304,V8L3S8BC - BC Ferries Retail Department,184063,2026-02-10,2026-02-24,1,1602.5,Order Processing,2,0.1,2.1
16302385,IF4041438203,32118293,V8L3S8BC - BC Ferries Retail Department,184052,2026-02-10,2026-02-24,1,7291.5,Order Processing,2,0.1,2.1
16302385,IF4041438203,32118293,V8L3S8BC - BC Ferries Retail Department,184052,2026-02-10,2026-02-24,205,7291.5,Order NonMasterPack,102.5,5.13,107.63
16302418,IF4041438245,32118827,V8L3S8BC - BC Ferries Retail Department,184339,2026-02-10,2026-02-24,66,1485,Order NonMasterPack,33,1.65,34.65
16302418,IF4041438245,32118827,V8L3S8BC - BC Ferries Retail Department,184339,2026-02-10,2026-02-24,1,1485,Order Processing,2,0.1,2.1
16263515,IF4041436289,32012722,V8L3S8BC - BC Ferries Retail Department,184314,2026-01-27,2026-02-24,1,5420,Order Processing,2,0.1,2.1
16263515,IF4041436289,32012722,V8L3S8BC - BC Ferries Retail Department,184314,2026-01-27,2026-02-24,200,5420,Order NonMasterPack,100,5,105
16302401,IF4041438222,32118309,V8L3S8BC - BC Ferries Retail Department,184177,2026-02-10,2026-02-24,151,5647,Order NonMasterPack,75.5,3.78,79.28
16302401,IF4041438222,32118309,V8L3S8BC - BC Ferries Retail Department,184177,2026-02-10,2026-02-24,1,5647,Order Processing,2,0.1,2.1
16302394,IF4041438215,32118303,V8L3S8BC - BC Ferries Retail Department,184062,2026-02-10,2026-02-24,44,1602.5,Order NonMasterPack,22,1.1,23.1
16302394,IF4041438215,32118303,V8L3S8BC - BC Ferries Retail Department,184062,2026-02-10,2026-02-24,1,1602.5,Order Processing,2,0.1,2.1
16302400,IF4041438220,32118308,V8L3S8BC - BC Ferries Retail Department,184175,2026-02-10,2026-02-24,1,8434,Order Processing,2,0.1,2.1
16302400,IF4041438220,32118308,V8L3S8BC - BC Ferries Retail Department,184175,2026-02-10,2026-02-24,247,8434,Order NonMasterPack,123.5,6.18,129.68
16302402,IF4041438223,32118310,V8L3S8BC - BC Ferries Retail Department,184182,2026-02-10,2026-02-24,1,5647,Order Processing,2,0.1,2.1
16302402,IF4041438223,32118310,V8L3S8BC - BC Ferries Retail Department,184182,2026-02-10,2026-02-24,151,5647,Order NonMasterPack,75.5,3.78,79.28
16263516,IF4041436290,32012723,V8L3S8BC - BC Ferries Retail Department,184319,2026-01-27,2026-02-24,1,2710,Order Processing,2,0.1,2.1
16263516,IF4041436290,32012723,V8L3S8BC - BC Ferries Retail Department,184319,2026-01-27,2026-02-24,100,2710,Order NonMasterPack,50,2.5,52.5
16302427,IF4041438256,32118836,V8L3S8BC - BC Ferries Retail Department,184348,2026-02-10,2026-02-24,36,810,Order NonMasterPack,18,0.9,18.9
16302427,IF4041438256,32118836,V8L3S8BC - BC Ferries Retail Department,184348,2026-02-10,2026-02-24,1,810,Order Processing,2,0.1,2.1
16302421,IF4041438250,32118830,V8L3S8BC - BC Ferries Retail Department,184342,2026-02-10,2026-02-24,1,1485,Order Processing,2,0.1,2.1
16302421,IF4041438250,32118830,V8L3S8BC - BC Ferries Retail Department,184342,2026-02-10,2026-02-24,66,1485,Order NonMasterPack,33,1.65,34.65
16302420,IF4041438248,32118829,V8L3S8BC - BC Ferries Retail Department,184341,2026-02-10,2026-02-24,1,1485,Order Processing,2,0.1,2.1
16302420,IF4041438248,32118829,V8L3S8BC - BC Ferries Retail Department,184341,2026-02-10,2026-02-24,66,1485,Order NonMasterPack,33,1.65,34.65
16302428,IF4041438257,32118837,V8L3S8BC - BC Ferries Retail Department,184349,2026-02-10,2026-02-24,1,810,Order Processing,2,0.1,2.1
16302428,IF4041438257,32118837,V8L3S8BC - BC Ferries Retail Department,184349,2026-02-10,2026-02-24,36,810,Order NonMasterPack,18,0.9,18.9
16302406,IF4041438229,32118815,V8L3S8BC - BC Ferries Retail Department,184215,2026-02-10,2026-02-24,111,4271,Order NonMasterPack,55.5,2.78,58.28
16302406,IF4041438229,32118815,V8L3S8BC - BC Ferries Retail Department,184215,2026-02-10,2026-02-24,1,4271,Order Processing,2,0.1,2.1
16302393,IF4041438212,32118301,V8L3S8BC - BC Ferries Retail Department,184060,2026-02-10,2026-02-24,59,2311.5,Order NonMasterPack,29.5,1.48,30.98
16302393,IF4041438212,32118301,V8L3S8BC - BC Ferries Retail Department,184060,2026-02-10,2026-02-24,1,2311.5,Order Processing,2,0.1,2.1
16302388,IF4041438207,32118296,V8L3S8BC - BC Ferries Retail Department,184055,2026-02-10,2026-02-24,1,2311.5,Order Processing,2,0.1,2.1
16302388,IF4041438207,32118296,V8L3S8BC - BC Ferries Retail Department,184055,2026-02-10,2026-02-24,59,2311.5,Order NonMasterPack,29.5,1.48,30.98
16302403,IF4041438226,32118326,V8L3S8BC - BC Ferries Retail Department,184183,2026-02-10,2026-02-24,151,5647,Order NonMasterPack,75.5,3.78,79.28
16302403,IF4041438226,32118326,V8L3S8BC - BC Ferries Retail Department,184183,2026-02-10,2026-02-24,1,5647,Order Processing,2,0.1,2.1
16302405,IF4041438228,32118814,V8L3S8BC - BC Ferries Retail Department,184214,2026-02-10,2026-02-24,111,4271,Order NonMasterPack,55.5,2.78,58.28
16302405,IF4041438228,32118814,V8L3S8BC - BC Ferries Retail Department,184214,2026-02-10,2026-02-24,1,4271,Order Processing,2,0.1,2.1
16302404,IF4041438227,32118813,V8L3S8BC - BC Ferries Retail Department,184213,2026-02-10,2026-02-24,1,4271,Order Processing,2,0.1,2.1
16302404,IF4041438227,32118813,V8L3S8BC - BC Ferries Retail Department,184213,2026-02-10,2026-02-24,111,4271,Order NonMasterPack,55.5,2.78,58.28
16302408,IF4041438232,32118817,V8L3S8BC - BC Ferries Retail Department,184217,2026-02-10,2026-02-24,111,4271,Order NonMasterPack,55.5,2.78,58.28
16302408,IF4041438232,32118817,V8L3S8BC - BC Ferries Retail Department,184217,2026-02-10,2026-02-24,1,4271,Order Processing,2,0.1,2.1
16302426,IF4041438255,32118835,V8L3S8BC - BC Ferries Retail Department,184347,2026-02-10,2026-02-24,1,810,Order Processing,2,0.1,2.1
16302426,IF4041438255,32118835,V8L3S8BC - BC Ferries Retail Department,184347,2026-02-10,2026-02-24,36,810,Order NonMasterPack,18,0.9,18.9
16302430,IF4041438259,32118839,V8L3S8BC - BC Ferries Retail Department,184351,2026-02-10,2026-02-24,1,810,Order Processing,2,0.1,2.1
16302430,IF4041438259,32118839,V8L3S8BC - BC Ferries Retail Department,184351,2026-02-10,2026-02-24,36,810,Order NonMasterPack,18,0.9,18.9
16302431,IF4041438261,32118840,V8L3S8BC - BC Ferries Retail Department,184352,2026-02-10,2026-02-24,6,20182.5,Order Master Pack Carton,12,0.6,12.6
16302431,IF4041438261,32118840,V8L3S8BC - BC Ferries Retail Department,184352,2026-02-10,2026-02-24,1,20182.5,Order Processing,2,0.1,2.1
16302431,IF4041438261,32118840,V8L3S8BC - BC Ferries Retail Department,184352,2026-02-10,2026-02-24,465,20182.5,Order NonMasterPack,232.5,11.63,244.13
16263521,IF4041436295,32012728,V8L3S8BC - BC Ferries Retail Department,184324,2026-01-27,2026-02-24,44,990,Order NonMasterPack,22,1.1,23.1
16263521,IF4041436295,32012728,V8L3S8BC - BC Ferries Retail Department,184324,2026-01-27,2026-02-24,1,990,Order Processing,2,0.1,2.1
16302391,IF4041438210,32118299,V8L3S8BC - BC Ferries Retail Department,184057,2026-02-10,2026-02-24,1,2311.5,Order Processing,2,0.1,2.1
16302391,IF4041438210,32118299,V8L3S8BC - BC Ferries Retail Department,184057,2026-02-10,2026-02-24,59,2311.5,Order NonMasterPack,29.5,1.48,30.98
16302395,IF4041438214,32118302,V8L3S8BC - BC Ferries Retail Department,184061,2026-02-10,2026-02-24,59,2311.5,Order NonMasterPack,29.5,1.48,30.98
16302395,IF4041438214,32118302,V8L3S8BC - BC Ferries Retail Department,184061,2026-02-10,2026-02-24,1,2311.5,Order Processing,2,0.1,2.1
16263525,IF4041436300,32012732,V8L3S8BC - BC Ferries Retail Department,184330,2026-01-27,2026-02-24,977,55119,Order NonMasterPack,488.5,24.43,512.93
16263525,IF4041436300,32012732,V8L3S8BC - BC Ferries Retail Department,184330,2026-01-27,2026-02-24,41,55119,Order Master Pack Carton,82,4.1,86.1
16263525,IF4041436300,32012732,V8L3S8BC - BC Ferries Retail Department,184330,2026-01-27,2026-02-24,1,55119,Order Processing,2,0.1,2.1
16302422,IF4041438251,32118831,V8L3S8BC - BC Ferries Retail Department,184343,2026-02-10,2026-02-24,1,810,Order Processing,2,0.1,2.1
16302422,IF4041438251,32118831,V8L3S8BC - BC Ferries Retail Department,184343,2026-02-10,2026-02-24,36,810,Order NonMasterPack,18,0.9,18.9
16302425,IF4041438254,32118834,V8L3S8BC - BC Ferries Retail Department,184346,2026-02-10,2026-02-24,1,810,Order Processing,2,0.1,2.1
16302425,IF4041438254,32118834,V8L3S8BC - BC Ferries Retail Department,184346,2026-02-10,2026-02-24,36,810,Order NonMasterPack,18,0.9,18.9
16263522,IF4041436297,32012729,V8L3S8BC - BC Ferries Retail Department,184325,2026-01-27,2026-02-24,44,990,Order NonMasterPack,22,1.1,23.1
16263522,IF4041436297,32012729,V8L3S8BC - BC Ferries Retail Department,184325,2026-01-27,2026-02-24,1,990,Order Processing,2,0.1,2.1
16263523,IF4041436298,32012730,V8L3S8BC - BC Ferries Retail Department,184326,2026-01-27,2026-02-24,44,990,Order NonMasterPack,22,1.1,23.1
16263523,IF4041436298,32012730,V8L3S8BC - BC Ferries Retail Department,184326,2026-01-27,2026-02-24,1,990,Order Processing,2,0.1,2.1
16263510,IF4041436284,32012717,V8L3S8BC - BC Ferries Retail Department,184293,2026-01-27,2026-02-24,100,2710,Order NonMasterPack,50,2.5,52.5
16263510,IF4041436284,32012717,V8L3S8BC - BC Ferries Retail Department,184293,2026-01-27,2026-02-24,1,2710,Order Processing,2,0.1,2.1
16302399,IF4041438219,32118307,V8L3S8BC - BC Ferries Retail Department,184169,2026-02-10,2026-02-24,1,8434,Order Processing,2,0.1,2.1
16302399,IF4041438219,32118307,V8L3S8BC - BC Ferries Retail Department,184169,2026-02-10,2026-02-24,247,8434,Order NonMasterPack,123.5,6.18,129.68
16302429,IF4041438258,32118838,V8L3S8BC - BC Ferries Retail Department,184350,2026-02-10,2026-02-24,1,810,Order Processing,2,0.1,2.1
16302429,IF4041438258,32118838,V8L3S8BC - BC Ferries Retail Department,184350,2026-02-10,2026-02-24,36,810,Order NonMasterPack,18,0.9,18.9
16302424,IF4041438253,32118833,V8L3S8BC - BC Ferries Retail Department,184345,2026-02-10,2026-02-24,1,810,Order Processing,2,0.1,2.1
16302424,IF4041438253,32118833,V8L3S8BC - BC Ferries Retail Department,184345,2026-02-10,2026-02-24,36,810,Order NonMasterPack,18,0.9,18.9
16302409,IF4041438233,32118818,V8L3S8BC - BC Ferries Retail Department,184218,2026-02-10,2026-02-24,1,4271,Order Processing,2,0.1,2.1
16302409,IF4041438233,32118818,V8L3S8BC - BC Ferries Retail Department,184218,2026-02-10,2026-02-24,111,4271,Order NonMasterPack,55.5,2.78,58.28
16263511,IF4041436285,32012718,V8L3S8BC - BC Ferries Retail Department,184295,2026-01-27,2026-02-24,1,2710,Order Processing,2,0.1,2.1
16263511,IF4041436285,32012718,V8L3S8BC - BC Ferries Retail Department,184295,2026-01-27,2026-02-24,100,2710,Order NonMasterPack,50,2.5,52.5
16302417,IF4041438244,32118826,V8L3S8BC - BC Ferries Retail Department,184338,2026-02-10,2026-02-24,66,1485,Order NonMasterPack,33,1.65,34.65
16302417,IF4041438244,32118826,V8L3S8BC - BC Ferries Retail Department,184338,2026-02-10,2026-02-24,1,1485,Order Processing,2,0.1,2.1
16263520,IF4041436294,32012727,V8L3S8BC - BC Ferries Retail Department,184323,2026-01-27,2026-02-24,1,990,Order Processing,2,0.1,2.1
16263520,IF4041436294,32012727,V8L3S8BC - BC Ferries Retail Department,184323,2026-01-27,2026-02-24,44,990,Order NonMasterPack,22,1.1,23.1
16302407,IF4041438230,32118816,V8L3S8BC - BC Ferries Retail Department,184216,2026-02-10,2026-02-24,111,4271,Order NonMasterPack,55.5,2.78,58.28
16302407,IF4041438230,32118816,V8L3S8BC - BC Ferries Retail Department,184216,2026-02-10,2026-02-24,1,4271,Order Processing,2,0.1,2.1
16302384,IF4041438202,32118292,V8L3S8BC - BC Ferries Retail Department,184051,2026-02-10,2026-02-24,205,7291.5,Order NonMasterPack,102.5,5.13,107.63
16302384,IF4041438202,32118292,V8L3S8BC - BC Ferries Retail Department,184051,2026-02-10,2026-02-24,1,7291.5,Order Processing,2,0.1,2.1
16263508,IF4041436281,32012715,V8L3S8BC - BC Ferries Retail Department,184219,2026-01-27,2026-02-24,1,2587,Order Processing,2,0.1,2.1
16263508,IF4041436281,32012715,V8L3S8BC - BC Ferries Retail Department,184219,2026-01-27,2026-02-24,67,2587,Order NonMasterPack,33.5,1.68,35.18
16263519,IF4041436293,32012726,V8L3S8BC - BC Ferries Retail Department,184322,2026-01-27,2026-02-24,1,990,Order Processing,2,0.1,2.1
16263519,IF4041436293,32012726,V8L3S8BC - BC Ferries Retail Department,184322,2026-01-27,2026-02-24,44,990,Order NonMasterPack,22,1.1,23.1
16302386,IF4041438204,32118294,V8L3S8BC - BC Ferries Retail Department,184053,2026-02-10,2026-02-24,1,2311.5,Order Processing,2,0.1,2.1
16302386,IF4041438204,32118294,V8L3S8BC - BC Ferries Retail Department,184053,2026-02-10,2026-02-24,59,2311.5,Order NonMasterPack,29.5,1.48,30.98
16263517,IF4041436291,32012724,V8L3S8BC - BC Ferries Retail Department,184320,2026-01-27,2026-02-24,1,2710,Order Processing,2,0.1,2.1
16263517,IF4041436291,32012724,V8L3S8BC - BC Ferries Retail Department,184320,2026-01-27,2026-02-24,100,2710,Order NonMasterPack,50,2.5,52.5
16302423,IF4041438252,32118832,V8L3S8BC - BC Ferries Retail Department,184344,2026-02-10,2026-02-24,1,810,Order Processing,2,0.1,2.1
16302423,IF4041438252,32118832,V8L3S8BC - BC Ferries Retail Department,184344,2026-02-10,2026-02-24,36,810,Order NonMasterPack,18,0.9,18.9
16302397,IF4041438217,32118305,V8L3S8BC - BC Ferries Retail Department,184064,2026-02-10,2026-02-24,1,1602.5,Order Processing,2,0.1,2.1
16302397,IF4041438217,32118305,V8L3S8BC - BC Ferries Retail Department,184064,2026-02-10,2026-02-24,44,1602.5,Order NonMasterPack,22,1.1,23.1
16263518,IF4041436292,32012725,V8L3S8BC - BC Ferries Retail Department,184321,2026-01-27,2026-02-24,44,990,Order NonMasterPack,22,1.1,23.1
16263518,IF4041436292,32012725,V8L3S8BC - BC Ferries Retail Department,184321,2026-01-27,2026-02-24,1,990,Order Processing,2,0.1,2.1
16309013,IF4041438916,32141699,S9X1Y2MAR - MARTODAMS,TENTR-S26-MEN-D1,2026-02-12,2026-02-25,1,8008,Order Processing,2,0.1,2.1
16309013,IF4041438916,32141699,S9X1Y2MAR - MARTODAMS,TENTR-S26-MEN-D1,2026-02-12,2026-02-25,275,8008,Order NonMasterPack,137.5,6.88,144.38
16308933,IF4041438812,32140923,B3B1S1CLE - CLEVE'S SOURCE FOR SPORTS,136121,2026-02-12,2026-02-25,706,21805,Order NonMasterPack,353,17.65,370.65
16308933,IF4041438812,32140923,B3B1S1CLE - CLEVE'S SOURCE FOR SPORTS,136121,2026-02-12,2026-02-25,1,21805,Order Processing,2,0.1,2.1
16326329,IF4041438942,32142878,J6V1N9SAI - SAIL 30,PO00378750,2026-02-19,2026-02-25,963,32135.5,Order NonMasterPack,481.5,24.08,505.58
16326329,IF4041438942,32142878,J6V1N9SAI - SAIL 30,PO00378750,2026-02-19,2026-02-25,1,32135.5,Order Processing,2,0.1,2.1
16302436,IF4041438305,32123519,V0H1H0CRE - CREATIVE CUSTOM EMBROIDERY dba WORK N PL,Shelf Talker,2026-02-10,2026-02-25,1,0,Order Processing,2,0.1,2.1
16302436,IF4041438305,32123519,V0H1H0CRE - CREATIVE CUSTOM EMBROIDERY dba WORK N PL,Shelf Talker,2026-02-10,2026-02-25,1,0,Handling,0.55,0.03,0.58
16302440,IF4041438309,32123523,T8L4R2WIN - WINNERS WAY SOURCE FOR SPORTS,Shelf Talker,2026-02-10,2026-02-25,1,0,Order Processing,2,0.1,2.1
16302440,IF4041438309,32123523,T8L4R2WIN - WINNERS WAY SOURCE FOR SPORTS,Shelf Talker,2026-02-10,2026-02-25,1,0,Handling,0.55,0.03,0.58
16305385,IF4041438485,32131633,V8W1X5BLA - BLACKSAND PROPERTIES LTD. dba MERCHANT Q,MQ1546,2026-02-11,2026-02-25,1,6376,Order Processing,2,0.1,2.1
16305385,IF4041438485,32131633,V8W1X5BLA - BLACKSAND PROPERTIES LTD. dba MERCHANT Q,MQ1546,2026-02-11,2026-02-25,178,6376,Order NonMasterPack,89,4.45,93.45
16308932,IF4041438811,32140922,V5J3G6CAN - CANADA GARDENWORKS LTD dba GARDENWORKS,SS26 tentree Womens,2026-02-12,2026-02-25,569,22511.5,Order NonMasterPack,284.5,14.23,298.73
16308932,IF4041438811,32140922,V5J3G6CAN - CANADA GARDENWORKS LTD dba GARDENWORKS,SS26 tentree Womens,2026-02-12,2026-02-25,1,22511.5,Order Processing,2,0.1,2.1
16308935,IF4041438814,32140925,V9M3M1COA - COAST SURF SHOP LTD.,Tentree SP26,2026-02-12,2026-02-25,1,12858.5,Order Processing,2,0.1,2.1
16308935,IF4041438814,32140925,V9M3M1COA - COAST SURF SHOP LTD.,Tentree SP26,2026-02-12,2026-02-25,350,12858.5,Order NonMasterPack,175,8.75,183.75
16308938,IF4041438819,32140929,V0B1M0EDG - EDGE OF THE WORLD BOARD SHOP,SP26 MENS WMNS,2026-02-12,2026-02-25,1,20637,Order Processing,2,0.1,2.1
16308938,IF4041438819,32140929,V0B1M0EDG - EDGE OF THE WORLD BOARD SHOP,SP26 MENS WMNS,2026-02-12,2026-02-25,685,20637,Order NonMasterPack,342.5,17.13,359.63
16308947,IF4041438832,32141464,V5J3G6CAN - CANADA GARDENWORKS LTD dba GARDENWORKS,SS26 tentree Mens,2026-02-12,2026-02-25,571,19893,Order NonMasterPack,285.5,14.28,299.78
16308947,IF4041438832,32141464,V5J3G6CAN - CANADA GARDENWORKS LTD dba GARDENWORKS,SS26 tentree Mens,2026-02-12,2026-02-25,1,19893,Order Processing,2,0.1,2.1
16308949,IF4041438835,32141466,V0K2E0OUT - OUTLAW FASHIONS (FCJ ENTERPRISES LTD),226,2026-02-12,2026-02-25,121,4621.5,Order NonMasterPack,60.5,3.03,63.53
16308949,IF4041438835,32141466,V0K2E0OUT - OUTLAW FASHIONS (FCJ ENTERPRISES LTD),226,2026-02-12,2026-02-25,1,4621.5,Order Processing,2,0.1,2.1
16308964,IF4041438852,32141481,V7C0A2RIC - RICHMOND OLYMPIC OVAL,SS26D1,2026-02-12,2026-02-25,1,5265,Order Processing,2,0.1,2.1
16308964,IF4041438852,32141481,V7C0A2RIC - RICHMOND OLYMPIC OVAL,SS26D1,2026-02-12,2026-02-25,166,5265,Order NonMasterPack,83,4.15,87.15
16308967,IF4041438857,32141485,T0A3A2ATH - ATHLETIC ALLEY MAGNET SHOES,Sp.2026- Booking,2026-02-12,2026-02-25,151,5074.5,Order NonMasterPack,75.5,3.78,79.28
16308967,IF4041438857,32141485,T0A3A2ATH - ATHLETIC ALLEY MAGNET SHOES,Sp.2026- Booking,2026-02-12,2026-02-25,1,5074.5,Order Processing,2,0.1,2.1
16308987,IF4041438880,32141672,N0H2C0682 - 682565 ONTARIO INC.,10treespr26,2026-02-12,2026-02-25,254,11159.5,Order NonMasterPack,127,6.35,133.35
16308987,IF4041438880,32141672,N0H2C0682 - 682565 ONTARIO INC.,10treespr26,2026-02-12,2026-02-25,1,11159.5,Order Processing,2,0.1,2.1
16319984,IF4041438999,32144902,T8V3Y2ACT - ACTION SPORTS,spring 26 ladies ten tree,2026-02-17,2026-02-25,352,13742,Order NonMasterPack,176,8.8,184.8
16319984,IF4041438999,32144902,T8V3Y2ACT - ACTION SPORTS,spring 26 ladies ten tree,2026-02-17,2026-02-25,1,13742,Order Processing,2,0.1,2.1
16309087,IF4041438770,32140032,J7V0N3SAI - SAIL 27,PO00378748,2026-02-12,2026-02-25,1,23268,Order Processing,2,0.1,2.1
16309087,IF4041438770,32140032,J7V0N3SAI - SAIL 27,PO00378748,2026-02-12,2026-02-25,690,23268,Order NonMasterPack,345,17.25,362.25
16308951,IF4041438837,32141468,B2N4B5TAK - TAKE IT OUTSIDE INC.,4006-Truro,2026-02-12,2026-02-25,1,5031,Order Processing,2,0.1,2.1
16308951,IF4041438837,32141468,B2N4B5TAK - TAKE IT OUTSIDE INC.,4006-Truro,2026-02-12,2026-02-25,139,5031,Order NonMasterPack,69.5,3.48,72.98
16308953,IF4041438839,32141470,B2A1B9ESC - ESCAPE OUTDOORS,SS 26 ship 1,2026-02-12,2026-02-25,140,5670,Order NonMasterPack,70,3.5,73.5
16308953,IF4041438839,32141470,B2A1B9ESC - ESCAPE OUTDOORS,SS 26 ship 1,2026-02-12,2026-02-25,1,5670,Order Processing,2,0.1,2.1
16308955,IF4041438841,32141472,A5A1L8MER - MERCERS MARINE EQUIPMENT LTD.,S26Mens,2026-02-12,2026-02-25,1,5404,Order Processing,2,0.1,2.1
16308955,IF4041438841,32141472,A5A1L8MER - MERCERS MARINE EQUIPMENT LTD.,S26Mens,2026-02-12,2026-02-25,176,5404,Order NonMasterPack,88,4.4,92.4
16308957,IF4041438843,32141474,C1E2L9SPO - SPORTING INTENTIONS,SS26,2026-02-12,2026-02-25,1,8681,Order Processing,2,0.1,2.1
16308957,IF4041438843,32141474,C1E2L9SPO - SPORTING INTENTIONS,SS26,2026-02-12,2026-02-25,222,8681,Order NonMasterPack,111,5.55,116.55
16308958,IF4041438844,32141475,N4N1N9DEN - DENIM BAR,Jen,2026-02-12,2026-02-25,130,4332.5,Order NonMasterPack,65,3.25,68.25
16308958,IF4041438844,32141475,N4N1N9DEN - DENIM BAR,Jen,2026-02-12,2026-02-25,1,4332.5,Order Processing,2,0.1,2.1
16308981,IF4041438874,32141666,G4Z1J8SPI - SPIN SPORT,SP26-TEN-WOMEN,2026-02-12,2026-02-25,1,4182.5,Order Processing,2,0.1,2.1
16308981,IF4041438874,32141666,G4Z1J8SPI - SPIN SPORT,SP26-TEN-WOMEN,2026-02-12,2026-02-25,120,4182.5,Order NonMasterPack,60,3,63
16308983,IF4041438876,32141668,V1T5H7KAL - KALECO,Spring26,2026-02-12,2026-02-25,1,4365.5,Order Processing,2,0.1,2.1
16308983,IF4041438876,32141668,V1T5H7KAL - KALECO,Spring26,2026-02-12,2026-02-25,112,4365.5,Order NonMasterPack,56,2.8,58.8
16308984,IF4041438877,32141669,K7V1R3SCO - SCOTT'S SHOE STORE,SS26,2026-02-12,2026-02-25,1,6056,Order Processing,2,0.1,2.1
16308984,IF4041438877,32141669,K7V1R3SCO - SCOTT'S SHOE STORE,SS26,2026-02-12,2026-02-25,173,6056,Order NonMasterPack,86.5,4.33,90.83
16319960,IF4041439337,32160395,E3C1A6PAR - PARKS NEW BRUNSWICK,9102025,2026-02-17,2026-02-25,412,10429.5,Order NonMasterPack,206,10.3,216.3
16319960,IF4041439337,32160395,E3C1A6PAR - PARKS NEW BRUNSWICK,9102025,2026-02-17,2026-02-25,1,10429.5,Order Processing,2,0.1,2.1
16326318,IF4041438763,32140031,J1L3A6SAI - SAIL 31 - SHERBROOKE,PO00378751,2026-02-19,2026-02-25,602,20535,Order NonMasterPack,301,15.05,316.05
16326318,IF4041438763,32140031,J1L3A6SAI - SAIL 31 - SHERBROOKE,PO00378751,2026-02-19,2026-02-25,1,20535,Order Processing,2,0.1,2.1
16302441,IF4041438310,32123524,V2G4T6CAR - CARIBOU SKI SOURCE FOR SPORTS,Shelf Talker,2026-02-10,2026-02-25,1,0,Handling,0.55,0.03,0.58
16302441,IF4041438310,32123524,V2G4T6CAR - CARIBOU SKI SOURCE FOR SPORTS,Shelf Talker,2026-02-10,2026-02-25,1,0,Order Processing,2,0.1,2.1
16302443,IF4041438312,32123526,V0J2N0LOC - LOCAL SUPPLY CO,Shelf Talker,2026-02-10,2026-02-25,1,0,Order Processing,2,0.1,2.1
16302443,IF4041438312,32123526,V0J2N0LOC - LOCAL SUPPLY CO,Shelf Talker,2026-02-10,2026-02-25,1,0,Handling,0.55,0.03,0.58
16308282,IF4041438673,32134309,Y1A2B3COA - COAST MOUNTAIN,3003999,2026-02-12,2026-02-25,1,6825,Order Processing,2,0.1,2.1
16308282,IF4041438673,32134309,Y1A2B3COA - COAST MOUNTAIN,3003999,2026-02-12,2026-02-25,183,6825,Order NonMasterPack,91.5,4.58,96.08
16308283,IF4041438674,32134310,Y1A2B3COA - COAST MOUNTAIN,3003995,2026-02-12,2026-02-25,1,5928,Order Processing,2,0.1,2.1
16308283,IF4041438674,32134310,Y1A2B3COA - COAST MOUNTAIN,3003995,2026-02-12,2026-02-25,177,5928,Order NonMasterPack,88.5,4.43,92.93
16308939,IF4041438820,32140930,V0R1M0WAB - WABISABI BOARDWEAR,Tentree Men SP26 Feb,2026-02-12,2026-02-25,1,3373,Order Processing,2,0.1,2.1
16308939,IF4041438820,32140930,V0R1M0WAB - WABISABI BOARDWEAR,Tentree Men SP26 Feb,2026-02-12,2026-02-25,114,3373,Order NonMasterPack,57,2.85,59.85
16308960,IF4041438846,32141477,V0X1W0WOR - WORK N PLAY CLOTHING CO,Spring 2026,2026-02-12,2026-02-25,321,9389,Order NonMasterPack,160.5,8.03,168.53
16308960,IF4041438846,32141477,V0X1W0WOR - WORK N PLAY CLOTHING CO,Spring 2026,2026-02-12,2026-02-25,1,9389,Order Processing,2,0.1,2.1
16308974,IF4041438865,32141492,G3A0P5LAT - LATULIPPE DISTRIBUTION CENTER,130510,2026-02-12,2026-02-25,252,8276,Order NonMasterPack,126,6.3,132.3
16308974,IF4041438865,32141492,G3A0P5LAT - LATULIPPE DISTRIBUTION CENTER,130510,2026-02-12,2026-02-25,1,8276,Order Processing,2,0.1,2.1
16308975,IF4041438866,32141493,G3A0P5LAT - LATULIPPE DISTRIBUTION CENTER,130511,2026-02-12,2026-02-25,223,7307.5,Order NonMasterPack,111.5,5.58,117.08
16308975,IF4041438866,32141493,G3A0P5LAT - LATULIPPE DISTRIBUTION CENTER,130511,2026-02-12,2026-02-25,1,7307.5,Order Processing,2,0.1,2.1
16308976,IF4041438867,32141494,G3A0P5LAT - LATULIPPE DISTRIBUTION CENTER,130512,2026-02-12,2026-02-25,1,5203.5,Order Processing,2,0.1,2.1
16308976,IF4041438867,32141494,G3A0P5LAT - LATULIPPE DISTRIBUTION CENTER,130512,2026-02-12,2026-02-25,162,5203.5,Order NonMasterPack,81,4.05,85.05
16309023,IF4041438930,32142277,V0A1H0TOP - TOP NOTCH,ttspring26,2026-02-12,2026-02-25,1,11152.5,Order Processing,2,0.1,2.1
16309023,IF4041438930,32142277,V0A1H0TOP - TOP NOTCH,ttspring26,2026-02-12,2026-02-25,362,11152.5,Order NonMasterPack,181,9.05,190.05
16320023,IF4041438989,32144892,E3V3S9JES - JESSOMES SOURCE FOR SPORTS,TENTREESS26-1,2026-02-17,2026-02-25,247,8874.5,Order NonMasterPack,123.5,6.18,129.68
16320023,IF4041438989,32144892,E3V3S9JES - JESSOMES SOURCE FOR SPORTS,TENTREESS26-1,2026-02-17,2026-02-25,1,8874.5,Order Processing,2,0.1,2.1
16319996,IF4041438983,32144886,T6E6H7BEL - BELOW THE BELT LTD.,206854,2026-02-17,2026-02-25,1,42747.5,Order Processing,2,0.1,2.1
16319996,IF4041438983,32144886,T6E6H7BEL - BELOW THE BELT LTD.,206854,2026-02-17,2026-02-25,10,42747.5,Order Master Pack Carton,20,1,21
16319996,IF4041438983,32144886,T6E6H7BEL - BELOW THE BELT LTD.,206854,2026-02-17,2026-02-25,1221,42747.5,Order NonMasterPack,610.5,30.53,641.03
16309014,IF4041438918,32141700,S9X1Y2MAR - MARTODAMS,TENTR-S26-LDY-D1,2026-02-12,2026-02-26,1,5310.5,Order Processing,2,0.1,2.1
16309014,IF4041438918,32141700,S9X1Y2MAR - MARTODAMS,TENTR-S26-LDY-D1,2026-02-12,2026-02-26,150,5310.5,Order NonMasterPack,75,3.75,78.75
16326325,IF4041438790,32140904,G2J0B8SAI - SAIL 17,PO00378742,2026-02-19,2026-02-26,1,45528.5,Order Processing,2,0.1,2.1
16326325,IF4041438790,32140904,G2J0B8SAI - SAIL 17,PO00378742,2026-02-19,2026-02-26,1356,45528.5,Order NonMasterPack,678,33.9,711.9
16308941,IF4041438822,32140932,K0L2H0COT - COTTAGE TOYS,SS26 Tentree Feb order,2026-02-12,2026-02-26,1,5375,Order Processing,2,0.1,2.1
16308941,IF4041438822,32140932,K0L2H0COT - COTTAGE TOYS,SS26 Tentree Feb order,2026-02-12,2026-02-26,163,5375,Order NonMasterPack,81.5,4.08,85.58
16308995,IF4041438892,32141680,T7P2J8A&M - A&M CLOTHING AND SHOES,Men's Spring 26,2026-02-12,2026-02-26,102,3460,Order NonMasterPack,51,2.55,53.55
16308995,IF4041438892,32141680,T7P2J8A&M - A&M CLOTHING AND SHOES,Men's Spring 26,2026-02-12,2026-02-26,1,3460,Order Processing,2,0.1,2.1
16309015,IF4041438919,32141701,T0L2H0KAN - KANANASKIS OUTFITTERS LTD,Wms Early,2026-02-12,2026-02-26,1,3902.5,Order Processing,2,0.1,2.1
16309015,IF4041438919,32141701,T0L2H0KAN - KANANASKIS OUTFITTERS LTD,Wms Early,2026-02-12,2026-02-26,101,3902.5,Order NonMasterPack,50.5,2.53,53.03
16309081,IF4041438656,32134292,T8V4C2SPO - SPORTS EXPERTS,RETENSP26GP,2026-02-12,2026-02-26,197,6993.5,Order NonMasterPack,98.5,4.93,103.43
16309081,IF4041438656,32134292,T8V4C2SPO - SPORTS EXPERTS,RETENSP26GP,2026-02-12,2026-02-26,1,6993.5,Order Processing,2,0.1,2.1
16309083,IF4041438658,32134294,V1J5Z2ERN - Ernies Sports Experts,RETENSP26FSJ,2026-02-12,2026-02-26,160,5604,Order NonMasterPack,80,4,84
16309083,IF4041438658,32134294,V1J5Z2ERN - Ernies Sports Experts,RETENSP26FSJ,2026-02-12,2026-02-26,1,5604,Order Processing,2,0.1,2.1
16319954,IF4041439010,32144912,T1R1E842 - 42 STREET,Ten Tree SP26-1,2026-02-17,2026-02-26,1,4599.5,Order Processing,2,0.1,2.1
16319954,IF4041439010,32144912,T1R1E842 - 42 STREET,Ten Tree SP26-1,2026-02-17,2026-02-26,125,4599.5,Order NonMasterPack,62.5,3.13,65.63
16319962,IF4041439000,32144903,T0H1L0BOY - BOYTS LTD.,BOYTSSPR26-1,2026-02-17,2026-02-26,1,5294,Order Processing,2,0.1,2.1
16319962,IF4041439000,32144903,T0H1L0BOY - BOYTS LTD.,BOYTSSPR26-1,2026-02-17,2026-02-26,151,5294,Order NonMasterPack,75.5,3.78,79.28
16320000,IF4041439335,32160493,R0L1Z0RUM - RUMORS,rumtentreeSPR26,2026-02-17,2026-02-26,691,25434.5,Order NonMasterPack,345.5,17.28,362.78
16320000,IF4041439335,32160493,R0L1Z0RUM - RUMORS,rumtentreeSPR26,2026-02-17,2026-02-26,1,25434.5,Order Processing,2,0.1,2.1
16326350,IF4041438784,32140362,J3G0S5SAI - SAIL 15,PO00378740,2026-02-19,2026-02-26,1048,36164.5,Order NonMasterPack,524,26.2,550.2
16326350,IF4041438784,32140362,J3G0S5SAI - SAIL 15,PO00378740,2026-02-19,2026-02-26,1,36164.5,Order Processing,2,0.1,2.1
16308978,IF4041438871,32141497,P0J1P0A1 - A1 SOURCE FOR SPORTS,SS26 tentree Feb ship order 1of2,2026-02-12,2026-02-26,1,6386.5,Order Processing,2,0.1,2.1
16308978,IF4041438871,32141497,P0J1P0A1 - A1 SOURCE FOR SPORTS,SS26 tentree Feb ship order 1of2,2026-02-12,2026-02-26,198,6386.5,Order NonMasterPack,99,4.95,103.95
16308991,IF4041438885,32141676,V1C3R3GER - GERICK SPORTS,tentree sp261,2026-02-12,2026-02-26,1,6136,Order Processing,2,0.1,2.1
16308991,IF4041438885,32141676,V1C3R3GER - GERICK SPORTS,tentree sp261,2026-02-12,2026-02-26,182,6136,Order NonMasterPack,91,4.55,95.55
16309001,IF4041438898,32141686,G0C2B0RHE - RHEAL PITRE A FILS LTEE,VN-160226,2026-02-12,2026-02-26,1,5954,Order Processing,2,0.1,2.1
16309001,IF4041438898,32141686,G0C2B0RHE - RHEAL PITRE A FILS LTEE,VN-160226,2026-02-12,2026-02-26,155,5954,Order NonMasterPack,77.5,3.88,81.38
16309016,IF4041438920,32141702,J0K2T0PIS - PISCINES ET SPAS STE-JULIENNE,Tentree SP26,2026-02-12,2026-02-26,109,3962,Order NonMasterPack,54.5,2.73,57.23
16309016,IF4041438920,32141702,J0K2T0PIS - PISCINES ET SPAS STE-JULIENNE,Tentree SP26,2026-02-12,2026-02-26,1,3962,Order Processing,2,0.1,2.1
16319964,IF4041439014,32144916,T4R1N9EDG - EDGE CLOTHING,10TreeSPG2026Men_216,2026-02-17,2026-02-26,154,4843.5,Order NonMasterPack,77,3.85,80.85
16319964,IF4041439014,32144916,T4R1N9EDG - EDGE CLOTHING,10TreeSPG2026Men_216,2026-02-17,2026-02-26,1,4843.5,Order Processing,2,0.1,2.1
16300270,IF4041438131,32115650,L5W1Y6NLS - NLS-SPORTING LIFE,Shelf Talker,2026-02-09,2026-02-26,1,0,Order Processing,2,0.1,2.1
16300270,IF4041438131,32115650,L5W1Y6NLS - NLS-SPORTING LIFE,Shelf Talker,2026-02-09,2026-02-26,11,0,Order NonMasterPack,5.5,0.28,5.78
16326324,IF4041438786,32140363,K1G3X8SAI - SAIL 21,PO00378744,2026-02-19,2026-02-26,1301,43105,Order NonMasterPack,650.5,32.53,683.03
16326324,IF4041438786,32140363,K1G3X8SAI - SAIL 21,PO00378744,2026-02-19,2026-02-26,1,43105,Order Processing,2,0.1,2.1
16326321,IF4041438776,32140359,J4Y0G4SAI - SAIL 18,PO00378743,2026-02-19,2026-02-26,1169,38483.5,Order NonMasterPack,584.5,29.23,613.73
16326321,IF4041438776,32140359,J4Y0G4SAI - SAIL 18,PO00378743,2026-02-19,2026-02-26,1,38483.5,Order Processing,2,0.1,2.1
16308970,IF4041438860,32141488,R1A1V2KEY - KEYSTONE SOURCE FOR SPORTS,RM SP26,2026-02-12,2026-02-26,165,4844,Order NonMasterPack,82.5,4.13,86.63
16308970,IF4041438860,32141488,R1A1V2KEY - KEYSTONE SOURCE FOR SPORTS,RM SP26,2026-02-12,2026-02-26,1,4844,Order Processing,2,0.1,2.1
16309010,IF4041438913,32141696,V1K1B8WOR - WORK N PLAY CLOTHING CO,38009,2026-02-12,2026-02-26,1,5463,Order Processing,2,0.1,2.1
16309010,IF4041438913,32141696,V1K1B8WOR - WORK N PLAY CLOTHING CO,38009,2026-02-12,2026-02-26,178,5463,Order NonMasterPack,89,4.45,93.45
16305388,IF4041438490,32131637,K2A1H1TRA - TRAILHEAD PADDLE SHACK,THPS33TH,2026-02-11,2026-02-26,1,9767,Order Processing,2,0.1,2.1
16305388,IF4041438490,32131637,K2A1H1TRA - TRAILHEAD PADDLE SHACK,THPS33TH,2026-02-11,2026-02-26,325,9767,Order NonMasterPack,162.5,8.13,170.63
16309004,IF4041438903,32141689,T7E1T7JEN - JENSENS LIFESTYLE CLOTHING,FEBDEL26,2026-02-12,2026-02-27,1,3988.5,Order Processing,2,0.1,2.1
16309004,IF4041438903,32141689,T7E1T7JEN - JENSENS LIFESTYLE CLOTHING,FEBDEL26,2026-02-12,2026-02-27,112,3988.5,Order NonMasterPack,56,2.8,58.8
16300258,IF4041438118,32115638,L5W1Y6NLS - NLS-SPORTING LIFE,SLI-058716,2026-02-09,2026-02-27,74,2646,Order NonMasterPack,37,1.85,38.85
16300258,IF4041438118,32115638,L5W1Y6NLS - NLS-SPORTING LIFE,SLI-058716,2026-02-09,2026-02-27,1,2646,Order Processing,2,0.1,2.1
16300264,IF4041438124,32115644,L5W1Y6NLS - NLS-SPORTING LIFE,SLI-058726,2026-02-09,2026-02-27,74,2646,Order NonMasterPack,37,1.85,38.85
16300264,IF4041438124,32115644,L5W1Y6NLS - NLS-SPORTING LIFE,SLI-058726,2026-02-09,2026-02-27,1,2646,Order Processing,2,0.1,2.1
16300257,IF4041438117,32115637,L5W1Y6NLS - NLS-SPORTING LIFE,SLI-058721,2026-02-09,2026-02-27,1,2357,Order Processing,2,0.1,2.1
16300257,IF4041438117,32115637,L5W1Y6NLS - NLS-SPORTING LIFE,SLI-058721,2026-02-09,2026-02-27,66,2357,Order NonMasterPack,33,1.65,34.65
16300252,IF4041438114,32115634,L5W1Y6NLS - NLS-SPORTING LIFE,SLI-058723,2026-02-09,2026-02-27,1,1733,Order Processing,2,0.1,2.1
16300252,IF4041438114,32115634,L5W1Y6NLS - NLS-SPORTING LIFE,SLI-058723,2026-02-09,2026-02-27,50,1733,Order NonMasterPack,25,1.25,26.25
16300254,IF4041438115,32115635,L5W1Y6NLS - NLS-SPORTING LIFE,SLI-058724,2026-02-09,2026-02-27,1,2646,Order Processing,2,0.1,2.1
16300254,IF4041438115,32115635,L5W1Y6NLS - NLS-SPORTING LIFE,SLI-058724,2026-02-09,2026-02-27,74,2646,Order NonMasterPack,37,1.85,38.85
16300259,IF4041438119,32115639,L5W1Y6NLS - NLS-SPORTING LIFE,SLI-058722,2026-02-09,2026-02-27,1,2646,Order Processing,2,0.1,2.1
16300259,IF4041438119,32115639,L5W1Y6NLS - NLS-SPORTING LIFE,SLI-058722,2026-02-09,2026-02-27,74,2646,Order NonMasterPack,37,1.85,38.85
16300255,IF4041438116,32115636,L5W1Y6NLS - NLS-SPORTING LIFE,SLI-058728,2026-02-09,2026-02-27,48,1688,Order NonMasterPack,24,1.2,25.2
16300255,IF4041438116,32115636,L5W1Y6NLS - NLS-SPORTING LIFE,SLI-058728,2026-02-09,2026-02-27,1,1688,Order Processing,2,0.1,2.1
16300250,IF4041438113,32115633,L5W1Y6NLS - NLS-SPORTING LIFE,SLI-058715,2026-02-09,2026-02-27,1,2357,Order Processing,2,0.1,2.1
16300250,IF4041438113,32115633,L5W1Y6NLS - NLS-SPORTING LIFE,SLI-058715,2026-02-09,2026-02-27,66,2357,Order NonMasterPack,33,1.65,34.65
16300260,IF4041438120,32115640,L5W1Y6NLS - NLS-SPORTING LIFE,SLI-058719,2026-02-09,2026-02-27,1,2853,Order Processing,2,0.1,2.1
16300260,IF4041438120,32115640,L5W1Y6NLS - NLS-SPORTING LIFE,SLI-058719,2026-02-09,2026-02-27,81,2853,Order NonMasterPack,40.5,2.03,42.53
16300262,IF4041438122,32115642,L5W1Y6NLS - NLS-SPORTING LIFE,SLI-058725,2026-02-09,2026-02-27,68,2402,Order NonMasterPack,34,1.7,35.7
16300262,IF4041438122,32115642,L5W1Y6NLS - NLS-SPORTING LIFE,SLI-058725,2026-02-09,2026-02-27,1,2402,Order Processing,2,0.1,2.1
16300263,IF4041438123,32115643,L5W1Y6NLS - NLS-SPORTING LIFE,SLI-058720,2026-02-09,2026-02-27,81,2853,Order NonMasterPack,40.5,2.03,42.53
16300263,IF4041438123,32115643,L5W1Y6NLS - NLS-SPORTING LIFE,SLI-058720,2026-02-09,2026-02-27,1,2853,Order Processing,2,0.1,2.1
16300249,IF4041438112,32115632,L5W1Y6NLS - NLS-SPORTING LIFE,SLI-058718,2026-02-09,2026-02-27,66,2357,Order NonMasterPack,33,1.65,34.65
16300249,IF4041438112,32115632,L5W1Y6NLS - NLS-SPORTING LIFE,SLI-058718,2026-02-09,2026-02-27,1,2357,Order Processing,2,0.1,2.1
16300261,IF4041438121,32115641,L5W1Y6NLS - NLS-SPORTING LIFE,SLI-058713,2026-02-09,2026-02-27,204,7206,Order NonMasterPack,102,5.1,107.1
16300261,IF4041438121,32115641,L5W1Y6NLS - NLS-SPORTING LIFE,SLI-058713,2026-02-09,2026-02-27,1,7206,Order Processing,2,0.1,2.1
16300248,IF4041438111,32115631,L5W1Y6NLS - NLS-SPORTING LIFE,SLI-058717,2026-02-09,2026-02-27,48,1688,Order NonMasterPack,24,1.2,25.2
16300248,IF4041438111,32115631,L5W1Y6NLS - NLS-SPORTING LIFE,SLI-058717,2026-02-09,2026-02-27,1,1688,Order Processing,2,0.1,2.1
16300265,IF4041438125,32115645,L5W1Y6NLS - NLS-SPORTING LIFE,SLI-058727,2026-02-09,2026-02-27,1,2646,Order Processing,2,0.1,2.1
16300265,IF4041438125,32115645,L5W1Y6NLS - NLS-SPORTING LIFE,SLI-058727,2026-02-09,2026-02-27,74,2646,Order NonMasterPack,37,1.85,38.85
16308919,IF4041438791,32140905,G2B0S6SIM - SIMONS - LA MAISON SIMONS,829546,2026-02-12,2026-02-27,456,20064,Order NonMasterPack,228,11.4,239.4
16308919,IF4041438791,32140905,G2B0S6SIM - SIMONS - LA MAISON SIMONS,829546,2026-02-12,2026-02-27,1,20064,Order Processing,2,0.1,2.1
16308284,IF4041438759,32140029,G2B0S6SIM - SIMONS - LA MAISON SIMONS,827968,2026-02-12,2026-02-27,30,7350,Order NonMasterPack,15,0.75,15.75
16308284,IF4041438759,32140029,G2B0S6SIM - SIMONS - LA MAISON SIMONS,827968,2026-02-12,2026-02-27,1,7350,Order Processing,2,0.1,2.1
16308284,IF4041438759,32140029,G2B0S6SIM - SIMONS - LA MAISON SIMONS,827968,2026-02-12,2026-02-27,6,7350,Order Master Pack Carton,12,0.6,12.6
16305395,IF4041438502,32131645,V2A5A4FRE - FREE RIDE PENTICTON,PenTenTreeSp26,2026-02-11,2026-02-27,1,1188,Order Processing,2,0.1,2.1
16305395,IF4041438502,32131645,V2A5A4FRE - FREE RIDE PENTICTON,PenTenTreeSp26,2026-02-11,2026-02-27,40,1188,Order NonMasterPack,20,1,21
16305400,IF4041438507,32131650,V1R4C2JJS - JJS FASHIONS,10TREE-MW1-SS26,2026-02-11,2026-02-27,1,2102,Order Processing,2,0.1,2.1
16305400,IF4041438507,32131650,V1R4C2JJS - JJS FASHIONS,10TREE-MW1-SS26,2026-02-11,2026-02-27,74,2102,Order NonMasterPack,37,1.85,38.85
16305402,IF4041438510,32131652,T9W1C5ARM - ARMSTRONGS CLOTHING AND SPORTS,SPR26MNS Del1,2026-02-11,2026-02-27,60,1964.5,Order NonMasterPack,30,1.5,31.5
16305402,IF4041438510,32131652,T9W1C5ARM - ARMSTRONGS CLOTHING AND SPORTS,SPR26MNS Del1,2026-02-11,2026-02-27,1,1964.5,Order Processing,2,0.1,2.1
16305424,IF4041438488,32131636,J9L1M8LE - LE COUREUR DES BOIS,CP030720225Liv.Vet1,2026-02-11,2026-02-27,70,2438,Order NonMasterPack,35,1.75,36.75
16305424,IF4041438488,32131636,J9L1M8LE - LE COUREUR DES BOIS,CP030720225Liv.Vet1,2026-02-11,2026-02-27,1,2438,Order Processing,2,0.1,2.1
16308272,IF4041438662,32134298,J8E2Z9SPO - SPORTS EXPERTS - ATMOSPHERE,4262100-870,2026-02-12,2026-02-27,1,312,Order Processing,2,0.1,2.1
16308272,IF4041438662,32134298,J8E2Z9SPO - SPORTS EXPERTS - ATMOSPHERE,4262100-870,2026-02-12,2026-02-27,8,312,Order NonMasterPack,4,0.2,4.2
16308940,IF4041438821,32140931,V0R1K0XS - XS IV CHEMAINUS  BEYOND THE USUAL,BTU SPSU26 Ship 1,2026-02-12,2026-02-27,56,2389.5,Order NonMasterPack,28,1.4,29.4
16308940,IF4041438821,32140931,V0R1K0XS - XS IV CHEMAINUS  BEYOND THE USUAL,BTU SPSU26 Ship 1,2026-02-12,2026-02-27,1,2389.5,Order Processing,2,0.1,2.1
16308948,IF4041438834,32141465,B0T1W0LOC - LOCKE'S SPORTING AND OUTDOOR ADVENTURE,26-Feb,2026-02-12,2026-02-27,1,3401.5,Order Processing,2,0.1,2.1
16308948,IF4041438834,32141465,B0T1W0LOC - LOCKE'S SPORTING AND OUTDOOR ADVENTURE,26-Feb,2026-02-12,2026-02-27,71,3401.5,Order NonMasterPack,35.5,1.78,37.28
16308950,IF4041438836,32141467,B4N1H6LIV - LIV FASHION BOUTIQUE,6122025001,2026-02-12,2026-02-27,1,2236,Order Processing,2,0.1,2.1
16308950,IF4041438836,32141467,B4N1H6LIV - LIV FASHION BOUTIQUE,6122025001,2026-02-12,2026-02-27,58,2236,Order NonMasterPack,29,1.45,30.45
16308954,IF4041438840,32141471,B2A1B9ESC - ESCAPE OUTDOORS,SS 26 Ship 2,2026-02-12,2026-02-27,19,706,Order NonMasterPack,9.5,0.48,9.98
16308954,IF4041438840,32141471,B2A1B9ESC - ESCAPE OUTDOORS,SS 26 Ship 2,2026-02-12,2026-02-27,1,706,Order Processing,2,0.1,2.1
16308959,IF4041438845,32141476,V7M2J5NOR - NORTH SHORE SKI AND BOARD,PBWFEB16 6%,2026-02-12,2026-02-27,1,1532,Order Processing,2,0.1,2.1
16308959,IF4041438845,32141476,V7M2J5NOR - NORTH SHORE SKI AND BOARD,PBWFEB16 6%,2026-02-12,2026-02-27,44,1532,Order NonMasterPack,22,1.1,23.1
16308961,IF4041438847,32141478,V9Y8E9LAC - LACE IT UP aka JAYS MENS WEAR,WmnsSp26,2026-02-12,2026-02-27,32,1135,Order NonMasterPack,16,0.8,16.8
16308961,IF4041438847,32141478,V9Y8E9LAC - LACE IT UP aka JAYS MENS WEAR,WmnsSp26,2026-02-12,2026-02-27,1,1135,Order Processing,2,0.1,2.1
16308982,IF4041438875,32141667,G4Z1J8SPI - SPIN SPORT,SP26-TEN-MEN,2026-02-12,2026-02-27,1,3141,Order Processing,2,0.1,2.1
16308982,IF4041438875,32141667,G4Z1J8SPI - SPIN SPORT,SP26-TEN-MEN,2026-02-12,2026-02-27,90,3141,Order NonMasterPack,45,2.25,47.25
16308994,IF4041438891,32141679,T7P2J8A&M - A&M CLOTHING AND SHOES,Women's Spring 26,2026-02-12,2026-02-27,98,3583,Order NonMasterPack,49,2.45,51.45
16308994,IF4041438891,32141679,T7P2J8A&M - A&M CLOTHING AND SHOES,Women's Spring 26,2026-02-12,2026-02-27,1,3583,Order Processing,2,0.1,2.1
16309022,IF4041438928,32142276,V0R2Z0HAB - HABIT CLOTHING,Habit Spring 26,2026-02-12,2026-02-27,64,2810,Order NonMasterPack,32,1.6,33.6
16309022,IF4041438928,32142276,V0R2Z0HAB - HABIT CLOTHING,Habit Spring 26,2026-02-12,2026-02-27,1,2810,Order Processing,2,0.1,2.1
16309026,IF4041438935,32142280,T4V1N2THE - THE TRENDY WALRUS,Spring 26,2026-02-12,2026-02-27,73,3018,Order NonMasterPack,36.5,1.83,38.33
16309026,IF4041438935,32142280,T4V1N2THE - THE TRENDY WALRUS,Spring 26,2026-02-12,2026-02-27,1,3018,Order Processing,2,0.1,2.1
16319957,IF4041439005,32144908,G9X1K9LE - LE PIONNIER,Ss26-1 Tentree women,2026-02-17,2026-02-27,43,2307,Order NonMasterPack,21.5,1.08,22.58
16319957,IF4041439005,32144908,G9X1K9LE - LE PIONNIER,Ss26-1 Tentree women,2026-02-17,2026-02-27,1,2307,Order Processing,2,0.1,2.1
16319971,IF4041439001,32144904,L1A1N2G F - G FACEY CLOTHING,SS26 tentree Feb ship order 1of3,2026-02-17,2026-02-27,1,5702.5,Order Processing,2,0.1,2.1
16319971,IF4041439001,32144904,L1A1N2G F - G FACEY CLOTHING,SS26 tentree Feb ship order 1of3,2026-02-17,2026-02-27,144,5702.5,Order NonMasterPack,72,3.6,75.6
16319979,IF4041438993,32144896,V3Z1G6ART - ART KNAPP SURREY,feb,2026-02-17,2026-02-27,1,3035,Order Processing,2,0.1,2.1
16319979,IF4041438993,32144896,V3Z1G6ART - ART KNAPP SURREY,feb,2026-02-17,2026-02-27,78,3035,Order NonMasterPack,39,1.95,40.95
16319989,IF4041439008,32144910,V1E1B4HAR - HARTTY CLOTHING,Ten SP26 Feb Del,2026-02-17,2026-02-27,145,5616,Order NonMasterPack,72.5,3.63,76.13
16319989,IF4041439008,32144910,V1E1B4HAR - HARTTY CLOTHING,Ten SP26 Feb Del,2026-02-17,2026-02-27,1,5616,Order Processing,2,0.1,2.1
16320008,IF4041438996,32144899,A5A1L8MER - MERCERS MARINE EQUIPMENT LTD.,S26ladies,2026-02-17,2026-02-27,1,4802,Order Processing,2,0.1,2.1
16320008,IF4041438996,32144899,A5A1L8MER - MERCERS MARINE EQUIPMENT LTD.,S26ladies,2026-02-17,2026-02-27,130,4802,Order NonMasterPack,65,3.25,68.25
16320011,IF4041438987,32144890,T0E1E0RAN - RANSOM,Spring26,2026-02-17,2026-02-27,1,5026.5,Order Processing,2,0.1,2.1
16320011,IF4041438987,32144890,T0E1E0RAN - RANSOM,Spring26,2026-02-17,2026-02-27,143,5026.5,Order NonMasterPack,71.5,3.58,75.08
16305366,IF4041438466,32131616,V6B1B2MAK - MAKE GASTOWN,10501-RET2-JBO,2026-02-11,2026-02-27,216,7077.5,Order NonMasterPack,108,5.4,113.4
16305366,IF4041438466,32131616,V6B1B2MAK - MAKE GASTOWN,10501-RET2-JBO,2026-02-11,2026-02-27,1,7077.5,Order Processing,2,0.1,2.1
16305373,IF4041438476,32131624,B5A1E7EVE - EVERY BLOOMIN THING,KN060225E,2026-02-11,2026-02-27,75,1148,Order NonMasterPack,37.5,1.88,39.38
16305373,IF4041438476,32131624,B5A1E7EVE - EVERY BLOOMIN THING,KN060225E,2026-02-11,2026-02-27,1,1148,Order Processing,2,0.1,2.1
16305401,IF4041438509,32131651,T9W1C5ARM - ARMSTRONGS CLOTHING AND SPORTS,SPR26LDS Del1,2026-02-11,2026-02-27,61,2169,Order NonMasterPack,30.5,1.53,32.03
16305401,IF4041438509,32131651,T9W1C5ARM - ARMSTRONGS CLOTHING AND SPORTS,SPR26LDS Del1,2026-02-11,2026-02-27,1,2169,Order Processing,2,0.1,2.1
16308943,IF4041438828,32140934,V1E4N6WEA - WEARABOUTS,SA-S26#1,2026-02-12,2026-02-27,172,7825.5,Order NonMasterPack,86,4.3,90.3
16308943,IF4041438828,32140934,V1E4N6WEA - WEARABOUTS,SA-S26#1,2026-02-12,2026-02-27,1,7825.5,Order Processing,2,0.1,2.1
16308945,IF4041438830,32141462,E1V6S1DEN - DENIM WEARHOUSE,Spring 2026 1st delivery,2026-02-12,2026-02-27,1,1298.5,Order Processing,2,0.1,2.1
16308945,IF4041438830,32141462,E1V6S1DEN - DENIM WEARHOUSE,Spring 2026 1st delivery,2026-02-12,2026-02-27,43,1298.5,Order NonMasterPack,21.5,1.08,22.58
16302444,IF4041438313,32123527,V0J1E0BLU - BLU JAY SPORTS,Shelf Talker,2026-02-10,2026-02-27,1,0,Order Processing,2,0.1,2.1
16302444,IF4041438313,32123527,V0J1E0BLU - BLU JAY SPORTS,Shelf Talker,2026-02-10,2026-02-27,1,0,Handling,0.55,0.03,0.58
16305397,IF4041438504,32131647,V2A5A4FRE - FREE RIDE PENTICTON,WSTenTreeSp26,2026-02-11,2026-02-27,36,1012,Order NonMasterPack,18,0.9,18.9
16305397,IF4041438504,32131647,V2A5A4FRE - FREE RIDE PENTICTON,WSTenTreeSp26,2026-02-11,2026-02-27,1,1012,Order Processing,2,0.1,2.1
16308271,IF4041438661,32134297,J6W3Z5SPO - SPORTS EXPERTS - ATMOSPHERE,4262100-851,2026-02-12,2026-02-27,9,333.45,Order NonMasterPack,4.5,0.23,4.73
16308271,IF4041438661,32134297,J6W3Z5SPO - SPORTS EXPERTS - ATMOSPHERE,4262100-851,2026-02-12,2026-02-27,1,333.45,Order Processing,2,0.1,2.1
16308273,IF4041438663,32134299,J2C6Y7PRO - Promenades Drummondville,4262104,2026-02-12,2026-02-27,8,352,Order NonMasterPack,4,0.2,4.2
16308273,IF4041438663,32134299,J2C6Y7PRO - Promenades Drummondville,4262104,2026-02-12,2026-02-27,1,352,Order Processing,2,0.1,2.1
16308276,IF4041438667,32134303,H4P0C9AT - AT MONT-ROYAL,4262104,2026-02-12,2026-02-27,1,180,Order Processing,2,0.1,2.1
16308276,IF4041438667,32134303,H4P0C9AT - AT MONT-ROYAL,4262104,2026-02-12,2026-02-27,8,180,Order NonMasterPack,4,0.2,4.2
16308277,IF4041438668,32134304,G9A6M1SPO - SPORTS EXPERTS - ATMOSPHERE,4262104,2026-02-12,2026-02-27,7,157.5,Order NonMasterPack,3.5,0.18,3.68
16308277,IF4041438668,32134304,G9A6M1SPO - SPORTS EXPERTS - ATMOSPHERE,4262104,2026-02-12,2026-02-27,1,157.5,Order Processing,2,0.1,2.1
16308278,IF4041438669,32134305,G9A6J2SPO - SPORTS EXPERTS - ATMOSPHERE,4262104,2026-02-12,2026-02-27,7,157.5,Order NonMasterPack,3.5,0.18,3.68
16308278,IF4041438669,32134305,G9A6J2SPO - SPORTS EXPERTS - ATMOSPHERE,4262104,2026-02-12,2026-02-27,1,157.5,Order Processing,2,0.1,2.1
16308280,IF4041438671,32134307,J1L1C9SPO - SPORTS EXPERTS - ATMOSPHERE,4262100,2026-02-12,2026-02-27,7,157.5,Order NonMasterPack,3.5,0.18,3.68
16308280,IF4041438671,32134307,J1L1C9SPO - SPORTS EXPERTS - ATMOSPHERE,4262100,2026-02-12,2026-02-27,1,157.5,Order Processing,2,0.1,2.1
16308934,IF4041438813,32140924,B3B0E6TAK - TAKE IT OUTSIDE INC.,4007-DX,2026-02-12,2026-02-27,1,2655,Order Processing,2,0.1,2.1
16308934,IF4041438813,32140924,B3B0E6TAK - TAKE IT OUTSIDE INC.,4007-DX,2026-02-12,2026-02-27,88,2655,Order NonMasterPack,44,2.2,46.2
16308936,IF4041438815,32140926,J3P6L9ST - ST PIERRE SPORTS DE SOREL INC.,BOOKING 03 07 2025,2026-02-12,2026-02-27,59,2089.5,Order NonMasterPack,29.5,1.48,30.98
16308936,IF4041438815,32140926,J3P6L9ST - ST PIERRE SPORTS DE SOREL INC.,BOOKING 03 07 2025,2026-02-12,2026-02-27,1,2089.5,Order Processing,2,0.1,2.1
16308956,IF4041438842,32141473,K0J1B0MAD - MADAWASKA OUTDOORS,sp26,2026-02-12,2026-02-27,1,2835,Order Processing,2,0.1,2.1
16308956,IF4041438842,32141473,K0J1B0MAD - MADAWASKA OUTDOORS,sp26,2026-02-12,2026-02-27,83,2835,Order NonMasterPack,41.5,2.08,43.58
16308966,IF4041438856,32141484,R7A1G6STR - STREAM N WOOD,s26 del 1,2026-02-12,2026-02-27,1,3511.5,Order Processing,2,0.1,2.1
16308966,IF4041438856,32141484,R7A1G6STR - STREAM N WOOD,s26 del 1,2026-02-12,2026-02-27,92,3511.5,Order NonMasterPack,46,2.3,48.3
16309002,IF4041438900,32141687,J4Y0C4QUI - QUINCAILLERIE TURBO INC,SS2026-f,2026-02-12,2026-02-27,1,3425,Order Processing,2,0.1,2.1
16309002,IF4041438900,32141687,J4Y0C4QUI - QUINCAILLERIE TURBO INC,SS2026-f,2026-02-12,2026-02-27,88,3425,Order NonMasterPack,44,2.2,46.2
16309003,IF4041438902,32141688,J4Y0C4QUI - QUINCAILLERIE TURBO INC,SS2026-H,2026-02-12,2026-02-27,96,3152,Order NonMasterPack,48,2.4,50.4
16309003,IF4041438902,32141688,J4Y0C4QUI - QUINCAILLERIE TURBO INC,SS2026-H,2026-02-12,2026-02-27,1,3152,Order Processing,2,0.1,2.1
16309006,IF4041438909,32141692,G6P4A2SIG - SIGNE POUR LUI INC.,fevrier Tentree,2026-02-12,2026-02-27,87,2998,Order NonMasterPack,43.5,2.18,45.68
16309006,IF4041438909,32141692,G6P4A2SIG - SIGNE POUR LUI INC.,fevrier Tentree,2026-02-12,2026-02-27,1,2998,Order Processing,2,0.1,2.1
16319958,IF4041438994,32144897,B5A1E7EVE - EVERY BLOOMIN THING,KN060225A,2026-02-17,2026-02-27,62,3045.5,Order NonMasterPack,31,1.55,32.55
16319958,IF4041438994,32144897,B5A1E7EVE - EVERY BLOOMIN THING,KN060225A,2026-02-17,2026-02-27,1,3045.5,Order Processing,2,0.1,2.1
16319963,IF4041439003,32144906,V9L1V8WAL - WALL STREET CLOTHING,Wmns  Feb16Spr26,2026-02-17,2026-02-27,52,2308,Order NonMasterPack,26,1.3,27.3
16319963,IF4041439003,32144906,V9L1V8WAL - WALL STREET CLOTHING,Wmns  Feb16Spr26,2026-02-17,2026-02-27,1,2308,Order Processing,2,0.1,2.1
16320002,IF4041439485,32168608,B2H2P6PIC - PICTOU MANAGEMENT LTD dba MINERS APPAREL,TENTREE SS26,2026-02-17,2026-02-27,44,1747,Order NonMasterPack,22,1.1,23.1
16320002,IF4041439485,32168608,B2H2P6PIC - PICTOU MANAGEMENT LTD dba MINERS APPAREL,TENTREE SS26,2026-02-17,2026-02-27,1,1747,Order Processing,2,0.1,2.1
16320024,IF4041439016,32144917,R6W0L8TIM - TIME-OUT SPORTS EXCELLENCE,sp26,2026-02-17,2026-02-27,1,3745.5,Order Processing,2,0.1,2.1
16320024,IF4041439016,32144917,R6W0L8TIM - TIME-OUT SPORTS EXCELLENCE,sp26,2026-02-17,2026-02-27,121,3745.5,Order NonMasterPack,60.5,3.03,63.53
16305368,IF4041438469,32131618,H7L5Z6A/S - A/S Les Boutiques Tremblant,DCTR0000691,2026-02-11,2026-02-27,1,2222,Order Processing,2,0.1,2.1
16305368,IF4041438469,32131618,H7L5Z6A/S - A/S Les Boutiques Tremblant,DCTR0000691,2026-02-11,2026-02-27,92,2222,Order NonMasterPack,46,2.3,48.3
16305377,IF4041438479,32131627,B0E1N0CAP - CAPER GYM AND FITNESS INC dba THE CENTRA,26-Mar,2026-02-11,2026-02-27,139,4140,Order NonMasterPack,69.5,3.48,72.98
16305377,IF4041438479,32131627,B0E1N0CAP - CAPER GYM AND FITNESS INC dba THE CENTRA,26-Mar,2026-02-11,2026-02-27,1,4140,Order Processing,2,0.1,2.1
16308944,IF4041438829,32141461,V1T9H2WEA - WEARABOUTS - VERNON,VerSp26s2,2026-02-12,2026-02-27,164,4939.5,Order NonMasterPack,82,4.1,86.1
16308944,IF4041438829,32141461,V1T9H2WEA - WEARABOUTS - VERNON,VerSp26s2,2026-02-12,2026-02-27,1,4939.5,Order Processing,2,0.1,2.1
16308952,IF4041438838,32141469,B4B0S9PHI - PHIT'CETERA LIFESTYLE WEAR,Spring26-Feb28,2026-02-12,2026-02-27,1,2988.5,Order Processing,2,0.1,2.1
16308952,IF4041438838,32141469,B4B0S9PHI - PHIT'CETERA LIFESTYLE WEAR,Spring26-Feb28,2026-02-12,2026-02-27,70,2988.5,Order NonMasterPack,35,1.75,36.75
16319997,IF4041439007,32144909,N0A1N0THE - THE SURF SHOP,SS26 tentree order March ship,2026-02-17,2026-02-27,1,13582,Order Processing,2,0.1,2.1
16319997,IF4041439007,32144909,N0A1N0THE - THE SURF SHOP,SS26 tentree order March ship,2026-02-17,2026-02-27,394,13582,Order NonMasterPack,197,9.85,206.85
16308275,IF4041438666,32134302,H3P3E9CEN - Centre Rockland,4262104,2026-02-12,2026-02-27,1,180,Order Processing,2,0.1,2.1
16308275,IF4041438666,32134302,H3P3E9CEN - Centre Rockland,4262104,2026-02-12,2026-02-27,8,180,Order NonMasterPack,4,0.2,4.2
16308968,IF4041438858,32141486,S0C0R0KIN - KINGS DEPARTMENT STORE,ladies s26,2026-02-12,2026-02-27,1,2856,Order Processing,2,0.1,2.1
16308968,IF4041438858,32141486,S0C0R0KIN - KINGS DEPARTMENT STORE,ladies s26,2026-02-12,2026-02-27,80,2856,Order NonMasterPack,40,2,42
16309011,IF4041438914,32141697,T8V3B1THE - The Drop Rideshop,TenTreeWmnSp26-02,2026-02-12,2026-02-27,96,3654,Order NonMasterPack,48,2.4,50.4
16309011,IF4041438914,32141697,T8V3B1THE - The Drop Rideshop,TenTreeWmnSp26-02,2026-02-12,2026-02-27,1,3654,Order Processing,2,0.1,2.1
16309012,IF4041438915,32141698,T4R1N9EDG - EDGE CLOTHING,10TreeSPG26Wom_216,2026-02-12,2026-02-27,83,2566.5,Order NonMasterPack,41.5,2.08,43.58
16309012,IF4041438915,32141698,T4R1N9EDG - EDGE CLOTHING,10TreeSPG26Wom_216,2026-02-12,2026-02-27,1,2566.5,Order Processing,2,0.1,2.1
16319944,IF4041439012,32144914,S0L1S0CAM - CAMERONS CLOTHING COMPANY,SS26D1/2,2026-02-17,2026-02-27,1,1004,Order Processing,2,0.1,2.1
16319944,IF4041439012,32144914,S0L1S0CAM - CAMERONS CLOTHING COMPANY,SS26D1/2,2026-02-17,2026-02-27,28,1004,Order NonMasterPack,14,0.7,14.7
16319994,IF4041439018,32144919,V9W8C9SPI - SPINNERS SPORTS CAMPBELL RIVER,10TMEN021626,2026-02-17,2026-02-27,1,4376.5,Order Processing,2,0.1,2.1
16319994,IF4041439018,32144919,V9W8C9SPI - SPINNERS SPORTS CAMPBELL RIVER,10TMEN021626,2026-02-17,2026-02-27,135,4376.5,Order NonMasterPack,67.5,3.38,70.88
16319999,IF4041439332,32160492,S0J3G0BOU - BOUTIQUE NORTH,SPRFEB16,2026-02-17,2026-02-27,1,3617.5,Order Processing,2,0.1,2.1
16319999,IF4041439332,32160492,S0J3G0BOU - BOUTIQUE NORTH,SPRFEB16,2026-02-17,2026-02-27,121,3617.5,Order NonMasterPack,60.5,3.03,63.53
16305396,IF4041438503,32131646,V0N2R0ADL - ADLINES ATTIRE LTD dba THE CLOTHES INN,mcneillfeb26,2026-02-11,2026-02-27,1,2122,Order Processing,2,0.1,2.1
16305396,IF4041438503,32131646,V0N2R0ADL - ADLINES ATTIRE LTD dba THE CLOTHES INN,mcneillfeb26,2026-02-11,2026-02-27,60,2122,Order NonMasterPack,30,1.5,31.5
16309025,IF4041438934,32142279,T0H2H0LA - LA CRETE SOURCE FOR SPORTS,GKSP26,2026-02-12,2026-02-27,1,13126,Order Processing,2,0.1,2.1
16309025,IF4041438934,32142279,T0H2H0LA - LA CRETE SOURCE FOR SPORTS,GKSP26,2026-02-12,2026-02-27,394,13126,Order NonMasterPack,197,9.85,206.85
16320013,IF4041439073,32147937,V8L3S8BC - BC Ferries Retail Department,184052,2026-02-17,2026-02-27,1,3897,Order Processing,2,0.1,2.1
16320013,IF4041439073,32147937,V8L3S8BC - BC Ferries Retail Department,184052,2026-02-17,2026-02-27,73,3897,Order NonMasterPack,36.5,1.83,38.33
16320028,IF4041439087,32147946,V8L3S8BC - BC Ferries Retail Department,184061,2026-02-17,2026-02-27,1,2178,Order Processing,2,0.1,2.1
16320028,IF4041439087,32147946,V8L3S8BC - BC Ferries Retail Department,184061,2026-02-17,2026-02-27,42,2178,Order NonMasterPack,21,1.05,22.05
16320035,IF4041439062,32147929,V8L3S8BC - BC Ferries Retail Department,184352,2026-02-17,2026-02-27,170,15918,Order NonMasterPack,85,4.25,89.25
16320035,IF4041439062,32147929,V8L3S8BC - BC Ferries Retail Department,184352,2026-02-17,2026-02-27,1,15918,Order Processing,2,0.1,2.1
16320035,IF4041439062,32147929,V8L3S8BC - BC Ferries Retail Department,184352,2026-02-17,2026-02-27,8,15918,Order Master Pack Carton,16,0.8,16.8
16320022,IF4041439052,32147919,V8L3S8BC - BC Ferries Retail Department,184336,2026-02-17,2026-02-27,48,1347,Order NonMasterPack,24,1.2,25.2
16320022,IF4041439052,32147919,V8L3S8BC - BC Ferries Retail Department,184336,2026-02-17,2026-02-27,1,1347,Order Processing,2,0.1,2.1
16320019,IF4041439064,32147930,V8L3S8BC - BC Ferries Retail Department,184169,2026-02-17,2026-02-27,1,392,Order Processing,2,0.1,2.1
16320019,IF4041439064,32147930,V8L3S8BC - BC Ferries Retail Department,184169,2026-02-17,2026-02-27,8,392,Order NonMasterPack,4,0.2,4.2
16320027,IF4041439071,32147936,V8L3S8BC - BC Ferries Retail Department,184051,2026-02-17,2026-02-27,73,3897,Order NonMasterPack,36.5,1.83,38.33
16320027,IF4041439071,32147936,V8L3S8BC - BC Ferries Retail Department,184051,2026-02-17,2026-02-27,1,3897,Order Processing,2,0.1,2.1
16320001,IF4041439081,32147942,V8L3S8BC - BC Ferries Retail Department,184057,2026-02-17,2026-02-27,1,2178,Order Processing,2,0.1,2.1
16320001,IF4041439081,32147942,V8L3S8BC - BC Ferries Retail Department,184057,2026-02-17,2026-02-27,42,2178,Order NonMasterPack,21,1.05,22.05
16319987,IF4041439078,32147940,V8L3S8BC - BC Ferries Retail Department,184055,2026-02-17,2026-02-27,1,2178,Order Processing,2,0.1,2.1
16319987,IF4041439078,32147940,V8L3S8BC - BC Ferries Retail Department,184055,2026-02-17,2026-02-27,42,2178,Order NonMasterPack,21,1.05,22.05
16319966,IF4041439053,32147920,V8L3S8BC - BC Ferries Retail Department,184337,2026-02-17,2026-02-27,1,838.5,Order Processing,2,0.1,2.1
16319966,IF4041439053,32147920,V8L3S8BC - BC Ferries Retail Department,184337,2026-02-17,2026-02-27,30,838.5,Order NonMasterPack,15,0.75,15.75
16319977,IF4041439067,32147933,V8L3S8BC - BC Ferries Retail Department,184182,2026-02-17,2026-02-27,8,392,Order NonMasterPack,4,0.2,4.2
16319977,IF4041439067,32147933,V8L3S8BC - BC Ferries Retail Department,184182,2026-02-17,2026-02-27,1,392,Order Processing,2,0.1,2.1
16320031,IF4041439079,32147941,V8L3S8BC - BC Ferries Retail Department,184056,2026-02-17,2026-02-27,1,2178,Order Processing,2,0.1,2.1
16320031,IF4041439079,32147941,V8L3S8BC - BC Ferries Retail Department,184056,2026-02-17,2026-02-27,42,2178,Order NonMasterPack,21,1.05,22.05
16320042,IF4041439065,32147931,V8L3S8BC - BC Ferries Retail Department,184175,2026-02-17,2026-02-27,1,392,Order Processing,2,0.1,2.1
16320042,IF4041439065,32147931,V8L3S8BC - BC Ferries Retail Department,184175,2026-02-17,2026-02-27,8,392,Order NonMasterPack,4,0.2,4.2
16320025,IF4041439092,32147953,V8L3S8BC - BC Ferries Retail Department,184066,2026-02-17,2026-02-27,378,26072,Order NonMasterPack,189,9.45,198.45
16320025,IF4041439092,32147953,V8L3S8BC - BC Ferries Retail Department,184066,2026-02-17,2026-02-27,4,26072,Order Master Pack Carton,8,0.4,8.4
16320025,IF4041439092,32147953,V8L3S8BC - BC Ferries Retail Department,184066,2026-02-17,2026-02-27,1,26072,Order Processing,2,0.1,2.1
16320014,IF4041439054,32147921,V8L3S8BC - BC Ferries Retail Department,184338,2026-02-17,2026-02-27,1,838.5,Order Processing,2,0.1,2.1
16320014,IF4041439054,32147921,V8L3S8BC - BC Ferries Retail Department,184338,2026-02-17,2026-02-27,30,838.5,Order NonMasterPack,15,0.75,15.75
16319947,IF4041439051,32147918,V8L3S8BC - BC Ferries Retail Department,184334,2026-02-17,2026-02-27,1,1347,Order Processing,2,0.1,2.1
16319947,IF4041439051,32147918,V8L3S8BC - BC Ferries Retail Department,184334,2026-02-17,2026-02-27,48,1347,Order NonMasterPack,24,1.2,25.2
16319945,IF4041439058,32147925,V8L3S8BC - BC Ferries Retail Department,184342,2026-02-17,2026-02-27,30,838.5,Order NonMasterPack,15,0.75,15.75
16319945,IF4041439058,32147925,V8L3S8BC - BC Ferries Retail Department,184342,2026-02-17,2026-02-27,1,838.5,Order Processing,2,0.1,2.1
16319949,IF4041439084,32147944,V8L3S8BC - BC Ferries Retail Department,184059,2026-02-17,2026-02-27,1,2178,Order Processing,2,0.1,2.1
16319949,IF4041439084,32147944,V8L3S8BC - BC Ferries Retail Department,184059,2026-02-17,2026-02-27,42,2178,Order NonMasterPack,21,1.05,22.05
16319978,IF4041439061,32147928,V8L3S8BC - BC Ferries Retail Department,184345,2026-02-17,2026-02-27,1,838.5,Order Processing,2,0.1,2.1
16319978,IF4041439061,32147928,V8L3S8BC - BC Ferries Retail Department,184345,2026-02-17,2026-02-27,30,838.5,Order NonMasterPack,15,0.75,15.75
16319991,IF4041439057,32147924,V8L3S8BC - BC Ferries Retail Department,184341,2026-02-17,2026-02-27,30,838.5,Order NonMasterPack,15,0.75,15.75
16319991,IF4041439057,32147924,V8L3S8BC - BC Ferries Retail Department,184341,2026-02-17,2026-02-27,1,838.5,Order Processing,2,0.1,2.1
16320007,IF4041439055,32147922,V8L3S8BC - BC Ferries Retail Department,184339,2026-02-17,2026-02-27,1,838.5,Order Processing,2,0.1,2.1
16320007,IF4041439055,32147922,V8L3S8BC - BC Ferries Retail Department,184339,2026-02-17,2026-02-27,30,838.5,Order NonMasterPack,15,0.75,15.75
16320029,IF4041439060,32147927,V8L3S8BC - BC Ferries Retail Department,184344,2026-02-17,2026-02-27,30,838.5,Order NonMasterPack,15,0.75,15.75
16320029,IF4041439060,32147927,V8L3S8BC - BC Ferries Retail Department,184344,2026-02-17,2026-02-27,1,838.5,Order Processing,2,0.1,2.1
16319988,IF4041439088,32147947,V8L3S8BC - BC Ferries Retail Department,184062,2026-02-17,2026-02-27,1,1470,Order Processing,2,0.1,2.1
16319988,IF4041439088,32147947,V8L3S8BC - BC Ferries Retail Department,184062,2026-02-17,2026-02-27,30,1470,Order NonMasterPack,15,0.75,15.75
16319990,IF4041439059,32147926,V8L3S8BC - BC Ferries Retail Department,184343,2026-02-17,2026-02-27,30,838.5,Order NonMasterPack,15,0.75,15.75
16319990,IF4041439059,32147926,V8L3S8BC - BC Ferries Retail Department,184343,2026-02-17,2026-02-27,1,838.5,Order Processing,2,0.1,2.1
16319959,IF4041439056,32147923,V8L3S8BC - BC Ferries Retail Department,184340,2026-02-17,2026-02-27,30,838.5,Order NonMasterPack,15,0.75,15.75
16319959,IF4041439056,32147923,V8L3S8BC - BC Ferries Retail Department,184340,2026-02-17,2026-02-27,1,838.5,Order Processing,2,0.1,2.1
16319985,IF4041439091,32147952,V8L3S8BC - BC Ferries Retail Department,184065,2026-02-17,2026-02-27,30,1470,Order NonMasterPack,15,0.75,15.75
16319985,IF4041439091,32147952,V8L3S8BC - BC Ferries Retail Department,184065,2026-02-17,2026-02-27,1,1470,Order Processing,2,0.1,2.1
16319946,IF4041439070,32147935,V8L3S8BC - BC Ferries Retail Department,184232,2026-02-17,2026-02-27,18,882,Order NonMasterPack,9,0.45,9.45
16319946,IF4041439070,32147935,V8L3S8BC - BC Ferries Retail Department,184232,2026-02-17,2026-02-27,1,882,Order Processing,2,0.1,2.1
16320040,IF4041439077,32147939,V8L3S8BC - BC Ferries Retail Department,184054,2026-02-17,2026-02-27,1,2178,Order Processing,2,0.1,2.1
16320040,IF4041439077,32147939,V8L3S8BC - BC Ferries Retail Department,184054,2026-02-17,2026-02-27,42,2178,Order NonMasterPack,21,1.05,22.05
16320009,IF4041439085,32147945,V8L3S8BC - BC Ferries Retail Department,184060,2026-02-17,2026-02-27,42,2178,Order NonMasterPack,21,1.05,22.05
16320009,IF4041439085,32147945,V8L3S8BC - BC Ferries Retail Department,184060,2026-02-17,2026-02-27,1,2178,Order Processing,2,0.1,2.1
16320026,IF4041439090,32147951,V8L3S8BC - BC Ferries Retail Department,184064,2026-02-17,2026-02-27,30,1470,Order NonMasterPack,15,0.75,15.75
16320026,IF4041439090,32147951,V8L3S8BC - BC Ferries Retail Department,184064,2026-02-17,2026-02-27,1,1470,Order Processing,2,0.1,2.1
16320010,IF4041439066,32147932,V8L3S8BC - BC Ferries Retail Department,184177,2026-02-17,2026-02-27,8,392,Order NonMasterPack,4,0.2,4.2
16320010,IF4041439066,32147932,V8L3S8BC - BC Ferries Retail Department,184177,2026-02-17,2026-02-27,1,392,Order Processing,2,0.1,2.1
16320016,IF4041439074,32147938,V8L3S8BC - BC Ferries Retail Department,184053,2026-02-17,2026-02-27,42,2178,Order NonMasterPack,21,1.05,22.05
16320016,IF4041439074,32147938,V8L3S8BC - BC Ferries Retail Department,184053,2026-02-17,2026-02-27,1,2178,Order Processing,2,0.1,2.1
16319995,IF4041439089,32147950,V8L3S8BC - BC Ferries Retail Department,184063,2026-02-17,2026-02-27,1,1470,Order Processing,2,0.1,2.1
16319995,IF4041439089,32147950,V8L3S8BC - BC Ferries Retail Department,184063,2026-02-17,2026-02-27,30,1470,Order NonMasterPack,15,0.75,15.75
16319967,IF4041439082,32147943,V8L3S8BC - BC Ferries Retail Department,184057,2026-02-17,2026-02-27,42,2178,Order NonMasterPack,21,1.05,22.05
16319967,IF4041439082,32147943,V8L3S8BC - BC Ferries Retail Department,184057,2026-02-17,2026-02-27,1,2178,Order Processing,2,0.1,2.1
16319955,IF4041439069,32147934,V8L3S8BC - BC Ferries Retail Department,184183,2026-02-17,2026-02-27,8,392,Order NonMasterPack,4,0.2,4.2
16319955,IF4041439069,32147934,V8L3S8BC - BC Ferries Retail Department,184183,2026-02-17,2026-02-27,1,392,Order Processing,2,0.1,2.1
16308920,IF4041438792,32140906,H4S1N1ALT - ALTITUDE SPORTS,MAX001SP26TEN,2026-02-12,2026-02-27,15,585,Order NonMasterPack,7.5,0.38,7.88
16308920,IF4041438792,32140906,H4S1N1ALT - ALTITUDE SPORTS,MAX001SP26TEN,2026-02-12,2026-02-27,1,585,Order Processing,2,0.1,2.1
16319993,IF4041438984,32144887,H4S1N1ALT - ALTITUDE SPORTS,MAX002SP26TEN,2026-02-17,2026-02-27,1,3508,Order Processing,2,0.1,2.1
16319993,IF4041438984,32144887,H4S1N1ALT - ALTITUDE SPORTS,MAX002SP26TEN,2026-02-17,2026-02-27,127,3508,Order NonMasterPack,63.5,3.18,66.68
16308921,IF4041438793,32140907,H4S1N1ALT - ALTITUDE SPORTS,KAX001SP26TEN,2026-02-12,2026-02-27,1,702,Order Processing,2,0.1,2.1
16308921,IF4041438793,32140907,H4S1N1ALT - ALTITUDE SPORTS,KAX001SP26TEN,2026-02-12,2026-02-27,13,702,Order NonMasterPack,6.5,0.33,6.83
16320032,IF4041439334,32160393,H4S1N1ALT - ALTITUDE SPORTS,MAX001SP26TEN,2026-02-17,2026-02-27,522,19836.5,Order NonMasterPack,261,13.05,274.05
16320032,IF4041439334,32160393,H4S1N1ALT - ALTITUDE SPORTS,MAX001SP26TEN,2026-02-17,2026-02-27,1,19836.5,Order Processing,2,0.1,2.1
16320005,IF4041439333,32160392,H4S1N1ALT - ALTITUDE SPORTS,KAX001SP26TEN,2026-02-17,2026-02-27,1212,42697.5,Order NonMasterPack,606,30.3,636.3
16320005,IF4041439333,32160392,H4S1N1ALT - ALTITUDE SPORTS,KAX001SP26TEN,2026-02-17,2026-02-27,1,42697.5,Order Processing,2,0.1,2.1
16326343,IF4041439864,32193243,G7X3B5IMM - Immeubles Ultra Violet Inc.,tentreeete26,2026-02-19,2026-02-27,1680,53135.5,Order NonMasterPack,840,42,882
16326343,IF4041439864,32193243,G7X3B5IMM - Immeubles Ultra Violet Inc.,tentreeete26,2026-02-19,2026-02-27,1,53135.5,Order Processing,2,0.1,2.1
16326346,IF4041439872,32193251,V0R2Z0TOF - TOFINO FISHING AND TRADING,ten261,2026-02-19,2026-02-28,1,432,Order Processing,2,0.1,2.1
16326346,IF4041439872,32193251,V0R2Z0TOF - TOFINO FISHING AND TRADING,ten261,2026-02-19,2026-02-28,8,432,Order NonMasterPack,4,0.2,4.2
16298815,IF4041437650,32093298,S7N4L3UNI - UNIVERSITY OF SASKATCHEWAN - RETAIL SERV,Shelf Talker,2026-02-09,2026-02-28,3,0,Handling,1.65,0.08,1.73
16298815,IF4041437650,32093298,S7N4L3UNI - UNIVERSITY OF SASKATCHEWAN - RETAIL SERV,Shelf Talker,2026-02-09,2026-02-28,1,0,Order Processing,2,0.1,2.1
16298828,IF4041437611,32093259,E8J1T7DAZ - DAZE SPORTS EXCELLENCE,Shelf Talker,2026-02-09,2026-02-28,5,0,Handling,2.75,0.14,2.89
16298828,IF4041437611,32093259,E8J1T7DAZ - DAZE SPORTS EXCELLENCE,Shelf Talker,2026-02-09,2026-02-28,1,0,Order Processing,2,0.1,2.1
16298874,IF4041437647,32093295,T0K1W0TAM - TAMARACK/WVSC WAREHOUSE,Shelf Talker,2026-02-09,2026-02-28,1,0,Order Processing,2,0.1,2.1
16298874,IF4041437647,32093295,T0K1W0TAM - TAMARACK/WVSC WAREHOUSE,Shelf Talker,2026-02-09,2026-02-28,2,0,Handling,1.1,0.06,1.16
16298971,IF4041437754,32093404,V1N2M9MAL - MALLARDS SOURCE FOR SPORTS,Shelf Talker,2026-02-09,2026-02-28,2,0,Handling,1.1,0.06,1.16
16298971,IF4041437754,32093404,V1N2M9MAL - MALLARDS SOURCE FOR SPORTS,Shelf Talker,2026-02-09,2026-02-28,1,0,Order Processing,2,0.1,2.1
16299067,IF4041437654,32093302,K0L2H0COT - COTTAGE TOYS,Shelf Talker,2026-02-09,2026-02-28,1,0,Order Processing,2,0.1,2.1
16299067,IF4041437654,32093302,K0L2H0COT - COTTAGE TOYS,Shelf Talker,2026-02-09,2026-02-28,3,0,Handling,1.65,0.08,1.73
16283514,IF4041437081,32058987,G9X1K9LE - LE PIONNIER,Ss26-1 Tentree men,2026-02-03,2026-02-28,1,220,Order Processing,2,0.1,2.1
16283514,IF4041437081,32058987,G9X1K9LE - LE PIONNIER,Ss26-1 Tentree men,2026-02-03,2026-02-28,5,220,Order NonMasterPack,2.5,0.13,2.63
16298969,IF4041437592,32093240,S9V0A1BOA - BOARDOM,tentreespr26,2026-02-09,2026-02-28,60,1689.5,Order NonMasterPack,30,1.5,31.5
16298969,IF4041437592,32093240,S9V0A1BOA - BOARDOM,tentreespr26,2026-02-09,2026-02-28,1,1689.5,Order Processing,2,0.1,2.1
16302445,IF4041438314,32123528,B4B0S9PHI - PHIT'CETERA LIFESTYLE WEAR,Shelf Talker,2026-02-10,2026-02-28,1,0,Order Processing,2,0.1,2.1
16302445,IF4041438314,32123528,B4B0S9PHI - PHIT'CETERA LIFESTYLE WEAR,Shelf Talker,2026-02-10,2026-02-28,1,0,Handling,0.55,0.03,0.58
16302446,IF4041438315,32123529,T7A1S4254 - 2545501 Alberta Ltd. dba Eigthy Eight Cl,Shelf Talker,2026-02-10,2026-02-28,1,0,Handling,0.55,0.03,0.58
16302446,IF4041438315,32123529,T7A1S4254 - 2545501 Alberta Ltd. dba Eigthy Eight Cl,Shelf Talker,2026-02-10,2026-02-28,1,0,Order Processing,2,0.1,2.1
16302449,IF4041438318,32123532,E2A1A6THE - THE CAPTAINS CABIN,Shelf Talker,2026-02-10,2026-02-28,1,0,Order Processing,2,0.1,2.1
16302449,IF4041438318,32123532,E2A1A6THE - THE CAPTAINS CABIN,Shelf Talker,2026-02-10,2026-02-28,1,0,Handling,0.55,0.03,0.58
16302450,IF4041438319,32123533,E2E2N6RIV - RIVER AND TRAIL OUTDOOR COMPANY,Shelf Talker,2026-02-10,2026-02-28,1,0,Order Processing,2,0.1,2.1
16302450,IF4041438319,32123533,E2E2N6RIV - RIVER AND TRAIL OUTDOOR COMPANY,Shelf Talker,2026-02-10,2026-02-28,1,0,Handling,0.55,0.03,0.58
16302451,IF4041438320,32123534,A0G3A0BLU - BLUE RIDGE INC.,Shelf Talker,2026-02-10,2026-02-28,1,0,Handling,0.55,0.03,0.58
16302451,IF4041438320,32123534,A0G3A0BLU - BLUE RIDGE INC.,Shelf Talker,2026-02-10,2026-02-28,1,0,Order Processing,2,0.1,2.1
16302453,IF4041438322,32123536,S9V0A1BOA - BOARDOM,Shelf Talker,2026-02-10,2026-02-28,1,0,Handling,0.55,0.03,0.58
16302453,IF4041438322,32123536,S9V0A1BOA - BOARDOM,Shelf Talker,2026-02-10,2026-02-28,1,0,Order Processing,2,0.1,2.1
16302464,IF4041438333,32123547,V8E1A5WAD - Waddington Outdoor Whistler,Shelf Talker,2026-02-10,2026-02-28,1,0,Handling,0.55,0.03,0.58
16302464,IF4041438333,32123547,V8E1A5WAD - Waddington Outdoor Whistler,Shelf Talker,2026-02-10,2026-02-28,1,0,Order Processing,2,0.1,2.1
16302466,IF4041438335,32123549,V2P0J6THE - THE LOCAL SPACE,Shelf Talker,2026-02-10,2026-02-28,3,0,Handling,1.65,0.08,1.73
16302466,IF4041438335,32123549,V2P0J6THE - THE LOCAL SPACE,Shelf Talker,2026-02-10,2026-02-28,1,0,Order Processing,2,0.1,2.1
16302467,IF4041438336,32123550,T0L1E0WIL - WILSON MOUNTAIN SPORTS LTD.,Shelf Talker,2026-02-10,2026-02-28,1,0,Order Processing,2,0.1,2.1
16302467,IF4041438336,32123550,T0L1E0WIL - WILSON MOUNTAIN SPORTS LTD.,Shelf Talker,2026-02-10,2026-02-28,1,0,Handling,0.55,0.03,0.58
16302468,IF4041438337,32123551,T7N1A2JOH - JOHNS MENS AND BOYS WEAR,Shelf Talker,2026-02-10,2026-02-28,1,0,Handling,0.55,0.03,0.58
16302468,IF4041438337,32123551,T7N1A2JOH - JOHNS MENS AND BOYS WEAR,Shelf Talker,2026-02-10,2026-02-28,1,0,Order Processing,2,0.1,2.1
16302472,IF4041438341,32123555,V5L1Y9MAK - MAKE VANCOUVER FULFILLMENT CENTRE,Shelf Talker,2026-02-10,2026-02-28,1,0,Handling,0.55,0.03,0.58
16302472,IF4041438341,32123555,V5L1Y9MAK - MAKE VANCOUVER FULFILLMENT CENTRE,Shelf Talker,2026-02-10,2026-02-28,1,0,Order Processing,2,0.1,2.1
16302473,IF4041438342,32123556,V6H3S4MAK - MAKE,Shelf Talker,2026-02-10,2026-02-28,1,0,Handling,0.55,0.03,0.58
16302473,IF4041438342,32123556,V6H3S4MAK - MAKE,Shelf Talker,2026-02-10,2026-02-28,1,0,Order Processing,2,0.1,2.1
16302474,IF4041438343,32123557,V6B1B2MAK - MAKE GASTOWN,Shelf Talker,2026-02-10,2026-02-28,1,0,Handling,0.55,0.03,0.58
16302474,IF4041438343,32123557,V6B1B2MAK - MAKE GASTOWN,Shelf Talker,2026-02-10,2026-02-28,1,0,Order Processing,2,0.1,2.1
16303558,IF4041438366,32124966,T0L1E0WIL - WILSON MOUNTAIN SPORTS LTD.,W-10T326,2026-02-10,2026-02-28,1,2727.5,Order Processing,2,0.1,2.1
16303558,IF4041438366,32124966,T0L1E0WIL - WILSON MOUNTAIN SPORTS LTD.,W-10T326,2026-02-10,2026-02-28,101,2727.5,Order NonMasterPack,50.5,2.53,53.03
16303564,IF4041438367,32124967,T0L1E0WIL - WILSON MOUNTAIN SPORTS LTD.,M-10T326,2026-02-10,2026-02-28,206,5425,Order NonMasterPack,103,5.15,108.15
16303564,IF4041438367,32124967,T0L1E0WIL - WILSON MOUNTAIN SPORTS LTD.,M-10T326,2026-02-10,2026-02-28,1,5425,Order Processing,2,0.1,2.1
16308279,IF4041438670,32134306,J9X6H7SPO - SPORTS EXPERTS,4262100,2026-02-12,2026-02-28,1,135,Order Processing,2,0.1,2.1
16308279,IF4041438670,32134306,J9X6H7SPO - SPORTS EXPERTS,4262100,2026-02-12,2026-02-28,6,135,Order NonMasterPack,3,0.15,3.15
16308965,IF4041438853,32141482,T2E7V6THE - THE CALGARY ZOOLOGICAL SOCIETY,calzoomarch2026,2026-02-12,2026-02-28,429,13500.5,Order NonMasterPack,214.5,10.73,225.23
16308965,IF4041438853,32141482,T2E7V6THE - THE CALGARY ZOOLOGICAL SOCIETY,calzoomarch2026,2026-02-12,2026-02-28,1,13500.5,Order Processing,2,0.1,2.1
16308986,IF4041438879,32141671,N0H2C0MIK - MIKE GRAHAM dba THE CABANA,PORT-SP26,2026-02-12,2026-02-28,1,3525,Order Processing,2,0.1,2.1
16308986,IF4041438879,32141671,N0H2C0MIK - MIKE GRAHAM dba THE CABANA,PORT-SP26,2026-02-12,2026-02-28,94,3525,Order NonMasterPack,47,2.35,49.35
16308993,IF4041438890,32141678,T0K1W0TAM - TAMARACK/WVSC WAREHOUSE,S26TenTreeWomen,2026-02-12,2026-02-28,1,6615.5,Order Processing,2,0.1,2.1
16308993,IF4041438890,32141678,T0K1W0TAM - TAMARACK/WVSC WAREHOUSE,S26TenTreeWomen,2026-02-12,2026-02-28,195,6615.5,Order NonMasterPack,97.5,4.88,102.38
16308996,IF4041438893,32141681,T0L1E0WIL - WILSON MOUNTAIN SPORTS LTD.,A-10T326,2026-02-12,2026-02-28,1,5250,Order Processing,2,0.1,2.1
16308996,IF4041438893,32141681,T0L1E0WIL - WILSON MOUNTAIN SPORTS LTD.,A-10T326,2026-02-12,2026-02-28,232,5250,Order NonMasterPack,116,5.8,121.8
16308999,IF4041438896,32141684,T7N1A2JOH - JOHNS MENS AND BOYS WEAR,SS26JOHNS,2026-02-12,2026-02-28,151,5462,Order NonMasterPack,75.5,3.78,79.28
16308999,IF4041438896,32141684,T7N1A2JOH - JOHNS MENS AND BOYS WEAR,SS26JOHNS,2026-02-12,2026-02-28,1,5462,Order Processing,2,0.1,2.1
16309000,IF4041438897,32141685,T0C2L0JOH - JOHNS MENSWEAR,SPSU26,2026-02-12,2026-02-28,1,8003,Order Processing,2,0.1,2.1
16309000,IF4041438897,32141685,T0C2L0JOH - JOHNS MENSWEAR,SPSU26,2026-02-12,2026-02-28,285,8003,Order NonMasterPack,142.5,7.13,149.63
16309018,IF4041438923,32142272,T7A1S4254 - 2545501 Alberta Ltd. dba Eigthy Eight Cl,ss26 #1/2,2026-02-12,2026-02-28,52,2134.5,Order NonMasterPack,26,1.3,27.3
16309018,IF4041438923,32142272,T7A1S4254 - 2545501 Alberta Ltd. dba Eigthy Eight Cl,ss26 #1/2,2026-02-12,2026-02-28,1,2134.5,Order Processing,2,0.1,2.1
16309019,IF4041438924,32142273,V2A5A4FRE - FREE RIDE PENTICTON,PenWmTentreeSp26,2026-02-12,2026-02-28,83,2402.5,Order NonMasterPack,41.5,2.08,43.58
16309019,IF4041438924,32142273,V2A5A4FRE - FREE RIDE PENTICTON,PenWmTentreeSp26,2026-02-12,2026-02-28,1,2402.5,Order Processing,2,0.1,2.1
16309020,IF4041438925,32142274,V0G1R0TOU - TOUCH OF FASHION,Spring 26,2026-02-12,2026-02-28,130,3893.5,Order NonMasterPack,65,3.25,68.25
16309020,IF4041438925,32142274,V0G1R0TOU - TOUCH OF FASHION,Spring 26,2026-02-12,2026-02-28,1,3893.5,Order Processing,2,0.1,2.1
16319980,IF4041439009,32144911,T0K1W0TAM - TAMARACK/WVSC WAREHOUSE,S26TenTreeMen,2026-02-17,2026-02-28,1,5882,Order Processing,2,0.1,2.1
16319980,IF4041439009,32144911,T0K1W0TAM - TAMARACK/WVSC WAREHOUSE,S26TenTreeMen,2026-02-17,2026-02-28,180,5882,Order NonMasterPack,90,4.5,94.5
16319992,IF4041439645,32178596,N0H2C0MIK - MIKE GRAHAM dba THE CABANA,Shelf Talker,2026-02-17,2026-02-28,1,0,Order Processing,2,0.1,2.1
16319992,IF4041439645,32178596,N0H2C0MIK - MIKE GRAHAM dba THE CABANA,Shelf Talker,2026-02-17,2026-02-28,1,0,Handling,0.55,0.03,0.58
16319998,IF4041438995,32144898,E2E2N6RIV - RIVER AND TRAIL OUTDOOR COMPANY,TENS26MARCH1,2026-02-17,2026-02-28,1,1939,Order Processing,2,0.1,2.1
16319998,IF4041438995,32144898,E2E2N6RIV - RIVER AND TRAIL OUTDOOR COMPANY,TENS26MARCH1,2026-02-17,2026-02-28,52,1939,Order NonMasterPack,26,1.3,27.3
16320036,IF4041438992,32144895,B0T1K0LIL - LILIETH BOUTIQUE,TENTREE SS26,2026-02-17,2026-02-28,1,1365,Order Processing,2,0.1,2.1
16320036,IF4041438992,32144895,B0T1K0LIL - LILIETH BOUTIQUE,TENTREE SS26,2026-02-17,2026-02-28,34,1365,Order NonMasterPack,17,0.85,17.85
16320038,IF4041439002,32144905,V9L1V8WAL - WALL STREET CLOTHING,Mens Feb 16 Spr26,2026-02-17,2026-02-28,44,1329.5,Order NonMasterPack,22,1.1,23.1
16320038,IF4041439002,32144905,V9L1V8WAL - WALL STREET CLOTHING,Mens Feb 16 Spr26,2026-02-17,2026-02-28,1,1329.5,Order Processing,2,0.1,2.1
16320039,IF4041438990,32144893,V8A5K9ARM - ARMITAGE MENS WEAR,62725,2026-02-17,2026-02-28,299,9143.5,Order NonMasterPack,149.5,7.48,156.98
16320039,IF4041438990,32144893,V8A5K9ARM - ARMITAGE MENS WEAR,62725,2026-02-17,2026-02-28,1,9143.5,Order Processing,2,0.1,2.1
16326326,IF4041438854,32141483,S9V0T6HOT - HOT PEPPERS,mens spring,2026-02-19,2026-02-28,1,2719.5,Order Processing,2,0.1,2.1
16326326,IF4041438854,32141483,S9V0T6HOT - HOT PEPPERS,mens spring,2026-02-19,2026-02-28,68,2719.5,Order NonMasterPack,34,1.7,35.7
16326327,IF4041438869,32141495,T5V0A1 - LA DEE DAH,spr2026,2026-02-19,2026-02-28,95,3416.5,Order NonMasterPack,47.5,2.38,49.88
16326327,IF4041438869,32141495,T5V0A1 - LA DEE DAH,spr2026,2026-02-19,2026-02-28,1,3416.5,Order Processing,2,0.1,2.1
16326330,IF4041439017,32144918,V1Z4C9FRE - FREE RIDE,WSWmTentreeSp26,2026-02-19,2026-02-28,34,1318,Order NonMasterPack,17,0.85,17.85
16326330,IF4041439017,32144918,V1Z4C9FRE - FREE RIDE,WSWmTentreeSp26,2026-02-19,2026-02-28,1,1318,Order Processing,2,0.1,2.1
16326336,IF4041439735,32183651,V9K1S7COV - COVET BOUTIQUE,1234,2026-02-19,2026-02-28,1,6696.5,Order Processing,2,0.1,2.1
16326336,IF4041439735,32183651,V9K1S7COV - COVET BOUTIQUE,1234,2026-02-19,2026-02-28,202,6696.5,Order NonMasterPack,101,5.05,106.05
16326337,IF4041439737,32183652,J9L1M8LE - LE COUREUR DES BOIS,CP03072025Liv.Acc,2026-02-19,2026-02-28,1,225,Order Processing,2,0.1,2.1
16326337,IF4041439737,32183652,J9L1M8LE - LE COUREUR DES BOIS,CP03072025Liv.Acc,2026-02-19,2026-02-28,10,225,Order NonMasterPack,5,0.25,5.25
16326338,IF4041439739,32183654,V0A1K0THE - THE INSIDE EDGE SPORTS STORE LTD,20260309,2026-02-19,2026-02-28,59,2016,Order NonMasterPack,29.5,1.48,30.98
16326338,IF4041439739,32183654,V0A1K0THE - THE INSIDE EDGE SPORTS STORE LTD,20260309,2026-02-19,2026-02-28,1,2016,Order Processing,2,0.1,2.1
16326340,IF4041439742,32183657,V9G1B8TIM - TIMES INFINITY CORP,TIC-201,2026-02-19,2026-02-28,72,2550,Order NonMasterPack,36,1.8,37.8
16326340,IF4041439742,32183657,V9G1B8TIM - TIMES INFINITY CORP,TIC-201,2026-02-19,2026-02-28,1,2550,Order Processing,2,0.1,2.1
16326341,IF4041439743,32183658,V1T3R4HRU - HRUSSOCZY HOLDINGS LTD,Katherine + stock,2026-02-19,2026-02-28,1,400.8,Order Processing,2,0.1,2.1
16326341,IF4041439743,32183658,V1T3R4HRU - HRUSSOCZY HOLDINGS LTD,Katherine + stock,2026-02-19,2026-02-28,11,400.8,Order NonMasterPack,5.5,0.28,5.78
16326347,IF4041439885,32193262,V0J1Z0CHI - CHIAS DREAM CLOSET,SP 26 MW,2026-02-19,2026-02-28,1,2844.5,Order Processing,2,0.1,2.1
16326347,IF4041439885,32193262,V0J1Z0CHI - CHIAS DREAM CLOSET,SP 26 MW,2026-02-19,2026-02-28,84,2844.5,Order NonMasterPack,42,2.1,44.1
16345801,IF4041440649,32245002,V7B1W2HUD - Hudson Grp VANCOUVER INT'L AIRPORT,4503714615,2026-02-26,2026-02-28,1,17209.5,Order Processing,2,0.1,2.1
16345801,IF4041440649,32245002,V7B1W2HUD - Hudson Grp VANCOUVER INT'L AIRPORT,4503714615,2026-02-26,2026-02-28,620,17209.5,Order NonMasterPack,310,15.5,325.5
16349401,IF4041440969,32262115,V6E1T8 - Connor Emeny,tentree promo,2026-02-27,2026-02-28,1,1750,Order Processing,2,0.1,2.1
16349401,IF4041440969,32262115,V6E1T8 - Connor Emeny,tentree promo,2026-02-27,2026-02-28,1,1750,Order Master Pack Carton,2,0.1,2.1
16349401,IF4041440969,32262115,V6E1T8 - Connor Emeny,tentree promo,2026-02-27,2026-02-28,28,1750,Order NonMasterPack,14,0.7,14.7
16308249,IF4041438628,32133800,K6A2R2SPO - SPORTS EXPERTS,4262100-788,2026-02-12,2026-02-28,1,115.5,Order Processing,2,0.1,2.1
16308249,IF4041438628,32133800,K6A2R2SPO - SPORTS EXPERTS,4262100-788,2026-02-12,2026-02-28,3,115.5,Order NonMasterPack,1.5,0.08,1.58
16308251,IF4041438630,32133802,H7P6C8SPO - SPORTS EXPERTS 3398,4262100-3398,2026-02-12,2026-02-28,1,208.5,Order Processing,2,0.1,2.1
16308251,IF4041438630,32133802,H7P6C8SPO - SPORTS EXPERTS 3398,4262100-3398,2026-02-12,2026-02-28,5,208.5,Order NonMasterPack,2.5,0.13,2.63
16298816,IF4041437659,32093307,K7V1R3SCO - SCOTT'S SHOE STORE,Shelf Talker,2026-02-09,2026-02-28,2,0,Handling,1.1,0.06,1.16
16298816,IF4041437659,32093307,K7V1R3SCO - SCOTT'S SHOE STORE,Shelf Talker,2026-02-09,2026-02-28,1,0,Order Processing,2,0.1,2.1
16298827,IF4041437653,32093301,N0H2C0682 - 682565 ONTARIO INC.,Shelf Talker,2026-02-09,2026-02-28,1,0,Order Processing,2,0.1,2.1
16298827,IF4041437653,32093301,N0H2C0682 - 682565 ONTARIO INC.,Shelf Talker,2026-02-09,2026-02-28,3,0,Handling,1.65,0.08,1.73
16298830,IF4041437663,32093311,L4G3H7ST - ST ANDREW'S COLLEGE,Shelf Talker,2026-02-09,2026-02-28,2,0,Handling,1.1,0.06,1.16
16298830,IF4041437663,32093311,L4G3H7ST - ST ANDREW'S COLLEGE,Shelf Talker,2026-02-09,2026-02-28,1,0,Order Processing,2,0.1,2.1
16298871,IF4041437772,32093421,V9W8C9SPI - SPINNERS SPORTS CAMPBELL RIVER,Shelf Talker,2026-02-09,2026-02-28,2,0,Handling,1.1,0.06,1.16
16298871,IF4041437772,32093421,V9W8C9SPI - SPINNERS SPORTS CAMPBELL RIVER,Shelf Talker,2026-02-09,2026-02-28,1,0,Order Processing,2,0.1,2.1
16298972,IF4041437791,32093641,V8B0B6SEA - SEA TO SKY GONDOLA,Shelf Talker,2026-02-09,2026-02-28,2,0,Handling,1.1,0.06,1.16
16298972,IF4041437791,32093641,V8B0B6SEA - SEA TO SKY GONDOLA,Shelf Talker,2026-02-09,2026-02-28,1,0,Order Processing,2,0.1,2.1
16299027,IF4041437789,32093639,V9M3M1COA - COAST SURF SHOP LTD.,Shelf Talker,2026-02-09,2026-02-28,2,0,Handling,1.1,0.06,1.16
16299027,IF4041437789,32093639,V9M3M1COA - COAST SURF SHOP LTD.,Shelf Talker,2026-02-09,2026-02-28,1,0,Order Processing,2,0.1,2.1
16299125,IF4041437625,32093273,T5V0A1LA - LA DEE DAH PROMOTIONAL AND EMBROIDERY,Shelf Talker,2026-02-09,2026-02-28,2,0,Handling,1.1,0.06,1.16
16299125,IF4041437625,32093273,T5V0A1LA - LA DEE DAH PROMOTIONAL AND EMBROIDERY,Shelf Talker,2026-02-09,2026-02-28,1,0,Order Processing,2,0.1,2.1
16309085,IF4041438713,32138418,V0A1H0GOL - Golden Skybridge – GSB,Shelf Talker,2026-02-12,2026-02-28,1,0,Order Processing,2,0.1,2.1
16309085,IF4041438713,32138418,V0A1H0GOL - Golden Skybridge – GSB,Shelf Talker,2026-02-12,2026-02-28,2,0,Handling,1.1,0.06,1.16
16268812,IF4041436548,32028732,G0C2B0RHE - RHEAL PITRE A FILS LTEE,VN-160226,2026-01-29,2026-02-28,5,220,Order NonMasterPack,2.5,0.13,2.63
16268812,IF4041436548,32028732,G0C2B0RHE - RHEAL PITRE A FILS LTEE,VN-160226,2026-01-29,2026-02-28,1,220,Order Processing,2,0.1,2.1
16268811,IF4041436547,32028731,J9L1M8LE - LE COUREUR DES BOIS,CP030720225Liv.Vet1,2026-01-29,2026-02-28,1,156,Order Processing,2,0.1,2.1
16268811,IF4041436547,32028731,J9L1M8LE - LE COUREUR DES BOIS,CP030720225Liv.Vet1,2026-01-29,2026-02-28,4,156,Order NonMasterPack,2,0.1,2.1
16298939,IF4041437596,32093244,J3P6L9ST - ST PIERRE SPORTS DE SOREL INC.,BOOKING 03 07 2025,2026-02-09,2026-02-28,1,67.5,Order Processing,2,0.1,2.1
16298939,IF4041437596,32093244,J3P6L9ST - ST PIERRE SPORTS DE SOREL INC.,BOOKING 03 07 2025,2026-02-09,2026-02-28,3,67.5,Order NonMasterPack,1.5,0.08,1.58
16302447,IF4041438316,32123530,J2S3J1BOU - BOUTIQUE MV dba M&V,Shelf Talker,2026-02-10,2026-02-28,1,0,Order Processing,2,0.1,2.1
16302447,IF4041438316,32123530,J2S3J1BOU - BOUTIQUE MV dba M&V,Shelf Talker,2026-02-10,2026-02-28,1,0,Handling,0.55,0.03,0.58
16302470,IF4041438339,32123553,V0G1R0TOU - TOUCH OF FASHION,Shelf Talker,2026-02-10,2026-02-28,1,0,Order Processing,2,0.1,2.1
16302470,IF4041438339,32123553,V0G1R0TOU - TOUCH OF FASHION,Shelf Talker,2026-02-10,2026-02-28,1,0,Handling,0.55,0.03,0.58
16303557,IF4041438364,32124951,V0J1E0BLU - BLU JAY SPORTS,SP20261,2026-02-10,2026-02-28,1,1044,Order Processing,2,0.1,2.1
16303557,IF4041438364,32124951,V0J1E0BLU - BLU JAY SPORTS,SP20261,2026-02-10,2026-02-28,37,1044,Order NonMasterPack,18.5,0.93,19.43
16303563,IF4041438365,32124952,V0J1E0BLU - BLU JAY SPORTS,SP20261,2026-02-10,2026-02-28,1,1210,Order Processing,2,0.1,2.1
16303563,IF4041438365,32124952,V0J1E0BLU - BLU JAY SPORTS,SP20261,2026-02-10,2026-02-28,29,1210,Order NonMasterPack,14.5,0.73,15.23
16308274,IF4041438664,32134300,G1V2L1PLA - Place Ste-Foy,4262100,2026-02-12,2026-02-28,1,195,Order Processing,2,0.1,2.1
16308274,IF4041438664,32134300,G1V2L1PLA - Place Ste-Foy,4262100,2026-02-12,2026-02-28,5,195,Order NonMasterPack,2.5,0.13,2.63
16308281,IF4041438672,32134308,J7R4Z3SPO - SPORTS EXPERTS - ATMOSPHERE,4262104,2026-02-12,2026-02-28,1,354,Order Processing,2,0.1,2.1
16308281,IF4041438672,32134308,J7R4Z3SPO - SPORTS EXPERTS - ATMOSPHERE,4262104,2026-02-12,2026-02-28,6,354,Order NonMasterPack,3,0.15,3.15
16309084,IF4041438665,32134301,G1V2L8SPO - Sports Experts,4262100,2026-02-12,2026-02-28,6,234,Order NonMasterPack,3,0.15,3.15
16309084,IF4041438665,32134301,G1V2L8SPO - Sports Experts,4262100,2026-02-12,2026-02-28,1,234,Order Processing,2,0.1,2.1
16319982,IF4041439013,32144915,G6P4A2SIG - SIGNE POUR LUI INC.,commande perso,2026-02-17,2026-02-28,5,207,Order NonMasterPack,2.5,0.13,2.63
16319982,IF4041439013,32144915,G6P4A2SIG - SIGNE POUR LUI INC.,commande perso,2026-02-17,2026-02-28,1,207,Order Processing,2,0.1,2.1
16308942,IF4041438827,32140933,P5N2W8MOO - MOONBEAM COUNTRY STORE,Sp26 del 1,2026-02-12,2026-02-28,1,8772,Order Processing,2,0.1,2.1
16308942,IF4041438827,32140933,P5N2W8MOO - MOONBEAM COUNTRY STORE,Sp26 del 1,2026-02-12,2026-02-28,282,8772,Order NonMasterPack,141,7.05,148.05
16308962,IF4041438849,32141479,A2B1K7GEN - GENTLEMAN B LIFESTYLE,gbtentreesp26-1,2026-02-12,2026-02-28,280,9900,Order NonMasterPack,140,7,147
16308962,IF4041438849,32141479,A2B1K7GEN - GENTLEMAN B LIFESTYLE,gbtentreesp26-1,2026-02-12,2026-02-28,1,9900,Order Processing,2,0.1,2.1
16308963,IF4041438851,32141480,V0R1X0NOR - NORTH ROAD SPORTS,TentreeS26-1,2026-02-12,2026-02-28,179,6373,Order NonMasterPack,89.5,4.48,93.98
16308963,IF4041438851,32141480,V0R1X0NOR - NORTH ROAD SPORTS,TentreeS26-1,2026-02-12,2026-02-28,1,6373,Order Processing,2,0.1,2.1
16308969,IF4041438859,32141487,S0C0R0KIN - KINGS DEPARTMENT STORE,mens s26,2026-02-12,2026-02-28,1,2749,Order Processing,2,0.1,2.1
16308969,IF4041438859,32141487,S0C0R0KIN - KINGS DEPARTMENT STORE,mens s26,2026-02-12,2026-02-28,86,2749,Order NonMasterPack,43,2.15,45.15
16308971,IF4041438861,32141489,P7C5V3FRE - FRESH AIR,TentreeDelOneSp26,2026-02-12,2026-02-28,1,7391.5,Order Processing,2,0.1,2.1
16308971,IF4041438861,32141489,P7C5V3FRE - FRESH AIR,TentreeDelOneSp26,2026-02-12,2026-02-28,196,7391.5,Order NonMasterPack,98,4.9,102.9
16308972,IF4041438862,32141490,V0J1E0BLU - BLU JAY SPORTS,SP26ACCESSORIES,2026-02-12,2026-02-28,1,382.5,Order Processing,2,0.1,2.1
16308972,IF4041438862,32141490,V0J1E0BLU - BLU JAY SPORTS,SP26ACCESSORIES,2026-02-12,2026-02-28,17,382.5,Order NonMasterPack,8.5,0.43,8.93
16308973,IF4041438863,32141491,V0J1E0BLU - BLU JAY SPORTS,Womens SP2026,2026-02-12,2026-02-28,1,2773,Order Processing,2,0.1,2.1
16308973,IF4041438863,32141491,V0J1E0BLU - BLU JAY SPORTS,Womens SP2026,2026-02-12,2026-02-28,75,2773,Order NonMasterPack,37.5,1.88,39.38
16308977,IF4041438870,32141496,S0E0A7HAR - HAROLDS FOOTWEAR APPAREL,sp26wms,2026-02-12,2026-02-28,1,6573.5,Order Processing,2,0.1,2.1
16308977,IF4041438870,32141496,S0E0A7HAR - HAROLDS FOOTWEAR APPAREL,sp26wms,2026-02-12,2026-02-28,186,6573.5,Order NonMasterPack,93,4.65,97.65
16308985,IF4041438878,32141670,V0J2N0LOC - LOCAL SUPPLY CO,SP26-1,2026-02-12,2026-02-28,62,1984.5,Order NonMasterPack,31,1.55,32.55
16308985,IF4041438878,32141670,V0J2N0LOC - LOCAL SUPPLY CO,SP26-1,2026-02-12,2026-02-28,1,1984.5,Order Processing,2,0.1,2.1
16308988,IF4041438881,32141673,P0T1T0BRA - BRAGGS,SS26 tentree order,2026-02-12,2026-02-28,1,6905.5,Order Processing,2,0.1,2.1
16308988,IF4041438881,32141673,P0T1T0BRA - BRAGGS,SS26 tentree order,2026-02-12,2026-02-28,190,6905.5,Order NonMasterPack,95,4.75,99.75
16308992,IF4041438888,32141677,V0H1H0CRE - CREATIVE CUSTOM EMBROIDERY dba WORK N PL,26-Feb,2026-02-12,2026-02-28,1,12970,Order Processing,2,0.1,2.1
16308992,IF4041438888,32141677,V0H1H0CRE - CREATIVE CUSTOM EMBROIDERY dba WORK N PL,26-Feb,2026-02-12,2026-02-28,475,12970,Order NonMasterPack,237.5,11.88,249.38
16308997,IF4041438894,32141682,S9A3W6FF2 - FF2,springwomen,2026-02-12,2026-02-28,110,2961,Order NonMasterPack,55,2.75,57.75
16308997,IF4041438894,32141682,S9A3W6FF2 - FF2,springwomen,2026-02-12,2026-02-28,1,2961,Order Processing,2,0.1,2.1
16308998,IF4041438895,32141683,R9A1S4FUN - FUNKY THREADZ,S26 tentree x ftz,2026-02-12,2026-02-28,79,3268,Order NonMasterPack,39.5,1.98,41.48
16308998,IF4041438895,32141683,R9A1S4FUN - FUNKY THREADZ,S26 tentree x ftz,2026-02-12,2026-02-28,1,3268,Order Processing,2,0.1,2.1
16309005,IF4041438905,32141690,V2G4T6CAR - CARIBOU SKI SOURCE FOR SPORTS,26-055,2026-02-12,2026-02-28,63,2635,Order NonMasterPack,31.5,1.58,33.08
16309005,IF4041438905,32141690,V2G4T6CAR - CARIBOU SKI SOURCE FOR SPORTS,26-055,2026-02-12,2026-02-28,1,2635,Order Processing,2,0.1,2.1
16309007,IF4041438910,32141693,G6P4A2SIG - SIGNE POUR LUI INC.,mars Tentree,2026-02-12,2026-02-28,41,1377,Order NonMasterPack,20.5,1.03,21.53
16309007,IF4041438910,32141693,G6P4A2SIG - SIGNE POUR LUI INC.,mars Tentree,2026-02-12,2026-02-28,1,1377,Order Processing,2,0.1,2.1
16309017,IF4041438922,32141704,J2S3J1BOU - BOUTIQUE MV dba M&V,coll1,2026-02-12,2026-02-28,236,9300,Order NonMasterPack,118,5.9,123.9
16309017,IF4041438922,32141704,J2S3J1BOU - BOUTIQUE MV dba M&V,coll1,2026-02-12,2026-02-28,1,9300,Order Processing,2,0.1,2.1
16309024,IF4041438931,32142278,R7N1J2507 - 5077070 MANITOBA LTD. dba PARKLAND SOURC,TENTREE-SP26,2026-02-12,2026-02-28,1,5212,Order Processing,2,0.1,2.1
16309024,IF4041438931,32142278,R7N1J2507 - 5077070 MANITOBA LTD. dba PARKLAND SOURC,TENTREE-SP26,2026-02-12,2026-02-28,154,5212,Order NonMasterPack,77,3.85,80.85
16319969,IF4041439019,32144920,V1N2M9MAL - MALLARDS SOURCE FOR SPORTS,Ten Access Spr 26,2026-02-17,2026-02-28,110,2564,Order NonMasterPack,55,2.75,57.75
16319969,IF4041439019,32144920,V1N2M9MAL - MALLARDS SOURCE FOR SPORTS,Ten Access Spr 26,2026-02-17,2026-02-28,1,2564,Order Processing,2,0.1,2.1
16320015,IF4041438997,32144900,E2A1A6THE - THE CAPTAINS CABIN,TENTREE S26,2026-02-17,2026-02-28,95,2237,Order NonMasterPack,47.5,2.38,49.88
16320015,IF4041438997,32144900,E2A1A6THE - THE CAPTAINS CABIN,TENTREE S26,2026-02-17,2026-02-28,1,2237,Order Processing,2,0.1,2.1
16320030,IF4041439643,32178594,P5N2W8MOO - MOONBEAM COUNTRY STORE,Shelf Talker,2026-02-17,2026-02-28,1,0,Handling,0.55,0.03,0.58
16320030,IF4041439643,32178594,P5N2W8MOO - MOONBEAM COUNTRY STORE,Shelf Talker,2026-02-17,2026-02-28,1,0,Order Processing,2,0.1,2.1
16320033,IF4041439491,32168614,S0A2P0OUT - OUT OF THE BOX STORE,7102025,2026-02-17,2026-02-28,92,3159,Order NonMasterPack,46,2.3,48.3
16320033,IF4041439491,32168614,S0A2P0OUT - OUT OF THE BOX STORE,7102025,2026-02-17,2026-02-28,1,3159,Order Processing,2,0.1,2.1
16320034,IF4041439004,32144907,S0E0A7HAR - HAROLDS FOOTWEAR APPAREL,sp26MNS,2026-02-17,2026-02-28,191,6226,Order NonMasterPack,95.5,4.78,100.28
16320034,IF4041439004,32144907,S0E0A7HAR - HAROLDS FOOTWEAR APPAREL,sp26MNS,2026-02-17,2026-02-28,1,6226,Order Processing,2,0.1,2.1
16320037,IF4041438991,32144894,N0B1S0ARI - ARIA BOUTIQUE,shipment 1,2026-02-17,2026-02-28,96,3100,Order NonMasterPack,48,2.4,50.4
16320037,IF4041438991,32144894,N0B1S0ARI - ARIA BOUTIQUE,shipment 1,2026-02-17,2026-02-28,1,3100,Order Processing,2,0.1,2.1
16326331,IF4041439646,32178597,A0P1E0BLI - BLIZZARD CORP. LTD.,Shelf Talker,2026-02-19,2026-02-28,1,0,Order Processing,2,0.1,2.1
16326331,IF4041439646,32178597,A0P1E0BLI - BLIZZARD CORP. LTD.,Shelf Talker,2026-02-19,2026-02-28,1,0,Handling,0.55,0.03,0.58
16326332,IF4041439705,32182508,L9H1T7ADV - ADVENTURE ATTIC,SS26 tentree ship 1 Feb,2026-02-19,2026-02-28,1,5028,Order Processing,2,0.1,2.1
16326332,IF4041439705,32182508,L9H1T7ADV - ADVENTURE ATTIC,SS26 tentree ship 1 Feb,2026-02-19,2026-02-28,154,5028,Order NonMasterPack,77,3.85,80.85
16326333,IF4041439727,32183644,A0P1E0BLI - BLIZZARD CORP. LTD.,TTS26D1,2026-02-19,2026-02-28,84,2945.5,Order NonMasterPack,42,2.1,44.1
16326333,IF4041439727,32183644,A0P1E0BLI - BLIZZARD CORP. LTD.,TTS26D1,2026-02-19,2026-02-28,1,2945.5,Order Processing,2,0.1,2.1
16326335,IF4041439729,32183646,K9J2T7WIL - WILD ROCK OUTFITTERS,TENTREE-1/2,2026-02-19,2026-02-28,65,2455,Order NonMasterPack,32.5,1.63,34.13
16326335,IF4041439729,32183646,K9J2T7WIL - WILD ROCK OUTFITTERS,TENTREE-1/2,2026-02-19,2026-02-28,1,2455,Order Processing,2,0.1,2.1
16326339,IF4041439740,32183655,V0N2J2ALL - ALLISON TAYLOR dba INIS TRADING CO,Spring #2,2026-02-19,2026-02-28,1,3508.5,Order Processing,2,0.1,2.1
16326339,IF4041439740,32183655,V0N2J2ALL - ALLISON TAYLOR dba INIS TRADING CO,Spring #2,2026-02-19,2026-02-28,85,3508.5,Order NonMasterPack,42.5,2.13,44.63
16326344,IF4041439866,32193245,P0L1N0CHI - CHICO JEANS,spring2026bookingJv,2026-02-19,2026-02-28,104,3072.5,Order NonMasterPack,52,2.6,54.6
16326344,IF4041439866,32193245,P0L1N0CHI - CHICO JEANS,spring2026bookingJv,2026-02-19,2026-02-28,1,3072.5,Order Processing,2,0.1,2.1
16326345,IF4041439871,32193250,V0H1H0CRE - CREATIVE CUSTOM EMBROIDERY dba WORK N PL,26-Mar,2026-02-19,2026-02-28,18,837,Order NonMasterPack,9,0.45,9.45
16326345,IF4041439871,32193250,V0H1H0CRE - CREATIVE CUSTOM EMBROIDERY dba WORK N PL,26-Mar,2026-02-19,2026-02-28,1,837,Order Processing,2,0.1,2.1
16326349,IF4041439899,32194707,L3K3E7VIL - VILLAGES PORT COLBORNE,695,2026-02-19,2026-02-28,1,759.4,Order Processing,2,0.1,2.1
16326349,IF4041439899,32194707,L3K3E7VIL - VILLAGES PORT COLBORNE,695,2026-02-19,2026-02-28,32,759.4,Order NonMasterPack,16,0.8,16.8
16345798,IF4041440583,32239558,A0E1P0OUT - OUTPORT BOUTIQUE INC.,Tentree - SS26,2026-02-26,2026-02-28,1,3550.5,Order Processing,2,0.1,2.1
16345798,IF4041440583,32239558,A0E1P0OUT - OUTPORT BOUTIQUE INC.,Tentree - SS26,2026-02-26,2026-02-28,107,3550.5,Order NonMasterPack,53.5,2.68,56.18
16345799,IF4041440587,32239862,V8L1X7COT - COTTONS AND BLUES,tentree SS26 del 1,2026-02-26,2026-02-28,57,2179.5,Order NonMasterPack,28.5,1.43,29.93
16345799,IF4041440587,32239862,V8L1X7COT - COTTONS AND BLUES,tentree SS26 del 1,2026-02-26,2026-02-28,1,2179.5,Order Processing,2,0.1,2.1
16345800,IF4041440588,32239863,S0L2V0GOG - GOGH SPORTS COMPANY LTD. DBA ATHLETE'S H,SS26,2026-02-26,2026-02-28,1,1839.5,Order Processing,2,0.1,2.1
16345800,IF4041440588,32239863,S0L2V0GOG - GOGH SPORTS COMPANY LTD. DBA ATHLETE'S H,SS26,2026-02-26,2026-02-28,62,1839.5,Order NonMasterPack,31,1.55,32.55
16345802,IF4041440761,32252575,B3J2H8SWE - SWEET PEA,Shelf Talker,2026-02-26,2026-02-28,1,0,Handling,0.55,0.03,0.58
16345802,IF4041440761,32252575,B3J2H8SWE - SWEET PEA,Shelf Talker,2026-02-26,2026-02-28,1,0,Order Processing,2,0.1,2.1
16345847,IF4041440855,32255345,B3J2H8SWE - SWEET PEA,TENTREE SS26,2026-02-26,2026-02-28,61,3089,Order NonMasterPack,30.5,1.53,32.03
16345847,IF4041440855,32255345,B3J2H8SWE - SWEET PEA,TENTREE SS26,2026-02-26,2026-02-28,1,3089,Order Processing,2,0.1,2.1
16347236,IF4041440968,32262013,K0E1T0ONC - ONCE @426 BOUTIQUE + MARKET,SS26 tentree order Feb ship,2026-02-26,2026-02-28,75,2416,Order NonMasterPack,37.5,1.88,39.38
16347236,IF4041440968,32262013,K0E1T0ONC - ONCE @426 BOUTIQUE + MARKET,SS26 tentree order Feb ship,2026-02-26,2026-02-28,1,2416,Order Processing,2,0.1,2.1
Receipt,Client Ref 1,Client Ref 2,Shipped From,BOL Number,,,,,Service,,,
1023637,PO04741,32127011,,C1451091,2026-02-11,2026-02-21,65,0,Receiving,286,14.3,300.3
1023637,PO04741,32127011,,C1451091,2026-02-11,2026-02-21,1,0,Receipt Processing,10,0.5,10.5
1023637,PO04741,32127011,,C1451091,2026-02-11,2026-02-21,65,0,Storage,422.5,21.13,443.63
1015806,PO04684,31016741,,C1451091,2026-01-21,2026-02-21,1,0,Receipt Processing,10,0.5,10.5
1015806,PO04684,31016741,,C1451091,2026-01-21,2026-02-21,295,0,Receiving,1298,64.9,1362.9
1015806,PO04684,31016741,,C1451091,2026-01-21,2026-02-21,295,0,Storage,1917.5,95.88,2013.38
Return,Client Ref 1,Client Ref 2,Shipped From,BOL Number,,,,,Service,,,
1025324,RMA89389,,MARIE-LYNN ADAM (J4B6G4MAR),8.88699E+11,2026-02-18,2026-02-19,83,0,Restock,20.75,1.04,21.79
1025324,RMA89389,,MARIE-LYNN ADAM (J4B6G4MAR),8.88699E+11,2026-02-18,2026-02-19,4,0,Service Center Labor,165.38,8.27,173.65
1025324,RMA89389,,MARIE-LYNN ADAM (J4B6G4MAR),8.88699E+11,2026-02-18,2026-02-19,83,0,Returns,57.01,2.85,59.86
1025324,RMA89389,,MARIE-LYNN ADAM (J4B6G4MAR),8.88699E+11,2026-02-18,2026-02-19,83,0,Storage,4.15,0.21,4.36
1026781,RMA87687,31480329,HUDSON GRP VANCOUVER INT'L AIRPORT (V7B1W2HUD),VAN65048365001,2026-02-24,2026-02-25,119,0,Returns,81.13,4.06,85.19
1026781,RMA87687,31480329,HUDSON GRP VANCOUVER INT'L AIRPORT (V7B1W2HUD),VAN65048365001,2026-02-24,2026-02-25,119,0,Restock,29.75,1.49,31.24
1026781,RMA87687,31480329,HUDSON GRP VANCOUVER INT'L AIRPORT (V7B1W2HUD),VAN65048365001,2026-02-24,2026-02-25,2,0,Service Center Labor,94.5,4.73,99.23
1026781,RMA87687,31480329,HUDSON GRP VANCOUVER INT'L AIRPORT (V7B1W2HUD),VAN65048365001,2026-02-24,2026-02-25,119,0,Storage,5.95,0.3,6.25
Shipment,Client Ref 1,Client Ref 2,Customer,BOL Number,,,,,Service,,,
14478271,IF4041437313,2026_02_01_02_28B,J7V0N3SAI - SAIL 27,1Z2VW7552090016215,2026-03-03,2026-02-14,0,0,Outbound Freight,1.93,0.1,2.03
14478227,IF4041437315,2026_02_01_02_28B,G7H5B1SAI - SAIL PLEIN 29,1Z2VW7552098992012,2026-03-03,2026-02-14,0,0,Outbound Freight,1.86,0.09,1.95
14374098,IF4041438547,32132853,J2G8K1SPO - Sports Experts 410,5.20335E+11,2026-02-11,2026-02-17,8,226,Outbound Freight,17.01,0.85,17.86
14374098,IF4041438547,32132853,J2G8K1SPO - Sports Experts 410,5.20335E+11,2026-02-11,2026-02-17,3,226,Outbound Shipment Materials,2.93,0.36,3.29
14367290,IF4041437706,32093357,G4X2A9CAR - Carrefour Gaspé,LSHP46870909,2026-02-09,2026-02-18,3,0,Outbound Shipment Materials,2.93,0.36,3.29
14367290,IF4041437706,32093357,G4X2A9CAR - Carrefour Gaspé,LSHP46870909,2026-02-09,2026-02-18,1,0,Outbound Freight,21.13,1.06,22.19
14368441,IF4041438148,32115666,V7B1W2HUD - Hudson Grp VANCOUVER INT'L AIRPORT,LSHP46870950,2026-02-09,2026-02-18,3,0,Outbound Shipment Materials,2.93,0.36,3.29
14368441,IF4041438148,32115666,V7B1W2HUD - Hudson Grp VANCOUVER INT'L AIRPORT,LSHP46870950,2026-02-09,2026-02-18,1,0,Outbound Freight,9.54,0.48,10.02
14367297,IF4041437781,32093631,V0R2Z0TOF - TOFINO FISHING AND TRADING,LSHP46871708,2026-02-09,2026-02-18,3,0,Outbound Shipment Materials,2.93,0.36,3.29
14367297,IF4041437781,32093631,V0R2Z0TOF - TOFINO FISHING AND TRADING,LSHP46871708,2026-02-09,2026-02-18,1,0,Outbound Freight,1.25,0.06,1.31
14367291,IF4041437733,32093383,J1L1C9SPO - SPORTS EXPERTS - ATMOSPHERE,1Z2VW7552091340907,2026-02-09,2026-02-18,3,0,Outbound Shipment Materials,2.93,0.36,3.29
14367291,IF4041437733,32093383,J1L1C9SPO - SPORTS EXPERTS - ATMOSPHERE,1Z2VW7552091340907,2026-02-09,2026-02-18,1,0,Outbound Freight,14.37,0.72,15.09
14367292,IF4041437698,32093349,J2C6Y7PRO - Promenades Drummondville,1Z2VW7552098159477,2026-02-09,2026-02-18,1,0,Outbound Freight,14.37,0.72,15.09
14367292,IF4041437698,32093349,J2C6Y7PRO - Promenades Drummondville,1Z2VW7552098159477,2026-02-09,2026-02-18,3,0,Outbound Shipment Materials,2.93,0.36,3.29
14367294,IF4041437721,32093372,G9A6J2SPO - SPORTS EXPERTS - ATMOSPHERE,1Z2VW7552097627552,2026-02-09,2026-02-18,1,0,Outbound Freight,15.21,0.76,15.97
14367294,IF4041437721,32093372,G9A6J2SPO - SPORTS EXPERTS - ATMOSPHERE,1Z2VW7552097627552,2026-02-09,2026-02-18,3,0,Outbound Shipment Materials,2.93,0.36,3.29
14367295,IF4041437712,32093363,J6T1A9SPO - Sports Experts,1Z2VW7552096369342,2026-02-09,2026-02-18,3,0,Outbound Shipment Materials,2.93,0.36,3.29
14367295,IF4041437712,32093363,J6T1A9SPO - Sports Experts,1Z2VW7552096369342,2026-02-09,2026-02-18,1,0,Outbound Freight,14.37,0.72,15.09
14371626,IF4041438369,32124969,V1T2B6VAL - Valhalla Pure Outfitters Inc,5.20341E+11,2026-02-10,2026-02-18,0,61.3,Outbound Shipment Materials,0.25,0.03,0.28
14371626,IF4041438369,32124969,V1T2B6VAL - Valhalla Pure Outfitters Inc,5.20341E+11,2026-02-10,2026-02-18,1,61.3,Outbound Freight,1.25,0.06,1.31
14389081,IF4041438805,32140915,H7L5Z6A/S - A/S Les Boutiques Tremblant,5.20339E+11,2026-02-12,2026-02-18,358,14944,Outbound Freight,90.55,4.53,95.08
14389081,IF4041438805,32140915,H7L5Z6A/S - A/S Les Boutiques Tremblant,5.20339E+11,2026-02-12,2026-02-18,37,14944,Outbound Shipment Materials,37.2,4.46,41.66
14421020,IF4041436280,Consolidated Shipment,"L5T1A7LID - LIDS CANADA, INC.",5964177,2026-02-17,2026-02-18,26,50715,Outbound Shipment Materials,26.41,3.17,29.58
14421020,IF4041436280,Consolidated Shipment,"L5T1A7LID - LIDS CANADA, INC.",5964177,2026-02-17,2026-02-18,2,50715,Pallet Prep,21,1.05,22.05
14421020,IF4041436280,Consolidated Shipment,"L5T1A7LID - LIDS CANADA, INC.",5964177,2026-02-17,2026-02-18,1,50715,Outbound Freight,20,1,21
14390920,IF4041437626,32093274,S9X1Y2MAR - MARTODAMS,LSHP46892698,2026-02-12,2026-02-19,3,0,Outbound Shipment Materials,2.93,0.36,3.29
14390920,IF4041437626,32093274,S9X1Y2MAR - MARTODAMS,LSHP46892698,2026-02-12,2026-02-19,1,0,Outbound Freight,1.25,0.06,1.31
14367296,IF4041437697,32093348,J9T4B2SPO - SPORTS EXPERTS,LSHP46871500,2026-02-09,2026-02-19,3,0,Outbound Shipment Materials,2.93,0.36,3.29
14367296,IF4041437697,32093348,J9T4B2SPO - SPORTS EXPERTS,LSHP46871500,2026-02-09,2026-02-19,1,0,Outbound Freight,21.13,1.06,22.19
14367298,IF4041437693,32093344,G0C1J0SPO - SPORTS EXPERTS 677,3.9887E+11,2026-02-09,2026-02-19,1,0,Outbound Freight,25.84,1.29,27.13
14367298,IF4041437693,32093344,G0C1J0SPO - SPORTS EXPERTS 677,3.9887E+11,2026-02-09,2026-02-19,3,0,Outbound Shipment Materials,2.93,0.36,3.29
14367299,IF4041437736,32093386,J9X6H7SPO - SPORTS EXPERTS,LSHP46871515,2026-02-09,2026-02-19,1,0,Outbound Freight,21.13,1.06,22.19
14367299,IF4041437736,32093386,J9X6H7SPO - SPORTS EXPERTS,LSHP46871515,2026-02-09,2026-02-19,3,0,Outbound Shipment Materials,2.93,0.36,3.29
14374099,IF4041438548,32132854,J9X6H7SPO - SPORTS EXPERTS,LSHP46895111,2026-02-11,2026-02-19,3,279,Outbound Shipment Materials,2.93,0.36,3.29
14374099,IF4041438548,32132854,J9X6H7SPO - SPORTS EXPERTS,LSHP46895111,2026-02-11,2026-02-19,9,279,Outbound Freight,21.13,1.06,22.19
14374101,IF4041438551,32132857,G9A6J2SPO - SPORTS EXPERTS - ATMOSPHERE,LSHP46895176,2026-02-11,2026-02-19,5,677,Outbound Shipment Materials,4.65,0.56,5.21
14374101,IF4041438551,32132857,G9A6J2SPO - SPORTS EXPERTS - ATMOSPHERE,LSHP46895176,2026-02-11,2026-02-19,26,677,Outbound Freight,23.35,1.17,24.52
14374102,IF4041438550,32132856,J9T4B2SPO - SPORTS EXPERTS,LSHP46895145,2026-02-11,2026-02-19,9,279,Outbound Freight,21.13,1.06,22.19
14374102,IF4041438550,32132856,J9T4B2SPO - SPORTS EXPERTS,LSHP46895145,2026-02-11,2026-02-19,3,279,Outbound Shipment Materials,2.93,0.36,3.29
14374103,IF4041438552,32132858,G4X2A9CAR - Carrefour Gaspé,LSHP46891936,2026-02-11,2026-02-19,6,135,Outbound Freight,21.13,1.06,22.19
14374103,IF4041438552,32132858,G4X2A9CAR - Carrefour Gaspé,LSHP46891936,2026-02-11,2026-02-19,3,135,Outbound Shipment Materials,2.93,0.36,3.29
14390535,IF4041436216,32006951,E3V1T9SPO - SPORTS EXPERTS,LSHP46895404,2026-02-12,2026-02-19,4,571.5,Outbound Shipment Materials,4.06,0.48,4.54
14390535,IF4041436216,32006951,E3V1T9SPO - SPORTS EXPERTS,LSHP46895404,2026-02-12,2026-02-19,19,571.5,Outbound Freight,24.78,3.72,28.5
14390544,IF4041437695,32093346,J0K2N0BUY - Buying Member 712,LSHP46875227,2026-02-12,2026-02-19,1,0,Outbound Freight,23.68,1.18,24.86
14390544,IF4041437695,32093346,J0K2N0BUY - Buying Member 712,LSHP46875227,2026-02-12,2026-02-19,3,0,Outbound Shipment Materials,2.93,0.36,3.29
14390547,IF4041437724,32093375,J0T1T0SPO - SPORTS EXPERTS 620 (DAUDELIN),LSHP46875487,2026-02-12,2026-02-19,1,0,Outbound Freight,23.68,1.18,24.86
14390547,IF4041437724,32093375,J0T1T0SPO - SPORTS EXPERTS 620 (DAUDELIN),LSHP46875487,2026-02-12,2026-02-19,3,0,Outbound Shipment Materials,2.93,0.36,3.29
14390550,IF4041437705,32093356,E1X1G5SPO - SPORTS EXPERTS 646,LSHP46875533,2026-02-12,2026-02-19,3,0,Outbound Shipment Materials,2.93,0.36,3.29
14390550,IF4041437705,32093356,E1X1G5SPO - SPORTS EXPERTS 646,LSHP46875533,2026-02-12,2026-02-19,1,0,Outbound Freight,19.05,2.86,21.91
14390559,IF4041437734,32093384,J0R1R6SPO - SPORTS EXPERTS - ATMOSPHERE,LSHP46894059,2026-02-12,2026-02-19,1,0,Outbound Freight,17.4,0.87,18.27
14390559,IF4041437734,32093384,J0R1R6SPO - SPORTS EXPERTS - ATMOSPHERE,LSHP46894059,2026-02-12,2026-02-19,3,0,Outbound Shipment Materials,2.93,0.36,3.29
14390574,IF4041437707,32093358,E3V1T9SPO - SPORTS EXPERTS,LSHP46875193,2026-02-12,2026-02-19,3,0,Outbound Shipment Materials,2.93,0.36,3.29
14390574,IF4041437707,32093358,E3V1T9SPO - SPORTS EXPERTS,LSHP46875193,2026-02-12,2026-02-19,1,0,Outbound Freight,22.82,3.42,26.24
14390588,IF4041437704,32093355,E3V1T9SPO - SPORTS EXPERTS,LSHP46875189,2026-02-12,2026-02-19,1,0,Outbound Freight,22.82,3.42,26.24
14390588,IF4041437704,32093355,E3V1T9SPO - SPORTS EXPERTS,LSHP46875189,2026-02-12,2026-02-19,3,0,Outbound Shipment Materials,2.93,0.36,3.29
14390596,IF4041437742,32093392,J8E0P3SPO - SPORTS EXPERTS - ATMOSPHERE,LSHP46875182,2026-02-12,2026-02-19,1,0,Outbound Freight,17.4,0.87,18.27
14390596,IF4041437742,32093392,J8E0P3SPO - SPORTS EXPERTS - ATMOSPHERE,LSHP46875182,2026-02-12,2026-02-19,3,0,Outbound Shipment Materials,2.93,0.36,3.29
14390897,IF4041437674,32093325,G9X1K9LE - LE PIONNIER,LSHP46875159,2026-02-12,2026-02-19,3,0,Outbound Shipment Materials,2.93,0.36,3.29
14390897,IF4041437674,32093325,G9X1K9LE - LE PIONNIER,LSHP46875159,2026-02-12,2026-02-19,1,0,Outbound Freight,17.4,0.87,18.27
14390902,IF4041437691,32093342,J9L1M8LE - LE COUREUR DES BOIS,LSHP46875141,2026-02-12,2026-02-19,3,0,Outbound Shipment Materials,2.93,0.36,3.29
14390902,IF4041437691,32093342,J9L1M8LE - LE COUREUR DES BOIS,LSHP46875141,2026-02-12,2026-02-19,1,0,Outbound Freight,21.13,1.06,22.19
14390904,IF4041437765,32093414,V1R4C2JJS - JJS FASHIONS,LSHP46875378,2026-02-12,2026-02-19,3,0,Outbound Shipment Materials,2.93,0.36,3.29
14390904,IF4041437765,32093414,V1R4C2JJS - JJS FASHIONS,LSHP46875378,2026-02-12,2026-02-19,1,0,Outbound Freight,10.41,0.52,10.93
14390907,IF4041437783,32093633,V8J1P2HOM - HOMEWORK,LSHP46875443,2026-02-12,2026-02-19,1,0,Outbound Freight,11.02,0.55,11.57
14390907,IF4041437783,32093633,V8J1P2HOM - HOMEWORK,LSHP46875443,2026-02-12,2026-02-19,3,0,Outbound Shipment Materials,2.93,0.36,3.29
14390908,IF4041437786,32093636,V7R4J1CAP - CAPILANO TRADING POST,LSHP46875248,2026-02-12,2026-02-19,1,0,Outbound Freight,9.54,0.48,10.02
14390908,IF4041437786,32093636,V7R4J1CAP - CAPILANO TRADING POST,LSHP46875248,2026-02-12,2026-02-19,3,0,Outbound Shipment Materials,2.93,0.36,3.29
14390912,IF4041437755,32093405,V7M2J5NOR - NORTH SHORE SKI AND BOARD,LSHP46875436,2026-02-12,2026-02-19,3,0,Outbound Shipment Materials,2.93,0.36,3.29
14390912,IF4041437755,32093405,V7M2J5NOR - NORTH SHORE SKI AND BOARD,LSHP46875436,2026-02-12,2026-02-19,1,0,Outbound Freight,9.54,0.48,10.02
14390918,IF4041437637,32093285,R0M2C0VIR - VIRDEN SPORT AND FASHION,LSHP46875457,2026-02-12,2026-02-19,1,0,Outbound Freight,15.21,0.76,15.97
14390918,IF4041437637,32093285,R0M2C0VIR - VIRDEN SPORT AND FASHION,LSHP46875457,2026-02-12,2026-02-19,3,0,Outbound Shipment Materials,2.93,0.36,3.29
14390921,IF4041437672,32093320,T1W1P4SPO - SPORTS EXPERTS,LSHP46875363,2026-02-12,2026-02-19,1,0,Outbound Freight,11.55,0.58,12.13
14390921,IF4041437672,32093320,T1W1P4SPO - SPORTS EXPERTS,LSHP46875363,2026-02-12,2026-02-19,3,0,Outbound Shipment Materials,2.93,0.36,3.29
14390922,IF4041437678,32093329,G4Z1J8SPI - SPIN SPORT,LSHP46875129,2026-02-12,2026-02-19,3,0,Outbound Shipment Materials,2.93,0.36,3.29
14390922,IF4041437678,32093329,G4Z1J8SPI - SPIN SPORT,LSHP46875129,2026-02-12,2026-02-19,1,0,Outbound Freight,21.13,1.06,22.19
14390923,IF4041437619,32093267,T7P2J8A&M - A&M CLOTHING AND SHOES,LSHP46875308,2026-02-12,2026-02-19,1,0,Outbound Freight,12.34,0.62,12.96
14390923,IF4041437619,32093267,T7P2J8A&M - A&M CLOTHING AND SHOES,LSHP46875308,2026-02-12,2026-02-19,3,0,Outbound Shipment Materials,2.93,0.36,3.29
14390925,IF4041437627,32093275,R0L1Z0RUM - RUMORS,LSHP46875336,2026-02-12,2026-02-19,3,0,Outbound Shipment Materials,2.93,0.36,3.29
14390925,IF4041437627,32093275,R0L1Z0RUM - RUMORS,LSHP46875336,2026-02-12,2026-02-19,1,0,Outbound Freight,15.21,0.76,15.97
14390926,IF4041437767,32093416,V7C0A2RIC - RICHMOND OLYMPIC OVAL,LSHP46893860,2026-02-12,2026-02-19,3,0,Outbound Shipment Materials,2.93,0.36,3.29
14390926,IF4041437767,32093416,V7C0A2RIC - RICHMOND OLYMPIC OVAL,LSHP46893860,2026-02-12,2026-02-19,1,0,Outbound Freight,9.54,0.48,10.02
14390927,IF4041437779,32093629,V8J3T6DRI - DRIFT APPAREL,LSHP46875452,2026-02-12,2026-02-19,3,0,Outbound Shipment Materials,2.93,0.36,3.29
14390927,IF4041437779,32093629,V8J3T6DRI - DRIFT APPAREL,LSHP46875452,2026-02-12,2026-02-19,1,0,Outbound Freight,11.02,0.55,11.57
14390929,IF4041437646,32093294,T4L2L1DER - DEROWIN HOLDINGS LTD,LSHP46875447,2026-02-12,2026-02-19,3,0,Outbound Shipment Materials,2.93,0.36,3.29
14390929,IF4041437646,32093294,T4L2L1DER - DEROWIN HOLDINGS LTD,LSHP46875447,2026-02-12,2026-02-19,1,0,Outbound Freight,11.55,0.58,12.13
14390931,IF4041437636,32093284,T9M0C4TNT - TNT CLOTHING,LSHP46875254,2026-02-12,2026-02-19,3,0,Outbound Shipment Materials,2.93,0.36,3.29
14390931,IF4041437636,32093284,T9M0C4TNT - TNT CLOTHING,LSHP46875254,2026-02-12,2026-02-19,1,0,Outbound Freight,12.34,0.62,12.96
14390932,IF4041437732,32093382,G4R1Y5PLA - Place de Ville,LSHP46875113,2026-02-12,2026-02-19,3,0,Outbound Shipment Materials,2.93,0.36,3.29
14390932,IF4041437732,32093382,G4R1Y5PLA - Place de Ville,LSHP46875113,2026-02-12,2026-02-19,1,0,Outbound Freight,21.13,1.06,22.19
14390933,IF4041437656,32093304,K0J1B0MAD - MADAWASKA OUTDOORS,LSHP46875592,2026-02-12,2026-02-19,1,0,Outbound Freight,23.13,3.01,26.14
14390933,IF4041437656,32093304,K0J1B0MAD - MADAWASKA OUTDOORS,LSHP46875592,2026-02-12,2026-02-19,3,0,Outbound Shipment Materials,2.93,0.36,3.29
14390940,IF4041437617,32093265,T8V3Y2ACT - ACTION SPORTS,LSHP46875692,2026-02-12,2026-02-19,1,0,Outbound Freight,12.34,0.62,12.96
14390940,IF4041437617,32093265,T8V3Y2ACT - ACTION SPORTS,LSHP46875692,2026-02-12,2026-02-19,3,0,Outbound Shipment Materials,2.93,0.36,3.29
14390941,IF4041437614,32093262,B0T1W0LOC - LOCKE'S SPORTING AND OUTDOOR ADVENTURE,LSHP46875615,2026-02-12,2026-02-19,1,0,Outbound Freight,23.16,3.24,26.4
14390941,IF4041437614,32093262,B0T1W0LOC - LOCKE'S SPORTING AND OUTDOOR ADVENTURE,LSHP46875615,2026-02-12,2026-02-19,3,0,Outbound Shipment Materials,2.93,0.36,3.29
14390943,IF4041437752,32093402,V1C3R3GER - GERICK SPORTS,3.98877E+11,2026-02-12,2026-02-19,1,0,Outbound Freight,12.44,0.62,13.06
14390943,IF4041437752,32093402,V1C3R3GER - GERICK SPORTS,3.98877E+11,2026-02-12,2026-02-19,3,0,Outbound Shipment Materials,2.93,0.36,3.29
14390947,IF4041437671,32093319,V1J5Z2ERN - Ernies Sports Experts,LSHP46892216,2026-02-12,2026-02-19,1,0,Outbound Freight,11.55,0.58,12.13
14390947,IF4041437671,32093319,V1J5Z2ERN - Ernies Sports Experts,LSHP46892216,2026-02-12,2026-02-19,3,0,Outbound Shipment Materials,2.93,0.36,3.29
14390948,IF4041437628,32093276,T8V3B1THE - The Drop Rideshop,LSHP46894275,2026-02-12,2026-02-19,3,0,Outbound Shipment Materials,2.93,0.36,3.29
14390948,IF4041437628,32093276,T8V3B1THE - The Drop Rideshop,LSHP46894275,2026-02-12,2026-02-19,1,0,Outbound Freight,12.34,0.62,12.96
14390950,IF4041437603,32093251,A5A1L8MER - MERCERS MARINE EQUIPMENT LTD.,LSHP46875636,2026-02-12,2026-02-19,3,0,Outbound Shipment Materials,2.93,0.36,3.29
14390950,IF4041437603,32093251,A5A1L8MER - MERCERS MARINE EQUIPMENT LTD.,LSHP46875636,2026-02-12,2026-02-19,1,0,Outbound Freight,23.36,3.5,26.86
14390951,IF4041437620,32093268,T0A3A2ATH - ATHLETIC ALLEY MAGNET SHOES,LSHP46875698,2026-02-12,2026-02-19,1,0,Outbound Freight,12.34,0.62,12.96
14390951,IF4041437620,32093268,T0A3A2ATH - ATHLETIC ALLEY MAGNET SHOES,LSHP46875698,2026-02-12,2026-02-19,3,0,Outbound Shipment Materials,2.93,0.36,3.29
14390953,IF4041437664,32093312,P0J1P0A1 - A1 SOURCE FOR SPORTS,LSHP46875689,2026-02-12,2026-02-19,3,0,Outbound Shipment Materials,2.93,0.36,3.29
14390953,IF4041437664,32093312,P0J1P0A1 - A1 SOURCE FOR SPORTS,LSHP46875689,2026-02-12,2026-02-19,1,0,Outbound Freight,25.48,3.31,28.79
14390955,IF4041437790,32093640,V5J3G6CAN - CANADA GARDENWORKS LTD dba GARDENWORKS,LSHP46875656,2026-02-12,2026-02-19,3,0,Outbound Shipment Materials,2.93,0.36,3.29
14390955,IF4041437790,32093640,V5J3G6CAN - CANADA GARDENWORKS LTD dba GARDENWORKS,LSHP46875656,2026-02-12,2026-02-19,1,0,Outbound Freight,9.54,0.48,10.02
14390956,IF4041437792,32093642,V3Z1G6ART - ART KNAPP SURREY,LSHP46875597,2026-02-12,2026-02-19,3,0,Outbound Shipment Materials,2.93,0.36,3.29
14390956,IF4041437792,32093642,V3Z1G6ART - ART KNAPP SURREY,LSHP46875597,2026-02-12,2026-02-19,1,0,Outbound Freight,9.54,0.48,10.02
14390958,IF4041437630,32093278,T0H1L0BOY - BOYTS LTD.,LSHP46875647,2026-02-12,2026-02-19,1,0,Outbound Freight,12.34,0.62,12.96
14390958,IF4041437630,32093278,T0H1L0BOY - BOYTS LTD.,LSHP46875647,2026-02-12,2026-02-19,3,0,Outbound Shipment Materials,2.93,0.36,3.29
14390960,IF4041437640,32093288,T1W2B6VAL - VALHALLA PURE OUTFITTERS - CANMORE,LSHP46875667,2026-02-12,2026-02-19,1,0,Outbound Freight,11.55,0.58,12.13
14390960,IF4041437640,32093288,T1W2B6VAL - VALHALLA PURE OUTFITTERS - CANMORE,LSHP46875667,2026-02-12,2026-02-19,3,0,Outbound Shipment Materials,2.93,0.36,3.29
14390961,IF4041437644,32093292,T4V1N2THE - THE TRENDY WALRUS,LSHP46875674,2026-02-12,2026-02-19,1,0,Outbound Freight,10.32,0.52,10.84
14390961,IF4041437644,32093292,T4V1N2THE - THE TRENDY WALRUS,LSHP46875674,2026-02-12,2026-02-19,3,0,Outbound Shipment Materials,2.93,0.36,3.29
14390962,IF4041437605,32093253,B2N4B5TAK - TAKE IT OUTSIDE INC.,3.98877E+11,2026-02-12,2026-02-19,3,0,Outbound Shipment Materials,2.93,0.36,3.29
14390962,IF4041437605,32093253,B2N4B5TAK - TAKE IT OUTSIDE INC.,3.98877E+11,2026-02-12,2026-02-19,1,0,Outbound Freight,17.43,2.44,19.87
14390963,IF4041437795,32093645,V7M3M7VAL - VALHALLA PURE OUTFITTERS,LSHP46875695,2026-02-12,2026-02-19,1,0,Outbound Freight,9.54,0.48,10.02
14390963,IF4041437795,32093645,V7M3M7VAL - VALHALLA PURE OUTFITTERS,LSHP46875695,2026-02-12,2026-02-19,3,0,Outbound Shipment Materials,2.93,0.36,3.29
14390967,IF4041437775,32093424,V0J3A0CAL - CALIFORNIA DREAMIN,LSHP46875589,2026-02-12,2026-02-19,1,0,Outbound Freight,10.41,0.52,10.93
14390967,IF4041437775,32093424,V0J3A0CAL - CALIFORNIA DREAMIN,LSHP46875589,2026-02-12,2026-02-19,3,0,Outbound Shipment Materials,2.93,0.36,3.29
14390970,IF4041437784,32093634,T0L1E0MOR - Moraine Lake / Cap group,LSHP46875673,2026-02-12,2026-02-19,3,0,Outbound Shipment Materials,2.93,0.36,3.29
14390970,IF4041437784,32093634,T0L1E0MOR - Moraine Lake / Cap group,LSHP46875673,2026-02-12,2026-02-19,1,0,Outbound Freight,11.55,0.58,12.13
14390973,IF4041437610,32093258,B4N1H6LIV - LIV FASHION BOUTIQUE,3.98877E+11,2026-02-12,2026-02-19,3,0,Outbound Shipment Materials,2.93,0.36,3.29
14390973,IF4041437610,32093258,B4N1H6LIV - LIV FASHION BOUTIQUE,3.98877E+11,2026-02-12,2026-02-19,1,0,Outbound Freight,17.43,2.44,19.87
14390975,IF4041437785,32093635,V7R4J1CAP - CAPILANO TRADING POST,LSHP46875572,2026-02-12,2026-02-19,1,0,Outbound Freight,9.54,0.48,10.02
14390975,IF4041437785,32093635,V7R4J1CAP - CAPILANO TRADING POST,LSHP46875572,2026-02-12,2026-02-19,3,0,Outbound Shipment Materials,2.93,0.36,3.29
14390976,IF4041437648,32093296,R6W0L8TIM - TIME-OUT SPORTS EXCELLENCE,LSHP46875562,2026-02-12,2026-02-19,3,0,Outbound Shipment Materials,2.93,0.36,3.29
14390976,IF4041437648,32093296,R6W0L8TIM - TIME-OUT SPORTS EXCELLENCE,LSHP46875562,2026-02-12,2026-02-19,1,0,Outbound Freight,15.21,0.76,15.97
14390977,IF4041437770,32093419,V0R1K0XS - XS IV CHEMAINUS  BEYOND THE USUAL,LSHP46875569,2026-02-12,2026-02-19,3,0,Outbound Shipment Materials,2.93,0.36,3.29
14390977,IF4041437770,32093419,V0R1K0XS - XS IV CHEMAINUS  BEYOND THE USUAL,LSHP46875569,2026-02-12,2026-02-19,1,0,Outbound Freight,11.55,0.58,12.13
14390980,IF4041437764,32093413,V0R2Z0HAB - HABIT CLOTHING,LSHP46875626,2026-02-12,2026-02-19,3,0,Outbound Shipment Materials,2.93,0.36,3.29
14390980,IF4041437764,32093413,V0R2Z0HAB - HABIT CLOTHING,LSHP46875626,2026-02-12,2026-02-19,1,0,Outbound Freight,11.55,0.58,12.13
14390982,IF4041437618,32093266,T9W1C5ARM - ARMSTRONGS CLOTHING AND SPORTS,LSHP46875564,2026-02-12,2026-02-19,1,0,Outbound Freight,12.34,0.62,12.96
14390982,IF4041437618,32093266,T9W1C5ARM - ARMSTRONGS CLOTHING AND SPORTS,LSHP46875564,2026-02-12,2026-02-19,3,0,Outbound Shipment Materials,2.93,0.36,3.29
14390983,IF4041437670,32093318,T8V4C2SPO - SPORTS EXPERTS,LSHP46875573,2026-02-12,2026-02-19,1,0,Outbound Freight,12.34,0.62,12.96
14390983,IF4041437670,32093318,T8V4C2SPO - SPORTS EXPERTS,LSHP46875573,2026-02-12,2026-02-19,3,0,Outbound Shipment Materials,2.93,0.36,3.29
14390984,IF4041437638,32093286,T0L2H0KAN - KANANASKIS OUTFITTERS LTD,LSHP46875581,2026-02-12,2026-02-19,3,0,Outbound Shipment Materials,2.93,0.36,3.29
14390984,IF4041437638,32093286,T0L2H0KAN - KANANASKIS OUTFITTERS LTD,LSHP46875581,2026-02-12,2026-02-19,1,0,Outbound Freight,11.55,0.58,12.13
14390986,IF4041437750,32093400,V8A5K9ARM - ARMITAGE MENS WEAR,LSHP46875612,2026-02-12,2026-02-19,3,0,Outbound Shipment Materials,2.93,0.36,3.29
14390986,IF4041437750,32093400,V8A5K9ARM - ARMITAGE MENS WEAR,LSHP46875612,2026-02-12,2026-02-19,1,0,Outbound Freight,11.55,0.58,12.13
14390989,IF4041437629,32093277,T0E1E0RAN - RANSOM,LSHP46875550,2026-02-12,2026-02-19,3,0,Outbound Shipment Materials,2.93,0.36,3.29
14390989,IF4041437629,32093277,T0E1E0RAN - RANSOM,LSHP46875550,2026-02-12,2026-02-19,1,0,Outbound Freight,12.34,0.62,12.96
14390990,IF4041437642,32093290,T9H1L2LUS - LUSSO CLOTHING LTD,LSHP46875600,2026-02-12,2026-02-19,3,0,Outbound Shipment Materials,2.93,0.36,3.29
14390990,IF4041437642,32093290,T9H1L2LUS - LUSSO CLOTHING LTD,LSHP46875600,2026-02-12,2026-02-19,1,0,Outbound Freight,12.34,0.62,12.96
14390991,IF4041437616,32093264,T1R1E842 - 42 STREET,LSHP46875548,2026-02-12,2026-02-19,3,0,Outbound Shipment Materials,2.93,0.36,3.29
14390991,IF4041437616,32093264,T1R1E842 - 42 STREET,LSHP46875548,2026-02-12,2026-02-19,1,0,Outbound Freight,11.55,0.58,12.13
14390994,IF4041437622,32093270,T0A2C0FOU - FOUR SEASONS,LSHP46875579,2026-02-12,2026-02-19,1,0,Outbound Freight,12.34,0.62,12.96
14390994,IF4041437622,32093270,T0A2C0FOU - FOUR SEASONS,LSHP46875579,2026-02-12,2026-02-19,3,0,Outbound Shipment Materials,2.93,0.36,3.29
14390995,IF4041437748,32093398,J0K2T0PIS - PISCINES ET SPAS STE-JULIENNE,LSHP46875539,2026-02-12,2026-02-19,3,0,Outbound Shipment Materials,2.93,0.36,3.29
14390995,IF4041437748,32093398,J0K2T0PIS - PISCINES ET SPAS STE-JULIENNE,LSHP46875539,2026-02-12,2026-02-19,1,0,Outbound Freight,23.68,1.18,24.86
14391000,IF4041437794,32093644,V7B1K4VAN - VANCOUVER LP WDFG,LSHP46875547,2026-02-12,2026-02-19,3,0,Outbound Shipment Materials,2.93,0.36,3.29
14391000,IF4041437794,32093644,V7B1K4VAN - VANCOUVER LP WDFG,LSHP46875547,2026-02-12,2026-02-19,1,0,Outbound Freight,9.54,0.48,10.02
14391001,IF4041437657,32093305,P0T1T0BRA - BRAGGS,LSHP46875614,2026-02-12,2026-02-19,1,0,Outbound Freight,23.13,3.01,26.14
14391001,IF4041437657,32093305,P0T1T0BRA - BRAGGS,LSHP46875614,2026-02-12,2026-02-19,3,0,Outbound Shipment Materials,2.93,0.36,3.29
14391003,IF4041437623,32093271,T0C2L0JOH - JOHNS MENSWEAR,LSHP46875620,2026-02-12,2026-02-19,1,0,Outbound Freight,11.55,0.58,12.13
14391003,IF4041437623,32093271,T0C2L0JOH - JOHNS MENSWEAR,LSHP46875620,2026-02-12,2026-02-19,3,0,Outbound Shipment Materials,2.93,0.36,3.29
14391004,IF4041437612,32093260,B2A1B9ESC - ESCAPE OUTDOORS,3.98876E+11,2026-02-12,2026-02-19,1,0,Outbound Freight,17.43,2.44,19.87
14391004,IF4041437612,32093260,B2A1B9ESC - ESCAPE OUTDOORS,3.98876E+11,2026-02-12,2026-02-19,3,0,Outbound Shipment Materials,2.93,0.36,3.29
14391006,IF4041437645,32093293,S9V0T6HOT - HOT PEPPERS,LSHP46875628,2026-02-12,2026-02-19,3,0,Outbound Shipment Materials,2.93,0.36,3.29
14391006,IF4041437645,32093293,S9V0T6HOT - HOT PEPPERS,LSHP46875628,2026-02-12,2026-02-19,1,0,Outbound Freight,12.34,0.62,12.96
14391011,IF4041438157,32115875,A2N1J3COA - COAST CLOTHING,LSHP46875567,2026-02-12,2026-02-19,3,0,Outbound Shipment Materials,2.93,0.36,3.29
14391011,IF4041438157,32115875,A2N1J3COA - COAST CLOTHING,LSHP46875567,2026-02-12,2026-02-19,1,0,Outbound Freight,23.36,3.5,26.86
14391012,IF4041438158,32115876,B0T1K0LIL - LILIETH BOUTIQUE,LSHP46875631,2026-02-12,2026-02-19,3,0,Outbound Shipment Materials,2.93,0.36,3.29
14391012,IF4041438158,32115876,B0T1K0LIL - LILIETH BOUTIQUE,LSHP46875631,2026-02-12,2026-02-19,1,0,Outbound Freight,23.16,3.24,26.4
14391013,IF4041438159,32115877,B2H2P6PIC - PICTOU MANAGEMENT LTD dba MINERS APPAREL,3.98875E+11,2026-02-12,2026-02-19,1,0,Outbound Freight,17.43,2.44,19.87
14391013,IF4041438159,32115877,B2H2P6PIC - PICTOU MANAGEMENT LTD dba MINERS APPAREL,3.98875E+11,2026-02-12,2026-02-19,3,0,Outbound Shipment Materials,2.93,0.36,3.29
14391021,IF4041438169,32115886,V0J1Z0CHI - CHIAS DREAM CLOSET,LSHP46875130,2026-02-12,2026-02-19,3,0,Outbound Shipment Materials,2.93,0.36,3.29
14391021,IF4041438169,32115886,V0J1Z0CHI - CHIAS DREAM CLOSET,LSHP46875130,2026-02-12,2026-02-19,1,0,Outbound Freight,10.41,0.52,10.93
14391023,IF4041438171,32115888,V6A3P7PLE - PLENTY STORES INC.,LSHP46875075,2026-02-12,2026-02-19,3,0,Outbound Shipment Materials,2.93,0.36,3.29
14391023,IF4041438171,32115888,V6A3P7PLE - PLENTY STORES INC.,LSHP46875075,2026-02-12,2026-02-19,1,0,Outbound Freight,9.54,0.48,10.02
14419831,IF4041438334,32123548,V2R3N5MOU - MOUNT WADDINGTONS OUTDOORS,LSHP46875137,2026-02-17,2026-02-19,1,0,Outbound Freight,9.54,0.48,10.02
14419831,IF4041438334,32123548,V2R3N5MOU - MOUNT WADDINGTONS OUTDOORS,LSHP46875137,2026-02-17,2026-02-19,3,0,Outbound Shipment Materials,2.93,0.36,3.29
14368448,IF4041436521,32028707,T6E6H7BEL - BELOW THE BELT LTD.,5.2034E+11,2026-02-09,2026-02-19,8,4297.5,Outbound Shipment Materials,8.18,0.98,9.16
14368448,IF4041436521,32028707,T6E6H7BEL - BELOW THE BELT LTD.,5.2034E+11,2026-02-09,2026-02-19,4,4297.5,Outbound Freight,9,0.45,9.45
14371627,IF4041438370,32124970,J1L3A6MOM - MOMO SPORTS SHERBROOKE,1Z2VW7552096649129,2026-02-10,2026-02-19,33,1016.4,Outbound Freight,32.4,1.62,34.02
14371627,IF4041438370,32124970,J1L3A6MOM - MOMO SPORTS SHERBROOKE,1Z2VW7552096649129,2026-02-10,2026-02-19,9,1016.4,Outbound Shipment Materials,9.3,1.12,10.42
14374097,IF4041438546,32132852,J6T1A9SPO - Sports Experts,1Z2VW7552097964741,2026-02-11,2026-02-19,5,170,Outbound Freight,14.37,0.72,15.09
14374097,IF4041438546,32132852,J6T1A9SPO - Sports Experts,1Z2VW7552097964741,2026-02-11,2026-02-19,3,170,Outbound Shipment Materials,2.93,0.36,3.29
14374100,IF4041438549,32132855,G0C1J0SPO - SPORTS EXPERTS 677,3.98904E+11,2026-02-11,2026-02-19,3,135,Outbound Shipment Materials,2.93,0.36,3.29
14374100,IF4041438549,32132855,G0C1J0SPO - SPORTS EXPERTS 677,3.98904E+11,2026-02-11,2026-02-19,6,135,Outbound Freight,25.84,1.29,27.13
14374104,IF4041438553,32132859,J1L1C9SPO - SPORTS EXPERTS - ATMOSPHERE,1Z2VW7552093409269,2026-02-11,2026-02-19,8,252.5,Outbound Freight,14.37,0.72,15.09
14374104,IF4041438553,32132859,J1L1C9SPO - SPORTS EXPERTS - ATMOSPHERE,1Z2VW7552093409269,2026-02-11,2026-02-19,3,252.5,Outbound Shipment Materials,2.93,0.36,3.29
14374105,IF4041438554,32132860,J2C6Y7PRO - Promenades Drummondville,1Z2VW7552090911659,2026-02-11,2026-02-19,8,272,Outbound Freight,14.37,0.72,15.09
14374105,IF4041438554,32132860,J2C6Y7PRO - Promenades Drummondville,1Z2VW7552090911659,2026-02-11,2026-02-19,3,272,Outbound Shipment Materials,2.93,0.36,3.29
14390534,IF4041436214,32006950,J3A1M1SPO - SPORTS EXPERTS 408,1Z2VW7552092122310,2026-02-12,2026-02-19,6,264,Outbound Freight,13.85,0.69,14.54
14390534,IF4041436214,32006950,J3A1M1SPO - SPORTS EXPERTS 408,1Z2VW7552092122310,2026-02-12,2026-02-19,2,264,Outbound Shipment Materials,1.78,0.21,1.99
14390539,IF4041436218,32006953,E3V1T9SPO - SPORTS EXPERTS,1Z2VW7552096797611,2026-02-12,2026-02-19,10,1788,Outbound Shipment Materials,10.05,1.2,11.25
14390539,IF4041436218,32006953,E3V1T9SPO - SPORTS EXPERTS,1Z2VW7552096797611,2026-02-12,2026-02-19,70,1788,Outbound Freight,40.7,6.11,46.81
14390541,IF4041436219,32006954,G2J1R8MÉG - Méga Centre Le Bourgneuf,1Z2VW7552093109459,2026-02-12,2026-02-19,6,204,Outbound Freight,13.85,0.69,14.54
14390541,IF4041436219,32006954,G2J1R8MÉG - Méga Centre Le Bourgneuf,1Z2VW7552093109459,2026-02-12,2026-02-19,2,204,Outbound Shipment Materials,1.78,0.21,1.99
14390545,IF4041437699,32093350,J7R4Z3SPO - SPORTS EXPERTS - ATMOSPHERE,1Z2VW7552093247505,2026-02-12,2026-02-19,3,0,Outbound Shipment Materials,2.93,0.36,3.29
14390545,IF4041437699,32093350,J7R4Z3SPO - SPORTS EXPERTS - ATMOSPHERE,1Z2VW7552093247505,2026-02-12,2026-02-19,1,0,Outbound Freight,14.37,0.72,15.09
14390548,IF4041437702,32093353,J7V8W5SPO - SPORTS EXPERTS - ATMOSPHERE,1Z2VW7552095257107,2026-02-12,2026-02-19,3,0,Outbound Shipment Materials,2.93,0.36,3.29
14390548,IF4041437702,32093353,J7V8W5SPO - SPORTS EXPERTS - ATMOSPHERE,1Z2VW7552095257107,2026-02-12,2026-02-19,1,0,Outbound Freight,14.37,0.72,15.09
14390549,IF4041437715,32093366,J3A1M1SPO - SPORTS EXPERTS 408,1Z2VW7552099091789,2026-02-12,2026-02-19,1,0,Outbound Freight,14.37,0.72,15.09
14390549,IF4041437715,32093366,J3A1M1SPO - SPORTS EXPERTS 408,1Z2VW7552099091789,2026-02-12,2026-02-19,3,0,Outbound Shipment Materials,2.93,0.36,3.29
14390553,IF4041437717,32093368,J3V6A8SPO - SPORTS EXPERTS - ATMOSPHERE 584,1Z2VW7552097701024,2026-02-12,2026-02-19,3,0,Outbound Shipment Materials,2.93,0.36,3.29
14390553,IF4041437717,32093368,J3V6A8SPO - SPORTS EXPERTS - ATMOSPHERE 584,1Z2VW7552097701024,2026-02-12,2026-02-19,1,0,Outbound Freight,14.37,0.72,15.09
14390554,IF4041437739,32093389,J6A5N4GAL - Galeries Rive-Nord,1Z2VW7552098853743,2026-02-12,2026-02-19,3,0,Outbound Shipment Materials,2.93,0.36,3.29
14390554,IF4041437739,32093389,J6A5N4GAL - Galeries Rive-Nord,1Z2VW7552098853743,2026-02-12,2026-02-19,1,0,Outbound Freight,14.37,0.72,15.09
14390556,IF4041437737,32093387,J6W3Z5SPO - SPORTS EXPERTS - ATMOSPHERE,1Z2VW7552096822511,2026-02-12,2026-02-19,3,0,Outbound Shipment Materials,2.93,0.36,3.29
14390556,IF4041437737,32093387,J6W3Z5SPO - SPORTS EXPERTS - ATMOSPHERE,1Z2VW7552096822511,2026-02-12,2026-02-19,1,0,Outbound Freight,14.37,0.72,15.09
14390561,IF4041437710,32093361,J9P1W1SKI - Ski & Vélo Plein Air,1Z2VW7552090066377,2026-02-12,2026-02-19,1,0,Outbound Freight,18.82,0.94,19.76
14390561,IF4041437710,32093361,J9P1W1SKI - Ski & Vélo Plein Air,1Z2VW7552090066377,2026-02-12,2026-02-19,3,0,Outbound Shipment Materials,2.93,0.36,3.29
14390572,IF4041437727,32093377,G7H5N6SPO - SPORTS EXPERTS - ATMOSPHERE,1Z2VW7552091866813,2026-02-12,2026-02-19,1,0,Outbound Freight,16.77,0.84,17.61
14390572,IF4041437727,32093377,G7H5N6SPO - SPORTS EXPERTS - ATMOSPHERE,1Z2VW7552091866813,2026-02-12,2026-02-19,3,0,Outbound Shipment Materials,2.93,0.36,3.29
14390577,IF4041437745,32093395,G9N7C1SPO - SPORTS EXPERTS - ATMOSPHERE,1Z2VW7552098043921,2026-02-12,2026-02-19,3,0,Outbound Shipment Materials,2.93,0.36,3.29
14390577,IF4041437745,32093395,G9N7C1SPO - SPORTS EXPERTS - ATMOSPHERE,1Z2VW7552098043921,2026-02-12,2026-02-19,1,0,Outbound Freight,15.43,0.77,16.2
14390579,IF4041437743,32093393,J7Y3S7SPO - SPORTS EXPERTS - ATMOSPHERE,1Z2VW7552097932310,2026-02-12,2026-02-19,3,0,Outbound Shipment Materials,2.93,0.36,3.29
14390579,IF4041437743,32093393,J7Y3S7SPO - SPORTS EXPERTS - ATMOSPHERE,1Z2VW7552097932310,2026-02-12,2026-02-19,1,0,Outbound Freight,14.37,0.72,15.09
14390581,IF4041437714,32093365,G7H5N6PLA - Place du Royaume,1Z2VW7552096272366,2026-02-12,2026-02-19,1,0,Outbound Freight,16.77,0.84,17.61
14390581,IF4041437714,32093365,G7H5N6PLA - Place du Royaume,1Z2VW7552096272366,2026-02-12,2026-02-19,3,0,Outbound Shipment Materials,2.93,0.36,3.29
14390602,IF4041437713,32093364,J6K1C6SPO - SPORTS EXPERTS 466,1Z2VW7552094643987,2026-02-12,2026-02-19,3,0,Outbound Shipment Materials,2.93,0.36,3.29
14390602,IF4041437713,32093364,J6K1C6SPO - SPORTS EXPERTS 466,1Z2VW7552094643987,2026-02-12,2026-02-19,1,0,Outbound Freight,14.37,0.72,15.09
14390604,IF4041437725,32093376,G2J1R8MÉG - Méga Centre Le Bourgneuf,1Z2VW7552096194978,2026-02-12,2026-02-19,1,0,Outbound Freight,14.37,0.72,15.09
14390604,IF4041437725,32093376,G2J1R8MÉG - Méga Centre Le Bourgneuf,1Z2VW7552096194978,2026-02-12,2026-02-19,3,0,Outbound Shipment Materials,2.93,0.36,3.29
14390608,IF4041437728,32093378,J7A3T2SPO - SPORTS EXPERTS - ATMOSPHERE,1Z2VW7552094707720,2026-02-12,2026-02-19,1,0,Outbound Freight,14.37,0.72,15.09
14390608,IF4041437728,32093378,J7A3T2SPO - SPORTS EXPERTS - ATMOSPHERE,1Z2VW7552094707720,2026-02-12,2026-02-19,3,0,Outbound Shipment Materials,2.93,0.36,3.29
14390610,IF4041437673,32093321,K6A2R2SPO - SPORTS EXPERTS,1Z2VW7552094403763,2026-02-12,2026-02-19,1,0,Outbound Freight,14.37,1.87,16.24
14390610,IF4041437673,32093321,K6A2R2SPO - SPORTS EXPERTS,1Z2VW7552094403763,2026-02-12,2026-02-19,3,0,Outbound Shipment Materials,2.93,0.36,3.29
14390619,IF4041437741,32093391,G9A6M1SPO - SPORTS EXPERTS - ATMOSPHERE,1Z2VW7552097709731,2026-02-12,2026-02-19,1,0,Outbound Freight,15.21,0.76,15.97
14390619,IF4041437741,32093391,G9A6M1SPO - SPORTS EXPERTS - ATMOSPHERE,1Z2VW7552097709731,2026-02-12,2026-02-19,3,0,Outbound Shipment Materials,2.93,0.36,3.29
14390898,IF4041437608,32093256,B5A1E7EVE - EVERY BLOOMIN THING,1Z2VW7552096720881,2026-02-12,2026-02-19,1,0,Outbound Freight,18.82,2.63,21.45
14390898,IF4041437608,32093256,B5A1E7EVE - EVERY BLOOMIN THING,1Z2VW7552096720881,2026-02-12,2026-02-19,3,0,Outbound Shipment Materials,2.93,0.36,3.29
14390899,IF4041437762,32093411,V2A5A4FRE - FREE RIDE PENTICTON,1Z2VW7552096679954,2026-02-12,2026-02-19,1,0,Outbound Freight,8.39,0.42,8.81
14390899,IF4041437762,32093411,V2A5A4FRE - FREE RIDE PENTICTON,1Z2VW7552096679954,2026-02-12,2026-02-19,3,0,Outbound Shipment Materials,2.93,0.36,3.29
14390901,IF4041437787,32093637,V8W1X5BLA - BLACKSAND PROPERTIES LTD. dba MERCHANT Q,1Z2VW7552099286793,2026-02-12,2026-02-19,1,0,Outbound Freight,10.06,0.5,10.56
14390901,IF4041437787,32093637,V8W1X5BLA - BLACKSAND PROPERTIES LTD. dba MERCHANT Q,1Z2VW7552099286793,2026-02-12,2026-02-19,3,0,Outbound Shipment Materials,2.93,0.36,3.29
14390905,IF4041437665,32093313,K9J2T7WIL - WILD ROCK OUTFITTERS,1Z2VW7552096928836,2026-02-12,2026-02-19,3,0,Outbound Shipment Materials,2.93,0.36,3.29
14390905,IF4041437665,32093313,K9J2T7WIL - WILD ROCK OUTFITTERS,1Z2VW7552096928836,2026-02-12,2026-02-19,1,0,Outbound Freight,14.37,1.87,16.24
14390913,IF4041437660,32093308,N0B2N0CHA - CHANGE LIFESTYLE & APPAREL,1Z2VW7552096274846,2026-02-12,2026-02-19,3,0,Outbound Shipment Materials,2.93,0.36,3.29
14390913,IF4041437660,32093308,N0B2N0CHA - CHANGE LIFESTYLE & APPAREL,1Z2VW7552096274846,2026-02-12,2026-02-19,1,0,Outbound Freight,14.37,1.87,16.24
14390916,IF4041437676,32093327,G7X3B5IMM - Immeubles Ultra Violet Inc.,1Z2VW7552099130905,2026-02-12,2026-02-19,3,0,Outbound Shipment Materials,2.93,0.36,3.29
14390916,IF4041437676,32093327,G7X3B5IMM - Immeubles Ultra Violet Inc.,1Z2VW7552099130905,2026-02-12,2026-02-19,1,0,Outbound Freight,16.77,0.84,17.61
14390919,IF4041437798,32093648,V1T5H7KAL - KALECO,1Z2VW7552096743053,2026-02-12,2026-02-19,1,0,Outbound Freight,8.39,0.42,8.81
14390919,IF4041437798,32093648,V1T5H7KAL - KALECO,1Z2VW7552096743053,2026-02-12,2026-02-19,3,0,Outbound Shipment Materials,2.93,0.36,3.29
14390930,IF4041437662,32093310,N0E1L0MAC - MACKENZIE CREEK TRADING COMPANY,1Z2VW7552095317891,2026-02-12,2026-02-19,3,0,Outbound Shipment Materials,2.93,0.36,3.29
14390930,IF4041437662,32093310,N0E1L0MAC - MACKENZIE CREEK TRADING COMPANY,1Z2VW7552095317891,2026-02-12,2026-02-19,1,0,Outbound Freight,14.37,1.87,16.24
14390935,IF4041437774,32093423,V1T9H2WEA - WEARABOUTS - VERNON,1Z2VW7552095439081,2026-02-12,2026-02-19,3,0,Outbound Shipment Materials,2.93,0.36,3.29
14390935,IF4041437774,32093423,V1T9H2WEA - WEARABOUTS - VERNON,1Z2VW7552095439081,2026-02-12,2026-02-19,1,0,Outbound Freight,8.39,0.42,8.81
14390938,IF4041437688,32093339,G0C2B0RHE - RHEAL PITRE A FILS LTEE,3.98876E+11,2026-02-12,2026-02-19,3,0,Outbound Shipment Materials,2.93,0.36,3.29
14390938,IF4041437688,32093339,G0C2B0RHE - RHEAL PITRE A FILS LTEE,3.98876E+11,2026-02-12,2026-02-19,1,0,Outbound Freight,25.84,1.29,27.13
14390944,IF4041437651,32093299,N4N1N9DEN - DENIM BAR,1Z2VW7552095863309,2026-02-12,2026-02-19,1,0,Outbound Freight,14.36,1.87,16.23
14390944,IF4041437651,32093299,N4N1N9DEN - DENIM BAR,1Z2VW7552095863309,2026-02-12,2026-02-19,3,0,Outbound Shipment Materials,2.93,0.36,3.29
14390946,IF4041437661,32093309,L1A1N2G F - G FACEY CLOTHING,1Z2VW7552098858140,2026-02-12,2026-02-19,3,0,Outbound Shipment Materials,2.93,0.36,3.29
14390946,IF4041437661,32093309,L1A1N2G F - G FACEY CLOTHING,1Z2VW7552098858140,2026-02-12,2026-02-19,1,0,Outbound Freight,14.36,1.87,16.23
14390959,IF4041437763,32093412,V1Z4C9FRE - FREE RIDE,1Z2VW7552095792716,2026-02-12,2026-02-19,3,0,Outbound Shipment Materials,2.93,0.36,3.29
14390959,IF4041437763,32093412,V1Z4C9FRE - FREE RIDE,1Z2VW7552095792716,2026-02-12,2026-02-19,1,0,Outbound Freight,8.39,0.42,8.81
14390964,IF4041437666,32093314,N0B1S0ARI - ARIA BOUTIQUE,1Z2VW7552097506138,2026-02-12,2026-02-19,1,0,Outbound Freight,14.37,1.87,16.24
14390964,IF4041437666,32093314,N0B1S0ARI - ARIA BOUTIQUE,1Z2VW7552097506138,2026-02-12,2026-02-19,3,0,Outbound Shipment Materials,2.93,0.36,3.29
14390968,IF4041437753,32093403,V9Y8E9LAC - LACE IT UP aka JAYS MENS WEAR,1Z2VW7552099777048,2026-02-12,2026-02-19,1,0,Outbound Freight,10.14,0.51,10.65
14390968,IF4041437753,32093403,V9Y8E9LAC - LACE IT UP aka JAYS MENS WEAR,1Z2VW7552099777048,2026-02-12,2026-02-19,3,0,Outbound Shipment Materials,2.93,0.36,3.29
14390969,IF4041437773,32093422,V1Y4R9BIG - BIG WHITE SKI RESORT,1Z2VW7552096167668,2026-02-12,2026-02-19,3,0,Outbound Shipment Materials,2.93,0.36,3.29
14390969,IF4041437773,32093422,V1Y4R9BIG - BIG WHITE SKI RESORT,1Z2VW7552096167668,2026-02-12,2026-02-19,1,0,Outbound Freight,8.39,0.42,8.81
14390971,IF4041437615,32093263,E3C1A6PAR - PARKS NEW BRUNSWICK,1Z2VW7552095192329,2026-02-12,2026-02-19,1,0,Outbound Freight,16.77,2.52,19.29
14390971,IF4041437615,32093263,E3C1A6PAR - PARKS NEW BRUNSWICK,1Z2VW7552095192329,2026-02-12,2026-02-19,3,0,Outbound Shipment Materials,2.93,0.36,3.29
14390978,IF4041437746,32093396,G6P4A2SIG - SIGNE POUR LUI INC.,1Z2VW7552097778121,2026-02-12,2026-02-19,1,0,Outbound Freight,15.21,0.76,15.97
14390978,IF4041437746,32093396,G6P4A2SIG - SIGNE POUR LUI INC.,1Z2VW7552097778121,2026-02-12,2026-02-19,3,0,Outbound Shipment Materials,2.93,0.36,3.29
14390979,IF4041437606,32093254,A2H2N2GEO - GEORGES MOUNTAIN VILLAGE,3.98876E+11,2026-02-12,2026-02-19,1,0,Outbound Freight,25.84,3.88,29.72
14390979,IF4041437606,32093254,A2H2N2GEO - GEORGES MOUNTAIN VILLAGE,3.98876E+11,2026-02-12,2026-02-19,3,0,Outbound Shipment Materials,2.93,0.36,3.29
14390981,IF4041437780,32093630,V8B0G8VAL - VALHALLA PURE SQUAMISH,1Z2VW7552098056275,2026-02-12,2026-02-19,3,0,Outbound Shipment Materials,2.93,0.36,3.29
14390981,IF4041437780,32093630,V8B0G8VAL - VALHALLA PURE SQUAMISH,1Z2VW7552098056275,2026-02-12,2026-02-19,1,0,Outbound Freight,10.14,0.51,10.65
14390987,IF4041437604,32093252,B3B0E6TAK - TAKE IT OUTSIDE INC.,1Z2VW7552098426151,2026-02-12,2026-02-19,1,0,Outbound Freight,16.77,2.35,19.12
14390987,IF4041437604,32093252,B3B0E6TAK - TAKE IT OUTSIDE INC.,1Z2VW7552098426151,2026-02-12,2026-02-19,3,0,Outbound Shipment Materials,2.93,0.36,3.29
14390988,IF4041437652,32093300,N5A3G8GRU - GRUV,1Z2VW7552097827032,2026-02-12,2026-02-19,1,0,Outbound Freight,14.36,1.87,16.23
14390988,IF4041437652,32093300,N5A3G8GRU - GRUV,1Z2VW7552097827032,2026-02-12,2026-02-19,3,0,Outbound Shipment Materials,2.93,0.36,3.29
14390993,IF4041437778,32093628,T2E6W5MRG - MRG - BANFF #573,1Z2VW7551797318419,2026-02-12,2026-02-19,3,0,Outbound Shipment Materials,2.93,0.36,3.29
14390993,IF4041437778,32093628,T2E6W5MRG - MRG - BANFF #573,1Z2VW7551797318419,2026-02-12,2026-02-19,1,0,Outbound Freight,16.48,0.82,17.3
14390998,IF4041437609,32093257,C1E2L9SPO - SPORTING INTENTIONS,1Z2VW7552096915948,2026-02-12,2026-02-19,3,0,Outbound Shipment Materials,2.93,0.36,3.29
14390998,IF4041437609,32093257,C1E2L9SPO - SPORTING INTENTIONS,1Z2VW7552096915948,2026-02-12,2026-02-19,1,0,Outbound Freight,16.77,2.52,19.29
14391008,IF4041438128,32115647,V8L1X7COT - COTTONS AND BLUES,1Z2VW7552095729259,2026-02-12,2026-02-19,3,0,Outbound Shipment Materials,2.93,0.36,3.29
14391008,IF4041438128,32115647,V8L1X7COT - COTTONS AND BLUES,1Z2VW7552095729259,2026-02-12,2026-02-19,1,0,Outbound Freight,10.06,0.5,10.56
14391009,IF4041438129,32115648,V9L1V8WAL - WALL STREET CLOTHING,1Z2VW7552098967933,2026-02-12,2026-02-19,3,0,Outbound Shipment Materials,2.93,0.36,3.29
14391009,IF4041438129,32115648,V9L1V8WAL - WALL STREET CLOTHING,1Z2VW7552098967933,2026-02-12,2026-02-19,1,0,Outbound Freight,10.14,0.51,10.65
14391014,IF4041438160,32115878,A1C1K2ETH - ETHEREAL BOUTIQUE,1Z2VW7552097282684,2026-02-12,2026-02-19,3,0,Outbound Shipment Materials,2.93,0.36,3.29
14391014,IF4041438160,32115878,A1C1K2ETH - ETHEREAL BOUTIQUE,1Z2VW7552097282684,2026-02-12,2026-02-19,1,0,Outbound Freight,18.82,2.82,21.64
14391020,IF4041438168,32115885,V9K1S7COV - COVET BOUTIQUE,1Z2VW7552099475696,2026-02-12,2026-02-19,1,0,Outbound Freight,10.14,0.51,10.65
14391020,IF4041438168,32115885,V9K1S7COV - COVET BOUTIQUE,1Z2VW7552099475696,2026-02-12,2026-02-19,3,0,Outbound Shipment Materials,2.93,0.36,3.29
14391024,IF4041438161,32115879,NLA0EOUT - OUTPORT BOUTIQUE,3.98875E+11,2026-02-12,2026-02-19,1,0,Outbound Freight,25.84,3.88,29.72
14391024,IF4041438161,32115879,NLA0EOUT - OUTPORT BOUTIQUE,3.98875E+11,2026-02-12,2026-02-19,3,0,Outbound Shipment Materials,2.93,0.36,3.29
14419878,IF4041437607,32093255,E3B1B2THE - THE RADICAL EDGE,1Z2VW7552097040097,2026-02-17,2026-02-19,3,0,Outbound Shipment Materials,2.93,0.36,3.29
14419878,IF4041437607,32093255,E3B1B2THE - THE RADICAL EDGE,1Z2VW7552097040097,2026-02-17,2026-02-19,2,0,Outbound Freight,16.77,2.52,19.29
14390538,IF4041436217,32006952,H8N1X1SPO - SPORTS EXPERTS - ATMOSPHERE,5.20342E+11,2026-02-12,2026-02-19,2,220,Outbound Shipment Materials,1.78,0.21,1.99
14390538,IF4041436217,32006952,H8N1X1SPO - SPORTS EXPERTS - ATMOSPHERE,5.20342E+11,2026-02-12,2026-02-19,5,220,Outbound Freight,12.13,0.61,12.74
14390543,IF4041437703,32093354,G1V2L1PLA - Place Ste-Foy,5.20341E+11,2026-02-12,2026-02-19,3,0,Outbound Shipment Materials,2.93,0.36,3.29
14390543,IF4041437703,32093354,G1V2L1PLA - Place Ste-Foy,5.20341E+11,2026-02-12,2026-02-19,1,0,Outbound Freight,1.25,0.06,1.31
14390551,IF4041437731,32093381,"H1R3H7SEF - SEF 414 GALERIE D'ANJOU,",5.20341E+11,2026-02-12,2026-02-19,1,0,Outbound Freight,13.69,0.68,14.37
14390551,IF4041437731,32093381,"H1R3H7SEF - SEF 414 GALERIE D'ANJOU,",5.20341E+11,2026-02-12,2026-02-19,3,0,Outbound Shipment Materials,2.93,0.36,3.29
14390555,IF4041437720,32093371,H9R5J1CEN - Centre Fairview Pointe-Claire,5.20341E+11,2026-02-12,2026-02-19,1,0,Outbound Freight,13.69,0.68,14.37
14390555,IF4041437720,32093371,H9R5J1CEN - Centre Fairview Pointe-Claire,5.20341E+11,2026-02-12,2026-02-19,3,0,Outbound Shipment Materials,2.93,0.36,3.29
14390557,IF4041437744,32093394,J6E6X6ATM - ATMOSPHERE #882 (Sports 12345 INC),5.20341E+11,2026-02-12,2026-02-19,3,0,Outbound Shipment Materials,2.93,0.36,3.29
14390557,IF4041437744,32093394,J6E6X6ATM - ATMOSPHERE #882 (Sports 12345 INC),5.20341E+11,2026-02-12,2026-02-19,1,0,Outbound Freight,17.01,0.85,17.86
14390558,IF4041437735,32093385,J4Y0A5QUA - Quartier Dix-30,5.20341E+11,2026-02-12,2026-02-19,3,0,Outbound Shipment Materials,2.93,0.36,3.29
14390558,IF4041437735,32093385,J4Y0A5QUA - Quartier Dix-30,5.20341E+11,2026-02-12,2026-02-19,1,0,Outbound Freight,13.69,0.68,14.37
14390564,IF4041437711,32093362,H7P6C8SPO - SPORTS EXPERTS 3398,5.20341E+11,2026-02-12,2026-02-19,1,0,Outbound Freight,13.69,0.68,14.37
14390564,IF4041437711,32093362,H7P6C8SPO - SPORTS EXPERTS 3398,5.20341E+11,2026-02-12,2026-02-19,3,0,Outbound Shipment Materials,2.93,0.36,3.29
14390566,IF4041437700,32093351,G6S1C1SPO - SPORTS EXPERTS,5.20341E+11,2026-02-12,2026-02-19,3,0,Outbound Shipment Materials,2.93,0.36,3.29
14390566,IF4041437700,32093351,G6S1C1SPO - SPORTS EXPERTS,5.20341E+11,2026-02-12,2026-02-19,1,0,Outbound Freight,1.25,0.06,1.31
14390568,IF4041437719,32093370,J2S4Z5SPO - SPORTS EXPERTS,5.20341E+11,2026-02-12,2026-02-19,1,0,Outbound Freight,17.01,0.85,17.86
14390568,IF4041437719,32093370,J2S4Z5SPO - SPORTS EXPERTS,5.20341E+11,2026-02-12,2026-02-19,3,0,Outbound Shipment Materials,2.93,0.36,3.29
14390583,IF4041437696,32093347,J8T6G3PRO - Promenades Gatineau,5.20341E+11,2026-02-12,2026-02-19,3,0,Outbound Shipment Materials,2.93,0.36,3.29
14390583,IF4041437696,32093347,J8T6G3PRO - Promenades Gatineau,5.20341E+11,2026-02-12,2026-02-19,1,0,Outbound Freight,13.69,0.68,14.37
14390584,IF4041437709,32093360,G8L1H3LES - Les Promenades du Boulevard,5.20341E+11,2026-02-12,2026-02-19,1,0,Outbound Freight,21.88,1.09,22.97
14390584,IF4041437709,32093360,G8L1H3LES - Les Promenades du Boulevard,5.20341E+11,2026-02-12,2026-02-19,3,0,Outbound Shipment Materials,2.93,0.36,3.29
14390589,IF4041437716,32093367,G6V6Y8SPO - SPORTS EXPERTS,5.20341E+11,2026-02-12,2026-02-19,3,0,Outbound Shipment Materials,2.93,0.36,3.29
14390589,IF4041437716,32093367,G6V6Y8SPO - SPORTS EXPERTS,5.20341E+11,2026-02-12,2026-02-19,1,0,Outbound Freight,1.25,0.06,1.31
14390592,IF4041437708,32093359,G8H3B8CAR - Carrefour Jeannois,5.20341E+11,2026-02-12,2026-02-19,1,0,Outbound Freight,21.88,1.09,22.97
14390592,IF4041437708,32093359,G8H3B8CAR - Carrefour Jeannois,5.20341E+11,2026-02-12,2026-02-19,3,0,Outbound Shipment Materials,2.93,0.36,3.29
14390594,IF4041437718,32093369,H3B1E2SPO - SPORTS EXPERTS 534,5.20341E+11,2026-02-12,2026-02-19,3,0,Outbound Shipment Materials,2.93,0.36,3.29
14390594,IF4041437718,32093369,H3B1E2SPO - SPORTS EXPERTS 534,5.20341E+11,2026-02-12,2026-02-19,1,0,Outbound Freight,13.69,0.68,14.37
14390598,IF4041437729,32093379,G1C5R9PRO - Promenade Beauport,5.20341E+11,2026-02-12,2026-02-19,3,0,Outbound Shipment Materials,2.93,0.36,3.29
14390598,IF4041437729,32093379,G1C5R9PRO - Promenade Beauport,5.20341E+11,2026-02-12,2026-02-19,1,0,Outbound Freight,1.25,0.06,1.31
14390600,IF4041437694,32093345,H4P0C9AT - AT MONT-ROYAL,5.20342E+11,2026-02-12,2026-02-19,1,0,Outbound Freight,13.69,0.68,14.37
14390600,IF4041437694,32093345,H4P0C9AT - AT MONT-ROYAL,5.20342E+11,2026-02-12,2026-02-19,3,0,Outbound Shipment Materials,2.93,0.36,3.29
14390606,IF4041437722,32093373,H8N1X1SPO - SPORTS EXPERTS - ATMOSPHERE,5.20341E+11,2026-02-12,2026-02-19,3,0,Outbound Shipment Materials,2.93,0.36,3.29
14390606,IF4041437722,32093373,H8N1X1SPO - SPORTS EXPERTS - ATMOSPHERE,5.20341E+11,2026-02-12,2026-02-19,1,0,Outbound Freight,13.69,0.68,14.37
14390613,IF4041437692,32093343,G5R4C2CEN - Centre Commercial Rivière-du-Loup,5.20341E+11,2026-02-12,2026-02-19,3,0,Outbound Shipment Materials,2.93,0.36,3.29
14390613,IF4041437692,32093343,G5R4C2CEN - Centre Commercial Rivière-du-Loup,5.20341E+11,2026-02-12,2026-02-19,1,0,Outbound Freight,1.25,0.06,1.31
14390615,IF4041437701,32093352,J9A0C7PLA - Plateau des Grives,5.20341E+11,2026-02-12,2026-02-19,3,0,Outbound Shipment Materials,2.93,0.36,3.29
14390615,IF4041437701,32093352,J9A0C7PLA - Plateau des Grives,5.20341E+11,2026-02-12,2026-02-19,1,0,Outbound Freight,13.69,0.68,14.37
14390617,IF4041437730,32093380,G5L7Y5SPO - SPORTS EXPERTS,5.20341E+11,2026-02-12,2026-02-19,3,0,Outbound Shipment Materials,2.93,0.36,3.29
14390617,IF4041437730,32093380,G5L7Y5SPO - SPORTS EXPERTS,5.20341E+11,2026-02-12,2026-02-19,1,0,Outbound Freight,1.25,0.06,1.31
14390621,IF4041437738,32093388,H3P3E9CEN - Centre Rockland,5.20341E+11,2026-02-12,2026-02-19,1,0,Outbound Freight,13.69,0.68,14.37
14390621,IF4041437738,32093388,H3P3E9CEN - Centre Rockland,5.20341E+11,2026-02-12,2026-02-19,3,0,Outbound Shipment Materials,2.93,0.36,3.29
14390623,IF4041437740,32093390,G1V2L8SPO - Sports Experts,5.20341E+11,2026-02-12,2026-02-19,3,0,Outbound Shipment Materials,2.93,0.36,3.29
14390623,IF4041437740,32093390,G1V2L8SPO - Sports Experts,5.20341E+11,2026-02-12,2026-02-19,1,0,Outbound Freight,1.25,0.06,1.31
14390900,IF4041437782,32093632,V0X1W0WOR - WORK N PLAY CLOTHING CO,4.00747E+15,2026-02-12,2026-02-19,3,0,Outbound Shipment Materials,2.93,0.36,3.29
14390900,IF4041437782,32093632,V0X1W0WOR - WORK N PLAY CLOTHING CO,4.00747E+15,2026-02-12,2026-02-19,1,0,Outbound Freight,13.69,0.68,14.37
14390903,IF4041437601,32093249,E3V3S9JES - JESSOMES SOURCE FOR SPORTS,5.20342E+11,2026-02-12,2026-02-19,3,0,Outbound Shipment Materials,2.93,0.36,3.29
14390903,IF4041437601,32093249,E3V3S9JES - JESSOMES SOURCE FOR SPORTS,5.20342E+11,2026-02-12,2026-02-19,1,0,Outbound Freight,1.25,0.06,1.31
14390909,IF4041437602,32093250,B0W2Z0LA - LA CACHETTE,4.00747E+15,2026-02-12,2026-02-19,3,0,Outbound Shipment Materials,2.93,0.36,3.29
14390909,IF4041437602,32093250,B0W2Z0LA - LA CACHETTE,4.00747E+15,2026-02-12,2026-02-19,1,0,Outbound Freight,26.39,3.69,30.08
14390910,IF4041437639,32093287,S0J3G0BOU - BOUTIQUE NORTH,5.20341E+11,2026-02-12,2026-02-19,1,0,Outbound Freight,17.01,0.85,17.86
14390910,IF4041437639,32093287,S0J3G0BOU - BOUTIQUE NORTH,5.20341E+11,2026-02-12,2026-02-19,3,0,Outbound Shipment Materials,2.93,0.36,3.29
14390911,IF4041437658,32093306,K2P1L9BOO - BOOGIE + BIRDIE,5.20341E+11,2026-02-12,2026-02-19,3,0,Outbound Shipment Materials,2.93,0.36,3.29
14390911,IF4041437658,32093306,K2P1L9BOO - BOOGIE + BIRDIE,5.20341E+11,2026-02-12,2026-02-19,1,0,Outbound Freight,13.69,1.78,15.47
14390914,IF4041437621,32093269,S0L1S0CAM - CAMERONS CLOTHING COMPANY,5.20341E+11,2026-02-12,2026-02-19,3,0,Outbound Shipment Materials,2.93,0.36,3.29
14390914,IF4041437621,32093269,S0L1S0CAM - CAMERONS CLOTHING COMPANY,5.20341E+11,2026-02-12,2026-02-19,1,0,Outbound Freight,13.69,0.68,14.37
14390915,IF4041437635,32093283,T0H2H0LA - LA CRETE SOURCE FOR SPORTS,5.20342E+11,2026-02-12,2026-02-19,3,0,Outbound Shipment Materials,2.93,0.36,3.29
14390915,IF4041437635,32093283,T0H2H0LA - LA CRETE SOURCE FOR SPORTS,5.20342E+11,2026-02-12,2026-02-19,1,0,Outbound Freight,1.25,0.06,1.31
14390917,IF4041437796,32093646,V0N2J2ALL - ALLISON TAYLOR dba INIS TRADING CO,4.00747E+15,2026-02-12,2026-02-19,3,0,Outbound Shipment Materials,2.93,0.36,3.29
14390917,IF4041437796,32093646,V0N2J2ALL - ALLISON TAYLOR dba INIS TRADING CO,4.00747E+15,2026-02-12,2026-02-19,1,0,Outbound Freight,13.69,0.68,14.37
14390924,IF4041437634,32093282,S0C0R0KIN - KINGS DEPARTMENT STORE,5.20341E+11,2026-02-12,2026-02-19,1,0,Outbound Freight,13.69,0.68,14.37
14390924,IF4041437634,32093282,S0C0R0KIN - KINGS DEPARTMENT STORE,5.20341E+11,2026-02-12,2026-02-19,3,0,Outbound Shipment Materials,2.93,0.36,3.29
14390928,IF4041437766,32093415,V0R1X0NOR - NORTH ROAD SPORTS,4.00747E+15,2026-02-12,2026-02-19,3,0,Outbound Shipment Materials,2.93,0.36,3.29
14390928,IF4041437766,32093415,V0R1X0NOR - NORTH ROAD SPORTS,4.00747E+15,2026-02-12,2026-02-19,1,0,Outbound Freight,13.69,0.68,14.37
14390934,IF4041437747,32093397,G3A0P5LAT - LATULIPPE DISTRIBUTION CENTER,5.20342E+11,2026-02-12,2026-02-19,3,0,Outbound Shipment Materials,2.93,0.36,3.29
14390934,IF4041437747,32093397,G3A0P5LAT - LATULIPPE DISTRIBUTION CENTER,5.20342E+11,2026-02-12,2026-02-19,1,0,Outbound Freight,5.25,0.26,5.51
14390936,IF4041437758,32093407,V2J2M5PEA - PEARLS FASHION,5.20341E+11,2026-02-12,2026-02-19,3,0,Outbound Shipment Materials,2.93,0.36,3.29
14390936,IF4041437758,32093407,V2J2M5PEA - PEARLS FASHION,5.20341E+11,2026-02-12,2026-02-19,1,0,Outbound Freight,9.83,0.49,10.32
14390937,IF4041437769,32093418,V0R1M0WAB - WABISABI BOARDWEAR,5.20341E+11,2026-02-12,2026-02-19,3,0,Outbound Shipment Materials,2.93,0.36,3.29
14390937,IF4041437769,32093418,V0R1M0WAB - WABISABI BOARDWEAR,5.20341E+11,2026-02-12,2026-02-19,1,0,Outbound Freight,12.91,0.65,13.56
14390939,IF4041437768,32093417,V0A1K0THE - THE INSIDE EDGE SPORTS STORE LTD,4.00747E+15,2026-02-12,2026-02-19,1,0,Outbound Freight,10.06,0.5,10.56
14390939,IF4041437768,32093417,V0A1K0THE - THE INSIDE EDGE SPORTS STORE LTD,4.00747E+15,2026-02-12,2026-02-19,3,0,Outbound Shipment Materials,2.93,0.36,3.29
14390942,IF4041437757,32093406,V0K2E0OUT - OUTLAW FASHIONS (FCJ ENTERPRISES LTD),4.00747E+15,2026-02-12,2026-02-19,1,0,Outbound Freight,13.69,0.68,14.37
14390942,IF4041437757,32093406,V0K2E0OUT - OUTLAW FASHIONS (FCJ ENTERPRISES LTD),4.00747E+15,2026-02-12,2026-02-19,3,0,Outbound Shipment Materials,2.93,0.36,3.29
14390945,IF4041437797,32093647,V9G1B8TIM - TIMES INFINITY CORP,4.00747E+15,2026-02-12,2026-02-19,1,0,Outbound Freight,13.69,0.68,14.37
14390945,IF4041437797,32093647,V9G1B8TIM - TIMES INFINITY CORP,4.00747E+15,2026-02-12,2026-02-19,3,0,Outbound Shipment Materials,2.93,0.36,3.29
14390949,IF4041437761,32093410,V0B1M0EDG - EDGE OF THE WORLD BOARD SHOP,4.00747E+15,2026-02-12,2026-02-19,1,0,Outbound Freight,10.06,0.5,10.56
14390949,IF4041437761,32093410,V0B1M0EDG - EDGE OF THE WORLD BOARD SHOP,4.00747E+15,2026-02-12,2026-02-19,3,0,Outbound Shipment Materials,2.93,0.36,3.29
14390952,IF4041437677,32093328,H7L5Z6A/S - A/S Les Boutiques Tremblant,5.20341E+11,2026-02-12,2026-02-19,3,0,Outbound Shipment Materials,2.93,0.36,3.29
14390952,IF4041437677,32093328,H7L5Z6A/S - A/S Les Boutiques Tremblant,5.20341E+11,2026-02-12,2026-02-19,1,0,Outbound Freight,13.69,0.68,14.37
14390957,IF4041437776,32093626,V0R2G0SWO - SWORDFERN BOUTIQUE,5.20341E+11,2026-02-12,2026-02-19,1,0,Outbound Freight,12.91,0.65,13.56
14390957,IF4041437776,32093626,V0R2G0SWO - SWORDFERN BOUTIQUE,5.20341E+11,2026-02-12,2026-02-19,3,0,Outbound Shipment Materials,2.93,0.36,3.29
14390965,IF4041437793,32093643,V0H1X6PEC - PECHE BEACH CO,4.00747E+15,2026-02-12,2026-02-19,3,0,Outbound Shipment Materials,2.93,0.36,3.29
14390965,IF4041437793,32093643,V0H1X6PEC - PECHE BEACH CO,4.00747E+15,2026-02-12,2026-02-19,1,0,Outbound Freight,10.06,0.5,10.56
14390966,IF4041437641,32093289,R1A1V2KEY - KEYSTONE SOURCE FOR SPORTS,5.20341E+11,2026-02-12,2026-02-19,3,0,Outbound Shipment Materials,2.93,0.36,3.29
14390966,IF4041437641,32093289,R1A1V2KEY - KEYSTONE SOURCE FOR SPORTS,5.20341E+11,2026-02-12,2026-02-19,1,0,Outbound Freight,13.09,0.65,13.74
14390972,IF4041437760,32093409,V1K1B8WOR - WORK N PLAY CLOTHING CO,4.00747E+15,2026-02-12,2026-02-19,1,0,Outbound Freight,13.69,0.68,14.37
14390972,IF4041437760,32093409,V1K1B8WOR - WORK N PLAY CLOTHING CO,4.00747E+15,2026-02-12,2026-02-19,3,0,Outbound Shipment Materials,2.93,0.36,3.29
14390992,IF4041437633,32093281,T7E1T7JEN - JENSENS LIFESTYLE CLOTHING,5.20342E+11,2026-02-12,2026-02-19,1,0,Outbound Freight,13.09,0.65,13.74
14390992,IF4041437633,32093281,T7E1T7JEN - JENSENS LIFESTYLE CLOTHING,5.20342E+11,2026-02-12,2026-02-19,3,0,Outbound Shipment Materials,2.93,0.36,3.29
14390996,IF4041437643,32093291,R7A1G6STR - STREAM N WOOD,5.20341E+11,2026-02-12,2026-02-19,3,0,Outbound Shipment Materials,2.93,0.36,3.29
14390996,IF4041437643,32093291,R7A1G6STR - STREAM N WOOD,5.20341E+11,2026-02-12,2026-02-19,1,0,Outbound Freight,13.09,0.65,13.74
14390997,IF4041437749,32093399,J4Y0C4QUI - QUINCAILLERIE TURBO INC,5.20341E+11,2026-02-12,2026-02-19,1,0,Outbound Freight,13.69,0.68,14.37
14390997,IF4041437749,32093399,J4Y0C4QUI - QUINCAILLERIE TURBO INC,5.20341E+11,2026-02-12,2026-02-19,3,0,Outbound Shipment Materials,2.93,0.36,3.29
14390999,IF4041437759,32093408,V0A1H0TOP - TOP NOTCH,4.00747E+15,2026-02-12,2026-02-19,3,0,Outbound Shipment Materials,2.93,0.36,3.29
14390999,IF4041437759,32093408,V0A1H0TOP - TOP NOTCH,4.00747E+15,2026-02-12,2026-02-19,1,0,Outbound Freight,10.06,0.5,10.56
14391002,IF4041437632,32093280,S9A3W6FF2 - FF2,5.20342E+11,2026-02-12,2026-02-19,1,0,Outbound Freight,13.09,0.65,13.74
14391002,IF4041437632,32093280,S9A3W6FF2 - FF2,5.20342E+11,2026-02-12,2026-02-19,3,0,Outbound Shipment Materials,2.93,0.36,3.29
14391005,IF4041437675,32093326,J3P6L9ST - ST PIERRE SPORTS DE SOREL INC.,5.20341E+11,2026-02-12,2026-02-19,1,0,Outbound Freight,17.01,0.85,17.86
14391005,IF4041437675,32093326,J3P6L9ST - ST PIERRE SPORTS DE SOREL INC.,5.20341E+11,2026-02-12,2026-02-19,3,0,Outbound Shipment Materials,2.93,0.36,3.29
14391007,IF4041438127,32115646,L9H1T7ADV - ADVENTURE ATTIC,5.20341E+11,2026-02-12,2026-02-19,1,0,Outbound Freight,13.69,1.78,15.47
14391007,IF4041438127,32115646,L9H1T7ADV - ADVENTURE ATTIC,5.20341E+11,2026-02-12,2026-02-19,3,0,Outbound Shipment Materials,2.93,0.36,3.29
14391010,IF4041438130,32115649,S0L2V0GOG - GOGH SPORTS COMPANY LTD. DBA ATHLETE'S H,5.20341E+11,2026-02-12,2026-02-19,1,0,Outbound Freight,13.69,0.68,14.37
14391010,IF4041438130,32115649,S0L2V0GOG - GOGH SPORTS COMPANY LTD. DBA ATHLETE'S H,5.20341E+11,2026-02-12,2026-02-19,3,0,Outbound Shipment Materials,2.93,0.36,3.29
14391015,IF4041438162,32115880,S0G3N0MCP - MCPHAIL TRAVEL,5.20341E+11,2026-02-12,2026-02-19,1,0,Outbound Freight,13.69,0.68,14.37
14391015,IF4041438162,32115880,S0G3N0MCP - MCPHAIL TRAVEL,5.20341E+11,2026-02-12,2026-02-19,3,0,Outbound Shipment Materials,2.93,0.36,3.29
14391016,IF4041438163,32115881,S0A2P0OUT - OUT OF THE BOX STORE,5.20341E+11,2026-02-12,2026-02-19,3,0,Outbound Shipment Materials,2.93,0.36,3.29
14391016,IF4041438163,32115881,S0A2P0OUT - OUT OF THE BOX STORE,5.20341E+11,2026-02-12,2026-02-19,1,0,Outbound Freight,13.69,0.68,14.37
14391017,IF4041438165,32115882,N1H2T1MER - MERIMAK INC.,5.20341E+11,2026-02-12,2026-02-19,1,0,Outbound Freight,13.69,1.78,15.47
14391017,IF4041438165,32115882,N1H2T1MER - MERIMAK INC.,5.20341E+11,2026-02-12,2026-02-19,3,0,Outbound Shipment Materials,2.93,0.36,3.29
14391018,IF4041438166,32115883,N1H2T1MER - MERIMAK INC.,5.20341E+11,2026-02-12,2026-02-19,3,0,Outbound Shipment Materials,2.93,0.36,3.29
14391018,IF4041438166,32115883,N1H2T1MER - MERIMAK INC.,5.20341E+11,2026-02-12,2026-02-19,1,0,Outbound Freight,13.69,1.78,15.47
14391019,IF4041438167,32115884,K0E1T0ONC - ONCE @426 BOUTIQUE + MARKET,5.20341E+11,2026-02-12,2026-02-19,3,0,Outbound Shipment Materials,2.93,0.36,3.29
14391019,IF4041438167,32115884,K0E1T0ONC - ONCE @426 BOUTIQUE + MARKET,5.20341E+11,2026-02-12,2026-02-19,1,0,Outbound Freight,21.88,2.84,24.72
14391022,IF4041438170,32115887,Y1A2B3COA - COAST MOUNTAIN,5.20342E+11,2026-02-12,2026-02-19,3,0,Outbound Shipment Materials,2.93,0.36,3.29
14391022,IF4041438170,32115887,Y1A2B3COA - COAST MOUNTAIN,5.20342E+11,2026-02-12,2026-02-19,1,0,Outbound Freight,1.25,0.06,1.31
14391025,IF4041438657,32134293,T8V4C2SPO - SPORTS EXPERTS,5.20341E+11,2026-02-12,2026-02-19,3,56.05,Outbound Shipment Materials,2.79,0.34,3.13
14391025,IF4041438657,32134293,T8V4C2SPO - SPORTS EXPERTS,5.20341E+11,2026-02-12,2026-02-19,1,56.05,Outbound Freight,11.97,0.6,12.57
14411080,IF4041438882,32141674,V0N3A0TRA - TRAIL BAY SOURCE FOR SPORTS,5.20342E+11,2026-02-13,2026-02-19,9,2614,Outbound Shipment Materials,8.71,1.05,9.76
14411080,IF4041438882,32141674,V0N3A0TRA - TRAIL BAY SOURCE FOR SPORTS,5.20342E+11,2026-02-13,2026-02-19,2,2614,Outbound Freight,6.5,0.33,6.83
14411091,IF4041438883,32141675,V0N3A0TRA - TRAIL BAY SOURCE FOR SPORTS,5.20342E+11,2026-02-13,2026-02-19,9,3254.5,Outbound Shipment Materials,9.3,1.12,10.42
14411091,IF4041438883,32141675,V0N3A0TRA - TRAIL BAY SOURCE FOR SPORTS,5.20342E+11,2026-02-13,2026-02-19,1,3254.5,Outbound Freight,6.5,0.33,6.83
14419832,IF4041438338,32123552,V0N3A0TRA - TRAIL BAY SOURCE FOR SPORTS,5.20342E+11,2026-02-17,2026-02-19,3,0,Outbound Shipment Materials,2.93,0.36,3.29
14419832,IF4041438338,32123552,V0N3A0TRA - TRAIL BAY SOURCE FOR SPORTS,5.20342E+11,2026-02-17,2026-02-19,1,0,Outbound Freight,5.25,0.26,5.51
14473431,IF4041438799,2026_02_01_02_28B,T1W2B6VAL - VALHALLA PURE OUTFITTERS - CANMORE,LSHP46903228,2026-03-03,2026-02-20,0,0,Outbound Freight,2.7,0.14,2.84
14473422,IF4041438806,2026_02_01_02_28B,T1W2B6VAL - VALHALLA PURE OUTFITTERS - CANMORE,LSHP46903259,2026-03-03,2026-02-20,0,0,Outbound Freight,3.44,0.17,3.61
14419829,IF4041438807,32140917,V2R3N5MOU - MOUNT WADDINGTONS OUTDOORS,LSHP46903274,2026-02-17,2026-02-20,106,3382,Outbound Freight,18.78,0.94,19.72
14419829,IF4041438807,32140917,V2R3N5MOU - MOUNT WADDINGTONS OUTDOORS,LSHP46903274,2026-02-17,2026-02-20,9,3382,Outbound Shipment Materials,9.3,1.12,10.42
14419830,IF4041438808,32140919,V2R3N5MOU - MOUNT WADDINGTONS OUTDOORS,LSHP46903146,2026-02-17,2026-02-20,254,8628,Outbound Freight,46.86,2.34,49.2
14419830,IF4041438808,32140919,V2R3N5MOU - MOUNT WADDINGTONS OUTDOORS,LSHP46903146,2026-02-17,2026-02-20,28,8628,Outbound Shipment Materials,27.9,3.35,31.25
14419866,IF4041438799,32140912,T1W2B6VAL - VALHALLA PURE OUTFITTERS - CANMORE,LSHP46903228,2026-02-17,2026-02-20,337,11256,Outbound Freight,73.58,3.68,77.26
14419866,IF4041438799,32140912,T1W2B6VAL - VALHALLA PURE OUTFITTERS - CANMORE,LSHP46903228,2026-02-17,2026-02-20,37,11256,Outbound Shipment Materials,36.61,4.39,41
14419867,IF4041438806,32140916,T1W2B6VAL - VALHALLA PURE OUTFITTERS - CANMORE,LSHP46903259,2026-02-17,2026-02-20,37,9474.5,Outbound Shipment Materials,36.61,4.39,41
14419867,IF4041438806,32140916,T1W2B6VAL - VALHALLA PURE OUTFITTERS - CANMORE,LSHP46903259,2026-02-17,2026-02-20,263,9474.5,Outbound Freight,74.33,3.72,78.05
14419876,IF4041438803,32140913,E3B1B2THE - THE RADICAL EDGE,LSHP46903255,2026-02-17,2026-02-20,5,2375,Outbound Shipment Materials,4.65,0.56,5.21
14419876,IF4041438803,32140913,E3B1B2THE - THE RADICAL EDGE,LSHP46903255,2026-02-17,2026-02-20,63,2375,Outbound Freight,28,4.2,32.2
14426940,IF4041439011,32144913,V0R2Z0TOF - TOFINO FISHING AND TRADING,LQVOR2ZOAELSHP46925272,2026-02-19,2026-02-20,2,22.5,Outbound Shipment Materials,1.78,0.21,1.99
14426940,IF4041439011,32144913,V0R2Z0TOF - TOFINO FISHING AND TRADING,LQVOR2ZOAELSHP46925272,2026-02-19,2026-02-20,1,22.5,Outbound Freight,1.25,0.06,1.31
14427296,IF4041437649,32093297,R3J3Y6THE - THE NORTH WEST COMPANY LP,LSHP46900557,2026-02-19,2026-02-20,3,0,Outbound Shipment Materials,2.93,0.36,3.29
14427296,IF4041437649,32093297,R3J3Y6THE - THE NORTH WEST COMPANY LP,LSHP46900557,2026-02-19,2026-02-20,5,0,Outbound Freight,12.34,0.62,12.96
14427298,IF4041437751,32093401,V1E1B4HAR - HARTTY CLOTHING,LSHP46900570,2026-02-19,2026-02-20,2,0,Outbound Freight,8.84,0.44,9.28
14427298,IF4041437751,32093401,V1E1B4HAR - HARTTY CLOTHING,LSHP46900570,2026-02-19,2026-02-20,3,0,Outbound Shipment Materials,2.93,0.36,3.29
14419803,IF4041437681,32093332,G7H5B1SAI - SAIL PLEIN 29,1Z2VW7552091456300,2026-02-17,2026-02-20,1,0,Outbound Freight,16.77,0.84,17.61
14419803,IF4041437681,32093332,G7H5B1SAI - SAIL PLEIN 29,1Z2VW7552091456300,2026-02-17,2026-02-20,3,0,Outbound Shipment Materials,2.93,0.36,3.29
14419803,IF4041437681,32093332,G7H5B1SAI - SAIL PLEIN 29,1Z2VW7552091456300,2026-02-17,2026-02-20,1,0,EDI Labels,1,0.05,1.05
14419804,IF4041437686,32093337,J6V1N9SAI - SAIL 30,1Z2VW7552094119133,2026-02-17,2026-02-20,3,0,Outbound Shipment Materials,2.93,0.36,3.29
14419804,IF4041437686,32093337,J6V1N9SAI - SAIL 30,1Z2VW7552094119133,2026-02-17,2026-02-20,1,0,Outbound Freight,14.37,0.72,15.09
14419804,IF4041437686,32093337,J6V1N9SAI - SAIL 30,1Z2VW7552094119133,2026-02-17,2026-02-20,1,0,EDI Labels,1,0.05,1.05
14419805,IF4041437685,32093336,J1L3A6SAI - SAIL 31 - SHERBROOKE,1Z2VW7552097089554,2026-02-17,2026-02-20,3,0,Outbound Shipment Materials,2.93,0.36,3.29
14419805,IF4041437685,32093336,J1L3A6SAI - SAIL 31 - SHERBROOKE,1Z2VW7552097089554,2026-02-17,2026-02-20,1,0,EDI Labels,1,0.05,1.05
14419805,IF4041437685,32093336,J1L3A6SAI - SAIL 31 - SHERBROOKE,1Z2VW7552097089554,2026-02-17,2026-02-20,1,0,Outbound Freight,14.37,0.72,15.09
14419808,IF4041437683,32093334,J7V0N3SAI - SAIL 27,1Z2VW7552098991344,2026-02-17,2026-02-20,1,0,EDI Labels,1,0.05,1.05
14419808,IF4041437683,32093334,J7V0N3SAI - SAIL 27,1Z2VW7552098991344,2026-02-17,2026-02-20,1,0,Outbound Freight,14.37,0.72,15.09
14419808,IF4041437683,32093334,J7V0N3SAI - SAIL 27,1Z2VW7552098991344,2026-02-17,2026-02-20,3,0,Outbound Shipment Materials,2.93,0.36,3.29
14419809,IF4041437684,32093335,G2J0B8SAI - SAIL 17,1Z2VW7552093398692,2026-02-17,2026-02-20,1,0,EDI Labels,1,0.05,1.05
14419809,IF4041437684,32093335,G2J0B8SAI - SAIL 17,1Z2VW7552093398692,2026-02-17,2026-02-20,1,0,Outbound Freight,14.37,0.72,15.09
14419809,IF4041437684,32093335,G2J0B8SAI - SAIL 17,1Z2VW7552093398692,2026-02-17,2026-02-20,3,0,Outbound Shipment Materials,2.93,0.36,3.29
14419811,IF4041437679,32093330,J3G0S5SAI - SAIL 15,1Z2VW7552097957526,2026-02-17,2026-02-20,1,0,Outbound Freight,14.37,0.72,15.09
14419811,IF4041437679,32093330,J3G0S5SAI - SAIL 15,1Z2VW7552097957526,2026-02-17,2026-02-20,1,0,EDI Labels,1,0.05,1.05
14419811,IF4041437679,32093330,J3G0S5SAI - SAIL 15,1Z2VW7552097957526,2026-02-17,2026-02-20,3,0,Outbound Shipment Materials,2.93,0.36,3.29
14419868,IF4041438804,32140914,N0B2N0CHA - CHANGE LIFESTYLE & APPAREL,1Z2VW7552094126278,2026-02-17,2026-02-20,9,3094,Outbound Shipment Materials,9.3,1.12,10.42
14419868,IF4041438804,32140914,N0B2N0CHA - CHANGE LIFESTYLE & APPAREL,1Z2VW7552094126278,2026-02-17,2026-02-20,102,3094,Outbound Freight,30.36,3.95,34.31
14419873,IF4041438797,32140911,E3B1B2THE - THE RADICAL EDGE,1Z2VW7552090414320,2026-02-17,2026-02-20,269,9878.5,Outbound Freight,89.98,13.5,103.48
14419873,IF4041438797,32140911,E3B1B2THE - THE RADICAL EDGE,1Z2VW7552090414320,2026-02-17,2026-02-20,27,9878.5,Outbound Shipment Materials,27.31,3.28,30.59
14390974,IF4041437624,32093272,R0G0J0KNO - KNOCKABOUTS INC.,5.20343E+11,2026-02-12,2026-02-20,1,0,Outbound Freight,17.01,0.85,17.86
14390974,IF4041437624,32093272,R0G0J0KNO - KNOCKABOUTS INC.,5.20343E+11,2026-02-12,2026-02-20,3,0,Outbound Shipment Materials,2.93,0.36,3.29
14419806,IF4041437682,32093333,H7P0B7SAI - SAIL 16,5.20343E+11,2026-02-17,2026-02-20,3,0,Outbound Shipment Materials,2.93,0.36,3.29
14419806,IF4041437682,32093333,H7P0B7SAI - SAIL 16,5.20343E+11,2026-02-17,2026-02-20,1,0,EDI Labels,1,0.05,1.05
14419806,IF4041437682,32093333,H7P0B7SAI - SAIL 16,5.20343E+11,2026-02-17,2026-02-20,1,0,Outbound Freight,13.69,0.68,14.37
14419807,IF4041437668,32093316,K1G3X8SAI - SAIL 21,5.20343E+11,2026-02-17,2026-02-20,1,0,Outbound Freight,13.69,1.78,15.47
14419807,IF4041437668,32093316,K1G3X8SAI - SAIL 21,5.20343E+11,2026-02-17,2026-02-20,3,0,Outbound Shipment Materials,2.93,0.36,3.29
14419807,IF4041437668,32093316,K1G3X8SAI - SAIL 21,5.20343E+11,2026-02-17,2026-02-20,1,0,EDI Labels,1,0.05,1.05
14419810,IF4041437669,32093317,L1J0B6SAI - SAIL 23,5.20343E+11,2026-02-17,2026-02-20,1,0,Outbound Freight,13.69,1.78,15.47
14419810,IF4041437669,32093317,L1J0B6SAI - SAIL 23,5.20343E+11,2026-02-17,2026-02-20,3,0,Outbound Shipment Materials,2.93,0.36,3.29
14419810,IF4041437669,32093317,L1J0B6SAI - SAIL 23,5.20343E+11,2026-02-17,2026-02-20,1,0,EDI Labels,1,0.05,1.05
14419812,IF4041437680,32093331,L7P0N6SAI - SAIL 24,5.20343E+11,2026-02-17,2026-02-20,3,0,Outbound Shipment Materials,2.93,0.36,3.29
14419812,IF4041437680,32093331,L7P0N6SAI - SAIL 24,5.20343E+11,2026-02-17,2026-02-20,1,0,EDI Labels,1,0.05,1.05
14419812,IF4041437680,32093331,L7P0N6SAI - SAIL 24,5.20343E+11,2026-02-17,2026-02-20,1,0,Outbound Freight,13.69,1.78,15.47
14419813,IF4041437687,32093338,J4Y0G4SAI - SAIL 18,5.20343E+11,2026-02-17,2026-02-20,3,0,Outbound Shipment Materials,2.93,0.36,3.29
14419813,IF4041437687,32093338,J4Y0G4SAI - SAIL 18,5.20343E+11,2026-02-17,2026-02-20,1,0,EDI Labels,1,0.05,1.05
14419813,IF4041437687,32093338,J4Y0G4SAI - SAIL 18,5.20343E+11,2026-02-17,2026-02-20,1,0,Outbound Freight,13.69,0.68,14.37
14419814,IF4041437667,32093315,N3C1Z4SAI - SAIL 26,5.20343E+11,2026-02-17,2026-02-20,1,0,EDI Labels,1,0.05,1.05
14419814,IF4041437667,32093315,N3C1Z4SAI - SAIL 26,5.20343E+11,2026-02-17,2026-02-20,1,0,Outbound Freight,13.69,1.78,15.47
14419814,IF4041437667,32093315,N3C1Z4SAI - SAIL 26,5.20343E+11,2026-02-17,2026-02-20,3,0,Outbound Shipment Materials,2.93,0.36,3.29
14427297,IF4041437655,32093303,P9A1H4MCT - MCTAGGARTS SOURCE FOR SPORTS,5.20344E+11,2026-02-19,2026-02-20,3,0,Outbound Shipment Materials,2.93,0.36,3.29
14427297,IF4041437655,32093303,P9A1H4MCT - MCTAGGARTS SOURCE FOR SPORTS,5.20344E+11,2026-02-19,2026-02-20,1,0,Outbound Freight,5.25,0.26,5.51
14478824,IF4041436693,2026_02_01_02_28B,H4S1N1ALT - ALTITUDE SPORTS,5.20328E+11,2026-03-03,2026-02-21,0,0,Outbound Freight,8.95,0.45,9.4
14478647,IF4041437306,2026_02_01_02_28B,J3G0S5SAI - SAIL 15,5.20329E+11,2026-03-03,2026-02-21,0,0,Outbound Freight,5.1,0.26,5.36
14478470,IF4041437307,2026_02_01_02_28B,J1L3A6SAI - SAIL 31 - SHERBROOKE,5.20329E+11,2026-03-03,2026-02-21,0,0,Outbound Freight,2.82,0.14,2.96
14478252,IF4041437308,2026_02_01_02_28B,J6V1N9SAI - SAIL 30,5.20329E+11,2026-03-03,2026-02-21,0,0,Outbound Freight,1.92,0.1,2.02
14478594,IF4041437309,2026_02_01_02_28B,G2J0B8SAI - SAIL 17,5.20329E+11,2026-03-03,2026-02-21,0,0,Outbound Freight,4.33,0.22,4.55
14478447,IF4041437310,2026_02_01_02_28B,J4G1R3SAI - SAIL 80,5.20329E+11,2026-03-03,2026-02-21,0,0,Outbound Freight,2.7,0.14,2.84
14478491,IF4041437314,2026_02_01_02_28B,K1G3X8SAI - SAIL 21,5.20329E+11,2026-03-03,2026-02-21,0,0,Outbound Freight,3.05,0.4,3.45
14478444,IF4041437317,2026_02_01_02_28B,H7P0B7SAI - SAIL 16,1Z2VW7552090585995,2026-03-03,2026-02-21,0,0,Outbound Freight,2.67,0.13,2.8
14478450,IF4041437318,2026_02_01_02_28B,J4Y0G4SAI - SAIL 18,5.20329E+11,2026-03-03,2026-02-21,0,0,Outbound Freight,2.71,0.14,2.85
14427848,IF4041439888,32194697,V5X0A8 - TOP NOTCH EMBROIDERY,LSHP46929228,2026-02-19,2026-02-23,17,663,Outbound Freight,12.38,0.62,13
14427848,IF4041439888,32194697,V5X0A8 - TOP NOTCH EMBROIDERY,LSHP46929228,2026-02-19,2026-02-23,5,663,Outbound Shipment Materials,4.65,0.56,5.21
14427886,IF4041438583,32133387,J6E6X6ATM - ATMOSPHERE #882 (Sports 12345 INC),LSHP46953168,2026-02-19,2026-02-23,169,5334,Outbound Freight,61.86,3.09,64.95
14427886,IF4041438583,32133387,J6E6X6ATM - ATMOSPHERE #882 (Sports 12345 INC),LSHP46953168,2026-02-19,2026-02-23,23,5334,Outbound Shipment Materials,22.66,2.72,25.38
14427887,IF4041438584,32133388,G7H5N6PLA - Place du Royaume,LSHP46931621,2026-02-19,2026-02-23,18,4761.5,Outbound Shipment Materials,18.01,2.16,20.17
14427887,IF4041438584,32133388,G7H5N6PLA - Place du Royaume,LSHP46931621,2026-02-19,2026-02-23,119,4761.5,Outbound Freight,52.65,2.63,55.28
14427892,IF4041438590,32133393,G4X2A9CAR - Carrefour Gaspé,LSHP46953078,2026-02-19,2026-02-23,19,6350.5,Outbound Shipment Materials,18.6,2.23,20.83
14427892,IF4041438590,32133393,G4X2A9CAR - Carrefour Gaspé,LSHP46953078,2026-02-19,2026-02-23,186,6350.5,Outbound Freight,74.9,3.75,78.65
14428920,IF4041438597,32133399,J0K2N0BUY - Buying Member 712,LSHP46953129,2026-02-20,2026-02-23,4,1180,Outbound Shipment Materials,4.06,0.48,4.54
14428920,IF4041438597,32133399,J0K2N0BUY - Buying Member 712,LSHP46953129,2026-02-20,2026-02-23,20,1180,Outbound Freight,32.96,1.65,34.61
14428933,IF4041438612,32133788,G8H3B8CAR - Carrefour Jeannois,LSHP46954556,2026-02-20,2026-02-23,4,1047,Outbound Shipment Materials,4.06,0.48,4.54
14428933,IF4041438612,32133788,G8H3B8CAR - Carrefour Jeannois,LSHP46954556,2026-02-20,2026-02-23,28,1047,Outbound Freight,26.58,1.33,27.91
14428962,IF4041438650,32134289,J0R1R6SPO - SPORTS EXPERTS - ATMOSPHERE,LSHP46952348,2026-02-20,2026-02-23,26,11027,Outbound Shipment Materials,26.18,3.14,29.32
14428962,IF4041438650,32134289,J0R1R6SPO - SPORTS EXPERTS - ATMOSPHERE,LSHP46952348,2026-02-20,2026-02-23,299,11027,Outbound Freight,85.07,4.25,89.32
14428994,IF4041436529,32028715,A5A1L8MER - MERCERS MARINE EQUIPMENT LTD.,LSHP46943545,2026-02-20,2026-02-23,3,360,Outbound Shipment Materials,2.93,0.36,3.29
14428994,IF4041436529,32028715,A5A1L8MER - MERCERS MARINE EQUIPMENT LTD.,LSHP46943545,2026-02-20,2026-02-23,16,360,Outbound Freight,23.62,3.54,27.16
14428997,IF4041436544,32028728,V0A1K0THE - THE INSIDE EDGE SPORTS STORE LTD,LSHP46943457,2026-02-20,2026-02-23,22,878.5,Outbound Freight,12.6,0.63,13.23
14428997,IF4041436544,32028728,V0A1K0THE - THE INSIDE EDGE SPORTS STORE LTD,LSHP46943457,2026-02-20,2026-02-23,4,878.5,Outbound Shipment Materials,4.06,0.48,4.54
14429003,IF4041437595,32093243,T0A2C0FOU - FOUR SEASONS,LSHP46950623,2026-02-20,2026-02-23,55,1631,Outbound Freight,25.06,1.25,26.31
14429003,IF4041437595,32093243,T0A2C0FOU - FOUR SEASONS,LSHP46950623,2026-02-20,2026-02-23,8,1631,Outbound Shipment Materials,7.55,0.91,8.46
14419799,IF4041438760,32140030,J4G1R3SAI - SAIL 80,1Z2VW7552099619825,2026-02-17,2026-02-23,134,4571,Outbound Freight,36.96,1.85,38.81
14419799,IF4041438760,32140030,J4G1R3SAI - SAIL 80,1Z2VW7552099619825,2026-02-17,2026-02-23,2,4571,EDI Labels,2,0.1,2.1
14419799,IF4041438760,32140030,J4G1R3SAI - SAIL 80,1Z2VW7552099619825,2026-02-17,2026-02-23,12,4571,Outbound Shipment Materials,11.61,1.39,13
14427854,IF4041438559,32132864,J6K1C6SPO - SPORTS EXPERTS 466,1Z2VW7552099769413,2026-02-19,2026-02-23,9,3260,Outbound Shipment Materials,8.71,1.05,9.76
14427854,IF4041438559,32132864,J6K1C6SPO - SPORTS EXPERTS 466,1Z2VW7552099769413,2026-02-19,2026-02-23,98,3260,Outbound Freight,26.02,1.3,27.32
14427855,IF4041438560,32132865,H9R5J1CEN - Centre Fairview Pointe-Claire,1Z2VW7552096897487,2026-02-19,2026-02-23,162,5792,Outbound Freight,40.26,2.01,42.27
14427855,IF4041438560,32132865,H9R5J1CEN - Centre Fairview Pointe-Claire,1Z2VW7552096897487,2026-02-19,2026-02-23,14,5792,Outbound Shipment Materials,13.95,1.68,15.63
14427859,IF4041438564,32132869,H3P3E9CEN - Centre Rockland,1Z2VW7552092183433,2026-02-19,2026-02-23,9,3314,Outbound Shipment Materials,8.71,1.05,9.76
14427859,IF4041438564,32132869,H3P3E9CEN - Centre Rockland,1Z2VW7552092183433,2026-02-19,2026-02-23,97,3314,Outbound Freight,29.22,1.46,30.68
14427860,IF4041438565,32132870,J2C6Y7PRO - Promenades Drummondville,1Z2VW7552090571704,2026-02-19,2026-02-23,13,4315,Outbound Shipment Materials,13.36,1.61,14.97
14427860,IF4041438565,32132870,J2C6Y7PRO - Promenades Drummondville,1Z2VW7552090571704,2026-02-19,2026-02-23,128,4315,Outbound Freight,35.46,1.77,37.23
14427861,IF4041438566,32132871,H4P0C9AT - AT MONT-ROYAL,1Z2VW7552090892779,2026-02-19,2026-02-23,14,7009,Outbound Shipment Materials,13.95,1.68,15.63
14427861,IF4041438566,32132871,H4P0C9AT - AT MONT-ROYAL,1Z2VW7552090892779,2026-02-19,2026-02-23,182,7009,Outbound Freight,47.61,2.38,49.99
14427867,IF4041438574,32133379,J2C6Y7PRO - Promenades Drummondville,1Z2VW7552097804548,2026-02-19,2026-02-23,192,6461,Outbound Freight,49.09,2.45,51.54
14427867,IF4041438574,32133379,J2C6Y7PRO - Promenades Drummondville,1Z2VW7552097804548,2026-02-19,2026-02-23,19,6461,Outbound Shipment Materials,18.6,2.23,20.83
14427871,IF4041438578,32133383,J6K1C6SPO - SPORTS EXPERTS 466,1Z2VW7552091137271,2026-02-19,2026-02-23,5,1097.5,Outbound Shipment Materials,4.65,0.56,5.21
14427871,IF4041438578,32133383,J6K1C6SPO - SPORTS EXPERTS 466,1Z2VW7552091137271,2026-02-19,2026-02-23,44,1097.5,Outbound Freight,21.14,1.06,22.2
14427883,IF4041438579,32133384,J4Y0A5QUA - Quartier Dix-30,1Z2VW7552092064884,2026-02-19,2026-02-23,14,6171,Outbound Shipment Materials,13.95,1.68,15.63
14427883,IF4041438579,32133384,J4Y0A5QUA - Quartier Dix-30,1Z2VW7552092064884,2026-02-19,2026-02-23,202,6171,Outbound Freight,41.97,2.1,44.07
14427889,IF4041438586,32133390,"H1R3H7SEF - SEF 414 GALERIE D'ANJOU,",1Z2VW7552097186743,2026-02-19,2026-02-23,13,5626,Outbound Shipment Materials,13.36,1.61,14.97
14427889,IF4041438586,32133390,"H1R3H7SEF - SEF 414 GALERIE D'ANJOU,",1Z2VW7552097186743,2026-02-19,2026-02-23,186,5626,Outbound Freight,37.17,1.86,39.03
14427894,IF4041438592,32133395,J6T1A9SPO - Sports Experts,1Z2VW7552099907979,2026-02-19,2026-02-23,123,3827.5,Outbound Freight,41.06,2.05,43.11
14427894,IF4041438592,32133395,J6T1A9SPO - Sports Experts,1Z2VW7552099907979,2026-02-19,2026-02-23,13,3827.5,Outbound Shipment Materials,13.36,1.61,14.97
14427895,IF4041438593,32133396,J9P1W1SKI - Ski & Vélo Plein Air,3.9901E+11,2026-02-19,2026-02-23,9,2994.5,Outbound Shipment Materials,9.3,1.12,10.42
14427895,IF4041438593,32133396,J9P1W1SKI - Ski & Vélo Plein Air,3.9901E+11,2026-02-19,2026-02-23,88,2994.5,Outbound Freight,37,1.85,38.85
14428926,IF4041438605,32133781,J2S4Z5SPO - SPORTS EXPERTS,1Z2VW7552094352149,2026-02-20,2026-02-23,273,8290.5,Outbound Freight,82.78,4.14,86.92
14428926,IF4041438605,32133781,J2S4Z5SPO - SPORTS EXPERTS,1Z2VW7552094352149,2026-02-20,2026-02-23,28,8290.5,Outbound Shipment Materials,27.9,3.35,31.25
14428929,IF4041438608,32133784,H9R5J1CEN - Centre Fairview Pointe-Claire,1Z2VW7552090170601,2026-02-20,2026-02-23,182,5343,Outbound Freight,38.71,1.94,40.65
14428929,IF4041438608,32133784,H9R5J1CEN - Centre Fairview Pointe-Claire,1Z2VW7552090170601,2026-02-20,2026-02-23,14,5343,Outbound Shipment Materials,13.95,1.68,15.63
14428930,IF4041438609,32133785,J2G8K1SPO - Sports Experts 410,1Z2VW7552093337711,2026-02-20,2026-02-23,63,2460.5,Outbound Freight,30.73,1.54,32.27
14428930,IF4041438609,32133785,J2G8K1SPO - Sports Experts 410,1Z2VW7552093337711,2026-02-20,2026-02-23,7,2460.5,Outbound Shipment Materials,7.44,0.89,8.33
14428945,IF4041438629,32133801,J9P1W1SKI - Ski & Vélo Plein Air,3.99008E+11,2026-02-20,2026-02-23,78,2515,Outbound Freight,37,1.85,38.85
14428945,IF4041438629,32133801,J9P1W1SKI - Ski & Vélo Plein Air,3.99008E+11,2026-02-20,2026-02-23,9,2515,Outbound Shipment Materials,9.3,1.12,10.42
14428947,IF4041438632,32133804,J6A5N4GAL - Galeries Rive-Nord,1Z2VW7552098666580,2026-02-20,2026-02-23,106,3980,Outbound Freight,29.55,1.48,31.03
14428947,IF4041438632,32133804,J6A5N4GAL - Galeries Rive-Nord,1Z2VW7552098666580,2026-02-20,2026-02-23,9,3980,Outbound Shipment Materials,8.71,1.05,9.76
14428952,IF4041438637,32134279,J7A3T2SPO - SPORTS EXPERTS - ATMOSPHERE,1Z2VW7552095069669,2026-02-20,2026-02-23,254,8715,Outbound Freight,58.66,2.93,61.59
14428952,IF4041438637,32134279,J7A3T2SPO - SPORTS EXPERTS - ATMOSPHERE,1Z2VW7552095069669,2026-02-20,2026-02-23,28,8715,Outbound Shipment Materials,27.79,3.34,31.13
14428954,IF4041438640,32134281,J4Y0A5QUA - Quartier Dix-30,1Z2VW7552095351988,2026-02-20,2026-02-23,17,5377,Outbound Shipment Materials,17.17,2.06,19.23
14428954,IF4041438640,32134281,J4Y0A5QUA - Quartier Dix-30,1Z2VW7552095351988,2026-02-20,2026-02-23,149,5377,Outbound Freight,38.48,1.92,40.4
14428955,IF4041438641,32134282,J9T4B2SPO - SPORTS EXPERTS,3.98989E+11,2026-02-20,2026-02-23,14,3694,Outbound Shipment Materials,14.24,1.71,15.95
14428955,IF4041438641,32134282,J9T4B2SPO - SPORTS EXPERTS,3.98989E+11,2026-02-20,2026-02-23,103,3694,Outbound Freight,42.36,2.12,44.48
14428956,IF4041438643,32134283,J7V8W5SPO - SPORTS EXPERTS - ATMOSPHERE,1Z2VW7552093827521,2026-02-20,2026-02-23,14,4863.5,Outbound Shipment Materials,13.95,1.68,15.63
14428956,IF4041438643,32134283,J7V8W5SPO - SPORTS EXPERTS - ATMOSPHERE,1Z2VW7552093827521,2026-02-20,2026-02-23,131,4863.5,Outbound Freight,36.1,1.81,37.91
14428958,IF4041438646,32134285,G9A6M1SPO - SPORTS EXPERTS - ATMOSPHERE,1Z2VW7552099894715,2026-02-20,2026-02-23,18,6092,Outbound Shipment Materials,18.3,2.2,20.5
14428958,IF4041438646,32134285,G9A6M1SPO - SPORTS EXPERTS - ATMOSPHERE,1Z2VW7552099894715,2026-02-20,2026-02-23,170,6092,Outbound Freight,40.62,2.03,42.65
14428960,IF4041438648,32134287,J7R4Z3SPO - SPORTS EXPERTS - ATMOSPHERE,1Z2VW7552095499614,2026-02-20,2026-02-23,59,2132,Outbound Freight,22.85,1.14,23.99
14428960,IF4041438648,32134287,J7R4Z3SPO - SPORTS EXPERTS - ATMOSPHERE,1Z2VW7552095499614,2026-02-20,2026-02-23,7,2132,Outbound Shipment Materials,7.12,0.86,7.98
14428963,IF4041438655,32134291,G4X2A9CAR - Carrefour Gaspé,1Z2VW7552096205625,2026-02-20,2026-02-23,291,11835.5,Outbound Freight,112.88,5.64,118.52
14428963,IF4041438655,32134291,G4X2A9CAR - Carrefour Gaspé,1Z2VW7552096205625,2026-02-20,2026-02-23,40,11835.5,Outbound Shipment Materials,40.25,4.83,45.08
14428964,IF4041438761,32140129,J7V8W5SPO - SPORTS EXPERTS - ATMOSPHERE,1Z2VW7552090368185,2026-02-20,2026-02-23,120,3179,Outbound Freight,31.27,1.56,32.83
14428964,IF4041438761,32140129,J7V8W5SPO - SPORTS EXPERTS - ATMOSPHERE,1Z2VW7552090368185,2026-02-20,2026-02-23,9,3179,Outbound Shipment Materials,9.3,1.12,10.42
14428966,IF4041438651,32134290,J7Y3S7SPO - SPORTS EXPERTS - ATMOSPHERE,1Z2VW7552099257458,2026-02-20,2026-02-23,270,10511.5,Outbound Freight,69.22,3.46,72.68
14428966,IF4041438651,32134290,J7Y3S7SPO - SPORTS EXPERTS - ATMOSPHERE,1Z2VW7552099257458,2026-02-20,2026-02-23,26,10511.5,Outbound Shipment Materials,26.01,3.12,29.13
14428970,IF4041438599,32133401,J7Y3S7SPO - SPORTS EXPERTS - ATMOSPHERE,1Z2VW7552097385644,2026-02-20,2026-02-23,14,4889,Outbound Shipment Materials,13.95,1.68,15.63
14428970,IF4041438599,32133401,J7Y3S7SPO - SPORTS EXPERTS - ATMOSPHERE,1Z2VW7552097385644,2026-02-20,2026-02-23,184,4889,Outbound Freight,38.12,1.91,40.03
14428977,IF4041437613,32093261,B3B1S1CLE - CLEVE'S SOURCE FOR SPORTS,1Z2VW7552097288151,2026-02-20,2026-02-23,16,0,Outbound Freight,16.84,2.36,19.2
14428977,IF4041437613,32093261,B3B1S1CLE - CLEVE'S SOURCE FOR SPORTS,1Z2VW7552097288151,2026-02-20,2026-02-23,3,0,Outbound Shipment Materials,2.93,0.36,3.29
14428995,IF4041436531,32028717,V9Y8E9LAC - LACE IT UP aka JAYS MENS WEAR,1Z2VW7552095684566,2026-02-20,2026-02-23,3,270,Outbound Shipment Materials,2.79,0.34,3.13
14428995,IF4041436531,32028717,V9Y8E9LAC - LACE IT UP aka JAYS MENS WEAR,1Z2VW7552095684566,2026-02-20,2026-02-23,12,270,Outbound Freight,9.73,0.49,10.22
14428996,IF4041436543,32028727,K2P1L9BOO - BOOGIE + BIRDIE,1Z2VW7552096949939,2026-02-20,2026-02-23,8,1555.5,Outbound Shipment Materials,7.58,0.91,8.49
14428996,IF4041436543,32028727,K2P1L9BOO - BOOGIE + BIRDIE,1Z2VW7552096949939,2026-02-20,2026-02-23,59,1555.5,Outbound Freight,26.7,3.47,30.17
14429005,IF4041437575,32093223,R3J3Y6THE - THE NORTH WEST COMPANY LP,1Z2VW7552093539477,2026-02-20,2026-02-23,14,2969.5,Outbound Shipment Materials,13.95,1.68,15.63
14429005,IF4041437575,32093223,R3J3Y6THE - THE NORTH WEST COMPANY LP,1Z2VW7552093539477,2026-02-20,2026-02-23,91,2969.5,Outbound Freight,38.2,1.91,40.11
14389318,IF4041438767,32140134,K1V9B4961 - 9613 Paradies Ottawa,5.20346E+11,2026-02-12,2026-02-23,11,4713.5,EDI Labels,11,0.55,11.55
14389318,IF4041438767,32140134,K1V9B4961 - 9613 Paradies Ottawa,5.20346E+11,2026-02-12,2026-02-23,36,4713.5,Outbound Shipment Materials,36.31,4.36,40.67
14389318,IF4041438767,32140134,K1V9B4961 - 9613 Paradies Ottawa,5.20346E+11,2026-02-12,2026-02-23,108,4713.5,Outbound Freight,53.19,6.59,59.78
14389320,IF4041438768,32140136,K1V9B4961 - 9613 Paradies Ottawa,5.20346E+11,2026-02-12,2026-02-23,113,3819.5,Outbound Freight,48.71,6.01,54.72
14389320,IF4041438768,32140136,K1V9B4961 - 9613 Paradies Ottawa,5.20346E+11,2026-02-12,2026-02-23,10,3819.5,EDI Labels,10,0.5,10.5
14389320,IF4041438768,32140136,K1V9B4961 - 9613 Paradies Ottawa,5.20346E+11,2026-02-12,2026-02-23,30,3819.5,Outbound Shipment Materials,29.55,3.55,33.1
14427441,IF4041438766,32140133,T9E0V978 - 9785 Paradies Edmonton,5.20346E+11,2026-02-19,2026-02-23,11,3298.5,EDI Labels,11,0.55,11.55
14427441,IF4041438766,32140133,T9E0V978 - 9785 Paradies Edmonton,5.20346E+11,2026-02-19,2026-02-23,29,3298.5,Outbound Shipment Materials,29.42,3.53,32.95
14427441,IF4041438766,32140133,T9E0V978 - 9785 Paradies Edmonton,5.20346E+11,2026-02-19,2026-02-23,76,3298.5,Outbound Freight,43.46,2.17,45.63
14427849,IF4041438988,32144891,H7L5Z6A/S - A/S Les Boutiques Tremblant,5.20344E+11,2026-02-19,2026-02-23,314,11969,Outbound Freight,102.49,5.12,107.61
14427849,IF4041438988,32144891,H7L5Z6A/S - A/S Les Boutiques Tremblant,5.20344E+11,2026-02-19,2026-02-23,35,11969,Outbound Shipment Materials,35.48,4.25,39.73
14427869,IF4041438576,32133381,H3P3E9CEN - Centre Rockland,5.20346E+11,2026-02-19,2026-02-23,48,1523,Outbound Freight,19.84,0.99,20.83
14427869,IF4041438576,32133381,H3P3E9CEN - Centre Rockland,5.20346E+11,2026-02-19,2026-02-23,5,1523,Outbound Shipment Materials,4.65,0.56,5.21
14427896,IF4041438594,32133397,G6V6Y8SPO - SPORTS EXPERTS,5.20347E+11,2026-02-19,2026-02-23,9,3425,Outbound Shipment Materials,9.3,1.12,10.42
14427896,IF4041438594,32133397,G6V6Y8SPO - SPORTS EXPERTS,5.20347E+11,2026-02-19,2026-02-23,2,3425,Outbound Freight,2.5,0.13,2.63
14428921,IF4041438598,32133400,H4P0C9AT - AT MONT-ROYAL,5.20346E+11,2026-02-20,2026-02-23,105,3636,Outbound Freight,31.26,1.56,32.82
14428921,IF4041438598,32133400,H4P0C9AT - AT MONT-ROYAL,5.20346E+11,2026-02-20,2026-02-23,11,3636,Outbound Shipment Materials,11.18,1.34,12.52
14428923,IF4041438601,32133777,G8L1H3LES - Les Promenades du Boulevard,5.20346E+11,2026-02-20,2026-02-23,9,3054,Outbound Shipment Materials,9.3,1.12,10.42
14428923,IF4041438601,32133777,G8L1H3LES - Les Promenades du Boulevard,5.20346E+11,2026-02-20,2026-02-23,92,3054,Outbound Freight,51.55,2.58,54.13
14428931,IF4041438610,32133786,G6S1C1SPO - SPORTS EXPERTS,5.20347E+11,2026-02-20,2026-02-23,9,3253.5,Outbound Shipment Materials,9.3,1.12,10.42
14428931,IF4041438610,32133786,G6S1C1SPO - SPORTS EXPERTS,5.20347E+11,2026-02-20,2026-02-23,2,3253.5,Outbound Freight,2.5,0.13,2.63
14428935,IF4041438614,32133790,G5R4C2CEN - Centre Commercial Rivière-du-Loup,5.20346E+11,2026-02-20,2026-02-23,9,3209.5,Outbound Shipment Materials,9.3,1.12,10.42
14428935,IF4041438614,32133790,G5R4C2CEN - Centre Commercial Rivière-du-Loup,5.20346E+11,2026-02-20,2026-02-23,2,3209.5,Outbound Freight,2.5,0.13,2.63
14428937,IF4041438616,32133792,"H1R3H7SEF - SEF 414 GALERIE D'ANJOU,",5.20347E+11,2026-02-20,2026-02-23,90,3325,Outbound Freight,28.85,1.44,30.29
14428937,IF4041438616,32133792,"H1R3H7SEF - SEF 414 GALERIE D'ANJOU,",5.20347E+11,2026-02-20,2026-02-23,8,3325,Outbound Shipment Materials,7.58,0.91,8.49
14428940,IF4041438619,32133795,G8L1H3LES - Les Promenades du Boulevard,5.20346E+11,2026-02-20,2026-02-23,8,2608,Outbound Shipment Materials,7.58,0.91,8.49
14428940,IF4041438619,32133795,G8L1H3LES - Les Promenades du Boulevard,5.20346E+11,2026-02-20,2026-02-23,61,2608,Outbound Freight,41.93,2.1,44.03
14428957,IF4041438645,32134284,J8T6G3PRO - Promenades Gatineau,5.20346E+11,2026-02-20,2026-02-23,12,4795.5,Outbound Shipment Materials,12.23,1.47,13.7
14428957,IF4041438645,32134284,J8T6G3PRO - Promenades Gatineau,5.20346E+11,2026-02-20,2026-02-23,131,4795.5,Outbound Freight,39.82,1.99,41.81
14428961,IF4041438649,32134288,G1V2L1PLA - Place Ste-Foy,5.20346E+11,2026-02-20,2026-02-23,19,7409,Outbound Shipment Materials,18.6,2.23,20.83
14428961,IF4041438649,32134288,G1V2L1PLA - Place Ste-Foy,5.20346E+11,2026-02-20,2026-02-23,4,7409,Outbound Freight,5,0.25,5.25
14428965,IF4041438762,32140130,G1V2L1PLA - Place Ste-Foy,5.20346E+11,2026-02-20,2026-02-23,14,4074,Outbound Shipment Materials,14.24,1.71,15.95
14428965,IF4041438762,32140130,G1V2L1PLA - Place Ste-Foy,5.20346E+11,2026-02-20,2026-02-23,2,4074,Outbound Freight,2.5,0.13,2.63
14428968,IF4041438622,32133796,G1V2L8SPO - Sports Experts,5.20346E+11,2026-02-20,2026-02-23,23,8425,Outbound Shipment Materials,23.25,2.79,26.04
14428968,IF4041438622,32133796,G1V2L8SPO - Sports Experts,5.20346E+11,2026-02-20,2026-02-23,5,8425,Outbound Freight,6.25,0.31,6.56
14428969,IF4041438602,32133778,G1V2L8SPO - Sports Experts,5.20346E+11,2026-02-20,2026-02-23,28,8173,Outbound Shipment Materials,27.9,3.35,31.25
14428969,IF4041438602,32133778,G1V2L8SPO - Sports Experts,5.20346E+11,2026-02-20,2026-02-23,6,8173,Outbound Freight,7.5,0.38,7.88
14428991,IF4041436524,32028710,H7L5Z6A/S - A/S Les Boutiques Tremblant,5.20346E+11,2026-02-20,2026-02-23,3,468,Outbound Shipment Materials,2.93,0.36,3.29
14428991,IF4041436524,32028710,H7L5Z6A/S - A/S Les Boutiques Tremblant,5.20346E+11,2026-02-20,2026-02-23,12,468,Outbound Freight,13.69,0.68,14.37
14429001,IF4041437579,32093227,B0W2Z0LA - LA CACHETTE,4.00747E+15,2026-02-20,2026-02-23,4,1164.5,Outbound Shipment Materials,4.06,0.48,4.54
14429001,IF4041437579,32093227,B0W2Z0LA - LA CACHETTE,4.00747E+15,2026-02-20,2026-02-23,40,1164.5,Outbound Freight,35.38,4.95,40.33
14427448,IF4041438781,32140361,H7P0B7SAI - SAIL 16,KEL3251190,2026-02-19,2026-02-23,1199,40801.5,Outbound Freight,287.04,14.35,301.39
14427448,IF4041438781,32140361,H7P0B7SAI - SAIL 16,KEL3251190,2026-02-19,2026-02-23,110,40801.5,Outbound Shipment Materials,109.83,13.18,123.01
14427448,IF4041438781,32140361,H7P0B7SAI - SAIL 16,KEL3251190,2026-02-19,2026-02-23,24,40801.5,EDI Labels,24,1.2,25.2
14427448,IF4041438781,32140361,H7P0B7SAI - SAIL 16,KEL3251190,2026-02-19,2026-02-23,1,40801.5,Manual BOL,12,0.6,12.6
14427448,IF4041438781,32140361,H7P0B7SAI - SAIL 16,KEL3251190,2026-02-19,2026-02-23,1,40801.5,Pallet Prep,10.5,0.53,11.03
14430737,IF4041438493,32131640,V0R2Z0TOF - TOFINO FISHING AND TRADING,LSHP46986751,2026-02-20,2026-02-24,4,343,Outbound Shipment Materials,4.06,0.48,4.54
14430737,IF4041438493,32131640,V0R2Z0TOF - TOFINO FISHING AND TRADING,LSHP46986751,2026-02-20,2026-02-24,1,343,Outbound Freight,1.25,0.06,1.31
14390985,IF4041437631,32093279,T4R1N9EDG - EDGE CLOTHING,LSHP46985903,2026-02-12,2026-02-24,1,0,Outbound Freight,15.55,0.78,16.33
14390985,IF4041437631,32093279,T4R1N9EDG - EDGE CLOTHING,LSHP46985903,2026-02-12,2026-02-24,3,0,Outbound Shipment Materials,2.93,0.36,3.29
14419802,IF4041438775,32140034,G7H5B1SAI - SAIL PLEIN 29,LSHP46983097,2026-02-17,2026-02-24,68,24578,Outbound Shipment Materials,68.03,8.16,76.19
14419802,IF4041438775,32140034,G7H5B1SAI - SAIL PLEIN 29,LSHP46983097,2026-02-17,2026-02-24,15,24578,EDI Labels,15,0.75,15.75
14419802,IF4041438775,32140034,G7H5B1SAI - SAIL PLEIN 29,LSHP46983097,2026-02-17,2026-02-24,728,24578,Outbound Freight,204.21,10.21,214.42
14427885,IF4041438582,32133386,J9X6H7SPO - SPORTS EXPERTS,LSHP46964136,2026-02-19,2026-02-24,19,5943,Outbound Shipment Materials,18.6,2.23,20.83
14427885,IF4041438582,32133386,J9X6H7SPO - SPORTS EXPERTS,LSHP46964136,2026-02-19,2026-02-24,187,5943,Outbound Freight,69.46,3.47,72.93
14427890,IF4041438587,32133391,E1X1G5SPO - SPORTS EXPERTS 646,LSHP46965532,2026-02-19,2026-02-24,5,1460,Outbound Shipment Materials,4.65,0.56,5.21
14427890,IF4041438587,32133391,E1X1G5SPO - SPORTS EXPERTS 646,LSHP46965532,2026-02-19,2026-02-24,49,1460,Outbound Freight,26.51,3.98,30.49
14427893,IF4041438591,32133394,J0T1T0SPO - SPORTS EXPERTS 620 (DAUDELIN),LSHP46965600,2026-02-19,2026-02-24,4,1115.5,Outbound Shipment Materials,4.06,0.48,4.54
14427893,IF4041438591,32133394,J0T1T0SPO - SPORTS EXPERTS 620 (DAUDELIN),LSHP46965600,2026-02-19,2026-02-24,39,1115.5,Outbound Freight,31.15,1.56,32.71
14428919,IF4041438596,32133398,J9T4B2SPO - SPORTS EXPERTS,LSHP46965453,2026-02-20,2026-02-24,13,5635,Outbound Shipment Materials,13.36,1.61,14.97
14428919,IF4041438596,32133398,J9T4B2SPO - SPORTS EXPERTS,LSHP46965453,2026-02-20,2026-02-24,180,5635,Outbound Freight,60.02,3,63.02
14428932,IF4041438611,32133787,E1X1G5SPO - SPORTS EXPERTS 646,LSHP46965443,2026-02-20,2026-02-24,38,1247.5,Outbound Freight,21.24,3.19,24.43
14428932,IF4041438611,32133787,E1X1G5SPO - SPORTS EXPERTS 646,LSHP46965443,2026-02-20,2026-02-24,4,1247.5,Outbound Shipment Materials,4.06,0.48,4.54
14428934,IF4041438613,32133789,J0T1T0SPO - SPORTS EXPERTS 620 (DAUDELIN),LSHP46965441,2026-02-20,2026-02-24,4,1452.5,Outbound Shipment Materials,4.06,0.48,4.54
14428934,IF4041438613,32133789,J0T1T0SPO - SPORTS EXPERTS 620 (DAUDELIN),LSHP46965441,2026-02-20,2026-02-24,42,1452.5,Outbound Freight,29.31,1.47,30.78
14428941,IF4041438623,32133797,J3V6A8SPO - SPORTS EXPERTS - ATMOSPHERE 584,LSHP46965330,2026-02-20,2026-02-24,27,11947.5,Outbound Shipment Materials,27.31,3.28,30.59
14428941,IF4041438623,32133797,J3V6A8SPO - SPORTS EXPERTS - ATMOSPHERE 584,LSHP46965330,2026-02-20,2026-02-24,337,11947.5,Outbound Freight,77.72,3.89,81.61
14429004,IF4041437591,32093239,T8V3B1THE - The Drop Rideshop,LSHP46983921,2026-02-20,2026-02-24,84,2883,Outbound Freight,35.15,1.76,36.91
14429004,IF4041437591,32093239,T8V3B1THE - The Drop Rideshop,LSHP46983921,2026-02-20,2026-02-24,13,2883,Outbound Shipment Materials,13.36,1.61,14.97
14429007,IF4041437586,32093234,T9H1L2LUS - LUSSO CLOTHING LTD,LSHP46963287,2026-02-20,2026-02-24,72,2022,Outbound Freight,30.57,1.53,32.1
14429007,IF4041437586,32093234,T9H1L2LUS - LUSSO CLOTHING LTD,LSHP46963287,2026-02-20,2026-02-24,11,2022,Outbound Shipment Materials,11.18,1.34,12.52
14429020,IF4041438266,32118844,V7M3M7VAL - VALHALLA PURE OUTFITTERS,LSHP46965495,2026-02-20,2026-02-24,5,1444.5,Outbound Shipment Materials,4.65,0.56,5.21
14429020,IF4041438266,32118844,V7M3M7VAL - VALHALLA PURE OUTFITTERS,LSHP46965495,2026-02-20,2026-02-24,44,1444.5,Outbound Freight,13.84,0.69,14.53
14429024,IF4041436525,32028711,T0K1W0TAM - TAMARACK/WVSC WAREHOUSE,LSHP46965478,2026-02-20,2026-02-24,135,3037.5,Outbound Freight,25.68,1.28,26.96
14429024,IF4041436525,32028711,T0K1W0TAM - TAMARACK/WVSC WAREHOUSE,LSHP46965478,2026-02-20,2026-02-24,9,3037.5,Outbound Shipment Materials,9.3,1.12,10.42
14429027,IF4041437576,32093224,V8J3T6DRI - DRIFT APPAREL,LSHP46966129,2026-02-20,2026-02-24,19,3465,Outbound Shipment Materials,18.6,2.23,20.83
14429027,IF4041437576,32093224,V8J3T6DRI - DRIFT APPAREL,LSHP46966129,2026-02-20,2026-02-24,104,3465,Outbound Freight,40.15,2.01,42.16
14429028,IF4041438383,32125875,V6A3P7PLE - PLENTY STORES INC.,LSHP46965644,2026-02-20,2026-02-24,19,6592.5,Outbound Shipment Materials,18.6,2.23,20.83
14429028,IF4041438383,32125875,V6A3P7PLE - PLENTY STORES INC.,LSHP46965644,2026-02-20,2026-02-24,293,6592.5,Outbound Freight,42.26,2.11,44.37
14430637,IF4041437593,32093241,R0M2C0VIR - VIRDEN SPORT AND FASHION,LSHP46966151,2026-02-20,2026-02-24,8,1674.5,Outbound Shipment Materials,7.58,0.91,8.49
14430637,IF4041437593,32093241,R0M2C0VIR - VIRDEN SPORT AND FASHION,LSHP46966151,2026-02-20,2026-02-24,56,1674.5,Outbound Freight,30.37,1.52,31.89
14430642,IF4041438308,32123522,A2B1K7GEN - GENTLEMAN B LIFESTYLE,LSHP46985876,2026-02-20,2026-02-24,3,0,Outbound Shipment Materials,2.93,0.36,3.29
14430642,IF4041438308,32123522,A2B1K7GEN - GENTLEMAN B LIFESTYLE,LSHP46985876,2026-02-20,2026-02-24,1,0,Outbound Freight,23.62,3.54,27.16
14430645,IF4041438311,32123525,V1E4N6WEA - WEARABOUTS,LSHP46985576,2026-02-20,2026-02-24,1,0,Outbound Freight,8.95,0.45,9.4
14430645,IF4041438311,32123525,V1E4N6WEA - WEARABOUTS,LSHP46985576,2026-02-20,2026-02-24,3,0,Outbound Shipment Materials,2.93,0.36,3.29
14430678,IF4041438363,32124950,V7C0A2RIC - RICHMOND OLYMPIC OVAL,LSHP46985346,2026-02-20,2026-02-24,124,3062,Outbound Freight,19.9,1,20.9
14430678,IF4041438363,32124950,V7C0A2RIC - RICHMOND OLYMPIC OVAL,LSHP46985346,2026-02-20,2026-02-24,9,3062,Outbound Shipment Materials,8.71,1.05,9.76
14430720,IF4041438471,32131619,V0J3A0CAL - CALIFORNIA DREAMIN,LSHP46966436,2026-02-20,2026-02-24,23,5716.5,Outbound Shipment Materials,22.66,2.72,25.38
14430720,IF4041438471,32131619,V0J3A0CAL - CALIFORNIA DREAMIN,LSHP46966436,2026-02-20,2026-02-24,192,5716.5,Outbound Freight,42.49,2.12,44.61
14430722,IF4041438473,32131621,V9G1B8TIM - TIMES INFINITY CORP,LSHP46966472,2026-02-20,2026-02-24,9,1544,Outbound Shipment Materials,8.71,1.05,9.76
14430722,IF4041438473,32131621,V9G1B8TIM - TIMES INFINITY CORP,LSHP46966472,2026-02-20,2026-02-24,80,1544,Outbound Freight,18.6,0.93,19.53
14430723,IF4041438474,32131622,V1T9H2WEA - WEARABOUTS - VERNON,LSHP46966429,2026-02-20,2026-02-24,20,5319.5,Outbound Shipment Materials,20.38,2.45,22.83
14430723,IF4041438474,32131622,V1T9H2WEA - WEARABOUTS - VERNON,LSHP46966429,2026-02-20,2026-02-24,133,5319.5,Outbound Freight,34.07,1.7,35.77
14430726,IF4041438478,32131626,E8J1T7DAZ - DAZE SPORTS EXCELLENCE,LSHP46966468,2026-02-20,2026-02-24,113,4052,Outbound Freight,65.75,9.86,75.61
14430726,IF4041438478,32131626,E8J1T7DAZ - DAZE SPORTS EXCELLENCE,LSHP46966468,2026-02-20,2026-02-24,17,4052,Outbound Shipment Materials,16.74,2.01,18.75
14430727,IF4041438480,32131628,V7M2J5NOR - NORTH SHORE SKI AND BOARD,LSHP46966466,2026-02-20,2026-02-24,56,1834,Outbound Freight,14.72,0.74,15.46
14430727,IF4041438480,32131628,V7M2J5NOR - NORTH SHORE SKI AND BOARD,LSHP46966466,2026-02-20,2026-02-24,7,1834,Outbound Shipment Materials,7.44,0.89,8.33
14430728,IF4041438481,32131629,V9Y8E9LAC - LACE IT UP aka JAYS MENS WEAR,LSHP46971602,2026-02-20,2026-02-24,5,1217,Outbound Shipment Materials,4.65,0.56,5.21
14430728,IF4041438481,32131629,V9Y8E9LAC - LACE IT UP aka JAYS MENS WEAR,LSHP46971602,2026-02-20,2026-02-24,36,1217,Outbound Freight,14.97,0.75,15.72
14430729,IF4041438482,32131630,V8J1P2HOM - HOMEWORK,LSHP46971525,2026-02-20,2026-02-24,14,3271,Outbound Shipment Materials,13.95,1.68,15.63
14430729,IF4041438482,32131630,V8J1P2HOM - HOMEWORK,LSHP46971525,2026-02-20,2026-02-24,73,3271,Outbound Freight,30.67,1.53,32.2
14430730,IF4041438483,32131631,T8V3Y2ACT - ACTION SPORTS,LSHP46978662,2026-02-20,2026-02-24,289,10176.5,Outbound Freight,89.25,4.46,93.71
14430730,IF4041438483,32131631,T8V3Y2ACT - ACTION SPORTS,LSHP46978662,2026-02-20,2026-02-24,46,10176.5,Outbound Shipment Materials,45.6,5.47,51.07
14430731,IF4041438484,32131632,T9M0C4TNT - TNT CLOTHING,LSHP46971455,2026-02-20,2026-02-24,35,934,Outbound Freight,14.24,0.71,14.95
14430731,IF4041438484,32131632,T9M0C4TNT - TNT CLOTHING,LSHP46971455,2026-02-20,2026-02-24,4,934,Outbound Shipment Materials,4.06,0.48,4.54
14430734,IF4041438487,32131635,V1T5H7KAL - KALECO,LSHP46973316,2026-02-20,2026-02-24,4,304,Outbound Shipment Materials,4.06,0.48,4.54
14430734,IF4041438487,32131635,V1T5H7KAL - KALECO,LSHP46973316,2026-02-20,2026-02-24,10,304,Outbound Freight,9.53,0.48,10.01
14430738,IF4041438496,32131642,T4L2L1DER - DEROWIN HOLDINGS LTD,LSHP46981502,2026-02-20,2026-02-24,69,2488.5,Outbound Freight,28.08,1.4,29.48
14430738,IF4041438496,32131642,T4L2L1DER - DEROWIN HOLDINGS LTD,LSHP46981502,2026-02-20,2026-02-24,9,2488.5,Outbound Shipment Materials,9.3,1.12,10.42
14430739,IF4041438499,32131643,T0L2H0KAN - KANANASKIS OUTFITTERS LTD,LSHP46980965,2026-02-20,2026-02-24,9,2351,Outbound Shipment Materials,9.3,1.12,10.42
14430739,IF4041438499,32131643,T0L2H0KAN - KANANASKIS OUTFITTERS LTD,LSHP46980965,2026-02-20,2026-02-24,63,2351,Outbound Freight,28.08,1.4,29.48
14430747,IF4041438660,32134296,T1W1P4SPO - SPORTS EXPERTS,LSHP46985959,2026-02-20,2026-02-24,270,9002.5,Outbound Freight,55.32,2.77,58.09
14430747,IF4041438660,32134296,T1W1P4SPO - SPORTS EXPERTS,LSHP46985959,2026-02-20,2026-02-24,23,9002.5,Outbound Shipment Materials,22.66,2.72,25.38
14427852,IF4041438555,32132861,J6W3Z5SPO - SPORTS EXPERTS - ATMOSPHERE,1Z2VW7552093422897,2026-02-19,2026-02-24,18,5127,Outbound Shipment Materials,18.01,2.16,20.17
14427852,IF4041438555,32132861,J6W3Z5SPO - SPORTS EXPERTS - ATMOSPHERE,1Z2VW7552093422897,2026-02-19,2026-02-24,196,5127,Outbound Freight,46.27,2.31,48.58
14427853,IF4041438557,32132863,J8E2Z9SPO - SPORTS EXPERTS - ATMOSPHERE,1Z2VW7552095625763,2026-02-19,2026-02-24,184,4900,Outbound Freight,50.3,2.52,52.82
14427853,IF4041438557,32132863,J8E2Z9SPO - SPORTS EXPERTS - ATMOSPHERE,1Z2VW7552095625763,2026-02-19,2026-02-24,17,4900,Outbound Shipment Materials,16.88,2.02,18.9
14427856,IF4041438561,32132866,H8N1X1SPO - SPORTS EXPERTS - ATMOSPHERE,1Z2VW7552095076624,2026-02-19,2026-02-24,190,6897,Outbound Freight,46.27,2.31,48.58
14427856,IF4041438561,32132866,H8N1X1SPO - SPORTS EXPERTS - ATMOSPHERE,1Z2VW7552095076624,2026-02-19,2026-02-24,18,6897,Outbound Shipment Materials,18.01,2.16,20.17
14427857,IF4041438562,32132867,J2S4Z5SPO - SPORTS EXPERTS,1Z2VW7552092735855,2026-02-19,2026-02-24,240,8576,Outbound Freight,73.43,3.67,77.1
14427857,IF4041438562,32132867,J2S4Z5SPO - SPORTS EXPERTS,1Z2VW7552092735855,2026-02-19,2026-02-24,26,8576,Outbound Shipment Materials,26.18,3.14,29.32
14427858,IF4041438563,32132868,J1L1C9SPO - SPORTS EXPERTS - ATMOSPHERE,1Z2VW7552096889405,2026-02-19,2026-02-24,126,4712.5,Outbound Freight,32.68,1.63,34.31
14427858,IF4041438563,32132868,J1L1C9SPO - SPORTS EXPERTS - ATMOSPHERE,1Z2VW7552096889405,2026-02-19,2026-02-24,12,4712.5,Outbound Shipment Materials,11.77,1.41,13.18
14427862,IF4041438567,32133374,J6W3Z5SPO - SPORTS EXPERTS - ATMOSPHERE,1Z2VW7552095942429,2026-02-19,2026-02-24,281,10430.5,Outbound Freight,68.72,3.44,72.16
14427862,IF4041438567,32133374,J6W3Z5SPO - SPORTS EXPERTS - ATMOSPHERE,1Z2VW7552095942429,2026-02-19,2026-02-24,23,10430.5,Outbound Shipment Materials,22.66,2.72,25.38
14427863,IF4041438568,32133375,J8E2Z9SPO - SPORTS EXPERTS - ATMOSPHERE,1Z2VW7552096443476,2026-02-19,2026-02-24,40,11106,Outbound Shipment Materials,39.66,4.76,44.42
14427863,IF4041438568,32133375,J8E2Z9SPO - SPORTS EXPERTS - ATMOSPHERE,1Z2VW7552096443476,2026-02-19,2026-02-24,300,11106,Outbound Freight,73.45,3.67,77.12
14427864,IF4041438570,32133376,H3B1E2SPO - SPORTS EXPERTS 534,1Z2VW7552096197331,2026-02-19,2026-02-24,176,5439,Outbound Freight,43.56,2.18,45.74
14427864,IF4041438570,32133376,H3B1E2SPO - SPORTS EXPERTS 534,1Z2VW7552096197331,2026-02-19,2026-02-24,13,5439,Outbound Shipment Materials,13.36,1.61,14.97
14427865,IF4041438571,32133377,G9A6J2SPO - SPORTS EXPERTS - ATMOSPHERE,1Z2VW7552091746514,2026-02-19,2026-02-24,14,4577.5,Outbound Shipment Materials,13.95,1.68,15.63
14427865,IF4041438571,32133377,G9A6J2SPO - SPORTS EXPERTS - ATMOSPHERE,1Z2VW7552091746514,2026-02-19,2026-02-24,159,4577.5,Outbound Freight,42.21,2.11,44.32
14427868,IF4041438575,32133380,J7A3T2SPO - SPORTS EXPERTS - ATMOSPHERE,1Z2VW7552092854342,2026-02-19,2026-02-24,227,6385.5,Outbound Freight,47.98,2.4,50.38
14427868,IF4041438575,32133380,J7A3T2SPO - SPORTS EXPERTS - ATMOSPHERE,1Z2VW7552092854342,2026-02-19,2026-02-24,17,6385.5,Outbound Shipment Materials,16.88,2.02,18.9
14427870,IF4041438577,32133382,G9A6M1SPO - SPORTS EXPERTS - ATMOSPHERE,3.99012E+11,2026-02-19,2026-02-24,9,3500.5,Outbound Shipment Materials,9.3,1.12,10.42
14427870,IF4041438577,32133382,G9A6M1SPO - SPORTS EXPERTS - ATMOSPHERE,3.99012E+11,2026-02-19,2026-02-24,120,3500.5,Outbound Freight,37.02,1.85,38.87
14427884,IF4041438581,32133385,J0R1R6SPO - SPORTS EXPERTS - ATMOSPHERE,1Z2VW7552095895963,2026-02-19,2026-02-24,28,8828,Outbound Shipment Materials,28.19,3.38,31.57
14427884,IF4041438581,32133385,J0R1R6SPO - SPORTS EXPERTS - ATMOSPHERE,1Z2VW7552095895963,2026-02-19,2026-02-24,292,8828,Outbound Freight,73.16,3.66,76.82
14427888,IF4041438585,32133389,G9N7C1SPO - SPORTS EXPERTS - ATMOSPHERE,1Z2VW7552097851014,2026-02-19,2026-02-24,54,1626,Outbound Freight,28.54,1.43,29.97
14427888,IF4041438585,32133389,G9N7C1SPO - SPORTS EXPERTS - ATMOSPHERE,1Z2VW7552097851014,2026-02-19,2026-02-24,5,1626,Outbound Shipment Materials,4.65,0.56,5.21
14427891,IF4041438589,32133392,J7R4Z3SPO - SPORTS EXPERTS - ATMOSPHERE,1Z2VW7552098561068,2026-02-19,2026-02-24,42,1371.5,Outbound Freight,24.37,1.22,25.59
14427891,IF4041438589,32133392,J7R4Z3SPO - SPORTS EXPERTS - ATMOSPHERE,1Z2VW7552098561068,2026-02-19,2026-02-24,5,1371.5,Outbound Shipment Materials,4.65,0.56,5.21
14428922,IF4041438600,32133402,K6A2R2SPO - SPORTS EXPERTS,1Z2VW7552092980287,2026-02-20,2026-02-24,52,1901,Outbound Freight,23.44,3.05,26.49
14428922,IF4041438600,32133402,K6A2R2SPO - SPORTS EXPERTS,1Z2VW7552092980287,2026-02-20,2026-02-24,5,1901,Outbound Shipment Materials,4.65,0.56,5.21
14428924,IF4041438603,32133779,G7H5N6SPO - SPORTS EXPERTS - ATMOSPHERE,3.99012E+11,2026-02-20,2026-02-24,146,4006.5,Outbound Freight,37.02,1.85,38.87
14428924,IF4041438603,32133779,G7H5N6SPO - SPORTS EXPERTS - ATMOSPHERE,3.99012E+11,2026-02-20,2026-02-24,9,4006.5,Outbound Shipment Materials,9.3,1.12,10.42
14428925,IF4041438604,32133780,J1L1C9SPO - SPORTS EXPERTS - ATMOSPHERE,1Z2VW7552098005329,2026-02-20,2026-02-24,105,2766,Outbound Freight,32.96,1.65,34.61
14428925,IF4041438604,32133780,J1L1C9SPO - SPORTS EXPERTS - ATMOSPHERE,1Z2VW7552098005329,2026-02-20,2026-02-24,9,2766,Outbound Shipment Materials,8.71,1.05,9.76
14428927,IF4041438606,32133782,G0C1J0SPO - SPORTS EXPERTS 677,1Z2VW7552099812080,2026-02-20,2026-02-24,172,5952.5,Outbound Freight,78.49,3.92,82.41
14428927,IF4041438606,32133782,G0C1J0SPO - SPORTS EXPERTS 677,1Z2VW7552099812080,2026-02-20,2026-02-24,19,5952.5,Outbound Shipment Materials,18.6,2.23,20.83
14428928,IF4041438607,32133783,J3V6A8SPO - SPORTS EXPERTS - ATMOSPHERE 584,1Z2VW7552091992230,2026-02-20,2026-02-24,284,8232,Outbound Freight,67.22,3.36,70.58
14428928,IF4041438607,32133783,J3V6A8SPO - SPORTS EXPERTS - ATMOSPHERE 584,1Z2VW7552091992230,2026-02-20,2026-02-24,23,8232,Outbound Shipment Materials,23.25,2.79,26.04
14428938,IF4041438617,32133793,J6T1A9SPO - Sports Experts,1Z2VW7552090379404,2026-02-20,2026-02-24,100,3998.5,Outbound Freight,37.48,1.87,39.35
14428938,IF4041438617,32133793,J6T1A9SPO - Sports Experts,1Z2VW7552090379404,2026-02-20,2026-02-24,12,3998.5,Outbound Shipment Materials,12.09,1.45,13.54
14428939,IF4041438618,32133794,E3V1T9SPO - SPORTS EXPERTS,1Z2VW7552095020666,2026-02-20,2026-02-24,9,1820,Outbound Shipment Materials,8.71,1.05,9.76
14428939,IF4041438618,32133794,E3V1T9SPO - SPORTS EXPERTS,1Z2VW7552095020666,2026-02-20,2026-02-24,30,1820,Outbound Freight,41.49,6.22,47.71
14428942,IF4041438625,32133798,G9A6J2SPO - SPORTS EXPERTS - ATMOSPHERE,1Z2VW7552097488220,2026-02-20,2026-02-24,250,8797,Outbound Freight,55.58,2.78,58.36
14428942,IF4041438625,32133798,G9A6J2SPO - SPORTS EXPERTS - ATMOSPHERE,1Z2VW7552097488220,2026-02-20,2026-02-24,18,8797,Outbound Shipment Materials,18.01,2.16,20.17
14428943,IF4041438627,32133799,G0C1J0SPO - SPORTS EXPERTS 677,1Z2VW7552097219154,2026-02-20,2026-02-24,32,10424.5,Outbound Shipment Materials,31.96,3.84,35.8
14428943,IF4041438627,32133799,G0C1J0SPO - SPORTS EXPERTS 677,1Z2VW7552097219154,2026-02-20,2026-02-24,256,10424.5,Outbound Freight,126.35,6.32,132.67
14428949,IF4041438634,32133806,J9X6H7SPO - SPORTS EXPERTS,3.99012E+11,2026-02-20,2026-02-24,97,3420,Outbound Freight,42.36,2.12,44.48
14428949,IF4041438634,32133806,J9X6H7SPO - SPORTS EXPERTS,3.99012E+11,2026-02-20,2026-02-24,9,3420,Outbound Shipment Materials,9.3,1.12,10.42
14428950,IF4041438635,32134277,J6E6X6ATM - ATMOSPHERE #882 (Sports 12345 INC),1Z2VW7552096997673,2026-02-20,2026-02-24,9,3771.5,Outbound Shipment Materials,8.71,1.05,9.76
14428950,IF4041438635,32134277,J6E6X6ATM - ATMOSPHERE #882 (Sports 12345 INC),1Z2VW7552096997673,2026-02-20,2026-02-24,101,3771.5,Outbound Freight,35.66,1.78,37.44
14428951,IF4041438636,32134278,G7H5N6SPO - SPORTS EXPERTS - ATMOSPHERE,1Z2VW7552095391122,2026-02-20,2026-02-24,13,5747,Outbound Shipment Materials,13.36,1.61,14.97
14428951,IF4041438636,32134278,G7H5N6SPO - SPORTS EXPERTS - ATMOSPHERE,1Z2VW7552095391122,2026-02-20,2026-02-24,160,5747,Outbound Freight,47.06,2.35,49.41
14428953,IF4041438638,32134280,G9N7C1SPO - SPORTS EXPERTS - ATMOSPHERE,1Z2VW7552098957499,2026-02-20,2026-02-24,110,3763.5,Outbound Freight,35.46,1.77,37.23
14428953,IF4041438638,32134280,G9N7C1SPO - SPORTS EXPERTS - ATMOSPHERE,1Z2VW7552098957499,2026-02-20,2026-02-24,9,3763.5,Outbound Shipment Materials,8.71,1.05,9.76
14429008,IF4041437578,32093226,L4G3H7ST - ST ANDREW'S COLLEGE,1Z2VW7552098277009,2026-02-20,2026-02-24,93,2921.5,Outbound Freight,36.52,4.75,41.27
14429008,IF4041437578,32093226,L4G3H7ST - ST ANDREW'S COLLEGE,1Z2VW7552098277009,2026-02-20,2026-02-24,12,2921.5,Outbound Shipment Materials,12.23,1.47,13.7
14429009,IF4041437574,32093222,R3J3Y6THE - THE NORTH WEST COMPANY LP,1Z2VW7552091695418,2026-02-20,2026-02-24,18,3450,Outbound Shipment Materials,18.01,2.16,20.17
14429009,IF4041437574,32093222,R3J3Y6THE - THE NORTH WEST COMPANY LP,1Z2VW7552091695418,2026-02-20,2026-02-24,96,3450,Outbound Freight,51.33,2.57,53.9
14429010,IF4041437580,32093228,B0W2Z0LA - LA CACHETTE,1Z2VW7552096893883,2026-02-20,2026-02-24,66,1745,Outbound Freight,52.15,7.3,59.45
14429010,IF4041437580,32093228,B0W2Z0LA - LA CACHETTE,1Z2VW7552096893883,2026-02-20,2026-02-24,6,1745,Outbound Shipment Materials,6.43,0.77,7.2
14429022,IF4041438263,32118842,V8B0G8VAL - VALHALLA PURE SQUAMISH,1Z2VW7552098526114,2026-02-20,2026-02-24,75,2624.5,Outbound Freight,26.26,1.31,27.57
14429022,IF4041438263,32118842,V8B0G8VAL - VALHALLA PURE SQUAMISH,1Z2VW7552098526114,2026-02-20,2026-02-24,12,2624.5,Outbound Shipment Materials,11.77,1.41,13.18
14429023,IF4041438873,32141665,V8B0G8VAL - VALHALLA PURE SQUAMISH,1Z2VW7552098591142,2026-02-20,2026-02-24,75,2750.5,Outbound Freight,24.95,1.25,26.2
14429023,IF4041438873,32141665,V8B0G8VAL - VALHALLA PURE SQUAMISH,1Z2VW7552098591142,2026-02-20,2026-02-24,9,2750.5,Outbound Shipment Materials,9.3,1.12,10.42
14429026,IF4041438264,32118843,V1Y4R9BIG - BIG WHITE SKI RESORT,1Z2VW7552094343337,2026-02-20,2026-02-24,22,6097,Outbound Shipment Materials,21.53,2.59,24.12
14429026,IF4041438264,32118843,V1Y4R9BIG - BIG WHITE SKI RESORT,1Z2VW7552094343337,2026-02-20,2026-02-24,178,6097,Outbound Freight,40.98,2.05,43.03
14430629,IF4041437581,32093229,N4N1N9DEN - DENIM BAR,1Z2VW7552091155313,2026-02-20,2026-02-24,11,2247,Outbound Shipment Materials,11.18,1.34,12.52
14430629,IF4041437581,32093229,N4N1N9DEN - DENIM BAR,1Z2VW7552091155313,2026-02-20,2026-02-24,63,2247,Outbound Freight,31.27,4.07,35.34
14430635,IF4041437577,32093225,L4G3H7ST - ST ANDREW'S COLLEGE,1Z2VW7552099495530,2026-02-20,2026-02-24,14,3750,Outbound Shipment Materials,13.95,1.68,15.63
14430635,IF4041437577,32093225,L4G3H7ST - ST ANDREW'S COLLEGE,1Z2VW7552099495530,2026-02-20,2026-02-24,118,3750,Outbound Freight,43.69,5.68,49.37
14430719,IF4041438468,32131617,N5A3G8GRU - GRUV,1Z2VW7552092286000,2026-02-20,2026-02-24,168,4761.5,Outbound Freight,42.98,5.59,48.57
14430719,IF4041438468,32131617,N5A3G8GRU - GRUV,1Z2VW7552092286000,2026-02-20,2026-02-24,14,4761.5,Outbound Shipment Materials,13.95,1.68,15.63
14430721,IF4041438472,32131620,B2A1B9ESC - ESCAPE OUTDOORS,1Z2VW7552097404775,2026-02-20,2026-02-24,32,885.5,Outbound Freight,28.72,4.02,32.74
14430721,IF4041438472,32131620,B2A1B9ESC - ESCAPE OUTDOORS,1Z2VW7552097404775,2026-02-20,2026-02-24,5,885.5,Outbound Shipment Materials,4.65,0.56,5.21
14430724,IF4041438475,32131623,B5A1E7EVE - EVERY BLOOMIN THING,3.99017E+11,2026-02-20,2026-02-24,9,2135,Outbound Shipment Materials,9.3,1.12,10.42
14430724,IF4041438475,32131623,B5A1E7EVE - EVERY BLOOMIN THING,3.99017E+11,2026-02-20,2026-02-24,65,2135,Outbound Freight,37,5.18,42.18
14430725,IF4041438477,32131625,A5A1L8MER - MERCERS MARINE EQUIPMENT LTD.,3.99017E+11,2026-02-20,2026-02-24,83,2063,Outbound Freight,42.36,6.35,48.71
14430725,IF4041438477,32131625,A5A1L8MER - MERCERS MARINE EQUIPMENT LTD.,3.99017E+11,2026-02-20,2026-02-24,9,2063,Outbound Shipment Materials,9.3,1.12,10.42
14430735,IF4041438492,32131639,J4Y0C4QUI - QUINCAILLERIE TURBO INC,1Z2VW7552091879649,2026-02-20,2026-02-24,66,1518,Outbound Freight,22.65,1.13,23.78
14430735,IF4041438492,32131639,J4Y0C4QUI - QUINCAILLERIE TURBO INC,1Z2VW7552091879649,2026-02-20,2026-02-24,7,1518,Outbound Shipment Materials,7.12,0.86,7.98
14430746,IF4041438659,32134295,G4R1Y5PLA - Place de Ville,1Z2VW7552093512576,2026-02-20,2026-02-24,169,6179,Outbound Freight,74.9,3.75,78.65
14430746,IF4041438659,32134295,G4R1Y5PLA - Place de Ville,1Z2VW7552093512576,2026-02-20,2026-02-24,19,6179,Outbound Shipment Materials,18.6,2.23,20.83
14430769,IF4041438796,32140910,A2H2N2GEO - GEORGES MOUNTAIN VILLAGE,1Z2VW7552090691594,2026-02-20,2026-02-24,28,9469.5,Outbound Shipment Materials,28.19,3.38,31.57
14430769,IF4041438796,32140910,A2H2N2GEO - GEORGES MOUNTAIN VILLAGE,1Z2VW7552090691594,2026-02-20,2026-02-24,236,9469.5,Outbound Freight,94.44,14.17,108.61
14430775,IF4041438816,32140927,V0N2J2ALL - ALLISON TAYLOR dba INIS TRADING CO,3.99037E+11,2026-02-20,2026-02-24,116,4379,Outbound Freight,46.06,2.3,48.36
14430775,IF4041438816,32140927,V0N2J2ALL - ALLISON TAYLOR dba INIS TRADING CO,3.99037E+11,2026-02-20,2026-02-24,14,4379,Outbound Shipment Materials,13.95,1.68,15.63
14430633,IF4041437597,32093245,J0K2T0PIS - PISCINES ET SPAS STE-JULIENNE,4.00747E+15,2026-02-20,2026-02-24,2,234,Outbound Shipment Materials,1.78,0.21,1.99
14430633,IF4041437597,32093245,J0K2T0PIS - PISCINES ET SPAS STE-JULIENNE,4.00747E+15,2026-02-20,2026-02-24,9,234,Outbound Freight,22.3,1.12,23.42
14430641,IF4041438307,32123521,V0N2R0ADL - ADLINES ATTIRE LTD dba THE CLOTHES INN,4.00747E+15,2026-02-20,2026-02-24,3,0,Outbound Shipment Materials,2.93,0.36,3.29
14430641,IF4041438307,32123521,V0N2R0ADL - ADLINES ATTIRE LTD dba THE CLOTHES INN,4.00747E+15,2026-02-20,2026-02-24,1,0,Outbound Freight,13.74,0.69,14.43
14389311,IF4041438764,32140131,T2E3B9940 - 9403 Paradies Calgary,5.20347E+11,2026-02-12,2026-02-24,193,6556,Outbound Freight,65.1,3.26,68.36
14389311,IF4041438764,32140131,T2E3B9940 - 9403 Paradies Calgary,5.20347E+11,2026-02-12,2026-02-24,39,6556,Outbound Shipment Materials,38.52,4.63,43.15
14389311,IF4041438764,32140131,T2E3B9940 - 9403 Paradies Calgary,5.20347E+11,2026-02-12,2026-02-24,11,6556,EDI Labels,11,0.55,11.55
14389313,IF4041438765,32140132,T2E3B9940 - 9403 Paradies Calgary,5.20347E+11,2026-02-12,2026-02-24,40,6597,Outbound Shipment Materials,40.31,4.84,45.15
14389313,IF4041438765,32140132,T2E3B9940 - 9403 Paradies Calgary,5.20347E+11,2026-02-12,2026-02-24,11,6597,EDI Labels,11,0.55,11.55
14389313,IF4041438765,32140132,T2E3B9940 - 9403 Paradies Calgary,5.20347E+11,2026-02-12,2026-02-24,152,6597,Outbound Freight,56.84,2.84,59.68
14390906,IF4041437689,32093340,J2J0C2MOM - MOMO SPORTS GRANBY,5.20348E+11,2026-02-12,2026-02-24,1,0,Outbound Freight,21.01,1.05,22.06
14390906,IF4041437689,32093340,J2J0C2MOM - MOMO SPORTS GRANBY,5.20348E+11,2026-02-12,2026-02-24,3,0,Outbound Shipment Materials,2.93,0.36,3.29
14390954,IF4041437690,32093341,J1L3A6MOM - MOMO SPORTS SHERBROOKE,5.20348E+11,2026-02-12,2026-02-24,1,0,Outbound Freight,21.01,1.05,22.06
14390954,IF4041437690,32093341,J1L3A6MOM - MOMO SPORTS SHERBROOKE,5.20348E+11,2026-02-12,2026-02-24,3,0,Outbound Shipment Materials,2.93,0.36,3.29
14419801,IF4041438774,32140033,L7P0N6SAI - SAIL 24,5.20347E+11,2026-02-17,2026-02-24,701,22488.5,Outbound Freight,148.69,19.01,167.7
14419801,IF4041438774,32140033,L7P0N6SAI - SAIL 24,5.20347E+11,2026-02-17,2026-02-24,63,22488.5,Outbound Shipment Materials,62.74,7.53,70.27
14419801,IF4041438774,32140033,L7P0N6SAI - SAIL 24,5.20347E+11,2026-02-17,2026-02-24,14,22488.5,EDI Labels,14,0.7,14.7
14427440,IF4041438769,32140137,T9E0V978 - 9785 Paradies Edmonton,5.20347E+11,2026-02-19,2026-02-24,10,3048,EDI Labels,10,0.5,10.5
14427440,IF4041438769,32140137,T9E0V978 - 9785 Paradies Edmonton,5.20347E+11,2026-02-19,2026-02-24,28,3048,Outbound Shipment Materials,27.69,3.32,31.01
14427440,IF4041438769,32140137,T9E0V978 - 9785 Paradies Edmonton,5.20347E+11,2026-02-19,2026-02-24,89,3048,Outbound Freight,38.74,1.94,40.68
14427447,IF4041438777,32140360,L1J0B6SAI - SAIL 23,5.20348E+11,2026-02-19,2026-02-24,56,22007.5,Outbound Shipment Materials,55.8,6.7,62.5
14427447,IF4041438777,32140360,L1J0B6SAI - SAIL 23,5.20348E+11,2026-02-19,2026-02-24,670,22007.5,Outbound Freight,141.44,18.07,159.51
14427447,IF4041438777,32140360,L1J0B6SAI - SAIL 23,5.20348E+11,2026-02-19,2026-02-24,12,22007.5,EDI Labels,12,0.6,12.6
14427452,IF4041438907,32142268,N3C1Z4SAI - SAIL 26,5.20348E+11,2026-02-19,2026-02-24,656,21814.5,Outbound Freight,144,18.4,162.4
14427452,IF4041438907,32142268,N3C1Z4SAI - SAIL 26,5.20348E+11,2026-02-19,2026-02-24,56,21814.5,Outbound Shipment Materials,55.8,6.7,62.5
14427452,IF4041438907,32142268,N3C1Z4SAI - SAIL 26,5.20348E+11,2026-02-19,2026-02-24,12,21814.5,EDI Labels,12,0.6,12.6
14427866,IF4041438572,32133378,G5L7Y5SPO - SPORTS EXPERTS,5.20347E+11,2026-02-19,2026-02-24,9,3079,Outbound Shipment Materials,9.3,1.12,10.42
14427866,IF4041438572,32133378,G5L7Y5SPO - SPORTS EXPERTS,5.20347E+11,2026-02-19,2026-02-24,2,3079,Outbound Freight,2.5,0.13,2.63
14428936,IF4041438615,32133791,G6V6Y8SPO - SPORTS EXPERTS,5.20347E+11,2026-02-20,2026-02-24,12,4325,Outbound Shipment Materials,12.23,1.47,13.7
14428936,IF4041438615,32133791,G6V6Y8SPO - SPORTS EXPERTS,5.20347E+11,2026-02-20,2026-02-24,3,4325,Outbound Freight,3.75,0.19,3.94
14428948,IF4041438633,32133805,G5L7Y5SPO - SPORTS EXPERTS,5.20347E+11,2026-02-20,2026-02-24,13,4832,Outbound Shipment Materials,13.36,1.61,14.97
14428948,IF4041438633,32133805,G5L7Y5SPO - SPORTS EXPERTS,5.20347E+11,2026-02-20,2026-02-24,3,4832,Outbound Freight,3.75,0.19,3.94
14428959,IF4041438647,32134286,J9A0C7PLA - Plateau des Grives,5.20347E+11,2026-02-20,2026-02-24,11,4351,Outbound Shipment Materials,11.08,1.33,12.41
14428959,IF4041438647,32134286,J9A0C7PLA - Plateau des Grives,5.20347E+11,2026-02-20,2026-02-24,124,4351,Outbound Freight,34.02,1.7,35.72
14428967,IF4041438631,32133803,G1C5R9PRO - Promenade Beauport,5.20347E+11,2026-02-20,2026-02-24,9,3317,Outbound Shipment Materials,9.3,1.12,10.42
14428967,IF4041438631,32133803,G1C5R9PRO - Promenade Beauport,5.20347E+11,2026-02-20,2026-02-24,2,3317,Outbound Freight,2.5,0.13,2.63
14428992,IF4041436526,32028712,J1L3A6MOM - MOMO SPORTS SHERBROOKE,5.20348E+11,2026-02-20,2026-02-24,4,945,Outbound Shipment Materials,4.06,0.48,4.54
14428992,IF4041436526,32028712,J1L3A6MOM - MOMO SPORTS SHERBROOKE,5.20348E+11,2026-02-20,2026-02-24,1,945,Outbound Freight,5.25,0.26,5.51
14428993,IF4041436527,32028713,J2J0C2MOM - MOMO SPORTS GRANBY,5.20348E+11,2026-02-20,2026-02-24,3,382.5,Outbound Shipment Materials,2.93,0.36,3.29
14428993,IF4041436527,32028713,J2J0C2MOM - MOMO SPORTS GRANBY,5.20348E+11,2026-02-20,2026-02-24,1,382.5,Outbound Freight,5.25,0.26,5.51
14428999,IF4041437077,32058983,V9W8C9SPI - SPINNERS SPORTS CAMPBELL RIVER,5.20347E+11,2026-02-20,2026-02-24,10,3242.5,Outbound Shipment Materials,10.48,1.25,11.73
14428999,IF4041437077,32058983,V9W8C9SPI - SPINNERS SPORTS CAMPBELL RIVER,5.20347E+11,2026-02-20,2026-02-24,2,3242.5,Outbound Freight,2.5,0.13,2.63
14429002,IF4041437599,32093247,R0G0J0KNO - KNOCKABOUTS INC.,5.20347E+11,2026-02-20,2026-02-24,35,1100,Outbound Freight,24.34,1.22,25.56
14429002,IF4041437599,32093247,R0G0J0KNO - KNOCKABOUTS INC.,5.20347E+11,2026-02-20,2026-02-24,5,1100,Outbound Shipment Materials,4.65,0.56,5.21
14429006,IF4041437594,32093242,V9W8C9SPI - SPINNERS SPORTS CAMPBELL RIVER,5.20348E+11,2026-02-20,2026-02-24,8,3172.5,Outbound Shipment Materials,7.58,0.91,8.49
14429006,IF4041437594,32093242,V9W8C9SPI - SPINNERS SPORTS CAMPBELL RIVER,5.20348E+11,2026-02-20,2026-02-24,2,3172.5,Outbound Freight,2.5,0.13,2.63
14430627,IF4041437585,32093233,L4N8X1SOJ - SOJOURN A SEASONAL EXPERIENCE,5.20348E+11,2026-02-20,2026-02-24,3,225,Outbound Shipment Materials,2.79,0.34,3.13
14430627,IF4041437585,32093233,L4N8X1SOJ - SOJOURN A SEASONAL EXPERIENCE,5.20348E+11,2026-02-20,2026-02-24,1,225,Outbound Freight,1.25,0.06,1.31
14430628,IF4041437588,32093236,S9A3W6FF2 - FF2,5.20348E+11,2026-02-20,2026-02-24,44,4938,Outbound Shipment Materials,44.38,5.33,49.71
14430628,IF4041437588,32093236,S9A3W6FF2 - FF2,5.20348E+11,2026-02-20,2026-02-24,179,4938,Outbound Freight,66.11,3.31,69.42
14430632,IF4041437589,32093237,S9A3W6FF2 - FF2,5.20348E+11,2026-02-20,2026-02-24,18,2647.5,Outbound Shipment Materials,18.5,2.23,20.73
14430632,IF4041437589,32093237,S9A3W6FF2 - FF2,5.20348E+11,2026-02-20,2026-02-24,103,2647.5,Outbound Freight,33.58,1.68,35.26
14430634,IF4041437598,32093246,V1N2M9MAL - MALLARDS SOURCE FOR SPORTS,5.20348E+11,2026-02-20,2026-02-24,9,2286.5,Outbound Shipment Materials,8.71,1.05,9.76
14430634,IF4041437598,32093246,V1N2M9MAL - MALLARDS SOURCE FOR SPORTS,5.20348E+11,2026-02-20,2026-02-24,2,2286.5,Outbound Freight,2.5,0.13,2.63
14430636,IF4041437584,32093232,L4N8X1SOJ - SOJOURN A SEASONAL EXPERIENCE,5.20348E+11,2026-02-20,2026-02-24,8,2175,Outbound Shipment Materials,7.58,0.91,8.49
14430636,IF4041437584,32093232,L4N8X1SOJ - SOJOURN A SEASONAL EXPERIENCE,5.20348E+11,2026-02-20,2026-02-24,2,2175,Outbound Freight,2.5,0.13,2.63
14430638,IF4041438262,32118841,L4N8X1SOJ - SOJOURN A SEASONAL EXPERIENCE,5.20348E+11,2026-02-20,2026-02-24,5,2333,Outbound Shipment Materials,4.65,0.56,5.21
14430638,IF4041438262,32118841,L4N8X1SOJ - SOJOURN A SEASONAL EXPERIENCE,5.20348E+11,2026-02-20,2026-02-24,1,2333,Outbound Freight,1.25,0.06,1.31
14430640,IF4041438306,32123520,V0N2P0THE - THE CLOTHES INN,5.20348E+11,2026-02-20,2026-02-24,1,0,Outbound Freight,12.91,0.65,13.56
14430640,IF4041438306,32123520,V0N2P0THE - THE CLOTHES INN,5.20348E+11,2026-02-20,2026-02-24,3,0,Outbound Shipment Materials,2.93,0.36,3.29
14430661,IF4041438327,32123541,L4N8X1SOJ - SOJOURN A SEASONAL EXPERIENCE,5.20348E+11,2026-02-20,2026-02-24,3,0,Outbound Shipment Materials,2.93,0.36,3.29
14430661,IF4041438327,32123541,L4N8X1SOJ - SOJOURN A SEASONAL EXPERIENCE,5.20348E+11,2026-02-20,2026-02-24,1,0,Outbound Freight,1.25,0.06,1.31
14430665,IF4041438331,32123545,L4W5M7C/O - c/o Lowe-Martin,5.20348E+11,2026-02-20,2026-02-24,3,0,Outbound Shipment Materials,2.93,0.36,3.29
14430665,IF4041438331,32123545,L4W5M7C/O - c/o Lowe-Martin,5.20348E+11,2026-02-20,2026-02-24,1,0,Outbound Freight,13.69,1.78,15.47
14430672,IF4041438340,32123554,K2A1H1TRA - TRAILHEAD PADDLE SHACK,5.20348E+11,2026-02-20,2026-02-24,1,0,Outbound Freight,13.69,1.78,15.47
14430672,IF4041438340,32123554,K2A1H1TRA - TRAILHEAD PADDLE SHACK,5.20348E+11,2026-02-20,2026-02-24,3,0,Outbound Shipment Materials,2.93,0.36,3.29
14430733,IF4041438486,32131634,V2J2M5PEA - PEARLS FASHION,5.20348E+11,2026-02-20,2026-02-24,18,3416,Outbound Shipment Materials,18.3,2.2,20.5
14430733,IF4041438486,32131634,V2J2M5PEA - PEARLS FASHION,5.20348E+11,2026-02-20,2026-02-24,98,3416,Outbound Freight,33.06,1.65,34.71
14430736,IF4041438494,32131641,S0L1S0CAM - CAMERONS CLOTHING COMPANY,5.20347E+11,2026-02-20,2026-02-24,9,1537.5,Outbound Shipment Materials,8.71,1.05,9.76
14430736,IF4041438494,32131641,S0L1S0CAM - CAMERONS CLOTHING COMPANY,5.20347E+11,2026-02-20,2026-02-24,44,1537.5,Outbound Freight,26.35,1.32,27.67
14430740,IF4041438500,32131644,V0R1M0WAB - WABISABI BOARDWEAR,5.20348E+11,2026-02-20,2026-02-24,44,1859,Outbound Freight,28.78,1.44,30.22
14430740,IF4041438500,32131644,V0R1M0WAB - WABISABI BOARDWEAR,5.20348E+11,2026-02-20,2026-02-24,9,1859,Outbound Shipment Materials,9.3,1.12,10.42
14434908,IF4041439644,32178595,L2S0C7OUT - OUTDOORS ORIENTED INC.,5.20348E+11,2026-02-21,2026-02-24,3,0,Outbound Shipment Materials,2.93,0.36,3.29
14434908,IF4041439644,32178595,L2S0C7OUT - OUTDOORS ORIENTED INC.,5.20348E+11,2026-02-21,2026-02-24,1,0,Outbound Freight,1.25,0.06,1.31
14439173,IF4041436281,Consolidated Shipment,V8L3S8BC - BC Ferries Retail Department,5964179,2026-02-23,2026-02-24,1,311324,Manual BOL,12,0.6,12.6
14439173,IF4041436281,Consolidated Shipment,V8L3S8BC - BC Ferries Retail Department,5964179,2026-02-23,2026-02-24,1950,311324,Outbound Shipment Materials,1949.72,233.97,2183.69
14439173,IF4041436281,Consolidated Shipment,V8L3S8BC - BC Ferries Retail Department,5964179,2026-02-23,2026-02-24,11,311324,Pallet Prep,115.5,5.78,121.28
14439173,IF4041436281,Consolidated Shipment,V8L3S8BC - BC Ferries Retail Department,5964179,2026-02-23,2026-02-24,10184,311324,Outbound Freight,2762.54,138.13,2900.67
14430844,IF4041438916,32141699,S9X1Y2MAR - MARTODAMS,LSHP47013306,2026-02-20,2026-02-25,33,8008,Outbound Shipment Materials,32.55,3.91,36.46
14430844,IF4041438916,32141699,S9X1Y2MAR - MARTODAMS,LSHP47013306,2026-02-20,2026-02-25,7,8008,Outbound Freight,8.75,0.44,9.19
14430771,IF4041438812,32140923,B3B1S1CLE - CLEVE'S SOURCE FOR SPORTS,1Z2VW7552092704487,2026-02-20,2026-02-25,107,21805,Outbound Shipment Materials,106.8,12.82,119.62
14430771,IF4041438812,32140923,B3B1S1CLE - CLEVE'S SOURCE FOR SPORTS,1Z2VW7552092704487,2026-02-20,2026-02-25,706,21805,Outbound Freight,231.83,32.46,264.29
14427751,IF4041438942,32142878,J6V1N9SAI - SAIL 30,LSHP47020306,2026-02-19,2026-02-25,963,32135.5,Outbound Freight,208.19,10.41,218.6
14427751,IF4041438942,32142878,J6V1N9SAI - SAIL 30,LSHP47020306,2026-02-19,2026-02-25,89,32135.5,Outbound Shipment Materials,88.51,10.63,99.14
14427751,IF4041438942,32142878,J6V1N9SAI - SAIL 30,LSHP47020306,2026-02-19,2026-02-25,19,32135.5,EDI Labels,19,0.95,19.95
14430639,IF4041438305,32123519,V0H1H0CRE - CREATIVE CUSTOM EMBROIDERY dba WORK N PL,LSHP47009898,2026-02-20,2026-02-25,3,0,Outbound Shipment Materials,2.93,0.36,3.29
14430639,IF4041438305,32123519,V0H1H0CRE - CREATIVE CUSTOM EMBROIDERY dba WORK N PL,LSHP47009898,2026-02-20,2026-02-25,1,0,Outbound Freight,12.95,0.65,13.6
14430643,IF4041438309,32123523,T8L4R2WIN - WINNERS WAY SOURCE FOR SPORTS,LSHP47006062,2026-02-20,2026-02-25,3,0,Outbound Shipment Materials,2.93,0.36,3.29
14430643,IF4041438309,32123523,T8L4R2WIN - WINNERS WAY SOURCE FOR SPORTS,LSHP47006062,2026-02-20,2026-02-25,1,0,Outbound Freight,10.18,0.51,10.69
14430732,IF4041438485,32131633,V8W1X5BLA - BLACKSAND PROPERTIES LTD. dba MERCHANT Q,LSHP46995750,2026-02-20,2026-02-25,26,6376,Outbound Shipment Materials,26.18,3.14,29.32
14430732,IF4041438485,32131633,V8W1X5BLA - BLACKSAND PROPERTIES LTD. dba MERCHANT Q,LSHP46995750,2026-02-20,2026-02-25,178,6376,Outbound Freight,46.59,2.33,48.92
14430770,IF4041438811,32140922,V5J3G6CAN - CANADA GARDENWORKS LTD dba GARDENWORKS,LSHP46994363,2026-02-20,2026-02-25,569,22511.5,Outbound Freight,103.39,5.17,108.56
14430770,IF4041438811,32140922,V5J3G6CAN - CANADA GARDENWORKS LTD dba GARDENWORKS,LSHP46994363,2026-02-20,2026-02-25,46,22511.5,Outbound Shipment Materials,46.5,5.59,52.09
14430773,IF4041438814,32140925,V9M3M1COA - COAST SURF SHOP LTD.,LSHP46994584,2026-02-20,2026-02-25,39,12858.5,Outbound Shipment Materials,39.08,4.69,43.77
14430773,IF4041438814,32140925,V9M3M1COA - COAST SURF SHOP LTD.,LSHP46994584,2026-02-20,2026-02-25,350,12858.5,Outbound Freight,72.04,3.6,75.64
14430776,IF4041438819,32140929,V0B1M0EDG - EDGE OF THE WORLD BOARD SHOP,LSHP47010592,2026-02-20,2026-02-25,685,20637,Outbound Freight,210.64,10.53,221.17
14430776,IF4041438819,32140929,V0B1M0EDG - EDGE OF THE WORLD BOARD SHOP,LSHP47010592,2026-02-20,2026-02-25,54,20637,Outbound Shipment Materials,54.08,6.49,60.57
14430780,IF4041438832,32141464,V5J3G6CAN - CANADA GARDENWORKS LTD dba GARDENWORKS,LSHP47019262,2026-02-20,2026-02-25,571,19893,Outbound Freight,117.74,5.89,123.63
14430780,IF4041438832,32141464,V5J3G6CAN - CANADA GARDENWORKS LTD dba GARDENWORKS,LSHP47019262,2026-02-20,2026-02-25,60,19893,Outbound Shipment Materials,60.45,7.25,67.7
14430805,IF4041438835,32141466,V0K2E0OUT - OUTLAW FASHIONS (FCJ ENTERPRISES LTD),LSHP47005826,2026-02-20,2026-02-25,19,4621.5,Outbound Shipment Materials,18.89,2.26,21.15
14430805,IF4041438835,32141466,V0K2E0OUT - OUTLAW FASHIONS (FCJ ENTERPRISES LTD),LSHP47005826,2026-02-20,2026-02-25,121,4621.5,Outbound Freight,57.49,2.87,60.36
14430817,IF4041438852,32141481,V7C0A2RIC - RICHMOND OLYMPIC OVAL,LSHP47019814,2026-02-20,2026-02-25,166,5265,Outbound Freight,35.76,1.79,37.55
14430817,IF4041438852,32141481,V7C0A2RIC - RICHMOND OLYMPIC OVAL,LSHP47019814,2026-02-20,2026-02-25,22,5265,Outbound Shipment Materials,21.79,2.62,24.41
14430819,IF4041438857,32141485,T0A3A2ATH - ATHLETIC ALLEY MAGNET SHOES,LSHP47014523,2026-02-20,2026-02-25,24,5074.5,Outbound Shipment Materials,24.29,2.91,27.2
14430819,IF4041438857,32141485,T0A3A2ATH - ATHLETIC ALLEY MAGNET SHOES,LSHP47014523,2026-02-20,2026-02-25,151,5074.5,Outbound Freight,48.4,2.42,50.82
14430831,IF4041438880,32141672,N0H2C0682 - 682565 ONTARIO INC.,LSHP46997451,2026-02-20,2026-02-25,254,11159.5,Outbound Freight,110.71,14.39,125.1
14430831,IF4041438880,32141672,N0H2C0682 - 682565 ONTARIO INC.,LSHP46997451,2026-02-20,2026-02-25,46,11159.5,Outbound Shipment Materials,45.91,5.51,51.42
14431320,IF4041438999,32144902,T8V3Y2ACT - ACTION SPORTS,LSHP47015809,2026-02-20,2026-02-25,58,13742,Outbound Shipment Materials,57.82,6.94,64.76
14431320,IF4041438999,32144902,T8V3Y2ACT - ACTION SPORTS,LSHP47015809,2026-02-20,2026-02-25,352,13742,Outbound Freight,119.96,6,125.96
14419800,IF4041438770,32140032,J7V0N3SAI - SAIL 27,1Z2VW7552098079483,2026-02-17,2026-02-25,64,23268,Outbound Shipment Materials,63.53,7.63,71.16
14419800,IF4041438770,32140032,J7V0N3SAI - SAIL 27,1Z2VW7552098079483,2026-02-17,2026-02-25,13,23268,EDI Labels,13,0.65,13.65
14419800,IF4041438770,32140032,J7V0N3SAI - SAIL 27,1Z2VW7552098079483,2026-02-17,2026-02-25,690,23268,Outbound Freight,171.13,8.56,179.69
14430807,IF4041438837,32141468,B2N4B5TAK - TAKE IT OUTSIDE INC.,1Z2VW7552095865656,2026-02-20,2026-02-25,14,5031,Outbound Shipment Materials,13.95,1.68,15.63
14430807,IF4041438837,32141468,B2N4B5TAK - TAKE IT OUTSIDE INC.,1Z2VW7552095865656,2026-02-20,2026-02-25,139,5031,Outbound Freight,52.1,7.29,59.39
14430808,IF4041438839,32141470,B2A1B9ESC - ESCAPE OUTDOORS,1Z2VW7552092313506,2026-02-20,2026-02-25,140,5670,Outbound Freight,63.8,8.93,72.73
14430808,IF4041438839,32141470,B2A1B9ESC - ESCAPE OUTDOORS,1Z2VW7552092313506,2026-02-20,2026-02-25,19,5670,Outbound Shipment Materials,18.6,2.23,20.83
14430810,IF4041438841,32141472,A5A1L8MER - MERCERS MARINE EQUIPMENT LTD.,3.99079E+11,2026-02-20,2026-02-25,21,5404,Outbound Shipment Materials,21.36,2.57,23.93
14430810,IF4041438841,32141472,A5A1L8MER - MERCERS MARINE EQUIPMENT LTD.,3.99079E+11,2026-02-20,2026-02-25,176,5404,Outbound Freight,65.53,9.83,75.36
14430812,IF4041438843,32141474,C1E2L9SPO - SPORTING INTENTIONS,1Z2VW7552093936770,2026-02-20,2026-02-25,27,8681,Outbound Shipment Materials,27.31,3.28,30.59
14430812,IF4041438843,32141474,C1E2L9SPO - SPORTING INTENTIONS,1Z2VW7552093936770,2026-02-20,2026-02-25,222,8681,Outbound Freight,90.34,13.55,103.89
14430813,IF4041438844,32141475,N4N1N9DEN - DENIM BAR,1Z2VW7552096765637,2026-02-20,2026-02-25,18,4332.5,Outbound Shipment Materials,18.3,2.2,20.5
14430813,IF4041438844,32141475,N4N1N9DEN - DENIM BAR,1Z2VW7552096765637,2026-02-20,2026-02-25,130,4332.5,Outbound Freight,42.05,5.47,47.52
14430827,IF4041438874,32141666,G4Z1J8SPI - SPIN SPORT,3.99072E+11,2026-02-20,2026-02-25,12,4182.5,Outbound Shipment Materials,11.77,1.41,13.18
14430827,IF4041438874,32141666,G4Z1J8SPI - SPIN SPORT,3.99072E+11,2026-02-20,2026-02-25,120,4182.5,Outbound Freight,42.37,2.12,44.49
14430829,IF4041438876,32141668,V1T5H7KAL - KALECO,1Z2VW7552094977653,2026-02-20,2026-02-25,14,4365.5,Outbound Shipment Materials,13.95,1.68,15.63
14430829,IF4041438876,32141668,V1T5H7KAL - KALECO,1Z2VW7552094977653,2026-02-20,2026-02-25,112,4365.5,Outbound Freight,27.19,1.36,28.55
14430830,IF4041438877,32141669,K7V1R3SCO - SCOTT'S SHOE STORE,1Z2VW7552093739411,2026-02-20,2026-02-25,33,6056,Outbound Shipment Materials,32.54,3.91,36.45
14430830,IF4041438877,32141669,K7V1R3SCO - SCOTT'S SHOE STORE,1Z2VW7552093739411,2026-02-20,2026-02-25,173,6056,Outbound Freight,67.54,8.78,76.32
14431311,IF4041439337,32160395,E3C1A6PAR - PARKS NEW BRUNSWICK,1Z2VW7552091615709,2026-02-20,2026-02-25,49,10429.5,Outbound Shipment Materials,49.39,5.93,55.32
14431311,IF4041439337,32160395,E3C1A6PAR - PARKS NEW BRUNSWICK,1Z2VW7552091615709,2026-02-20,2026-02-25,412,10429.5,Outbound Freight,120.44,18.07,138.51
14427445,IF4041438763,32140031,J1L3A6SAI - SAIL 31 - SHERBROOKE,5.20349E+11,2026-02-19,2026-02-25,51,20535,Outbound Shipment Materials,51.15,6.14,57.29
14427445,IF4041438763,32140031,J1L3A6SAI - SAIL 31 - SHERBROOKE,5.20349E+11,2026-02-19,2026-02-25,602,20535,Outbound Freight,160.43,8.02,168.45
14427445,IF4041438763,32140031,J1L3A6SAI - SAIL 31 - SHERBROOKE,5.20349E+11,2026-02-19,2026-02-25,11,20535,EDI Labels,11,0.55,11.55
14430644,IF4041438310,32123524,V2G4T6CAR - CARIBOU SKI SOURCE FOR SPORTS,5.20349E+11,2026-02-20,2026-02-25,3,0,Outbound Shipment Materials,2.93,0.36,3.29
14430644,IF4041438310,32123524,V2G4T6CAR - CARIBOU SKI SOURCE FOR SPORTS,5.20349E+11,2026-02-20,2026-02-25,1,0,Outbound Freight,13.83,0.69,14.52
14430646,IF4041438312,32123526,V0J2N0LOC - LOCAL SUPPLY CO,4.00747E+15,2026-02-20,2026-02-25,3,0,Outbound Shipment Materials,2.93,0.36,3.29
14430646,IF4041438312,32123526,V0J2N0LOC - LOCAL SUPPLY CO,4.00747E+15,2026-02-20,2026-02-25,1,0,Outbound Freight,13.74,0.69,14.43
14430761,IF4041438673,32134309,Y1A2B3COA - COAST MOUNTAIN,5.2035E+11,2026-02-20,2026-02-25,21,6825,Outbound Shipment Materials,21.07,2.52,23.59
14430761,IF4041438673,32134309,Y1A2B3COA - COAST MOUNTAIN,5.2035E+11,2026-02-20,2026-02-25,1,6825,Outbound Freight,9,0.45,9.45
14430764,IF4041438674,32134310,Y1A2B3COA - COAST MOUNTAIN,5.2035E+11,2026-02-20,2026-02-25,28,5928,Outbound Shipment Materials,27.6,3.31,30.91
14430764,IF4041438674,32134310,Y1A2B3COA - COAST MOUNTAIN,5.2035E+11,2026-02-20,2026-02-25,5,5928,Outbound Freight,10.25,0.51,10.76
14430777,IF4041438820,32140930,V0R1M0WAB - WABISABI BOARDWEAR,5.20349E+11,2026-02-20,2026-02-25,114,3373,Outbound Freight,35.95,1.8,37.75
14430777,IF4041438820,32140930,V0R1M0WAB - WABISABI BOARDWEAR,5.20349E+11,2026-02-20,2026-02-25,14,3373,Outbound Shipment Materials,13.95,1.68,15.63
14430815,IF4041438846,32141477,V0X1W0WOR - WORK N PLAY CLOTHING CO,5.20349E+11,2026-02-20,2026-02-25,321,9389,Outbound Freight,106.84,5.34,112.18
14430815,IF4041438846,32141477,V0X1W0WOR - WORK N PLAY CLOTHING CO,5.20349E+11,2026-02-20,2026-02-25,37,9389,Outbound Shipment Materials,36.61,4.39,41
14430822,IF4041438865,32141492,G3A0P5LAT - LATULIPPE DISTRIBUTION CENTER,5.20349E+11,2026-02-20,2026-02-25,23,8276,Outbound Shipment Materials,22.66,2.72,25.38
14430822,IF4041438865,32141492,G3A0P5LAT - LATULIPPE DISTRIBUTION CENTER,5.20349E+11,2026-02-20,2026-02-25,1,8276,Outbound Freight,10.25,0.51,10.76
14430823,IF4041438866,32141493,G3A0P5LAT - LATULIPPE DISTRIBUTION CENTER,5.20349E+11,2026-02-20,2026-02-25,19,7307.5,Outbound Shipment Materials,18.6,2.23,20.83
14430823,IF4041438866,32141493,G3A0P5LAT - LATULIPPE DISTRIBUTION CENTER,5.20349E+11,2026-02-20,2026-02-25,1,7307.5,Outbound Freight,9,0.45,9.45
14430824,IF4041438867,32141494,G3A0P5LAT - LATULIPPE DISTRIBUTION CENTER,5.2035E+11,2026-02-20,2026-02-25,14,5203.5,Outbound Shipment Materials,13.95,1.68,15.63
14430824,IF4041438867,32141494,G3A0P5LAT - LATULIPPE DISTRIBUTION CENTER,5.2035E+11,2026-02-20,2026-02-25,1,5203.5,Outbound Freight,7.75,0.39,8.14
14430849,IF4041438930,32142277,V0A1H0TOP - TOP NOTCH,4.00747E+15,2026-02-20,2026-02-25,42,11152.5,Outbound Shipment Materials,41.85,5.02,46.87
14430849,IF4041438930,32142277,V0A1H0TOP - TOP NOTCH,4.00747E+15,2026-02-20,2026-02-25,362,11152.5,Outbound Freight,138.14,6.91,145.05
14431344,IF4041438989,32144892,E3V3S9JES - JESSOMES SOURCE FOR SPORTS,5.20349E+11,2026-02-20,2026-02-25,26,8874.5,Outbound Shipment Materials,26.18,3.14,29.32
14431344,IF4041438989,32144892,E3V3S9JES - JESSOMES SOURCE FOR SPORTS,5.20349E+11,2026-02-20,2026-02-25,6,8874.5,Outbound Freight,7.5,0.38,7.88
14427847,IF4041438983,32144886,T6E6H7BEL - BELOW THE BELT LTD.,KEL6077219,2026-02-19,2026-02-25,2,42747.5,Pallet Prep,21,1.05,22.05
14427847,IF4041438983,32144886,T6E6H7BEL - BELOW THE BELT LTD.,KEL6077219,2026-02-19,2026-02-25,131,42747.5,Outbound Shipment Materials,130.84,15.7,146.54
14427847,IF4041438983,32144886,T6E6H7BEL - BELOW THE BELT LTD.,KEL6077219,2026-02-19,2026-02-25,1,42747.5,Outbound Freight,16,0.8,16.8
14430845,IF4041438918,32141700,S9X1Y2MAR - MARTODAMS,LSHP47044743,2026-02-20,2026-02-26,19,5310.5,Outbound Shipment Materials,18.6,2.23,20.83
14430845,IF4041438918,32141700,S9X1Y2MAR - MARTODAMS,LSHP47044743,2026-02-20,2026-02-26,4,5310.5,Outbound Freight,5,0.25,5.25
14427734,IF4041438790,32140904,G2J0B8SAI - SAIL 17,LSHP47053777,2026-02-19,2026-02-26,27,45528.5,EDI Labels,27,1.35,28.35
14427734,IF4041438790,32140904,G2J0B8SAI - SAIL 17,LSHP47053777,2026-02-19,2026-02-26,1356,45528.5,Outbound Freight,295.29,14.76,310.05
14427734,IF4041438790,32140904,G2J0B8SAI - SAIL 17,LSHP47053777,2026-02-19,2026-02-26,127,45528.5,Outbound Shipment Materials,127.29,15.27,142.56
14430779,IF4041438822,32140932,K0L2H0COT - COTTAGE TOYS,LSHP47027593,2026-02-20,2026-02-26,163,5375,Outbound Freight,56.97,7.41,64.38
14430779,IF4041438822,32140932,K0L2H0COT - COTTAGE TOYS,LSHP47027593,2026-02-20,2026-02-26,18,5375,Outbound Shipment Materials,18.01,2.16,20.17
14430835,IF4041438892,32141680,T7P2J8A&M - A&M CLOTHING AND SHOES,LSHP47030253,2026-02-20,2026-02-26,14,3460,Outbound Shipment Materials,14.45,1.73,16.18
14430835,IF4041438892,32141680,T7P2J8A&M - A&M CLOTHING AND SHOES,LSHP47030253,2026-02-20,2026-02-26,102,3460,Outbound Freight,37.02,1.85,38.87
14430846,IF4041438919,32141701,T0L2H0KAN - KANANASKIS OUTFITTERS LTD,LSHP47045026,2026-02-20,2026-02-26,101,3902.5,Outbound Freight,34.74,1.74,36.48
14430846,IF4041438919,32141701,T0L2H0KAN - KANANASKIS OUTFITTERS LTD,LSHP47045026,2026-02-20,2026-02-26,14,3902.5,Outbound Shipment Materials,13.95,1.68,15.63
14430851,IF4041438656,32134292,T8V4C2SPO - SPORTS EXPERTS,LSHP47054792,2026-02-20,2026-02-26,197,6993.5,Outbound Freight,52.16,2.61,54.77
14430851,IF4041438656,32134292,T8V4C2SPO - SPORTS EXPERTS,LSHP47054792,2026-02-20,2026-02-26,26,6993.5,Outbound Shipment Materials,26.01,3.12,29.13
14430852,IF4041438658,32134294,V1J5Z2ERN - Ernies Sports Experts,LSHP47054865,2026-02-20,2026-02-26,160,5604,Outbound Freight,44.45,2.22,46.67
14430852,IF4041438658,32134294,V1J5Z2ERN - Ernies Sports Experts,LSHP47054865,2026-02-20,2026-02-26,21,5604,Outbound Shipment Materials,21.36,2.57,23.93
14430855,IF4041439010,32144912,T1R1E842 - 42 STREET,LSHP47042406,2026-02-20,2026-02-26,125,4599.5,Outbound Freight,42.51,2.13,44.64
14430855,IF4041439010,32144912,T1R1E842 - 42 STREET,LSHP47042406,2026-02-20,2026-02-26,19,4599.5,Outbound Shipment Materials,18.6,2.23,20.83
14431313,IF4041439000,32144903,T0H1L0BOY - BOYTS LTD.,LSHP47044731,2026-02-20,2026-02-26,151,5294,Outbound Freight,48.4,2.42,50.82
14431313,IF4041439000,32144903,T0H1L0BOY - BOYTS LTD.,LSHP47044731,2026-02-20,2026-02-26,24,5294,Outbound Shipment Materials,23.54,2.83,26.37
14431329,IF4041439335,32160493,R0L1Z0RUM - RUMORS,LSHP47042191,2026-02-20,2026-02-26,78,25434.5,Outbound Shipment Materials,78.46,9.41,87.87
14431329,IF4041439335,32160493,R0L1Z0RUM - RUMORS,LSHP47042191,2026-02-20,2026-02-26,691,25434.5,Outbound Freight,188.5,9.43,197.93
14427449,IF4041438784,32140362,J3G0S5SAI - SAIL 15,1Z2VW7552098383831,2026-02-19,2026-02-26,1048,36164.5,Outbound Freight,272.24,13.61,285.85
14427449,IF4041438784,32140362,J3G0S5SAI - SAIL 15,1Z2VW7552098383831,2026-02-19,2026-02-26,23,36164.5,EDI Labels,23,1.15,24.15
14427449,IF4041438784,32140362,J3G0S5SAI - SAIL 15,1Z2VW7552098383831,2026-02-19,2026-02-26,103,36164.5,Outbound Shipment Materials,102.92,12.35,115.27
14430825,IF4041438871,32141497,P0J1P0A1 - A1 SOURCE FOR SPORTS,1Z2VW7552098164738,2026-02-20,2026-02-26,36,6386.5,Outbound Shipment Materials,36.21,4.34,40.55
14430825,IF4041438871,32141497,P0J1P0A1 - A1 SOURCE FOR SPORTS,1Z2VW7552098164738,2026-02-20,2026-02-26,198,6386.5,Outbound Freight,142.29,18.5,160.79
14430832,IF4041438885,32141676,V1C3R3GER - GERICK SPORTS,1Z2VW7552094220988,2026-02-20,2026-02-26,182,6136,Outbound Freight,46.56,2.33,48.89
14430832,IF4041438885,32141676,V1C3R3GER - GERICK SPORTS,1Z2VW7552094220988,2026-02-20,2026-02-26,23,6136,Outbound Shipment Materials,22.95,2.76,25.71
14430836,IF4041438898,32141686,G0C2B0RHE - RHEAL PITRE A FILS LTEE,1Z2VW7552093681429,2026-02-20,2026-02-26,20,5954,Outbound Shipment Materials,20.48,2.45,22.93
14430836,IF4041438898,32141686,G0C2B0RHE - RHEAL PITRE A FILS LTEE,1Z2VW7552093681429,2026-02-20,2026-02-26,155,5954,Outbound Freight,78.49,3.92,82.41
14430847,IF4041438920,32141702,J0K2T0PIS - PISCINES ET SPAS STE-JULIENNE,3.9911E+11,2026-02-20,2026-02-26,9,3962,Outbound Shipment Materials,9.3,1.12,10.42
14430847,IF4041438920,32141702,J0K2T0PIS - PISCINES ET SPAS STE-JULIENNE,3.9911E+11,2026-02-20,2026-02-26,109,3962,Outbound Freight,42.36,2.12,44.48
14431316,IF4041439014,32144916,T4R1N9EDG - EDGE CLOTHING,3.99125E+11,2026-02-20,2026-02-26,154,4843.5,Outbound Freight,32.47,1.62,34.09
14431316,IF4041439014,32144916,T4R1N9EDG - EDGE CLOTHING,3.99125E+11,2026-02-20,2026-02-26,9,4843.5,Outbound Shipment Materials,9.3,1.12,10.42
14374106,IF4041438131,32115650,L5W1Y6NLS - NLS-SPORTING LIFE,5.20352E+11,2026-02-11,2026-02-26,3,0,Outbound Shipment Materials,2.93,0.36,3.29
14374106,IF4041438131,32115650,L5W1Y6NLS - NLS-SPORTING LIFE,5.20352E+11,2026-02-11,2026-02-26,11,0,Outbound Freight,17.69,1.98,19.67
14374106,IF4041438131,32115650,L5W1Y6NLS - NLS-SPORTING LIFE,5.20352E+11,2026-02-11,2026-02-26,1,0,EDI Labels,1,0.05,1.05
14427450,IF4041438786,32140363,K1G3X8SAI - SAIL 21,5.20351E+11,2026-02-19,2026-02-26,25,43105,EDI Labels,25,1.25,26.25
14427450,IF4041438786,32140363,K1G3X8SAI - SAIL 21,5.20351E+11,2026-02-19,2026-02-26,1301,43105,Outbound Freight,274.42,35.35,309.77
14427450,IF4041438786,32140363,K1G3X8SAI - SAIL 21,5.20351E+11,2026-02-19,2026-02-26,112,43105,Outbound Shipment Materials,112.17,13.46,125.63
14427983,IF4041438776,32140359,J4Y0G4SAI - SAIL 18,5.20351E+11,2026-02-19,2026-02-26,23,38483.5,EDI Labels,23,1.15,24.15
14427983,IF4041438776,32140359,J4Y0G4SAI - SAIL 18,5.20351E+11,2026-02-19,2026-02-26,1169,38483.5,Outbound Freight,251.83,12.59,264.42
14427983,IF4041438776,32140359,J4Y0G4SAI - SAIL 18,5.20351E+11,2026-02-19,2026-02-26,126,38483.5,Outbound Shipment Materials,125.53,15.07,140.6
14430821,IF4041438860,32141488,R1A1V2KEY - KEYSTONE SOURCE FOR SPORTS,5.2035E+11,2026-02-20,2026-02-26,20,4844,Outbound Shipment Materials,19.53,2.35,21.88
14430821,IF4041438860,32141488,R1A1V2KEY - KEYSTONE SOURCE FOR SPORTS,5.2035E+11,2026-02-20,2026-02-26,165,4844,Outbound Freight,42.87,2.14,45.01
14430841,IF4041438913,32141696,V1K1B8WOR - WORK N PLAY CLOTHING CO,5.20351E+11,2026-02-20,2026-02-26,178,5463,Outbound Freight,44.87,2.24,47.11
14430841,IF4041438913,32141696,V1K1B8WOR - WORK N PLAY CLOTHING CO,5.20351E+11,2026-02-20,2026-02-26,18,5463,Outbound Shipment Materials,18.01,2.16,20.17
14434869,IF4041438490,32131637,K2A1H1TRA - TRAILHEAD PADDLE SHACK,5.20352E+11,2026-02-21,2026-02-26,33,9767,Outbound Shipment Materials,32.55,3.91,36.46
14434869,IF4041438490,32131637,K2A1H1TRA - TRAILHEAD PADDLE SHACK,5.20352E+11,2026-02-21,2026-02-26,7,9767,Outbound Freight,8.75,0.44,9.19
14430839,IF4041438903,32141689,T7E1T7JEN - JENSENS LIFESTYLE CLOTHING,5.20352E+11,2026-02-20,2026-02-27,112,3988.5,Outbound Freight,46.67,2.33,49
14430839,IF4041438903,32141689,T7E1T7JEN - JENSENS LIFESTYLE CLOTHING,5.20352E+11,2026-02-20,2026-02-27,21,3988.5,Outbound Shipment Materials,21.36,2.57,23.93
14454093,IF4041438111,Consolidated Shipment,L5W1Y6NLS - NLS-SPORTING LIFE,16920545,2026-02-26,2026-02-27,30,40724,EDI Labels,30,1.5,31.5
14454093,IF4041438111,Consolidated Shipment,L5W1Y6NLS - NLS-SPORTING LIFE,16920545,2026-02-26,2026-02-27,1,40724,Manual BOL,12,0.6,12.6
14454093,IF4041438111,Consolidated Shipment,L5W1Y6NLS - NLS-SPORTING LIFE,16920545,2026-02-26,2026-02-27,130,40724,Outbound Shipment Materials,130.21,15.62,145.83
14454093,IF4041438111,Consolidated Shipment,L5W1Y6NLS - NLS-SPORTING LIFE,16920545,2026-02-26,2026-02-27,2,40724,Pallet Prep,21,1.05,22.05
14454093,IF4041438111,Consolidated Shipment,L5W1Y6NLS - NLS-SPORTING LIFE,16920545,2026-02-26,2026-02-27,15,40724,Outbound Freight,72,3.6,75.6
14446458,IF4041438759,Consolidated Shipment,G2B0S6SIM - SIMONS - LA MAISON SIMONS,37815027,2026-02-24,2026-02-27,14,27414,EDI Labels,14,0.7,14.7
14446458,IF4041438759,Consolidated Shipment,G2B0S6SIM - SIMONS - LA MAISON SIMONS,37815027,2026-02-24,2026-02-27,1,27414,Pallet Prep,10.5,0.53,11.03
14446458,IF4041438759,Consolidated Shipment,G2B0S6SIM - SIMONS - LA MAISON SIMONS,37815027,2026-02-24,2026-02-27,38,27414,Outbound Shipment Materials,37.82,4.54,42.36
14446458,IF4041438759,Consolidated Shipment,G2B0S6SIM - SIMONS - LA MAISON SIMONS,37815027,2026-02-24,2026-02-27,1,27414,Outbound Freight,20,1,21
14430741,IF4041438502,32131645,V2A5A4FRE - FREE RIDE PENTICTON,LSHP47060696,2026-02-20,2026-02-27,5,1188,Outbound Shipment Materials,4.65,0.56,5.21
14430741,IF4041438502,32131645,V2A5A4FRE - FREE RIDE PENTICTON,LSHP47060696,2026-02-20,2026-02-27,40,1188,Outbound Freight,11.79,0.59,12.38
14430743,IF4041438507,32131650,V1R4C2JJS - JJS FASHIONS,LSHP47061241,2026-02-20,2026-02-27,74,2102,Outbound Freight,19.77,0.99,20.76
14430743,IF4041438507,32131650,V1R4C2JJS - JJS FASHIONS,LSHP47061241,2026-02-20,2026-02-27,9,2102,Outbound Shipment Materials,9.3,1.12,10.42
14430744,IF4041438510,32131652,T9W1C5ARM - ARMSTRONGS CLOTHING AND SPORTS,LSHP47061316,2026-02-20,2026-02-27,60,1964.5,Outbound Freight,25.48,1.27,26.75
14430744,IF4041438510,32131652,T9W1C5ARM - ARMSTRONGS CLOTHING AND SPORTS,LSHP47061316,2026-02-20,2026-02-27,11,1964.5,Outbound Shipment Materials,11.18,1.34,12.52
14430745,IF4041438488,32131636,J9L1M8LE - LE COUREUR DES BOIS,LSHP47061013,2026-02-20,2026-02-27,9,2438,Outbound Shipment Materials,8.71,1.05,9.76
14430745,IF4041438488,32131636,J9L1M8LE - LE COUREUR DES BOIS,LSHP47061013,2026-02-20,2026-02-27,70,2438,Outbound Freight,37.46,1.87,39.33
14430749,IF4041438662,32134298,J8E2Z9SPO - SPORTS EXPERTS - ATMOSPHERE,LSHP47072228,2026-02-20,2026-02-27,8,312,Outbound Freight,17.58,0.88,18.46
14430749,IF4041438662,32134298,J8E2Z9SPO - SPORTS EXPERTS - ATMOSPHERE,LSHP47072228,2026-02-20,2026-02-27,3,312,Outbound Shipment Materials,2.79,0.34,3.13
14430778,IF4041438821,32140931,V0R1K0XS - XS IV CHEMAINUS  BEYOND THE USUAL,LSHP47061159,2026-02-20,2026-02-27,9,2389.5,Outbound Shipment Materials,9.3,1.12,10.42
14430778,IF4041438821,32140931,V0R1K0XS - XS IV CHEMAINUS  BEYOND THE USUAL,LSHP47061159,2026-02-20,2026-02-27,56,2389.5,Outbound Freight,26.48,1.32,27.8
14430804,IF4041438834,32141465,B0T1W0LOC - LOCKE'S SPORTING AND OUTDOOR ADVENTURE,LSHP47072796,2026-02-20,2026-02-27,17,3401.5,Outbound Shipment Materials,17.42,2.09,19.51
14430804,IF4041438834,32141465,B0T1W0LOC - LOCKE'S SPORTING AND OUTDOOR ADVENTURE,LSHP47072796,2026-02-20,2026-02-27,71,3401.5,Outbound Freight,65.83,9.22,75.05
14430806,IF4041438836,32141467,B4N1H6LIV - LIV FASHION BOUTIQUE,LSHP47061886,2026-02-20,2026-02-27,9,2236,Outbound Shipment Materials,8.71,1.05,9.76
14430806,IF4041438836,32141467,B4N1H6LIV - LIV FASHION BOUTIQUE,LSHP47061886,2026-02-20,2026-02-27,58,2236,Outbound Freight,32.71,4.58,37.29
14430809,IF4041438840,32141471,B2A1B9ESC - ESCAPE OUTDOORS,3.99132E+11,2026-02-20,2026-02-27,19,706,Outbound Freight,17.43,2.44,19.87
14430809,IF4041438840,32141471,B2A1B9ESC - ESCAPE OUTDOORS,3.99132E+11,2026-02-20,2026-02-27,3,706,Outbound Shipment Materials,2.93,0.36,3.29
14430814,IF4041438845,32141476,V7M2J5NOR - NORTH SHORE SKI AND BOARD,LSHP47061632,2026-02-20,2026-02-27,8,1532,Outbound Shipment Materials,7.58,0.91,8.49
14430814,IF4041438845,32141476,V7M2J5NOR - NORTH SHORE SKI AND BOARD,LSHP47061632,2026-02-20,2026-02-27,44,1532,Outbound Freight,14.41,0.72,15.13
14430816,IF4041438847,32141478,V9Y8E9LAC - LACE IT UP aka JAYS MENS WEAR,LSHP47061841,2026-02-20,2026-02-27,32,1135,Outbound Freight,14.26,0.71,14.97
14430816,IF4041438847,32141478,V9Y8E9LAC - LACE IT UP aka JAYS MENS WEAR,LSHP47061841,2026-02-20,2026-02-27,5,1135,Outbound Shipment Materials,4.65,0.56,5.21
14430828,IF4041438875,32141667,G4Z1J8SPI - SPIN SPORT,LSHP47061777,2026-02-20,2026-02-27,13,3141,Outbound Shipment Materials,13.36,1.61,14.97
14430828,IF4041438875,32141667,G4Z1J8SPI - SPIN SPORT,LSHP47061777,2026-02-20,2026-02-27,90,3141,Outbound Freight,50.66,2.53,53.19
14430834,IF4041438891,32141679,T7P2J8A&M - A&M CLOTHING AND SHOES,LSHP47061896,2026-02-20,2026-02-27,98,3583,Outbound Freight,31.74,1.59,33.33
14430834,IF4041438891,32141679,T7P2J8A&M - A&M CLOTHING AND SHOES,LSHP47061896,2026-02-20,2026-02-27,13,3583,Outbound Shipment Materials,13.36,1.61,14.97
14430848,IF4041438928,32142276,V0R2Z0HAB - HABIT CLOTHING,LSHP47061980,2026-02-20,2026-02-27,64,2810,Outbound Freight,28.91,1.45,30.36
14430848,IF4041438928,32142276,V0R2Z0HAB - HABIT CLOTHING,LSHP47061980,2026-02-20,2026-02-27,12,2810,Outbound Shipment Materials,12.23,1.47,13.7
14430850,IF4041438935,32142280,T4V1N2THE - THE TRENDY WALRUS,LSHP47061973,2026-02-20,2026-02-27,9,3018,Outbound Shipment Materials,8.71,1.05,9.76
14430850,IF4041438935,32142280,T4V1N2THE - THE TRENDY WALRUS,LSHP47061973,2026-02-20,2026-02-27,73,3018,Outbound Freight,20.8,1.04,21.84
14430856,IF4041439005,32144908,G9X1K9LE - LE PIONNIER,LSHP47061976,2026-02-20,2026-02-27,6,2307,Outbound Shipment Materials,6.43,0.77,7.2
14430856,IF4041439005,32144908,G9X1K9LE - LE PIONNIER,LSHP47061976,2026-02-20,2026-02-27,43,2307,Outbound Freight,28.54,1.43,29.97
14431317,IF4041439001,32144904,L1A1N2G F - G FACEY CLOTHING,LSHP47061091,2026-02-20,2026-02-27,21,5702.5,Outbound Shipment Materials,21.39,2.57,23.96
14431317,IF4041439001,32144904,L1A1N2G F - G FACEY CLOTHING,LSHP47061091,2026-02-20,2026-02-27,144,5702.5,Outbound Freight,56.97,7.41,64.38
14431318,IF4041438993,32144896,V3Z1G6ART - ART KNAPP SURREY,LSHP47068486,2026-02-20,2026-02-27,78,3035,Outbound Freight,23.82,1.19,25.01
14431318,IF4041438993,32144896,V3Z1G6ART - ART KNAPP SURREY,LSHP47068486,2026-02-20,2026-02-27,17,3035,Outbound Shipment Materials,17.17,2.06,19.23
14431322,IF4041439008,32144910,V1E1B4HAR - HARTTY CLOTHING,LSHP47061286,2026-02-20,2026-02-27,13,5616,Outbound Shipment Materials,13.36,1.61,14.97
14431322,IF4041439008,32144910,V1E1B4HAR - HARTTY CLOTHING,LSHP47061286,2026-02-20,2026-02-27,145,5616,Outbound Freight,25.93,1.3,27.23
14431341,IF4041438996,32144899,A5A1L8MER - MERCERS MARINE EQUIPMENT LTD.,LSHP47061696,2026-02-20,2026-02-27,130,4802,Outbound Freight,57.08,8.56,65.64
14431341,IF4041438996,32144899,A5A1L8MER - MERCERS MARINE EQUIPMENT LTD.,LSHP47061696,2026-02-20,2026-02-27,17,4802,Outbound Shipment Materials,17.17,2.06,19.23
14431345,IF4041438987,32144890,T0E1E0RAN - RANSOM,LSHP47061742,2026-02-20,2026-02-27,143,5026.5,Outbound Freight,44.59,2.23,46.82
14431345,IF4041438987,32144890,T0E1E0RAN - RANSOM,LSHP47061742,2026-02-20,2026-02-27,19,5026.5,Outbound Shipment Materials,18.6,2.23,20.83
14434865,IF4041438466,32131616,V6B1B2MAK - MAKE GASTOWN,LSHP47070444,2026-02-21,2026-02-27,33,7077.5,Outbound Shipment Materials,33.13,3.98,37.11
14434865,IF4041438466,32131616,V6B1B2MAK - MAKE GASTOWN,LSHP47070444,2026-02-21,2026-02-27,216,7077.5,Outbound Freight,45.33,2.27,47.6
14434867,IF4041438476,32131624,B5A1E7EVE - EVERY BLOOMIN THING,LSHP47067644,2026-02-21,2026-02-27,7,1148,Outbound Shipment Materials,7.12,0.86,7.98
14434867,IF4041438476,32131624,B5A1E7EVE - EVERY BLOOMIN THING,LSHP47067644,2026-02-21,2026-02-27,75,1148,Outbound Freight,28.07,3.93,32
14434871,IF4041438509,32131651,T9W1C5ARM - ARMSTRONGS CLOTHING AND SPORTS,LSHP47068169,2026-02-21,2026-02-27,11,2169,Outbound Shipment Materials,11.18,1.34,12.52
14434871,IF4041438509,32131651,T9W1C5ARM - ARMSTRONGS CLOTHING AND SPORTS,LSHP47068169,2026-02-21,2026-02-27,61,2169,Outbound Freight,26.63,1.33,27.96
14434874,IF4041438828,32140934,V1E4N6WEA - WEARABOUTS,LSHP47071653,2026-02-21,2026-02-27,172,7825.5,Outbound Freight,42.51,2.13,44.64
14434874,IF4041438828,32140934,V1E4N6WEA - WEARABOUTS,LSHP47071653,2026-02-21,2026-02-27,23,7825.5,Outbound Shipment Materials,23.25,2.79,26.04
14434876,IF4041438830,32141462,E1V6S1DEN - DENIM WEARHOUSE,LSHP47067539,2026-02-21,2026-02-27,7,1298.5,Outbound Shipment Materials,7.12,0.86,7.98
14434876,IF4041438830,32141462,E1V6S1DEN - DENIM WEARHOUSE,LSHP47067539,2026-02-21,2026-02-27,43,1298.5,Outbound Freight,28.31,4.25,32.56
14430647,IF4041438313,32123527,V0J1E0BLU - BLU JAY SPORTS,4.00747E+15,2026-02-20,2026-02-27,1,0,Outbound Freight,13.74,0.69,14.43
14430647,IF4041438313,32123527,V0J1E0BLU - BLU JAY SPORTS,4.00747E+15,2026-02-20,2026-02-27,3,0,Outbound Shipment Materials,2.93,0.36,3.29
14430742,IF4041438504,32131647,V2A5A4FRE - FREE RIDE PENTICTON,1Z2VW7552092593053,2026-02-20,2026-02-27,36,1012,Outbound Freight,11.4,0.57,11.97
14430742,IF4041438504,32131647,V2A5A4FRE - FREE RIDE PENTICTON,1Z2VW7552092593053,2026-02-20,2026-02-27,5,1012,Outbound Shipment Materials,4.65,0.56,5.21
14430748,IF4041438661,32134297,J6W3Z5SPO - SPORTS EXPERTS - ATMOSPHERE,1Z2VW7552095869929,2026-02-20,2026-02-27,9,333.45,Outbound Freight,14.43,0.72,15.15
14430748,IF4041438661,32134297,J6W3Z5SPO - SPORTS EXPERTS - ATMOSPHERE,1Z2VW7552095869929,2026-02-20,2026-02-27,3,333.45,Outbound Shipment Materials,2.93,0.36,3.29
14430750,IF4041438663,32134299,J2C6Y7PRO - Promenades Drummondville,1Z2VW7552092047232,2026-02-20,2026-02-27,4,352,Outbound Shipment Materials,4.06,0.48,4.54
14430750,IF4041438663,32134299,J2C6Y7PRO - Promenades Drummondville,1Z2VW7552092047232,2026-02-20,2026-02-27,8,352,Outbound Freight,17.92,0.9,18.82
14430753,IF4041438667,32134303,H4P0C9AT - AT MONT-ROYAL,1Z2VW7552095153013,2026-02-20,2026-02-27,2,180,Outbound Shipment Materials,1.78,0.21,1.99
14430753,IF4041438667,32134303,H4P0C9AT - AT MONT-ROYAL,1Z2VW7552095153013,2026-02-20,2026-02-27,8,180,Outbound Freight,13.91,0.7,14.61
14430754,IF4041438668,32134304,G9A6M1SPO - SPORTS EXPERTS - ATMOSPHERE,1Z2VW7552098918432,2026-02-20,2026-02-27,7,157.5,Outbound Freight,14.35,0.72,15.07
14430754,IF4041438668,32134304,G9A6M1SPO - SPORTS EXPERTS - ATMOSPHERE,1Z2VW7552098918432,2026-02-20,2026-02-27,3,157.5,Outbound Shipment Materials,2.79,0.34,3.13
14430756,IF4041438669,32134305,G9A6J2SPO - SPORTS EXPERTS - ATMOSPHERE,1Z2VW7552095796650,2026-02-20,2026-02-27,3,157.5,Outbound Shipment Materials,2.93,0.36,3.29
14430756,IF4041438669,32134305,G9A6J2SPO - SPORTS EXPERTS - ATMOSPHERE,1Z2VW7552095796650,2026-02-20,2026-02-27,7,157.5,Outbound Freight,15.27,0.76,16.03
14430757,IF4041438671,32134307,J1L1C9SPO - SPORTS EXPERTS - ATMOSPHERE,1Z2VW7552095976447,2026-02-20,2026-02-27,2,157.5,Outbound Shipment Materials,1.78,0.21,1.99
14430757,IF4041438671,32134307,J1L1C9SPO - SPORTS EXPERTS - ATMOSPHERE,1Z2VW7552095976447,2026-02-20,2026-02-27,7,157.5,Outbound Freight,13.91,0.7,14.61
14430772,IF4041438813,32140924,B3B0E6TAK - TAKE IT OUTSIDE INC.,1Z2VW7552090029783,2026-02-20,2026-02-27,88,2655,Outbound Freight,35.87,5.02,40.89
14430772,IF4041438813,32140924,B3B0E6TAK - TAKE IT OUTSIDE INC.,1Z2VW7552090029783,2026-02-20,2026-02-27,9,2655,Outbound Shipment Materials,9.3,1.12,10.42
14430774,IF4041438815,32140926,J3P6L9ST - ST PIERRE SPORTS DE SOREL INC.,1Z2VW7552093330003,2026-02-20,2026-02-27,59,2089.5,Outbound Freight,29.38,1.47,30.85
14430774,IF4041438815,32140926,J3P6L9ST - ST PIERRE SPORTS DE SOREL INC.,1Z2VW7552093330003,2026-02-20,2026-02-27,8,2089.5,Outbound Shipment Materials,7.58,0.91,8.49
14430811,IF4041438842,32141473,K0J1B0MAD - MADAWASKA OUTDOORS,1Z2VW7552092190667,2026-02-20,2026-02-27,83,2835,Outbound Freight,51.65,6.71,58.36
14430811,IF4041438842,32141473,K0J1B0MAD - MADAWASKA OUTDOORS,1Z2VW7552092190667,2026-02-20,2026-02-27,9,2835,Outbound Shipment Materials,9.3,1.12,10.42
14430818,IF4041438856,32141484,R7A1G6STR - STREAM N WOOD,1Z2VW7552091403714,2026-02-20,2026-02-27,92,3511.5,Outbound Freight,35.12,1.76,36.88
14430818,IF4041438856,32141484,R7A1G6STR - STREAM N WOOD,1Z2VW7552091403714,2026-02-20,2026-02-27,14,3511.5,Outbound Shipment Materials,13.95,1.68,15.63
14430837,IF4041438900,32141687,J4Y0C4QUI - QUINCAILLERIE TURBO INC,1Z2VW7552094911544,2026-02-20,2026-02-27,9,3425,Outbound Shipment Materials,9.3,1.12,10.42
14430837,IF4041438900,32141687,J4Y0C4QUI - QUINCAILLERIE TURBO INC,1Z2VW7552094911544,2026-02-20,2026-02-27,88,3425,Outbound Freight,29.55,1.48,31.03
14430838,IF4041438902,32141688,J4Y0C4QUI - QUINCAILLERIE TURBO INC,1Z2VW7552090954818,2026-02-20,2026-02-27,96,3152,Outbound Freight,28.49,1.42,29.91
14430838,IF4041438902,32141688,J4Y0C4QUI - QUINCAILLERIE TURBO INC,1Z2VW7552090954818,2026-02-20,2026-02-27,9,3152,Outbound Shipment Materials,8.71,1.05,9.76
14430840,IF4041438909,32141692,G6P4A2SIG - SIGNE POUR LUI INC.,1Z2VW7552093491769,2026-02-20,2026-02-27,12,2998,Outbound Shipment Materials,12.23,1.47,13.7
14430840,IF4041438909,32141692,G6P4A2SIG - SIGNE POUR LUI INC.,1Z2VW7552093491769,2026-02-20,2026-02-27,87,2998,Outbound Freight,40.38,2.02,42.4
14430857,IF4041438994,32144897,B5A1E7EVE - EVERY BLOOMIN THING,3.99135E+11,2026-02-20,2026-02-27,62,3045.5,Outbound Freight,37,5.18,42.18
14430857,IF4041438994,32144897,B5A1E7EVE - EVERY BLOOMIN THING,3.99135E+11,2026-02-20,2026-02-27,9,3045.5,Outbound Shipment Materials,9.3,1.12,10.42
14431315,IF4041439003,32144906,V9L1V8WAL - WALL STREET CLOTHING,1Z2VW7552098714241,2026-02-20,2026-02-27,52,2308,Outbound Freight,23.42,1.17,24.59
14431315,IF4041439003,32144906,V9L1V8WAL - WALL STREET CLOTHING,1Z2VW7552098714241,2026-02-20,2026-02-27,14,2308,Outbound Shipment Materials,14.24,1.71,15.95
14431339,IF4041439485,32168608,B2H2P6PIC - PICTOU MANAGEMENT LTD dba MINERS APPAREL,1Z2VW7552092005910,2026-02-20,2026-02-27,5,1747,Outbound Shipment Materials,4.65,0.56,5.21
14431339,IF4041439485,32168608,B2H2P6PIC - PICTOU MANAGEMENT LTD dba MINERS APPAREL,1Z2VW7552092005910,2026-02-20,2026-02-27,44,1747,Outbound Freight,31.55,4.42,35.97
14431342,IF4041439016,32144917,R6W0L8TIM - TIME-OUT SPORTS EXCELLENCE,3.99132E+11,2026-02-20,2026-02-27,121,3745.5,Outbound Freight,39.84,1.99,41.83
14431342,IF4041439016,32144917,R6W0L8TIM - TIME-OUT SPORTS EXCELLENCE,3.99132E+11,2026-02-20,2026-02-27,14,3745.5,Outbound Shipment Materials,13.95,1.68,15.63
14434866,IF4041438469,32131618,H7L5Z6A/S - A/S Les Boutiques Tremblant,1Z2VW7552093475698,2026-02-21,2026-02-27,92,2222,Outbound Freight,28.5,1.43,29.93
14434866,IF4041438469,32131618,H7L5Z6A/S - A/S Les Boutiques Tremblant,1Z2VW7552093475698,2026-02-21,2026-02-27,9,2222,Outbound Shipment Materials,9.3,1.12,10.42
14434868,IF4041438479,32131627,B0E1N0CAP - CAPER GYM AND FITNESS INC dba THE CENTRA,3.99148E+11,2026-02-21,2026-02-27,139,4140,Outbound Freight,63.54,8.9,72.44
14434868,IF4041438479,32131627,B0E1N0CAP - CAPER GYM AND FITNESS INC dba THE CENTRA,3.99148E+11,2026-02-21,2026-02-27,21,4140,Outbound Shipment Materials,21.36,2.57,23.93
14434875,IF4041438829,32141461,V1T9H2WEA - WEARABOUTS - VERNON,1Z2VW7552094557017,2026-02-21,2026-02-27,14,4939.5,Outbound Shipment Materials,14.24,1.71,15.95
14434875,IF4041438829,32141461,V1T9H2WEA - WEARABOUTS - VERNON,1Z2VW7552094557017,2026-02-21,2026-02-27,164,4939.5,Outbound Freight,21.03,1.05,22.08
14434878,IF4041438838,32141469,B4B0S9PHI - PHIT'CETERA LIFESTYLE WEAR,1Z2VW7552091538801,2026-02-21,2026-02-27,70,2988.5,Outbound Freight,42.03,5.88,47.91
14434878,IF4041438838,32141469,B4B0S9PHI - PHIT'CETERA LIFESTYLE WEAR,1Z2VW7552091538801,2026-02-21,2026-02-27,14,2988.5,Outbound Shipment Materials,14.24,1.71,15.95
14434910,IF4041439007,32144909,N0A1N0THE - THE SURF SHOP,1Z2VW7552097952861,2026-02-21,2026-02-27,394,13582,Outbound Freight,92.56,12.03,104.59
14434910,IF4041439007,32144909,N0A1N0THE - THE SURF SHOP,1Z2VW7552097952861,2026-02-21,2026-02-27,37,13582,Outbound Shipment Materials,36.61,4.39,41
14430752,IF4041438666,32134302,H3P3E9CEN - Centre Rockland,5.20353E+11,2026-02-20,2026-02-27,8,180,Outbound Freight,12.47,0.62,13.09
14430752,IF4041438666,32134302,H3P3E9CEN - Centre Rockland,5.20353E+11,2026-02-20,2026-02-27,3,180,Outbound Shipment Materials,2.79,0.34,3.13
14430820,IF4041438858,32141486,S0C0R0KIN - KINGS DEPARTMENT STORE,5.20352E+11,2026-02-20,2026-02-27,80,2856,Outbound Freight,29.96,1.5,31.46
14430820,IF4041438858,32141486,S0C0R0KIN - KINGS DEPARTMENT STORE,5.20352E+11,2026-02-20,2026-02-27,9,2856,Outbound Shipment Materials,9.3,1.12,10.42
14430842,IF4041438914,32141697,T8V3B1THE - The Drop Rideshop,5.20353E+11,2026-02-20,2026-02-27,13,3654,Outbound Shipment Materials,13.36,1.61,14.97
14430842,IF4041438914,32141697,T8V3B1THE - The Drop Rideshop,5.20353E+11,2026-02-20,2026-02-27,96,3654,Outbound Freight,34,1.7,35.7
14430843,IF4041438915,32141698,T4R1N9EDG - EDGE CLOTHING,5.20353E+11,2026-02-20,2026-02-27,5,2566.5,Outbound Shipment Materials,4.65,0.56,5.21
14430843,IF4041438915,32141698,T4R1N9EDG - EDGE CLOTHING,5.20353E+11,2026-02-20,2026-02-27,83,2566.5,Outbound Freight,23.93,1.2,25.13
14430854,IF4041439012,32144914,S0L1S0CAM - CAMERONS CLOTHING COMPANY,5.20352E+11,2026-02-20,2026-02-27,5,1004,Outbound Shipment Materials,4.65,0.56,5.21
14430854,IF4041439012,32144914,S0L1S0CAM - CAMERONS CLOTHING COMPANY,5.20352E+11,2026-02-20,2026-02-27,28,1004,Outbound Freight,19.42,0.97,20.39
14431325,IF4041439018,32144919,V9W8C9SPI - SPINNERS SPORTS CAMPBELL RIVER,5.20352E+11,2026-02-20,2026-02-27,19,4376.5,Outbound Shipment Materials,18.6,2.23,20.83
14431325,IF4041439018,32144919,V9W8C9SPI - SPINNERS SPORTS CAMPBELL RIVER,5.20352E+11,2026-02-20,2026-02-27,4,4376.5,Outbound Freight,5,0.25,5.25
14431327,IF4041439332,32160492,S0J3G0BOU - BOUTIQUE NORTH,5.20352E+11,2026-02-20,2026-02-27,121,3617.5,Outbound Freight,51.96,2.6,54.56
14431327,IF4041439332,32160492,S0J3G0BOU - BOUTIQUE NORTH,5.20352E+11,2026-02-20,2026-02-27,17,3617.5,Outbound Shipment Materials,16.88,2.02,18.9
14434870,IF4041438503,32131646,V0N2R0ADL - ADLINES ATTIRE LTD dba THE CLOTHES INN,5.20353E+11,2026-02-21,2026-02-27,60,2122,Outbound Freight,28.37,1.42,29.79
14434870,IF4041438503,32131646,V0N2R0ADL - ADLINES ATTIRE LTD dba THE CLOTHES INN,5.20353E+11,2026-02-21,2026-02-27,12,2122,Outbound Shipment Materials,11.77,1.41,13.18
14434904,IF4041438934,32142279,T0H2H0LA - LA CRETE SOURCE FOR SPORTS,5.20353E+11,2026-02-21,2026-02-27,51,13126,Outbound Shipment Materials,51.15,6.14,57.29
14434904,IF4041438934,32142279,T0H2H0LA - LA CRETE SOURCE FOR SPORTS,5.20353E+11,2026-02-21,2026-02-27,11,13126,Outbound Freight,13.75,0.69,14.44
14454320,IF4041439058,Consolidated Shipment,V8L3S8BC - BC Ferries Retail Department,5964182,2026-02-26,2026-02-27,4,88348.5,Pallet Prep,42,2.1,44.1
14454320,IF4041439058,Consolidated Shipment,V8L3S8BC - BC Ferries Retail Department,5964182,2026-02-26,2026-02-27,2108,88348.5,Outbound Freight,795,39.75,834.75
14454320,IF4041439058,Consolidated Shipment,V8L3S8BC - BC Ferries Retail Department,5964182,2026-02-26,2026-02-27,1,88348.5,Manual BOL,12,0.6,12.6
14454320,IF4041439058,Consolidated Shipment,V8L3S8BC - BC Ferries Retail Department,5964182,2026-02-26,2026-02-27,504,88348.5,Outbound Shipment Materials,504.16,60.5,564.66
14455514,IF4041438792,Consolidated Shipment,H4S1N1ALT - ALTITUDE SPORTS,5.20353E+11,2026-02-27,2026-02-27,62,24631.5,Outbound Shipment Materials,61.66,7.4,69.06
14455514,IF4041438792,Consolidated Shipment,H4S1N1ALT - ALTITUDE SPORTS,5.20353E+11,2026-02-27,2026-02-27,677,24631.5,Outbound Freight,154.29,7.71,162
14431334,IF4041439333,32160392,H4S1N1ALT - ALTITUDE SPORTS,KEL3251193,2026-02-20,2026-02-27,1212,42697.5,Outbound Freight,313.12,15.66,328.78
14431334,IF4041439333,32160392,H4S1N1ALT - ALTITUDE SPORTS,KEL3251193,2026-02-20,2026-02-27,1,42697.5,Manual BOL,12,0.6,12.6
14431334,IF4041439333,32160392,H4S1N1ALT - ALTITUDE SPORTS,KEL3251193,2026-02-20,2026-02-27,132,42697.5,Outbound Shipment Materials,132.11,15.86,147.97
14431334,IF4041439333,32160392,H4S1N1ALT - ALTITUDE SPORTS,KEL3251193,2026-02-20,2026-02-27,1,42697.5,Pallet Prep,10.5,0.53,11.03
14434936,IF4041439864,32193243,G7X3B5IMM - Immeubles Ultra Violet Inc.,KEL3251196,2026-02-21,2026-02-27,1680,53135.5,Outbound Freight,494.6,24.73,519.33
14434936,IF4041439864,32193243,G7X3B5IMM - Immeubles Ultra Violet Inc.,KEL3251196,2026-02-21,2026-02-27,1,53135.5,Manual BOL,12,0.6,12.6
14434936,IF4041439864,32193243,G7X3B5IMM - Immeubles Ultra Violet Inc.,KEL3251196,2026-02-21,2026-02-27,190,53135.5,Outbound Shipment Materials,189.9,22.79,212.69
14434936,IF4041439864,32193243,G7X3B5IMM - Immeubles Ultra Violet Inc.,KEL3251196,2026-02-21,2026-02-27,1,53135.5,Pallet Prep,10.5,0.53,11.03
14476667,IF4041437699,2026_02_01_02_28B,J7R4Z3SPO - SPORTS EXPERTS - ATMOSPHERE,1Z2VW7552093247505,2026-03-03,2026-02-28,0,0,Outbound Freight,0.41,0.02,0.43
14476668,IF4041437728,2026_02_01_02_28B,J7A3T2SPO - SPORTS EXPERTS - ATMOSPHERE,1Z2VW7552094707720,2026-03-03,2026-02-28,0,0,Outbound Freight,0.41,0.02,0.43
14434939,IF4041439872,32193251,V0R2Z0TOF - TOFINO FISHING AND TRADING,LSHP47085841,2026-02-21,2026-02-28,4,432,Outbound Shipment Materials,4.06,0.48,4.54
14434939,IF4041439872,32193251,V0R2Z0TOF - TOFINO FISHING AND TRADING,LSHP47085841,2026-02-21,2026-02-28,1,432,Outbound Freight,1.25,0.06,1.31
14428972,IF4041437650,32093298,S7N4L3UNI - UNIVERSITY OF SASKATCHEWAN - RETAIL SERV,LSHP47084663,2026-02-20,2026-02-28,3,0,Outbound Freight,11.69,0.58,12.27
14428972,IF4041437650,32093298,S7N4L3UNI - UNIVERSITY OF SASKATCHEWAN - RETAIL SERV,LSHP47084663,2026-02-20,2026-02-28,3,0,Outbound Shipment Materials,2.79,0.34,3.13
14428981,IF4041437611,32093259,E8J1T7DAZ - DAZE SPORTS EXCELLENCE,LSHP47085811,2026-02-20,2026-02-28,3,0,Outbound Shipment Materials,2.93,0.36,3.29
14428981,IF4041437611,32093259,E8J1T7DAZ - DAZE SPORTS EXCELLENCE,LSHP47085811,2026-02-20,2026-02-28,5,0,Outbound Freight,23.41,3.51,26.92
14428984,IF4041437647,32093295,T0K1W0TAM - TAMARACK/WVSC WAREHOUSE,LSHP47084692,2026-02-20,2026-02-28,3,0,Outbound Shipment Materials,2.79,0.34,3.13
14428984,IF4041437647,32093295,T0K1W0TAM - TAMARACK/WVSC WAREHOUSE,LSHP47084692,2026-02-20,2026-02-28,2,0,Outbound Freight,11.69,0.58,12.27
14428985,IF4041437754,32093404,V1N2M9MAL - MALLARDS SOURCE FOR SPORTS,LSHP47084737,2026-02-20,2026-02-28,3,0,Outbound Shipment Materials,2.79,0.34,3.13
14428985,IF4041437754,32093404,V1N2M9MAL - MALLARDS SOURCE FOR SPORTS,LSHP47084737,2026-02-20,2026-02-28,2,0,Outbound Freight,10.52,0.53,11.05
14428988,IF4041437654,32093302,K0L2H0COT - COTTAGE TOYS,3.99175E+11,2026-02-20,2026-02-28,3,0,Outbound Freight,16.3,2.12,18.42
14428988,IF4041437654,32093302,K0L2H0COT - COTTAGE TOYS,3.99175E+11,2026-02-20,2026-02-28,3,0,Outbound Shipment Materials,2.79,0.34,3.13
14429000,IF4041437081,32058987,G9X1K9LE - LE PIONNIER,LSHP47084813,2026-02-20,2026-02-28,5,220,Outbound Freight,17.58,0.88,18.46
14429000,IF4041437081,32058987,G9X1K9LE - LE PIONNIER,LSHP47084813,2026-02-20,2026-02-28,3,220,Outbound Shipment Materials,2.93,0.36,3.29
14430631,IF4041437592,32093240,S9V0A1BOA - BOARDOM,LSHP47084068,2026-02-20,2026-02-28,60,1689.5,Outbound Freight,23.88,1.19,25.07
14430631,IF4041437592,32093240,S9V0A1BOA - BOARDOM,LSHP47084068,2026-02-20,2026-02-28,7,1689.5,Outbound Shipment Materials,7.44,0.89,8.33
14430648,IF4041438314,32123528,B4B0S9PHI - PHIT'CETERA LIFESTYLE WEAR,3.99042E+11,2026-02-20,2026-02-28,3,0,Outbound Shipment Materials,2.93,0.36,3.29
14430648,IF4041438314,32123528,B4B0S9PHI - PHIT'CETERA LIFESTYLE WEAR,3.99042E+11,2026-02-20,2026-02-28,1,0,Outbound Freight,17.43,2.44,19.87
14430649,IF4041438315,32123529,T7A1S4254 - 2545501 Alberta Ltd. dba Eigthy Eight Cl,LSHP46983959,2026-02-20,2026-02-28,1,0,Outbound Freight,12.48,0.62,13.1
14430649,IF4041438315,32123529,T7A1S4254 - 2545501 Alberta Ltd. dba Eigthy Eight Cl,LSHP46983959,2026-02-20,2026-02-28,3,0,Outbound Shipment Materials,2.93,0.36,3.29
14430652,IF4041438318,32123532,E2A1A6THE - THE CAPTAINS CABIN,LSHP47084078,2026-02-20,2026-02-28,1,0,Outbound Freight,19.25,2.89,22.14
14430652,IF4041438318,32123532,E2A1A6THE - THE CAPTAINS CABIN,LSHP47084078,2026-02-20,2026-02-28,3,0,Outbound Shipment Materials,2.93,0.36,3.29
14430653,IF4041438319,32123533,E2E2N6RIV - RIVER AND TRAIL OUTDOOR COMPANY,3.99173E+11,2026-02-20,2026-02-28,3,0,Outbound Shipment Materials,2.93,0.36,3.29
14430653,IF4041438319,32123533,E2E2N6RIV - RIVER AND TRAIL OUTDOOR COMPANY,3.99173E+11,2026-02-20,2026-02-28,1,0,Outbound Freight,17.43,2.61,20.04
14430654,IF4041438320,32123534,A0G3A0BLU - BLUE RIDGE INC.,LSHP47084086,2026-02-20,2026-02-28,1,0,Outbound Freight,23.62,3.54,27.16
14430654,IF4041438320,32123534,A0G3A0BLU - BLUE RIDGE INC.,LSHP47084086,2026-02-20,2026-02-28,3,0,Outbound Shipment Materials,2.93,0.36,3.29
14430656,IF4041438322,32123536,S9V0A1BOA - BOARDOM,LSHP47084090,2026-02-20,2026-02-28,3,0,Outbound Shipment Materials,2.93,0.36,3.29
14430656,IF4041438322,32123536,S9V0A1BOA - BOARDOM,LSHP47084090,2026-02-20,2026-02-28,1,0,Outbound Freight,12.48,0.62,13.1
14430667,IF4041438333,32123547,V8E1A5WAD - Waddington Outdoor Whistler,LSHP47084098,2026-02-20,2026-02-28,1,0,Outbound Freight,11.15,0.56,11.71
14430667,IF4041438333,32123547,V8E1A5WAD - Waddington Outdoor Whistler,LSHP47084098,2026-02-20,2026-02-28,3,0,Outbound Shipment Materials,2.93,0.36,3.29
14430668,IF4041438335,32123549,V2P0J6THE - THE LOCAL SPACE,3.99175E+11,2026-02-20,2026-02-28,3,0,Outbound Freight,9.47,0.47,9.94
14430668,IF4041438335,32123549,V2P0J6THE - THE LOCAL SPACE,3.99175E+11,2026-02-20,2026-02-28,3,0,Outbound Shipment Materials,2.79,0.34,3.13
14430669,IF4041438336,32123550,T0L1E0WIL - WILSON MOUNTAIN SPORTS LTD.,LSHP47084122,2026-02-20,2026-02-28,3,0,Outbound Shipment Materials,2.93,0.36,3.29
14430669,IF4041438336,32123550,T0L1E0WIL - WILSON MOUNTAIN SPORTS LTD.,LSHP47084122,2026-02-20,2026-02-28,1,0,Outbound Freight,11.69,0.58,12.27
14430670,IF4041438337,32123551,T7N1A2JOH - JOHNS MENS AND BOYS WEAR,LSHP47084128,2026-02-20,2026-02-28,3,0,Outbound Shipment Materials,2.93,0.36,3.29
14430670,IF4041438337,32123551,T7N1A2JOH - JOHNS MENS AND BOYS WEAR,LSHP47084128,2026-02-20,2026-02-28,1,0,Outbound Freight,12.48,0.62,13.1
14430673,IF4041438341,32123555,V5L1Y9MAK - MAKE VANCOUVER FULFILLMENT CENTRE,LSHP47084170,2026-02-20,2026-02-28,3,0,Outbound Shipment Materials,2.93,0.36,3.29
14430673,IF4041438341,32123555,V5L1Y9MAK - MAKE VANCOUVER FULFILLMENT CENTRE,LSHP47084170,2026-02-20,2026-02-28,1,0,Outbound Freight,9.66,0.48,10.14
14430674,IF4041438342,32123556,V6H3S4MAK - MAKE,LSHP47084179,2026-02-20,2026-02-28,3,0,Outbound Shipment Materials,2.93,0.36,3.29
14430674,IF4041438342,32123556,V6H3S4MAK - MAKE,LSHP47084179,2026-02-20,2026-02-28,1,0,Outbound Freight,9.66,0.48,10.14
14430675,IF4041438343,32123557,V6B1B2MAK - MAKE GASTOWN,LSHP47084187,2026-02-20,2026-02-28,3,0,Outbound Shipment Materials,2.93,0.36,3.29
14430675,IF4041438343,32123557,V6B1B2MAK - MAKE GASTOWN,LSHP47084187,2026-02-20,2026-02-28,1,0,Outbound Freight,9.66,0.48,10.14
14430677,IF4041438366,32124966,T0L1E0WIL - WILSON MOUNTAIN SPORTS LTD.,LSHP47084147,2026-02-20,2026-02-28,101,2727.5,Outbound Freight,29.29,1.46,30.75
14430677,IF4041438366,32124966,T0L1E0WIL - WILSON MOUNTAIN SPORTS LTD.,LSHP47084147,2026-02-20,2026-02-28,9,2727.5,Outbound Shipment Materials,9.3,1.12,10.42
14430680,IF4041438367,32124967,T0L1E0WIL - WILSON MOUNTAIN SPORTS LTD.,LSHP47084162,2026-02-20,2026-02-28,206,5425,Outbound Freight,51.06,2.55,53.61
14430680,IF4041438367,32124967,T0L1E0WIL - WILSON MOUNTAIN SPORTS LTD.,LSHP47084162,2026-02-20,2026-02-28,19,5425,Outbound Shipment Materials,18.6,2.23,20.83
14430755,IF4041438670,32134306,J9X6H7SPO - SPORTS EXPERTS,LSHP47085902,2026-02-20,2026-02-28,6,135,Outbound Freight,21.35,1.07,22.42
14430755,IF4041438670,32134306,J9X6H7SPO - SPORTS EXPERTS,LSHP47085902,2026-02-20,2026-02-28,0,135,Outbound Shipment Materials,0.48,0.05,0.53
14434881,IF4041438853,32141482,T2E7V6THE - THE CALGARY ZOOLOGICAL SOCIETY,LSHP47083466,2026-02-21,2026-02-28,55,13500.5,Outbound Shipment Materials,54.62,6.55,61.17
14434881,IF4041438853,32141482,T2E7V6THE - THE CALGARY ZOOLOGICAL SOCIETY,LSHP47083466,2026-02-21,2026-02-28,429,13500.5,Outbound Freight,115,5.75,120.75
14434888,IF4041438879,32141671,N0H2C0MIK - MIKE GRAHAM dba THE CABANA,LSHP47083458,2026-02-21,2026-02-28,13,3525,Outbound Shipment Materials,13.36,1.61,14.97
14434888,IF4041438879,32141671,N0H2C0MIK - MIKE GRAHAM dba THE CABANA,LSHP47083458,2026-02-21,2026-02-28,94,3525,Outbound Freight,47.46,6.17,53.63
14434891,IF4041438890,32141678,T0K1W0TAM - TAMARACK/WVSC WAREHOUSE,LSHP47083547,2026-02-21,2026-02-28,195,6615.5,Outbound Freight,55.32,2.77,58.09
14434891,IF4041438890,32141678,T0K1W0TAM - TAMARACK/WVSC WAREHOUSE,LSHP47083547,2026-02-21,2026-02-28,23,6615.5,Outbound Shipment Materials,22.66,2.72,25.38
14434892,IF4041438893,32141681,T0L1E0WIL - WILSON MOUNTAIN SPORTS LTD.,LSHP47083522,2026-02-21,2026-02-28,14,5250,Outbound Shipment Materials,13.95,1.68,15.63
14434892,IF4041438893,32141681,T0L1E0WIL - WILSON MOUNTAIN SPORTS LTD.,LSHP47083522,2026-02-21,2026-02-28,232,5250,Outbound Freight,33.59,1.68,35.27
14434895,IF4041438896,32141684,T7N1A2JOH - JOHNS MENS AND BOYS WEAR,LSHP47083589,2026-02-21,2026-02-28,19,5462,Outbound Shipment Materials,18.6,2.23,20.83
14434895,IF4041438896,32141684,T7N1A2JOH - JOHNS MENS AND BOYS WEAR,LSHP47083589,2026-02-21,2026-02-28,151,5462,Outbound Freight,46.49,2.32,48.81
14434896,IF4041438897,32141685,T0C2L0JOH - JOHNS MENSWEAR,LSHP47083612,2026-02-21,2026-02-28,285,8003,Outbound Freight,56.5,2.83,59.33
14434896,IF4041438897,32141685,T0C2L0JOH - JOHNS MENSWEAR,LSHP47083612,2026-02-21,2026-02-28,22,8003,Outbound Shipment Materials,21.53,2.59,24.12
14434900,IF4041438923,32142272,T7A1S4254 - 2545501 Alberta Ltd. dba Eigthy Eight Cl,LSHP47083604,2026-02-21,2026-02-28,5,2134.5,Outbound Shipment Materials,4.65,0.56,5.21
14434900,IF4041438923,32142272,T7A1S4254 - 2545501 Alberta Ltd. dba Eigthy Eight Cl,LSHP47083604,2026-02-21,2026-02-28,52,2134.5,Outbound Freight,24.7,1.24,25.94
14434901,IF4041438924,32142273,V2A5A4FRE - FREE RIDE PENTICTON,LSHP47083619,2026-02-21,2026-02-28,7,2402.5,Outbound Shipment Materials,7.44,0.89,8.33
14434901,IF4041438924,32142273,V2A5A4FRE - FREE RIDE PENTICTON,LSHP47083619,2026-02-21,2026-02-28,83,2402.5,Outbound Freight,15.05,0.75,15.8
14434902,IF4041438925,32142274,V0G1R0TOU - TOUCH OF FASHION,LSHP47083637,2026-02-21,2026-02-28,130,3893.5,Outbound Freight,32.59,1.63,34.22
14434902,IF4041438925,32142274,V0G1R0TOU - TOUCH OF FASHION,LSHP47083637,2026-02-21,2026-02-28,14,3893.5,Outbound Shipment Materials,13.95,1.68,15.63
14434907,IF4041439009,32144911,T0K1W0TAM - TAMARACK/WVSC WAREHOUSE,LSHP47083641,2026-02-21,2026-02-28,13,5882,Outbound Shipment Materials,13.36,1.61,14.97
14434907,IF4041439009,32144911,T0K1W0TAM - TAMARACK/WVSC WAREHOUSE,LSHP47083641,2026-02-21,2026-02-28,180,5882,Outbound Freight,42.15,2.11,44.26
14434909,IF4041439645,32178596,N0H2C0MIK - MIKE GRAHAM dba THE CABANA,LSHP47084197,2026-02-21,2026-02-28,1,0,Outbound Freight,16.53,2.15,18.68
14434909,IF4041439645,32178596,N0H2C0MIK - MIKE GRAHAM dba THE CABANA,LSHP47084197,2026-02-21,2026-02-28,3,0,Outbound Shipment Materials,2.93,0.36,3.29
14434911,IF4041438995,32144898,E2E2N6RIV - RIVER AND TRAIL OUTDOOR COMPANY,LSHP47083647,2026-02-21,2026-02-28,9,1939,Outbound Shipment Materials,8.71,1.05,9.76
14434911,IF4041438995,32144898,E2E2N6RIV - RIVER AND TRAIL OUTDOOR COMPANY,LSHP47083647,2026-02-21,2026-02-28,52,1939,Outbound Freight,35.76,5.36,41.12
14434917,IF4041438992,32144895,B0T1K0LIL - LILIETH BOUTIQUE,LSHP47085794,2026-02-21,2026-02-28,34,1365,Outbound Freight,29.95,4.19,34.14
14434917,IF4041438992,32144895,B0T1K0LIL - LILIETH BOUTIQUE,LSHP47085794,2026-02-21,2026-02-28,4,1365,Outbound Shipment Materials,4.06,0.48,4.54
14434919,IF4041439002,32144905,V9L1V8WAL - WALL STREET CLOTHING,LSHP47085725,2026-02-21,2026-02-28,7,1329.5,Outbound Shipment Materials,7.12,0.86,7.98
14434919,IF4041439002,32144905,V9L1V8WAL - WALL STREET CLOTHING,LSHP47085725,2026-02-21,2026-02-28,44,1329.5,Outbound Freight,16.42,0.82,17.24
14434920,IF4041438990,32144893,V8A5K9ARM - ARMITAGE MENS WEAR,LSHP47086181,2026-02-21,2026-02-28,299,9143.5,Outbound Freight,78.25,3.91,82.16
14434920,IF4041438990,32144893,V8A5K9ARM - ARMITAGE MENS WEAR,LSHP47086181,2026-02-21,2026-02-28,36,9143.5,Outbound Shipment Materials,36.2,4.34,40.54
14434921,IF4041438854,32141483,S9V0T6HOT - HOT PEPPERS,LSHP47085729,2026-02-21,2026-02-28,15,2719.5,Outbound Shipment Materials,14.86,1.78,16.64
14434921,IF4041438854,32141483,S9V0T6HOT - HOT PEPPERS,LSHP47085729,2026-02-21,2026-02-28,68,2719.5,Outbound Freight,37.02,1.85,38.87
14434922,IF4041438869,32141495,T5V0A1 - LA DEE DAH,LSHP47085962,2026-02-21,2026-02-28,13,3416.5,Outbound Shipment Materials,13.36,1.61,14.97
14434922,IF4041438869,32141495,T5V0A1 - LA DEE DAH,LSHP47085962,2026-02-21,2026-02-28,95,3416.5,Outbound Freight,29.51,1.48,30.99
14434923,IF4041439017,32144918,V1Z4C9FRE - FREE RIDE,LSHP47085054,2026-02-21,2026-02-28,4,1318,Outbound Shipment Materials,4.06,0.48,4.54
14434923,IF4041439017,32144918,V1Z4C9FRE - FREE RIDE,LSHP47085054,2026-02-21,2026-02-28,34,1318,Outbound Freight,10.38,0.52,10.9
14434929,IF4041439735,32183651,V9K1S7COV - COVET BOUTIQUE,LSHP47086674,2026-02-21,2026-02-28,19,6696.5,Outbound Shipment Materials,18.6,2.23,20.83
14434929,IF4041439735,32183651,V9K1S7COV - COVET BOUTIQUE,LSHP47086674,2026-02-21,2026-02-28,202,6696.5,Outbound Freight,42.63,2.13,44.76
14434930,IF4041439737,32183652,J9L1M8LE - LE COUREUR DES BOIS,LSHP47084936,2026-02-21,2026-02-28,3,225,Outbound Shipment Materials,2.93,0.36,3.29
14434930,IF4041439737,32183652,J9L1M8LE - LE COUREUR DES BOIS,LSHP47084936,2026-02-21,2026-02-28,10,225,Outbound Freight,21.37,1.07,22.44
14434931,IF4041439739,32183654,V0A1K0THE - THE INSIDE EDGE SPORTS STORE LTD,LSHP47086723,2026-02-21,2026-02-28,9,2016,Outbound Shipment Materials,8.71,1.05,9.76
14434931,IF4041439739,32183654,V0A1K0THE - THE INSIDE EDGE SPORTS STORE LTD,LSHP47086723,2026-02-21,2026-02-28,59,2016,Outbound Freight,19.77,0.99,20.76
14434933,IF4041439742,32183657,V9G1B8TIM - TIMES INFINITY CORP,LSHP47085920,2026-02-21,2026-02-28,9,2550,Outbound Shipment Materials,8.71,1.05,9.76
14434933,IF4041439742,32183657,V9G1B8TIM - TIMES INFINITY CORP,LSHP47085920,2026-02-21,2026-02-28,72,2550,Outbound Freight,22.57,1.13,23.7
14434934,IF4041439743,32183658,V1T3R4HRU - HRUSSOCZY HOLDINGS LTD,LSHP47085278,2026-02-21,2026-02-28,11,400.8,Outbound Freight,9.53,0.48,10.01
14434934,IF4041439743,32183658,V1T3R4HRU - HRUSSOCZY HOLDINGS LTD,LSHP47085278,2026-02-21,2026-02-28,4,400.8,Outbound Shipment Materials,4.06,0.48,4.54
14434940,IF4041439885,32193262,V0J1Z0CHI - CHIAS DREAM CLOSET,LSHP47086099,2026-02-21,2026-02-28,84,2844.5,Outbound Freight,23.8,1.19,24.99
14434940,IF4041439885,32193262,V0J1Z0CHI - CHIAS DREAM CLOSET,LSHP47086099,2026-02-21,2026-02-28,12,2844.5,Outbound Shipment Materials,12.23,1.47,13.7
14457360,IF4041440649,32245002,V7B1W2HUD - Hudson Grp VANCOUVER INT'L AIRPORT,LSHP47086364,2026-02-27,2026-02-28,89,17209.5,Outbound Shipment Materials,88.92,10.67,99.59
14457360,IF4041440649,32245002,V7B1W2HUD - Hudson Grp VANCOUVER INT'L AIRPORT,LSHP47086364,2026-02-27,2026-02-28,620,17209.5,Outbound Freight,124.93,6.25,131.18
14457423,IF4041440969,32262115,V6E1T8 - Connor Emeny,LSHP47085765,2026-02-27,2026-02-28,4,1750,Outbound Shipment Materials,4.36,0.53,4.89
14457423,IF4041440969,32262115,V6E1T8 - Connor Emeny,LSHP47085765,2026-02-27,2026-02-28,100,1750,Outbound Freight,17.14,0.86,18
14428944,IF4041438628,32133800,K6A2R2SPO - SPORTS EXPERTS,1Z2VW7552091803863,2026-02-20,2026-02-28,3,115.5,Outbound Freight,14.26,1.85,16.11
14428944,IF4041438628,32133800,K6A2R2SPO - SPORTS EXPERTS,1Z2VW7552091803863,2026-02-20,2026-02-28,0,115.5,Outbound Shipment Materials,0.48,0.05,0.53
14428946,IF4041438630,32133802,H7P6C8SPO - SPORTS EXPERTS 3398,5.20354E+11,2026-02-20,2026-02-28,3,208.5,Outbound Shipment Materials,2.79,0.34,3.13
14428946,IF4041438630,32133802,H7P6C8SPO - SPORTS EXPERTS 3398,5.20354E+11,2026-02-20,2026-02-28,5,208.5,Outbound Freight,12.47,0.62,13.09
14428975,IF4041437659,32093307,K7V1R3SCO - SCOTT'S SHOE STORE,1Z2VW7552094002768,2026-02-20,2026-02-28,2,0,Outbound Freight,14.53,1.89,16.42
14428975,IF4041437659,32093307,K7V1R3SCO - SCOTT'S SHOE STORE,1Z2VW7552094002768,2026-02-20,2026-02-28,3,0,Outbound Shipment Materials,2.79,0.34,3.13
14428979,IF4041437653,32093301,N0H2C0682 - 682565 ONTARIO INC.,5.20354E+11,2026-02-20,2026-02-28,3,0,Outbound Shipment Materials,2.79,0.34,3.13
14428979,IF4041437653,32093301,N0H2C0682 - 682565 ONTARIO INC.,5.20354E+11,2026-02-20,2026-02-28,3,0,Outbound Freight,15.29,1.99,17.28
14428982,IF4041437663,32093311,L4G3H7ST - ST ANDREW'S COLLEGE,1Z2VW7552092422540,2026-02-20,2026-02-28,2,0,Outbound Freight,13.71,1.78,15.49
14428982,IF4041437663,32093311,L4G3H7ST - ST ANDREW'S COLLEGE,1Z2VW7552092422540,2026-02-20,2026-02-28,3,0,Outbound Shipment Materials,2.79,0.34,3.13
14428983,IF4041437772,32093421,V9W8C9SPI - SPINNERS SPORTS CAMPBELL RIVER,1Z2VW7552091242988,2026-02-20,2026-02-28,3,0,Outbound Shipment Materials,2.79,0.34,3.13
14428983,IF4041437772,32093421,V9W8C9SPI - SPINNERS SPORTS CAMPBELL RIVER,1Z2VW7552091242988,2026-02-20,2026-02-28,2,0,Outbound Freight,9.7,0.49,10.19
14428986,IF4041437791,32093641,V8B0B6SEA - SEA TO SKY GONDOLA,1Z2VW7552093165371,2026-02-20,2026-02-28,3,0,Outbound Shipment Materials,2.79,0.34,3.13
14428986,IF4041437791,32093641,V8B0B6SEA - SEA TO SKY GONDOLA,1Z2VW7552093165371,2026-02-20,2026-02-28,2,0,Outbound Freight,9.7,0.49,10.19
14428987,IF4041437789,32093639,V9M3M1COA - COAST SURF SHOP LTD.,1Z2VW7552091255152,2026-02-20,2026-02-28,3,0,Outbound Shipment Materials,2.79,0.34,3.13
14428987,IF4041437789,32093639,V9M3M1COA - COAST SURF SHOP LTD.,1Z2VW7552091255152,2026-02-20,2026-02-28,2,0,Outbound Freight,9.7,0.49,10.19
14428989,IF4041437625,32093273,T5V0A1LA - LA DEE DAH PROMOTIONAL AND EMBROIDERY,1Z2VW7552090735591,2026-02-20,2026-02-28,2,0,Outbound Freight,9.7,0.49,10.19
14428989,IF4041437625,32093273,T5V0A1LA - LA DEE DAH PROMOTIONAL AND EMBROIDERY,1Z2VW7552090735591,2026-02-20,2026-02-28,3,0,Outbound Shipment Materials,2.79,0.34,3.13
14428990,IF4041438713,32138418,V0A1H0GOL - Golden Skybridge – GSB,4.00747E+15,2026-02-20,2026-02-28,3,0,Outbound Shipment Materials,2.79,0.34,3.13
14428990,IF4041438713,32138418,V0A1H0GOL - Golden Skybridge – GSB,4.00747E+15,2026-02-20,2026-02-28,2,0,Outbound Freight,9.39,0.47,9.86
14428998,IF4041436548,32028732,G0C2B0RHE - RHEAL PITRE A FILS LTEE,4.00747E+15,2026-02-20,2026-02-28,3,220,Outbound Shipment Materials,2.93,0.36,3.29
14428998,IF4041436548,32028732,G0C2B0RHE - RHEAL PITRE A FILS LTEE,4.00747E+15,2026-02-20,2026-02-28,5,220,Outbound Freight,26.5,1.33,27.83
14429025,IF4041436547,32028731,J9L1M8LE - LE COUREUR DES BOIS,5.20354E+11,2026-02-20,2026-02-28,3,156,Outbound Shipment Materials,2.79,0.34,3.13
14429025,IF4041436547,32028731,J9L1M8LE - LE COUREUR DES BOIS,5.20354E+11,2026-02-20,2026-02-28,4,156,Outbound Freight,19.87,0.99,20.86
14430630,IF4041437596,32093244,J3P6L9ST - ST PIERRE SPORTS DE SOREL INC.,5.20354E+11,2026-02-20,2026-02-28,3,67.5,Outbound Freight,13.98,0.7,14.68
14430630,IF4041437596,32093244,J3P6L9ST - ST PIERRE SPORTS DE SOREL INC.,5.20354E+11,2026-02-20,2026-02-28,0,67.5,Outbound Shipment Materials,0.25,0.03,0.28
14430650,IF4041438316,32123530,J2S3J1BOU - BOUTIQUE MV dba M&V,5.20347E+11,2026-02-20,2026-02-28,1,0,Outbound Freight,17.01,0.85,17.86
14430650,IF4041438316,32123530,J2S3J1BOU - BOUTIQUE MV dba M&V,5.20347E+11,2026-02-20,2026-02-28,3,0,Outbound Shipment Materials,2.93,0.36,3.29
14430671,IF4041438339,32123553,V0G1R0TOU - TOUCH OF FASHION,4.00747E+15,2026-02-20,2026-02-28,3,0,Outbound Shipment Materials,2.93,0.36,3.29
14430671,IF4041438339,32123553,V0G1R0TOU - TOUCH OF FASHION,4.00747E+15,2026-02-20,2026-02-28,1,0,Outbound Freight,10.09,0.5,10.59
14430676,IF4041438364,32124951,V0J1E0BLU - BLU JAY SPORTS,4.00747E+15,2026-02-20,2026-02-28,4,1044,Outbound Shipment Materials,4.06,0.48,4.54
14430676,IF4041438364,32124951,V0J1E0BLU - BLU JAY SPORTS,4.00747E+15,2026-02-20,2026-02-28,37,1044,Outbound Freight,17.87,0.89,18.76
14430679,IF4041438365,32124952,V0J1E0BLU - BLU JAY SPORTS,5.20354E+11,2026-02-20,2026-02-28,29,1210,Outbound Freight,26.51,1.33,27.84
14430679,IF4041438365,32124952,V0J1E0BLU - BLU JAY SPORTS,5.20354E+11,2026-02-20,2026-02-28,9,1210,Outbound Shipment Materials,8.71,1.05,9.76
14430751,IF4041438664,32134300,G1V2L1PLA - Place Ste-Foy,5.20354E+11,2026-02-20,2026-02-28,3,195,Outbound Shipment Materials,2.93,0.36,3.29
14430751,IF4041438664,32134300,G1V2L1PLA - Place Ste-Foy,5.20354E+11,2026-02-20,2026-02-28,1,195,Outbound Freight,1.25,0.06,1.31
14430759,IF4041438672,32134308,J7R4Z3SPO - SPORTS EXPERTS - ATMOSPHERE,1Z2VW7552092616475,2026-02-20,2026-02-28,3,354,Outbound Shipment Materials,2.79,0.34,3.13
14430759,IF4041438672,32134308,J7R4Z3SPO - SPORTS EXPERTS - ATMOSPHERE,1Z2VW7552092616475,2026-02-20,2026-02-28,6,354,Outbound Freight,14.37,0.72,15.09
14430853,IF4041438665,32134301,G1V2L8SPO - Sports Experts,5.20354E+11,2026-02-20,2026-02-28,4,234,Outbound Shipment Materials,4.06,0.48,4.54
14430853,IF4041438665,32134301,G1V2L8SPO - Sports Experts,5.20354E+11,2026-02-20,2026-02-28,1,234,Outbound Freight,1.25,0.06,1.31
14431319,IF4041439013,32144915,G6P4A2SIG - SIGNE POUR LUI INC.,1Z2VW7552092344081,2026-02-20,2026-02-28,5,207,Outbound Freight,14.72,0.74,15.46
14431319,IF4041439013,32144915,G6P4A2SIG - SIGNE POUR LUI INC.,1Z2VW7552092344081,2026-02-20,2026-02-28,0,207,Outbound Shipment Materials,0.48,0.05,0.53
14434873,IF4041438827,32140933,P5N2W8MOO - MOONBEAM COUNTRY STORE,1Z2VW7552094421449,2026-02-21,2026-02-28,33,8772,Outbound Shipment Materials,32.84,3.94,36.78
14434873,IF4041438827,32140933,P5N2W8MOO - MOONBEAM COUNTRY STORE,1Z2VW7552094421449,2026-02-21,2026-02-28,282,8772,Outbound Freight,99.34,12.91,112.25
14434879,IF4041438849,32141479,A2B1K7GEN - GENTLEMAN B LIFESTYLE,1Z2VW7552090451638,2026-02-21,2026-02-28,34,9900,Outbound Shipment Materials,34.43,4.13,38.56
14434879,IF4041438849,32141479,A2B1K7GEN - GENTLEMAN B LIFESTYLE,1Z2VW7552090451638,2026-02-21,2026-02-28,280,9900,Outbound Freight,126.31,18.95,145.26
14434880,IF4041438851,32141480,V0R1X0NOR - NORTH ROAD SPORTS,4.00747E+15,2026-02-21,2026-02-28,26,6373,Outbound Shipment Materials,26.04,3.12,29.16
14434880,IF4041438851,32141480,V0R1X0NOR - NORTH ROAD SPORTS,4.00747E+15,2026-02-21,2026-02-28,179,6373,Outbound Freight,115.79,5.79,121.58
14434882,IF4041438859,32141487,S0C0R0KIN - KINGS DEPARTMENT STORE,5.20354E+11,2026-02-21,2026-02-28,9,2749,Outbound Shipment Materials,9.3,1.12,10.42
14434882,IF4041438859,32141487,S0C0R0KIN - KINGS DEPARTMENT STORE,5.20354E+11,2026-02-21,2026-02-28,86,2749,Outbound Freight,36.55,1.83,38.38
14434883,IF4041438861,32141489,P7C5V3FRE - FRESH AIR,5.20354E+11,2026-02-21,2026-02-28,196,7391.5,Outbound Freight,58.98,7.67,66.65
14434883,IF4041438861,32141489,P7C5V3FRE - FRESH AIR,5.20354E+11,2026-02-21,2026-02-28,19,7391.5,Outbound Shipment Materials,18.6,2.23,20.83
14434884,IF4041438862,32141490,V0J1E0BLU - BLU JAY SPORTS,4.00747E+15,2026-02-21,2026-02-28,17,382.5,Outbound Freight,13.74,0.69,14.43
14434884,IF4041438862,32141490,V0J1E0BLU - BLU JAY SPORTS,4.00747E+15,2026-02-21,2026-02-28,3,382.5,Outbound Shipment Materials,2.93,0.36,3.29
14434885,IF4041438863,32141491,V0J1E0BLU - BLU JAY SPORTS,5.20354E+11,2026-02-21,2026-02-28,75,2773,Outbound Freight,42.14,2.11,44.25
14434885,IF4041438863,32141491,V0J1E0BLU - BLU JAY SPORTS,5.20354E+11,2026-02-21,2026-02-28,14,2773,Outbound Shipment Materials,13.95,1.68,15.63
14434886,IF4041438870,32141496,S0E0A7HAR - HAROLDS FOOTWEAR APPAREL,5.20354E+11,2026-02-21,2026-02-28,23,6573.5,Outbound Shipment Materials,22.66,2.72,25.38
14434886,IF4041438870,32141496,S0E0A7HAR - HAROLDS FOOTWEAR APPAREL,5.20354E+11,2026-02-21,2026-02-28,186,6573.5,Outbound Freight,62.24,3.11,65.35
14434887,IF4041438878,32141670,V0J2N0LOC - LOCAL SUPPLY CO,5.20354E+11,2026-02-21,2026-02-28,62,1984.5,Outbound Freight,28.62,1.43,30.05
14434887,IF4041438878,32141670,V0J2N0LOC - LOCAL SUPPLY CO,5.20354E+11,2026-02-21,2026-02-28,7,1984.5,Outbound Shipment Materials,7.33,0.88,8.21
14434889,IF4041438881,32141673,P0T1T0BRA - BRAGGS,1Z2VW7552094812517,2026-02-21,2026-02-28,23,6905.5,Outbound Shipment Materials,22.66,2.72,25.38
14434889,IF4041438881,32141673,P0T1T0BRA - BRAGGS,1Z2VW7552094812517,2026-02-21,2026-02-28,190,6905.5,Outbound Freight,94.42,12.27,106.69
14434890,IF4041438888,32141677,V0H1H0CRE - CREATIVE CUSTOM EMBROIDERY dba WORK N PL,5.20354E+11,2026-02-21,2026-02-28,475,12970,Outbound Freight,127.93,6.4,134.33
14434890,IF4041438888,32141677,V0H1H0CRE - CREATIVE CUSTOM EMBROIDERY dba WORK N PL,5.20354E+11,2026-02-21,2026-02-28,48,12970,Outbound Shipment Materials,47.99,5.76,53.75
14434893,IF4041438894,32141682,S9A3W6FF2 - FF2,5.20354E+11,2026-02-21,2026-02-28,28,2961,Outbound Shipment Materials,27.77,3.33,31.1
14434893,IF4041438894,32141682,S9A3W6FF2 - FF2,5.20354E+11,2026-02-21,2026-02-28,110,2961,Outbound Freight,36.53,1.83,38.36
14434894,IF4041438895,32141683,R9A1S4FUN - FUNKY THREADZ,5.20354E+11,2026-02-21,2026-02-28,14,3268,Outbound Shipment Materials,13.95,1.68,15.63
14434894,IF4041438895,32141683,R9A1S4FUN - FUNKY THREADZ,5.20354E+11,2026-02-21,2026-02-28,79,3268,Outbound Freight,48.11,2.41,50.52
14434897,IF4041438905,32141690,V2G4T6CAR - CARIBOU SKI SOURCE FOR SPORTS,5.20354E+11,2026-02-21,2026-02-28,14,2635,Outbound Shipment Materials,13.95,1.68,15.63
14434897,IF4041438905,32141690,V2G4T6CAR - CARIBOU SKI SOURCE FOR SPORTS,5.20354E+11,2026-02-21,2026-02-28,1,2635,Outbound Freight,7.75,0.39,8.14
14434898,IF4041438910,32141693,G6P4A2SIG - SIGNE POUR LUI INC.,1Z2VW7552092900569,2026-02-21,2026-02-28,41,1377,Outbound Freight,26.63,1.33,27.96
14434898,IF4041438910,32141693,G6P4A2SIG - SIGNE POUR LUI INC.,1Z2VW7552092900569,2026-02-21,2026-02-28,5,1377,Outbound Shipment Materials,4.65,0.56,5.21
14434899,IF4041438922,32141704,J2S3J1BOU - BOUTIQUE MV dba M&V,1Z2VW7552093763171,2026-02-21,2026-02-28,33,9300,Outbound Shipment Materials,32.55,3.91,36.46
14434899,IF4041438922,32141704,J2S3J1BOU - BOUTIQUE MV dba M&V,1Z2VW7552093763171,2026-02-21,2026-02-28,236,9300,Outbound Freight,89.04,4.45,93.49
14434903,IF4041438931,32142278,R7N1J2507 - 5077070 MANITOBA LTD. dba PARKLAND SOURC,5.20354E+11,2026-02-21,2026-02-28,23,5212,Outbound Shipment Materials,22.66,2.72,25.38
14434903,IF4041438931,32142278,R7N1J2507 - 5077070 MANITOBA LTD. dba PARKLAND SOURC,5.20354E+11,2026-02-21,2026-02-28,154,5212,Outbound Freight,68.3,3.42,71.72
14434906,IF4041439019,32144920,V1N2M9MAL - MALLARDS SOURCE FOR SPORTS,5.20354E+11,2026-02-21,2026-02-28,9,2564,Outbound Shipment Materials,8.71,1.05,9.76
14434906,IF4041439019,32144920,V1N2M9MAL - MALLARDS SOURCE FOR SPORTS,5.20354E+11,2026-02-21,2026-02-28,2,2564,Outbound Freight,2.5,0.13,2.63
14434912,IF4041438997,32144900,E2A1A6THE - THE CAPTAINS CABIN,3.99175E+11,2026-02-21,2026-02-28,95,2237,Outbound Freight,37.02,5.55,42.57
14434912,IF4041438997,32144900,E2A1A6THE - THE CAPTAINS CABIN,3.99175E+11,2026-02-21,2026-02-28,8,2237,Outbound Shipment Materials,7.58,0.91,8.49
14434913,IF4041439643,32178594,P5N2W8MOO - MOONBEAM COUNTRY STORE,5.20354E+11,2026-02-21,2026-02-28,1,0,Outbound Freight,21.88,2.84,24.72
14434913,IF4041439643,32178594,P5N2W8MOO - MOONBEAM COUNTRY STORE,5.20354E+11,2026-02-21,2026-02-28,3,0,Outbound Shipment Materials,2.93,0.36,3.29
14434915,IF4041439491,32168614,S0A2P0OUT - OUT OF THE BOX STORE,5.20354E+11,2026-02-21,2026-02-28,9,3159,Outbound Shipment Materials,8.71,1.05,9.76
14434915,IF4041439491,32168614,S0A2P0OUT - OUT OF THE BOX STORE,5.20354E+11,2026-02-21,2026-02-28,92,3159,Outbound Freight,26.8,1.34,28.14
14434916,IF4041439004,32144907,S0E0A7HAR - HAROLDS FOOTWEAR APPAREL,5.20354E+11,2026-02-21,2026-02-28,191,6226,Outbound Freight,69.58,3.48,73.06
14434916,IF4041439004,32144907,S0E0A7HAR - HAROLDS FOOTWEAR APPAREL,5.20354E+11,2026-02-21,2026-02-28,27,6226,Outbound Shipment Materials,27.31,3.28,30.59
14434918,IF4041438991,32144894,N0B1S0ARI - ARIA BOUTIQUE,1Z2VW7552097170009,2026-02-21,2026-02-28,17,3100,Outbound Shipment Materials,16.88,2.02,18.9
14434918,IF4041438991,32144894,N0B1S0ARI - ARIA BOUTIQUE,1Z2VW7552097170009,2026-02-21,2026-02-28,96,3100,Outbound Freight,46.08,5.99,52.07
14434924,IF4041439646,32178597,A0P1E0BLI - BLIZZARD CORP. LTD.,4.00747E+15,2026-02-21,2026-02-28,1,0,Outbound Freight,26.5,3.98,30.48
14434924,IF4041439646,32178597,A0P1E0BLI - BLIZZARD CORP. LTD.,4.00747E+15,2026-02-21,2026-02-28,3,0,Outbound Shipment Materials,2.93,0.36,3.29
14434925,IF4041439705,32182508,L9H1T7ADV - ADVENTURE ATTIC,1Z2VW7552098378365,2026-02-21,2026-02-28,18,5028,Outbound Shipment Materials,18.3,2.2,20.5
14434925,IF4041439705,32182508,L9H1T7ADV - ADVENTURE ATTIC,1Z2VW7552098378365,2026-02-21,2026-02-28,154,5028,Outbound Freight,41.13,5.35,46.48
14434926,IF4041439727,32183644,A0P1E0BLI - BLIZZARD CORP. LTD.,4.00747E+15,2026-02-21,2026-02-28,84,2945.5,Outbound Freight,118.77,17.82,136.59
14434926,IF4041439727,32183644,A0P1E0BLI - BLIZZARD CORP. LTD.,4.00747E+15,2026-02-21,2026-02-28,13,2945.5,Outbound Shipment Materials,13.36,1.61,14.97
14434928,IF4041439729,32183646,K9J2T7WIL - WILD ROCK OUTFITTERS,1Z2VW7552093486695,2026-02-21,2026-02-28,65,2455,Outbound Freight,30.86,4.01,34.87
14434928,IF4041439729,32183646,K9J2T7WIL - WILD ROCK OUTFITTERS,1Z2VW7552093486695,2026-02-21,2026-02-28,9,2455,Outbound Shipment Materials,9.3,1.12,10.42
14434932,IF4041439740,32183655,V0N2J2ALL - ALLISON TAYLOR dba INIS TRADING CO,3.99176E+11,2026-02-21,2026-02-28,85,3508.5,Outbound Freight,33.83,1.69,35.52
14434932,IF4041439740,32183655,V0N2J2ALL - ALLISON TAYLOR dba INIS TRADING CO,3.99176E+11,2026-02-21,2026-02-28,9,3508.5,Outbound Shipment Materials,9.3,1.12,10.42
14434937,IF4041439866,32193245,P0L1N0CHI - CHICO JEANS,3.99178E+11,2026-02-21,2026-02-28,104,3072.5,Outbound Freight,63.54,8.26,71.8
14434937,IF4041439866,32193245,P0L1N0CHI - CHICO JEANS,3.99178E+11,2026-02-21,2026-02-28,14,3072.5,Outbound Shipment Materials,13.95,1.68,15.63
14434938,IF4041439871,32193250,V0H1H0CRE - CREATIVE CUSTOM EMBROIDERY dba WORK N PL,5.20354E+11,2026-02-21,2026-02-28,4,837,Outbound Shipment Materials,4.06,0.48,4.54
14434938,IF4041439871,32193250,V0H1H0CRE - CREATIVE CUSTOM EMBROIDERY dba WORK N PL,5.20354E+11,2026-02-21,2026-02-28,18,837,Outbound Freight,19.75,0.99,20.74
14434941,IF4041439899,32194707,L3K3E7VIL - VILLAGES PORT COLBORNE,1Z2VW7552092856037,2026-02-21,2026-02-28,32,759.4,Outbound Freight,20.11,2.61,22.72
14434941,IF4041439899,32194707,L3K3E7VIL - VILLAGES PORT COLBORNE,1Z2VW7552092856037,2026-02-21,2026-02-28,4,759.4,Outbound Shipment Materials,4.06,0.48,4.54
14457353,IF4041440583,32239558,A0E1P0OUT - OUTPORT BOUTIQUE INC.,3.99177E+11,2026-02-27,2026-02-28,12,3550.5,Outbound Shipment Materials,11.77,1.41,13.18
14457353,IF4041440583,32239558,A0E1P0OUT - OUTPORT BOUTIQUE INC.,3.99177E+11,2026-02-27,2026-02-28,107,3550.5,Outbound Freight,42.37,6.36,48.73
14457354,IF4041440587,32239862,V8L1X7COT - COTTONS AND BLUES,1Z2VW7552093965819,2026-02-27,2026-02-28,57,2179.5,Outbound Freight,20.46,1.02,21.48
14457354,IF4041440587,32239862,V8L1X7COT - COTTONS AND BLUES,1Z2VW7552093965819,2026-02-27,2026-02-28,9,2179.5,Outbound Shipment Materials,9.3,1.12,10.42
14457356,IF4041440588,32239863,S0L2V0GOG - GOGH SPORTS COMPANY LTD. DBA ATHLETE'S H,5.20354E+11,2026-02-27,2026-02-28,62,1839.5,Outbound Freight,25.9,1.3,27.2
14457356,IF4041440588,32239863,S0L2V0GOG - GOGH SPORTS COMPANY LTD. DBA ATHLETE'S H,5.20354E+11,2026-02-27,2026-02-28,7,1839.5,Outbound Shipment Materials,7.12,0.86,7.98
14457364,IF4041440761,32252575,B3J2H8SWE - SWEET PEA,1Z2VW7552095552798,2026-02-27,2026-02-28,3,0,Outbound Shipment Materials,2.93,0.36,3.29
14457364,IF4041440761,32252575,B3J2H8SWE - SWEET PEA,1Z2VW7552095552798,2026-02-27,2026-02-28,1,0,Outbound Freight,16.77,2.35,19.12
14457409,IF4041440855,32255345,B3J2H8SWE - SWEET PEA,3.99178E+11,2026-02-27,2026-02-28,61,3089,Outbound Freight,37.02,5.18,42.2
14457409,IF4041440855,32255345,B3J2H8SWE - SWEET PEA,3.99178E+11,2026-02-27,2026-02-28,10,3089,Outbound Shipment Materials,10.05,1.2,11.25
14457422,IF4041440968,32262013,K0E1T0ONC - ONCE @426 BOUTIQUE + MARKET,1Z2VW7552091923644,2026-02-27,2026-02-28,75,2416,Outbound Freight,48.04,6.25,54.29
14457422,IF4041440968,32262013,K0E1T0ONC - ONCE @426 BOUTIQUE + MARKET,1Z2VW7552091923644,2026-02-27,2026-02-28,11,2416,Outbound Shipment Materials,11.18,1.34,12.52
Storage,Client Ref 1,Client Ref 2,Shipped From,BOL Number,,,,,Service,,,
20786,,,,,2026-03-01,2026-02-28,160259,0,Storage,11472.85,573.65,12046.5
Work Order,Client Ref 1,Client Ref 2,Parent Document,PO Number,,,,,Service,,,
3867140,Creating SSCC labels,Sporting life,,,2026-02-06,2026-02-10,2,0,Data Entry Labour,94.5,4.73,99.23
3860352,IF4041436300,32012732,184330,184330,2026-01-27,2026-02-17,5,0,Tagging,236.25,11.81,248.06
3869533,IF4041438251,32118831,184343,184343,2026-02-11,2026-02-17,0,0,Tagging,15.59,0.78,16.37
3869532,IF4041438250,32118830,184342,184342,2026-02-11,2026-02-17,2,0,Tagging,82.69,4.13,86.82
3869531,IF4041438248,32118829,184341,184341,2026-02-11,2026-02-17,1,0,Tagging,59.06,2.95,62.01
3869530,IF4041438246,32118828,184340,184340,2026-02-11,2026-02-17,1,0,Tagging,59.06,2.95,62.01
3869529,IF4041438245,32118827,184339,184339,2026-02-11,2026-02-17,1,0,Tagging,59.06,2.95,62.01
3869543,IF4041438352,32124025,184066,184066,2026-02-11,2026-02-17,7,0,Tagging,330.75,16.54,347.29
3869527,IF4041438243,32118825,184337,184337,2026-02-11,2026-02-17,1,0,Tagging,59.06,2.95,62.01
3869528,IF4041438244,32118826,184338,184338,2026-02-11,2026-02-17,1,0,Tagging,59.06,2.95,62.01
3869504,IF4041438215,32118303,184062,184062,2026-02-11,2026-02-17,1,0,Tagging,35.44,1.77,37.21
3869506,IF4041438216,32118304,184063,184063,2026-02-11,2026-02-17,1,0,Tagging,35.44,1.77,37.21
3869525,IF4041438241,32118823,184334,184334,2026-02-11,2026-02-17,1,0,Tagging,59.06,2.95,62.01
3869526,IF4041438242,32118824,184336,184336,2026-02-11,2026-02-17,1,0,Tagging,59.06,2.95,62.01
3869537,IF4041438255,32118835,184347,184347,2026-02-11,2026-02-17,0,0,Tagging,17.96,0.9,18.86
3869536,IF4041438254,32118834,184346,184346,2026-02-11,2026-02-17,0,0,Tagging,17.96,0.9,18.86
3869541,IF4041438259,32118839,184351,184351,2026-02-11,2026-02-18,0,0,Tagging,17.96,0.9,18.86
3869540,IF4041438258,32118838,184350,184350,2026-02-11,2026-02-18,0,0,Tagging,17.96,0.9,18.86
3869538,IF4041438256,32118836,184348,184348,2026-02-11,2026-02-18,0,0,Tagging,17.96,0.9,18.86
3869517,IF4041438229,32118815,184215,184215,2026-02-11,2026-02-18,2,0,Tagging,106.31,5.32,111.63
3873828,IF4041438121,32115641,SLI-058713,SLI-058713,2026-02-18,2026-02-18,15,0,Warehouse Labour,708.75,35.44,744.19
3873828,IF4041438121,32115641,SLI-058713,SLI-058713,2026-02-18,2026-02-18,1148,0,Shop Supplies,11.48,0.57,12.05
3869507,IF4041438217,32118305,184064,184064,2026-02-11,2026-02-18,1,0,Tagging,39.22,1.96,41.18
3869515,IF4041438227,32118813,184213,184213,2026-02-11,2026-02-18,2,0,Tagging,82.69,4.13,86.82
3869516,IF4041438228,32118814,184214,184214,2026-02-11,2026-02-18,2,0,Tagging,94.5,4.73,99.23
3869494,IF4041438203,32118293,184052,184052,2026-02-11,2026-02-18,3,0,Tagging,141.75,7.09,148.84
3869493,IF4041438202,32118292,184051,184051,2026-02-11,2026-02-18,4,0,Tagging,165.38,8.27,173.65
3860344,IF4041436291,32012724,184320,184320,2026-01-27,2026-02-18,2,0,Tagging,94.5,4.73,99.23
3869508,IF4041438218,32118306,184065,184065,2026-02-11,2026-02-18,1,0,Tagging,47.25,2.36,49.61
3869503,IF4041438212,32118301,184060,184060,2026-02-11,2026-02-18,1,0,Tagging,43.47,2.17,45.64
3869505,IF4041438214,32118302,184061,184061,2026-02-11,2026-02-18,1,0,Tagging,47.25,2.36,49.61
3869512,IF4041438222,32118309,184177,184177,2026-02-11,2026-02-19,3,0,Tagging,153.56,7.68,161.24
3882540,BigSteelBox,INV347442,,,2026-03-03,2026-02-19,1,0,Recoverable Materials,1818.67,218.24,2036.91
3874572,IF4041438764,32140131,4500769841,4500769841,2026-02-19,2026-02-19,2,0,Warehouse Labour,70.88,3.54,74.42
3874572,IF4041438764,32140131,4500769841,4500769841,2026-02-19,2026-02-19,193,0,Shop Supplies,1.93,0.1,2.03
3874580,IF4041438768,32140136,4500769842,4500769842,2026-02-19,2026-02-19,113,0,Shop Supplies,1.13,0.06,1.19
3874580,IF4041438768,32140136,4500769842,4500769842,2026-02-19,2026-02-19,2,0,Warehouse Labour,70.88,3.54,74.42
3874785,IF4041438765,32140132,4500771437,4500771437,2026-02-19,2026-02-19,152,0,Shop Supplies,1.52,0.08,1.6
3874785,IF4041438765,32140132,4500771437,4500771437,2026-02-19,2026-02-19,1,0,Warehouse Labour,59.06,2.95,62.01
3874788,IF4041438767,32140134,4500771438,4500771438,2026-02-19,2026-02-19,1,0,Warehouse Labour,59.06,2.95,62.01
3874788,IF4041438767,32140134,4500771438,4500771438,2026-02-19,2026-02-19,108,0,Shop Supplies,1.08,0.05,1.13
3874794,IF4041438769,32140137,4500769843,4500769843,2026-02-19,2026-02-19,1,0,Warehouse Labour,59.06,2.95,62.01
3874794,IF4041438769,32140137,4500769843,4500769843,2026-02-19,2026-02-19,89,0,Shop Supplies,0.89,0.04,0.93
3874796,IF4041438766,32140133,4500771439,4500771439,2026-02-19,2026-02-19,1,0,Warehouse Labour,59.06,2.95,62.01
3874796,IF4041438766,32140133,4500771439,4500771439,2026-02-19,2026-02-19,76,0,Shop Supplies,0.76,0.04,0.8
3869542,IF4041438261,32118840,184352,184352,2026-02-11,2026-02-19,8,0,Tagging,378,18.9,396.9
3869496,IF4041438204,32118294,184053,184053,2026-02-11,2026-02-20,1,0,Tagging,47.25,2.36,49.61
3869511,IF4041438220,32118308,184175,184175,2026-02-11,2026-02-20,4,0,Tagging,189,9.45,198.45
3869518,IF4041438230,32118816,184216,184216,2026-02-11,2026-02-20,2,0,Tagging,94.5,4.73,99.23
3869519,IF4041438232,32118817,184217,184217,2026-02-11,2026-02-20,2,0,Tagging,94.5,4.73,99.23
3869498,IF4041438207,32118296,184055,184055,2026-02-11,2026-02-20,2,0,Tagging,70.88,3.54,74.42
3869520,IF4041438233,32118818,184218,184218,2026-02-11,2026-02-20,2,0,Tagging,82.69,4.13,86.82
3869513,IF4041438223,32118310,184182,184182,2026-02-11,2026-02-20,3,0,Tagging,141.75,7.09,148.84
3869521,IF4041438236,32118819,184229,184229,2026-02-11,2026-02-20,2,0,Tagging,70.88,3.54,74.42
3869523,IF4041438238,32118821,184231,184231,2026-02-11,2026-02-20,2,0,Tagging,82.69,4.13,86.82
3869514,IF4041438226,32118326,184183,184183,2026-02-11,2026-02-20,3,0,Tagging,141.75,7.09,148.84
3869510,IF4041438219,32118307,184169,184169,2026-02-11,2026-02-21,4,0,Tagging,212.63,10.63,223.26
3869497,IF4041438205,32118295,184054,184054,2026-02-11,2026-02-21,1,0,Tagging,59.06,2.95,62.01
3869502,IF4041438211,32118300,184059,184059,2026-02-11,2026-02-21,1,0,Tagging,59.06,2.95,62.01
3869501,IF4041438210,32118299,184057,184057,2026-02-11,2026-02-21,1,0,Tagging,59.06,2.95,62.01
3869499,IF4041438208,32118297,184056,184056,2026-02-11,2026-02-21,2,0,Tagging,70.88,3.54,74.42
3869500,IF4041438209,32118298,184057,184057,2026-02-11,2026-02-21,1,0,Tagging,62.84,3.14,65.98
3869522,IF4041438237,32118820,184230,184230,2026-02-11,2026-02-21,2,0,Tagging,70.88,3.54,74.42
3869524,IF4041438240,32118822,184232,184232,2026-02-11,2026-02-21,14,0,Tagging,661.5,33.08,694.58
3870432,IF4041438767,32140134,4500771438,4500771438,2026-02-12,2026-02-21,2,0,Tagging,70.88,3.54,74.42
3870433,IF4041438768,32140136,4500769842,4500769842,2026-02-12,2026-02-21,2,0,Tagging,70.88,3.54,74.42
3874627,IF4041438766,32140133,4500771439,4500771439,2026-02-19,2026-02-21,1,0,Tagging,47.25,2.36,49.61
3876051,Overtime,02/21/2026,,,2026-02-21,2026-02-21,147,0,Overtime,3473.61,173.68,3647.29
3876779,IF4041439071,32147936,184051,184051,2026-02-23,2026-02-23,1,0,Warehouse Labour,59.06,2.95,62.01
3876779,IF4041439071,32147936,184051,184051,2026-02-23,2026-02-23,73,0,Shop Supplies,0.73,0.04,0.77
3876781,IF4041439073,32147937,184052,184052,2026-02-23,2026-02-23,73,0,Shop Supplies,0.73,0.04,0.77
3876781,IF4041439073,32147937,184052,184052,2026-02-23,2026-02-23,1,0,Warehouse Labour,59.06,2.95,62.01
3870431,IF4041438765,32140132,4500771437,4500771437,2026-02-12,2026-02-23,2,0,Tagging,70.88,3.54,74.42
3876853,IF4041439092,32147953,184066,184066,2026-02-23,2026-02-23,488,0,Shop Supplies,4.88,0.24,5.12
3876853,IF4041439092,32147953,184066,184066,2026-02-23,2026-02-23,1,0,Warehouse Labour,59.06,2.95,62.01
3876875,IF4041438505,32131648,185863M,185863M,2026-02-23,2026-02-23,2,0,Warehouse Labour,118.13,5.91,124.04
3870430,IF4041438764,32140131,4500769841,4500769841,2026-02-12,2026-02-23,2,0,Tagging,118.13,5.91,124.04
3874626,IF4041438769,32140137,4500769843,4500769843,2026-02-19,2026-02-23,1,0,Tagging,47.25,2.36,49.61
3875160,IF4041439059,32147926,184343,184343,2026-02-20,2026-02-23,1,0,Tagging,35.44,1.77,37.21
3877031,IF4041439059,32147926,184343,184343,2026-02-23,2026-02-23,1,0,Warehouse Labour,47.25,2.36,49.61
3877031,IF4041439059,32147926,184343,184343,2026-02-23,2026-02-23,30,0,Shop Supplies,0.3,0.02,0.32
3868396,IF4041438122,32115642,SLI-058725,SLI-058725,2026-02-09,2026-02-23,1,0,Tagging,31.66,1.58,33.24
3868393,IF4041438119,32115639,SLI-058722,SLI-058722,2026-02-09,2026-02-23,1,0,Tagging,35.44,1.77,37.21
3868388,IF4041438114,32115634,SLI-058723,SLI-058723,2026-02-09,2026-02-23,0,0,Tagging,23.63,1.18,24.81
3868389,IF4041438115,32115635,SLI-058724,SLI-058724,2026-02-09,2026-02-23,1,0,Tagging,31.66,1.58,33.24
3868386,IF4041438112,32115632,SLI-058718,SLI-058718,2026-02-09,2026-02-23,1,0,Tagging,55.28,2.76,58.04
3876872,IF4041438760,32140030,PO00378752,PO00378752,2026-02-23,2026-02-23,0,0,Vendor Compliance,2.36,0.12,2.48
3868392,IF4041438118,32115638,SLI-058716,SLI-058716,2026-02-09,2026-02-23,1,0,Tagging,31.66,1.58,33.24
3875155,IF4041439061,32147928,184345,184345,2026-02-20,2026-02-23,0,0,Tagging,23.63,1.18,24.81
3877061,IF4041439061,32147928,184345,184345,2026-02-23,2026-02-23,30,0,Shop Supplies,0.3,0.02,0.32
3877061,IF4041439061,32147928,184345,184345,2026-02-23,2026-02-23,1,0,Warehouse Labour,47.25,2.36,49.61
3875161,IF4041439057,32147924,184341,184341,2026-02-20,2026-02-23,0,0,Tagging,23.63,1.18,24.81
3877063,IF4041439057,32147924,184341,184341,2026-02-23,2026-02-23,30,0,Shop Supplies,0.3,0.02,0.32
3877063,IF4041439057,32147924,184341,184341,2026-02-23,2026-02-23,1,0,Warehouse Labour,47.25,2.36,49.61
3877086,IF4041438781,32140361,PO00378741,PO00378741,2026-02-23,2026-02-23,0,0,Vendor Compliance,11.81,0.59,12.4
3868385,IF4041438111,32115631,SLI-058717,SLI-058717,2026-02-09,2026-02-23,0,0,Tagging,23.63,1.18,24.81
3868390,IF4041438116,32115636,SLI-058728,SLI-058728,2026-02-09,2026-02-23,0,0,Tagging,23.63,1.18,24.81
3877092,IF4041439054,32147921,184338,184338,2026-02-23,2026-02-23,1,0,Warehouse Labour,47.25,2.36,49.61
3877092,IF4041439054,32147921,184338,184338,2026-02-23,2026-02-23,30,0,Shop Supplies,0.3,0.02,0.32
3875174,IF4041439054,32147921,184338,184338,2026-02-20,2026-02-23,1,0,Tagging,27.41,1.37,28.78
3875177,IF4041439052,32147919,184336,184336,2026-02-20,2026-02-23,0,0,Tagging,23.63,1.18,24.81
3877094,IF4041439052,32147919,184336,184336,2026-02-23,2026-02-23,48,0,Shop Supplies,0.48,0.02,0.5
3877094,IF4041439052,32147919,184336,184336,2026-02-23,2026-02-23,1,0,Warehouse Labour,47.25,2.36,49.61
3868391,IF4041438117,32115637,SLI-058721,SLI-058721,2026-02-09,2026-02-23,1,0,Tagging,47.25,2.36,49.61
3877103,IF4041438117,32115637,SLI-058721,SLI-058721,2026-02-23,2026-02-23,66,0,Shop Supplies,0.66,0.03,0.69
3877103,IF4041438117,32115637,SLI-058721,SLI-058721,2026-02-23,2026-02-23,1,0,Warehouse Labour,47.25,2.36,49.61
3877134,IF4041438774,32140033,PO00378746,PO00378746,2026-02-23,2026-02-23,2,0,Data Entry Labour,78.44,3.92,82.36
3877146,Overtime,2/23/2026,,,2026-02-23,2026-02-23,20,0,Overtime,472.6,23.63,496.23
3877150,IF4041438983,32144886,206854,206854,2026-02-23,2026-02-23,8,0,Warehouse Labour,378,18.9,396.9
3868394,IF4041438120,32115640,SLI-058719,SLI-058719,2026-02-09,2026-02-23,1,0,Tagging,27.41,1.37,28.78
3868387,IF4041438113,32115633,SLI-058715,SLI-058715,2026-02-09,2026-02-23,1,0,Tagging,27.41,1.37,28.78
3877135,IF4041438774,32140033,PO00378746,PO00378746,2026-02-23,2026-02-24,0,0,Vendor Compliance,8.03,0.4,8.43
3877372,IF4041438144,32115662,SLI-064623,SLI-064623,2026-02-24,2026-02-24,15,0,Warehouse Labour,708.75,35.44,744.19
3877372,IF4041438144,32115662,SLI-064623,SLI-064623,2026-02-24,2026-02-24,2665,0,Shop Supplies,26.65,1.33,27.98
3877501,IF4041439105,32148428,SLI-064623,SLI-064623,2026-02-24,2026-02-24,200,0,Shop Supplies,2,0.1,2.1
3877501,IF4041439105,32148428,SLI-064623,SLI-064623,2026-02-24,2026-02-24,15,0,Warehouse Labour,708.75,35.44,744.19
3877542,IF4041438777,32140360,PO00378745,PO00378745,2026-02-24,2026-02-24,1,0,Data Entry Labour,47.25,2.36,49.61
3877640,IF4041439062,32147929,184352,184352,2026-02-24,2026-02-24,552,0,Shop Supplies,5.52,0.28,5.8
3877640,IF4041439062,32147929,184352,184352,2026-02-24,2026-02-24,1,0,Warehouse Labour,47.25,2.36,49.61
3875185,IF4041439062,32147929,184352,184352,2026-02-20,2026-02-24,5,0,Tagging,236.25,11.81,248.06
3877177,IF4041438775,32140034,PO00378749,PO00378749,2026-02-23,2026-02-24,0,0,Vendor Compliance,8.03,0.4,8.43
3877544,IF4041438777,32140360,PO00378745,PO00378745,2026-02-24,2026-02-24,0,0,Vendor Compliance,4.73,0.24,4.97
3877664,IF4041438907,32142268,PO00378747,PO00378747,2026-02-24,2026-02-24,0,0,Vendor Compliance,4.73,0.24,4.97
3872980,IF4041438983,32144886,206854,206854,2026-02-17,2026-02-24,7,0,Warehouse Labour,330.75,16.54,347.29
3877734,IF4041437076,32058982,185866H,185866H,2026-02-24,2026-02-24,1,0,Warehouse Labour,35.44,1.77,37.21
3877738,IF4041438506,32131649,185862W,185862W,2026-02-24,2026-02-24,2,0,Warehouse Labour,94.5,4.73,99.23
3877743,IF4041438926,32142275,185867Bag,185867Bag,2026-02-24,2026-02-24,0,0,Warehouse Labour,11.81,0.59,12.4
3877747,IF4041439053,32147920,184337,184337,2026-02-24,2026-02-24,30,0,Shop Supplies,0.3,0.02,0.32
3877747,IF4041439053,32147920,184337,184337,2026-02-24,2026-02-24,1,0,Warehouse Labour,47.25,2.36,49.61
3875152,IF4041439053,32147920,184337,184337,2026-02-20,2026-02-24,0,0,Tagging,23.63,1.18,24.81
3877750,IF4041439056,32147923,184340,184340,2026-02-24,2026-02-24,30,0,Shop Supplies,0.3,0.02,0.32
3877750,IF4041439056,32147923,184340,184340,2026-02-24,2026-02-24,1,0,Warehouse Labour,47.25,2.36,49.61
3875151,IF4041439056,32147923,184340,184340,2026-02-20,2026-02-24,1,0,Tagging,27.41,1.37,28.78
3868398,IF4041438124,32115644,SLI-058726,SLI-058726,2026-02-09,2026-02-24,1,0,Tagging,35.44,1.77,37.21
3868397,IF4041438123,32115643,SLI-058720,SLI-058720,2026-02-09,2026-02-24,1,0,Tagging,35.44,1.77,37.21
3868399,IF4041438125,32115645,SLI-058727,SLI-058727,2026-02-09,2026-02-24,1,0,Tagging,39.22,1.96,41.18
3868395,IF4041438121,32115641,SLI-058713,SLI-058713,2026-02-09,2026-02-24,2,0,Tagging,94.5,4.73,99.23
3872986,IF4041439095,32147956,SLI-064656,SLI-064656,2026-02-17,2026-02-24,0,0,Tagging,6.14,0.31,6.45
3872988,IF4041439103,32148426,SLI-064642,SLI-064642,2026-02-17,2026-02-24,0,0,Tagging,6.14,0.31,6.45
3872982,IF4041439098,32148421,SLI-064655,SLI-064655,2026-02-17,2026-02-24,0,0,Tagging,6.14,0.31,6.45
3877785,IF4041439060,32147927,184344,184344,2026-02-24,2026-02-24,30,0,Shop Supplies,0.3,0.02,0.32
3877785,IF4041439060,32147927,184344,184344,2026-02-24,2026-02-24,1,0,Warehouse Labour,47.25,2.36,49.61
3875182,IF4041439060,32147927,184344,184344,2026-02-20,2026-02-24,0,0,Tagging,19.85,0.99,20.84
3877799,IF4041439051,32147918,184334,184334,2026-02-24,2026-02-24,1,0,Warehouse Labour,47.25,2.36,49.61
3877799,IF4041439051,32147918,184334,184334,2026-02-24,2026-02-24,48,0,Shop Supplies,0.48,0.02,0.5
3875148,IF4041439051,32147918,184334,184334,2026-02-20,2026-02-24,1,0,Tagging,27.41,1.37,28.78
3872984,IF4041439105,32148428,SLI-064623,SLI-064623,2026-02-17,2026-02-24,0,0,Tagging,19.85,0.99,20.84
3875180,IF4041439071,32147936,184051,184051,2026-02-20,2026-02-24,2,0,Tagging,70.88,3.54,74.42
3875173,IF4041439073,32147937,184052,184052,2026-02-20,2026-02-24,2,0,Tagging,70.88,3.54,74.42
3877840,SERVICE CENTER,RMA87687,,,2026-02-24,2026-02-24,8,0,Service Center Labor,378,18.9,396.9
3877869,Creating SSCC labels,,,,2026-02-24,2026-02-24,2,0,Data Entry Labour,94.5,4.73,99.23
3877880,Overtime,2/24/2026,,,2026-02-24,2026-02-24,26,0,Overtime,626.2,31.31,657.51
3877953,Applying SSCC Labels,,,,2026-02-24,2026-02-24,0,0,Vendor Compliance,19.85,0.99,20.84
3872967,IF4041439096,32148419,SLI-064648,SLI-064648,2026-02-17,2026-02-25,0,0,Tagging,6.14,0.31,6.45
3872985,IF4041439100,32148423,SLI-064639,SLI-064639,2026-02-17,2026-02-25,0,0,Tagging,6.14,0.31,6.45
3872983,IF4041439093,32147954,SLI-064647,SLI-064647,2026-02-17,2026-02-25,0,0,Tagging,6.14,0.31,6.45
3872981,IF4041439106,32148429,SLI-064641,SLI-064641,2026-02-17,2026-02-25,0,0,Tagging,6.14,0.31,6.45
3872978,IF4041439094,32147955,SLI-064654,SLI-064654,2026-02-17,2026-02-25,0,0,Tagging,6.14,0.31,6.45
3872969,IF4041439102,32148425,SLI-064645,SLI-064645,2026-02-17,2026-02-25,0,0,Tagging,6.14,0.31,6.45
3872974,IF4041439104,32148427,SLI-064651,SLI-064651,2026-02-17,2026-02-25,0,0,Tagging,6.14,0.31,6.45
3872968,IF4041439097,32148420,SLI-064643,SLI-064643,2026-02-17,2026-02-25,0,0,Tagging,6.14,0.31,6.45
3872970,IF4041439107,32148430,SLI-064652,SLI-064652,2026-02-17,2026-02-25,0,0,Tagging,6.14,0.31,6.45
3872977,IF4041439101,32148424,SLI-064646,SLI-064646,2026-02-17,2026-02-25,0,0,Tagging,6.14,0.31,6.45
3872971,IF4041439099,32148422,SLI-064644,SLI-064644,2026-02-17,2026-02-25,0,0,Tagging,6.14,0.31,6.45
3875187,IF4041439065,32147931,184175,184175,2026-02-20,2026-02-25,0,0,Tagging,11.81,0.59,12.4
3875170,IF4041439055,32147922,184339,184339,2026-02-20,2026-02-25,0,0,Tagging,23.63,1.18,24.81
3875145,IF4041439058,32147925,184342,184342,2026-02-20,2026-02-25,0,0,Tagging,23.63,1.18,24.81
3877864,IF4041438763,32140031,PO00378751,PO00378751,2026-02-24,2026-02-25,0,0,Vendor Compliance,8.03,0.4,8.43
3875172,IF4041439066,32147932,184177,184177,2026-02-20,2026-02-25,0,0,Tagging,11.81,0.59,12.4
3878144,IF4041439066,32147932,184177,184177,2026-02-25,2026-02-25,1,0,Warehouse Labour,47.25,2.36,49.61
3878144,IF4041439066,32147932,184177,184177,2026-02-25,2026-02-25,8,0,Shop Supplies,0.08,0,0.08
3878177,IF4041439069,32147934,184183,184183,2026-02-25,2026-02-25,8,0,Shop Supplies,0.08,0,0.08
3878177,IF4041439069,32147934,184183,184183,2026-02-25,2026-02-25,1,0,Warehouse Labour,47.25,2.36,49.61
3875146,IF4041439070,32147935,184232,184232,2026-02-20,2026-02-25,0,0,Tagging,11.81,0.59,12.4
3878180,IF4041439070,32147935,184232,184232,2026-02-25,2026-02-25,1,0,Warehouse Labour,47.25,2.36,49.61
3878180,IF4041439070,32147935,184232,184232,2026-02-25,2026-02-25,18,0,Shop Supplies,0.18,0.01,0.19
3875176,IF4041439064,32147930,184169,184169,2026-02-20,2026-02-25,0,0,Tagging,6.14,0.31,6.45
3878182,IF4041439064,32147930,184169,184169,2026-02-25,2026-02-25,1,0,Warehouse Labour,47.25,2.36,49.61
3878182,IF4041439064,32147930,184169,184169,2026-02-25,2026-02-25,8,0,Shop Supplies,0.08,0,0.08
3875154,IF4041439067,32147933,184182,184182,2026-02-20,2026-02-25,0,0,Tagging,6.14,0.31,6.45
3878184,IF4041439067,32147933,184182,184182,2026-02-25,2026-02-25,8,0,Shop Supplies,0.08,0,0.08
3878184,IF4041439067,32147933,184182,184182,2026-02-25,2026-02-25,1,0,Warehouse Labour,47.25,2.36,49.61
3877981,IF4041438770,32140032,PO00378748,PO00378748,2026-02-24,2026-02-25,0,0,Vendor Compliance,8.03,0.4,8.43
3868411,IF4041438144,32115662,SLI-064623,SLI-064623,2026-02-09,2026-02-25,6,0,Tagging,307.13,15.36,322.49
3868413,IF4041438146,32115665,SLI-064642,SLI-064642,2026-02-09,2026-02-25,2,0,Tagging,78.91,3.95,82.86
3878460,IF4041438942,32142878,PO00378750,PO00378750,2026-02-25,2026-02-25,2,0,Data Entry Labour,118.13,5.91,124.04
3878461,IF4041438942,32142878,PO00378750,PO00378750,2026-02-25,2026-02-25,0,0,Vendor Compliance,11.81,0.59,12.4
3868402,IF4041438135,32115654,SLI-064648,SLI-064648,2026-02-09,2026-02-25,2,0,Tagging,94.5,4.73,99.23
3868404,IF4041438137,32115655,SLI-064647,SLI-064647,2026-02-09,2026-02-25,3,0,Tagging,153.56,7.68,161.24
3868403,IF4041438136,32115653,SLI-064656,SLI-064656,2026-02-09,2026-02-25,2,0,Tagging,118.13,5.91,124.04
3868409,IF4041438142,32115660,SLI-064639,SLI-064639,2026-02-09,2026-02-25,4,0,Tagging,165.38,8.27,173.65
3878669,Overtime Hours,02/25/26,,,2026-02-25,2026-02-25,22,0,Overtime,531.68,26.58,558.26
3878670,IF4041438776,32140359,PO00378743,PO00378743,2026-02-25,2026-02-25,3,0,Data Entry Labour,129.94,6.5,136.44
3878729,Creating SSCC labels,Sail Shipments,,,2026-02-25,2026-02-25,14,0,Data Entry Labour,661.5,33.08,694.58
3878671,IF4041438776,32140359,PO00378743,PO00378743,2026-02-25,2026-02-26,0,0,Vendor Compliance,15.59,0.78,16.37
3868400,IF4041438133,32115651,SLI-064654,SLI-064654,2026-02-09,2026-02-26,2,0,Tagging,82.69,4.13,86.82
3878697,IF4041438784,32140362,PO00378740,PO00378740,2026-02-25,2026-02-26,0,0,Vendor Compliance,15.59,0.78,16.37
3868407,IF4041438140,32115658,SLI-064644,SLI-064644,2026-02-09,2026-02-26,3,0,Tagging,153.56,7.68,161.24
3878725,IF4041438786,32140363,PO00378744,PO00378744,2026-02-25,2026-02-26,0,0,Vendor Compliance,15.59,0.78,16.37
3868410,IF4041438143,32115661,SLI-064651,SLI-064651,2026-02-09,2026-02-26,2,0,Tagging,106.31,5.32,111.63
3868412,IF4041438145,32115663,SLI-064641,SLI-064641,2026-02-09,2026-02-26,2,0,Tagging,70.88,3.54,74.42
3868408,IF4041438141,32115659,SLI-064645,SLI-064645,2026-02-09,2026-02-26,2,0,Tagging,106.31,5.32,111.63
3868401,IF4041438134,32115652,SLI-064655,SLI-064655,2026-02-09,2026-02-26,2,0,Tagging,70.88,3.54,74.42
3868405,IF4041438138,32115656,SLI-064643,SLI-064643,2026-02-09,2026-02-26,2,0,Tagging,70.88,3.54,74.42
3868406,IF4041438139,32115657,SLI-064646,SLI-064646,2026-02-09,2026-02-26,2,0,Tagging,106.31,5.32,111.63
3868414,IF4041438147,32115664,SLI-064652,SLI-064652,2026-02-09,2026-02-26,2,0,Tagging,94.5,4.73,99.23
3875184,IF4041439079,32147941,184056,184056,2026-02-20,2026-02-26,1,0,Tagging,31.66,1.58,33.24
3879109,IF4041439079,32147941,184056,184056,2026-02-26,2026-02-26,1,0,Warehouse Labour,47.25,2.36,49.61
3879109,IF4041439079,32147941,184056,184056,2026-02-26,2026-02-26,42,0,Shop Supplies,0.42,0.02,0.44
3875164,IF4041439089,32147950,184063,184063,2026-02-20,2026-02-26,0,0,Tagging,23.63,1.18,24.81
3879110,IF4041439089,32147950,184063,184063,2026-02-26,2026-02-26,30,0,Shop Supplies,0.3,0.02,0.32
3879110,IF4041439089,32147950,184063,184063,2026-02-26,2026-02-26,1,0,Warehouse Labour,47.25,2.36,49.61
3875186,IF4041439077,32147939,184054,184054,2026-02-20,2026-02-26,1,0,Tagging,31.66,1.58,33.24
3879111,IF4041439077,32147939,184054,184054,2026-02-26,2026-02-26,1,0,Warehouse Labour,47.25,2.36,49.61
3879111,IF4041439077,32147939,184054,184054,2026-02-26,2026-02-26,42,0,Shop Supplies,0.42,0.02,0.44
3879040,IF4041438790,32140904,PO00378742,PO00378742,2026-02-26,2026-02-26,0,0,Vendor Compliance,15.59,0.78,16.37
3875157,IF4041439091,32147952,184065,184065,2026-02-20,2026-02-26,0,0,Tagging,23.63,1.18,24.81
3879116,IF4041439091,32147952,184065,184065,2026-02-26,2026-02-26,30,0,Shop Supplies,0.3,0.02,0.32
3879116,IF4041439091,32147952,184065,184065,2026-02-26,2026-02-26,1,0,Warehouse Labour,47.25,2.36,49.61
3875178,IF4041439092,32147953,184066,184066,2026-02-20,2026-02-26,5,0,Tagging,224.44,11.22,235.66
3875158,IF4041439078,32147940,184055,184055,2026-02-20,2026-02-26,1,0,Tagging,31.66,1.58,33.24
3879126,IF4041439078,32147940,184055,184055,2026-02-26,2026-02-26,1,0,Warehouse Labour,47.25,2.36,49.61
3879126,IF4041439078,32147940,184055,184055,2026-02-26,2026-02-26,42,0,Shop Supplies,0.42,0.02,0.44
3875149,IF4041439084,32147944,184059,184059,2026-02-20,2026-02-26,1,0,Tagging,31.66,1.58,33.24
3879127,IF4041439084,32147944,184059,184059,2026-02-26,2026-02-26,1,0,Warehouse Labour,47.25,2.36,49.61
3879127,IF4041439084,32147944,184059,184059,2026-02-26,2026-02-26,42,0,Shop Supplies,0.42,0.02,0.44
3875181,IF4041439087,32147946,184061,184061,2026-02-20,2026-02-26,1,0,Tagging,31.66,1.58,33.24
3879134,IF4041439087,32147946,184061,184061,2026-02-26,2026-02-26,1,0,Warehouse Labour,47.25,2.36,49.61
3879134,IF4041439087,32147946,184061,184061,2026-02-26,2026-02-26,42,0,Shop Supplies,0.42,0.02,0.44
3875168,IF4041439081,32147942,184057,184057,2026-02-20,2026-02-26,1,0,Tagging,31.66,1.58,33.24
3879137,IF4041439081,32147942,184057,184057,2026-02-26,2026-02-26,42,0,Shop Supplies,0.42,0.02,0.44
3879137,IF4041439081,32147942,184057,184057,2026-02-26,2026-02-26,1,0,Warehouse Labour,47.25,2.36,49.61
3875153,IF4041439082,32147943,184057,184057,2026-02-20,2026-02-26,1,0,Tagging,31.66,1.58,33.24
3879165,IF4041439082,32147943,184057,184057,2026-02-26,2026-02-26,1,0,Warehouse Labour,47.25,2.36,49.61
3879165,IF4041439082,32147943,184057,184057,2026-02-26,2026-02-26,42,0,Shop Supplies,0.42,0.02,0.44
3875171,IF4041439085,32147945,184060,184060,2026-02-20,2026-02-26,1,0,Tagging,31.66,1.58,33.24
3879169,IF4041439085,32147945,184060,184060,2026-02-26,2026-02-26,1,0,Warehouse Labour,47.25,2.36,49.61
3879169,IF4041439085,32147945,184060,184060,2026-02-26,2026-02-26,42,0,Shop Supplies,0.42,0.02,0.44
3875159,IF4041439088,32147947,184062,184062,2026-02-20,2026-02-26,0,0,Tagging,23.63,1.18,24.81
3879171,IF4041439088,32147947,184062,184062,2026-02-26,2026-02-26,30,0,Shop Supplies,0.3,0.02,0.32
3879171,IF4041439088,32147947,184062,184062,2026-02-26,2026-02-26,1,0,Warehouse Labour,47.25,2.36,49.61
3875175,IF4041439074,32147938,184053,184053,2026-02-20,2026-02-26,1,0,Tagging,31.66,1.58,33.24
3879173,IF4041439074,32147938,184053,184053,2026-02-26,2026-02-26,1,0,Warehouse Labour,47.25,2.36,49.61
3879173,IF4041439074,32147938,184053,184053,2026-02-26,2026-02-26,42,0,Shop Supplies,0.42,0.02,0.44
3875179,IF4041439090,32147951,184064,184064,2026-02-20,2026-02-26,0,0,Tagging,23.63,1.18,24.81
3879176,IF4041439090,32147951,184064,184064,2026-02-26,2026-02-26,30,0,Shop Supplies,0.3,0.02,0.32
3879176,IF4041439090,32147951,184064,184064,2026-02-26,2026-02-26,1,0,Warehouse Labour,47.25,2.36,49.61
3879214,Master Carton Error,,,,2026-02-26,2026-02-26,1,0,Warehouse Labour,35.44,1.77,37.21
3879226,Overtime Hours,02/26/226,,,2026-02-26,2026-02-26,21,0,Overtime,490.32,24.52,514.84
3879261,SSCC LABELS,,,,2026-02-26,2026-02-26,1,0,Data Entry Labour,59.06,2.95,62.01
3879265,PALLET STORAGE,Mar-26,,,2026-02-26,2026-02-26,2,0,Storage,70,3.5,73.5
3857272,Master Carton Error,,,,2026-01-23,2026-02-27,1,0,Warehouse Labour,35.44,1.77,37.21
3875878,PO04741,32127011,473506,473506,2026-02-21,2026-02-27,1,0,Warehouse Labour,47.25,2.36,49.61
3875879,PO04684,31016741,472998,472998,2026-02-21,2026-02-27,40,0,Warehouse Labour,1890,94.5,1984.5
3879849,Creating SSCC labels,Sporting life,,,2026-02-27,2026-02-27,3,0,Data Entry Labour,141.75,7.09,148.84
3880079,Replenishment Hours,02/27/26,,,2026-02-27,2026-02-27,10,0,Overtime,224.49,11.22,235.71
3880445,Overtime Hours,02/28/26,,,2026-02-28,2026-02-28,64,0,Overtime,1500.51,75.03,1575.54
"Tuesday, March 3, 2026",,,,,,,,,,,,
