OrderID,Client Ref 1,Client Ref 2,Customer,PO Number,Doc. Date,Completed,Units,Value,Service,Charges,Taxes,Inv. Amt
16741242,IF4041468466,33329874,V8L1X7COT - COTTONS AND BLUES,skirt,2026-07-02,2026-07-16,1,528,Order Processing,2,0.1,2.1
16741242,IF4041468466,33329874,V8L1X7COT - COTTONS AND BLUES,skirt,2026-07-02,2026-07-16,12,528,Order NonMasterPack,6,0.3,6.3
16774422,IF4041471364,33429249,S9A3W6FF2 - FF2,Ladiesfall,2026-07-10,2026-07-16,18,683,Order NonMasterPack,9,0.45,9.45
16774422,IF4041471364,33429249,S9A3W6FF2 - FF2,Ladiesfall,2026-07-10,2026-07-16,1,683,Order Processing,2,0.1,2.1
16780251,IF4041472270,33458953,J2S4Z5SPO - SPORTS EXPERTS,4266158-536,2026-07-13,2026-07-16,106,4350,Order NonMasterPack,53,2.65,55.65
16780251,IF4041472270,33458953,J2S4Z5SPO - SPORTS EXPERTS,4266158-536,2026-07-13,2026-07-16,1,4350,Order Processing,2,0.1,2.1
16780252,IF4041472269,33458952,J9T4B2SPO - SPORTS EXPERTS,4266158-855,2026-07-13,2026-07-16,29,1591,Order NonMasterPack,14.5,0.73,15.23
16780252,IF4041472269,33458952,J9T4B2SPO - SPORTS EXPERTS,4266158-855,2026-07-13,2026-07-16,1,1591,Order Processing,2,0.1,2.1
16780253,IF4041472268,33458951,J7R4Z3SPO - SPORTS EXPERTS - ATMOSPHERE,4266158-864,2026-07-13,2026-07-16,37,1913,Order NonMasterPack,18.5,0.93,19.43
16780253,IF4041472268,33458951,J7R4Z3SPO - SPORTS EXPERTS - ATMOSPHERE,4266158-864,2026-07-13,2026-07-16,1,1913,Order Processing,2,0.1,2.1
16780254,IF4041472267,33458950,J9X6H7SPO - SPORTS EXPERTS,4266158-849,2026-07-13,2026-07-16,1,1591,Order Processing,2,0.1,2.1
16780254,IF4041472267,33458950,J9X6H7SPO - SPORTS EXPERTS,4266158-849,2026-07-13,2026-07-16,29,1591,Order NonMasterPack,14.5,0.73,15.23
16780258,IF4041472263,33458946,J2K3G8SPO - SPORTS EXPERTS 479,4266158-479,2026-07-13,2026-07-16,40,1784.5,Order NonMasterPack,20,1,21
16780258,IF4041472263,33458946,J2K3G8SPO - SPORTS EXPERTS 479,4266158-479,2026-07-13,2026-07-16,1,1784.5,Order Processing,2,0.1,2.1
16780261,IF4041472260,33458943,J7A3T2SPO - SPORTS EXPERTS - ATMOSPHERE,4266158-699,2026-07-13,2026-07-16,1,4811,Order Processing,2,0.1,2.1
16780261,IF4041472260,33458943,J7A3T2SPO - SPORTS EXPERTS - ATMOSPHERE,4266158-699,2026-07-13,2026-07-16,99,4811,Order NonMasterPack,49.5,2.48,51.98
16780263,IF4041472258,33458936,G9A6J2SPO - SPORTS EXPERTS - ATMOSPHERE,4266158-589,2026-07-13,2026-07-16,1,3992,Order Processing,2,0.1,2.1
16780263,IF4041472258,33458936,G9A6J2SPO - SPORTS EXPERTS - ATMOSPHERE,4266158-589,2026-07-13,2026-07-16,78,3992,Order NonMasterPack,39,1.95,40.95
16780267,IF4041472253,33458877,J9X6H7SPO - SPORTS EXPERTS,4266162-849,2026-07-13,2026-07-16,1,1423.5,Order Processing,2,0.1,2.1
16780267,IF4041472253,33458877,J9X6H7SPO - SPORTS EXPERTS,4266162-849,2026-07-13,2026-07-16,39,1423.5,Order NonMasterPack,19.5,0.98,20.48
16780271,IF4041472249,33458873,T1W1P4SPO - SPORTS EXPERTS,4266158-792,2026-07-13,2026-07-16,25,1340,Order NonMasterPack,12.5,0.63,13.13
16780271,IF4041472249,33458873,T1W1P4SPO - SPORTS EXPERTS,4266158-792,2026-07-13,2026-07-16,1,1340,Order Processing,2,0.1,2.1
16780272,IF4041472248,33458872,J0R1R6SPO - SPORTS EXPERTS - ATMOSPHERE,4266158-834,2026-07-13,2026-07-16,1,2487,Order Processing,2,0.1,2.1
16780272,IF4041472248,33458872,J0R1R6SPO - SPORTS EXPERTS - ATMOSPHERE,4266158-834,2026-07-13,2026-07-16,53,2487,Order NonMasterPack,26.5,1.33,27.83
16780274,IF4041472246,33458870,G7H5N6SPO - SPORTS EXPERTS - ATMOSPHERE,4266158-698,2026-07-13,2026-07-16,1,2900,Order Processing,2,0.1,2.1
16780274,IF4041472246,33458870,G7H5N6SPO - SPORTS EXPERTS - ATMOSPHERE,4266158-698,2026-07-13,2026-07-16,60,2900,Order NonMasterPack,30,1.5,31.5
16780276,IF4041472244,33458868,J6T1A9SPO - Sports Experts,4266158-454,2026-07-13,2026-07-16,58,3142,Order NonMasterPack,29,1.45,30.45
16780276,IF4041472244,33458868,J6T1A9SPO - Sports Experts,4266158-454,2026-07-13,2026-07-16,1,3142,Order Processing,2,0.1,2.1
16780277,IF4041472242,33458867,V1J5Z2ERN - Ernies Sports Experts,4266158-615,2026-07-13,2026-07-16,16,1074,Order NonMasterPack,8,0.4,8.4
16780277,IF4041472242,33458867,V1J5Z2ERN - Ernies Sports Experts,4266158-615,2026-07-13,2026-07-16,1,1074,Order Processing,2,0.1,2.1
16780281,IF4041472238,33458863,J3V6A8SPO - SPORTS EXPERTS - ATMOSPHERE 584,PO kb110226subt,2026-07-13,2026-07-16,1,390,Order Processing,2,0.1,2.1
16780281,IF4041472238,33458863,J3V6A8SPO - SPORTS EXPERTS - ATMOSPHERE 584,PO kb110226subt,2026-07-13,2026-07-16,10,390,Order NonMasterPack,5,0.25,5.25
16780280,IF4041472239,33458864,"H1R3H7SEF - SEF 414 GALERIE D'ANJOU,",4266158-414,2026-07-13,2026-07-16,28,1252,Order NonMasterPack,14,0.7,14.7
16780280,IF4041472239,33458864,"H1R3H7SEF - SEF 414 GALERIE D'ANJOU,",4266158-414,2026-07-13,2026-07-16,1,1252,Order Processing,2,0.1,2.1
16780278,IF4041472241,33458866,G4X2A9CAR - Carrefour Gaspé,4266158-681,2026-07-13,2026-07-16,1,2010,Order Processing,2,0.1,2.1
16780278,IF4041472241,33458866,G4X2A9CAR - Carrefour Gaspé,4266158-681,2026-07-13,2026-07-16,40,2010,Order NonMasterPack,20,1,21
16784000,IF4041472508,33466786,T8V3B1THE - The Drop Rideshop,TenMen7-15-26,2026-07-14,2026-07-16,1,923,Order Processing,2,0.1,2.1
16784000,IF4041472508,33466786,T8V3B1THE - The Drop Rideshop,TenMen7-15-26,2026-07-14,2026-07-16,22,923,Order NonMasterPack,11,0.55,11.55
16784006,IF4041472510,33466788,V2A5A4FRE - FREE RIDE PENTICTON,PenTenTreeFa26,2026-07-14,2026-07-16,1,220,Order Processing,2,0.1,2.1
16784006,IF4041472510,33466788,V2A5A4FRE - FREE RIDE PENTICTON,PenTenTreeFa26,2026-07-14,2026-07-16,5,220,Order NonMasterPack,2.5,0.13,2.63
16784016,IF4041472500,33466001,A5A1L8MER - MERCERS MARINE EQUIPMENT LTD.,F26 mercers add on,2026-07-14,2026-07-16,1,176,Order Processing,2,0.1,2.1
16784016,IF4041472500,33466001,A5A1L8MER - MERCERS MARINE EQUIPMENT LTD.,F26 mercers add on,2026-07-14,2026-07-16,4,176,Order NonMasterPack,2,0.1,2.1
16784019,IF4041472498,33465999,G7X3B5IMM - Immeubles Ultra Violet Inc.,tentree F h26,2026-07-14,2026-07-16,165,6500,Order NonMasterPack,82.5,4.13,86.63
16784019,IF4041472498,33465999,G7X3B5IMM - Immeubles Ultra Violet Inc.,tentree F h26,2026-07-14,2026-07-16,1,6500,Order Processing,2,0.1,2.1
16784324,IF4041472690,33474141,V0X1W0WOR - WORK N PLAY CLOTHING CO,Fall 2026,2026-07-14,2026-07-16,4,336,Order NonMasterPack,2,0.1,2.1
16784324,IF4041472690,33474141,V0X1W0WOR - WORK N PLAY CLOTHING CO,Fall 2026,2026-07-14,2026-07-16,1,336,Order Processing,2,0.1,2.1
16780275,IF4041472245,33458869,G0C1E0SPO - SPORTS EXPERTS 674,4266158-674,2026-07-13,2026-07-16,89,3675.5,Order NonMasterPack,44.5,2.23,46.73
16780275,IF4041472245,33458869,G0C1E0SPO - SPORTS EXPERTS 674,4266158-674,2026-07-13,2026-07-16,1,3675.5,Order Processing,2,0.1,2.1
16774020,IF4041471215,33428105,A2H2N2GEO - GEORGES MOUNTAIN VILLAGE,FW-26/27,2026-07-10,2026-07-16,1,761,Order Processing,2,0.1,2.1
16774020,IF4041471215,33428105,A2H2N2GEO - GEORGES MOUNTAIN VILLAGE,FW-26/27,2026-07-10,2026-07-16,19,761,Order NonMasterPack,9.5,0.48,9.98
16774426,IF4041471368,33429253,S9A3W6FF2 - FF2,mensfall,2026-07-10,2026-07-16,1,1188,Order Processing,2,0.1,2.1
16774426,IF4041471368,33429253,S9A3W6FF2 - FF2,mensfall,2026-07-10,2026-07-16,27,1188,Order NonMasterPack,13.5,0.68,14.18
16774430,IF4041471376,33429361,V0R1X0NOR - NORTH ROAD SPORTS,10Tree-F26-1,2026-07-10,2026-07-16,32,1333,Order NonMasterPack,16,0.8,16.8
16774430,IF4041471376,33429361,V0R1X0NOR - NORTH ROAD SPORTS,10Tree-F26-1,2026-07-10,2026-07-16,1,1333,Order Processing,2,0.1,2.1
16780250,IF4041472274,33458954,Y1A2B4C/O - c/o Coast Mountain Sports / Sports Exper,3050160,2026-07-13,2026-07-16,1,5729,Order Processing,2,0.1,2.1
16780250,IF4041472274,33458954,Y1A2B4C/O - c/o Coast Mountain Sports / Sports Exper,3050160,2026-07-13,2026-07-16,137,5729,Order NonMasterPack,68.5,3.43,71.93
16780256,IF4041472265,33458948,G1V2L1PLA - Place Ste-Foy,4266158-3702,2026-07-13,2026-07-16,1,2382,Order Processing,2,0.1,2.1
16780256,IF4041472265,33458948,G1V2L1PLA - Place Ste-Foy,4266158-3702,2026-07-13,2026-07-16,48,2382,Order NonMasterPack,24,1.2,25.2
16780260,IF4041472261,33458944,G6V6Y8SPO - SPORTS EXPERTS,4266158-495,2026-07-13,2026-07-16,1,2318,Order Processing,2,0.1,2.1
16780260,IF4041472261,33458944,G6V6Y8SPO - SPORTS EXPERTS,4266158-495,2026-07-13,2026-07-16,47,2318,Order NonMasterPack,23.5,1.18,24.68
16780270,IF4041472250,33458874,"H1R3H7SEF - SEF 414 GALERIE D'ANJOU,",4266162-414,2026-07-13,2026-07-16,1,3040,Order Processing,2,0.1,2.1
16780270,IF4041472250,33458874,"H1R3H7SEF - SEF 414 GALERIE D'ANJOU,",4266162-414,2026-07-13,2026-07-16,84,3040,Order NonMasterPack,42,2.1,44.1
16780279,IF4041472240,33458865,J8T6G3PRO - Promenades Gatineau,4266162-845,2026-07-13,2026-07-16,1,1452,Order Processing,2,0.1,2.1
16780279,IF4041472240,33458865,J8T6G3PRO - Promenades Gatineau,4266162-845,2026-07-13,2026-07-16,35,1452,Order NonMasterPack,17.5,0.88,18.38
16780282,IF4041472235,33458662,V1Z4C9FRE - FREE RIDE,WSWmTentreeFa26,2026-07-13,2026-07-16,3,117,Order NonMasterPack,1.5,0.08,1.58
16780282,IF4041472235,33458662,V1Z4C9FRE - FREE RIDE,WSWmTentreeFa26,2026-07-13,2026-07-16,1,117,Order Processing,2,0.1,2.1
16780284,IF4041472231,33458360,J2S3J1BOU - BOUTIQUE MV dba M&V,commande perso,2026-07-13,2026-07-16,2,78,Order NonMasterPack,1,0.05,1.05
16780284,IF4041472231,33458360,J2S3J1BOU - BOUTIQUE MV dba M&V,commande perso,2026-07-13,2026-07-16,1,78,Order Processing,2,0.1,2.1
16784001,IF4041472506,33466785,T0H2H0LA - LA CRETE SOURCE FOR SPORTS,GKFA26,2026-07-14,2026-07-16,18,732,Order NonMasterPack,9,0.45,9.45
16784001,IF4041472506,33466785,T0H2H0LA - LA CRETE SOURCE FOR SPORTS,GKFA26,2026-07-14,2026-07-16,1,732,Order Processing,2,0.1,2.1
16784004,IF4041472504,33466005,P5N2W8MOO - MOONBEAM COUNTRY STORE,F26 del 3,2026-07-14,2026-07-16,1,420,Order Processing,2,0.1,2.1
16784004,IF4041472504,33466005,P5N2W8MOO - MOONBEAM COUNTRY STORE,F26 del 3,2026-07-14,2026-07-16,5,420,Order NonMasterPack,2.5,0.13,2.63
16784008,IF4041472511,33466789,V2J2M5PEA - PEARLS FASHION,fw26 subs,2026-07-14,2026-07-16,3,132,Order NonMasterPack,1.5,0.08,1.58
16784008,IF4041472511,33466789,V2J2M5PEA - PEARLS FASHION,fw26 subs,2026-07-14,2026-07-16,1,132,Order Processing,2,0.1,2.1
16784325,IF4041472691,33474142,S0J3G0BOU - BOUTIQUE NORTH,JUL15FW,2026-07-14,2026-07-16,1,415,Order Processing,2,0.1,2.1
16784325,IF4041472691,33474142,S0J3G0BOU - BOUTIQUE NORTH,JUL15FW,2026-07-14,2026-07-16,10,415,Order NonMasterPack,5,0.25,5.25
16784020,IF4041472523,33466800,V1T2B6VAL - Valhalla Pure Outfitters Inc,TEN260713,2026-07-14,2026-07-16,1,203.95,Order Processing,2,0.1,2.1
16784020,IF4041472523,33466800,V1T2B6VAL - Valhalla Pure Outfitters Inc,TEN260713,2026-07-14,2026-07-16,7,203.95,Order NonMasterPack,3.5,0.18,3.68
16784015,IF4041472522,33466799,V1T2B6VAL - Valhalla Pure Outfitters Inc,TEN260710-2,2026-07-14,2026-07-16,1,34,Order Processing,2,0.1,2.1
16784015,IF4041472522,33466799,V1T2B6VAL - Valhalla Pure Outfitters Inc,TEN260710-2,2026-07-14,2026-07-16,1,34,Order NonMasterPack,0.5,0.03,0.53
16780255,IF4041472266,33458949,G9A6M1SPO - SPORTS EXPERTS - ATMOSPHERE,4266162-866,2026-07-13,2026-07-17,106,3811.5,Order NonMasterPack,53,2.65,55.65
16780255,IF4041472266,33458949,G9A6M1SPO - SPORTS EXPERTS - ATMOSPHERE,4266162-866,2026-07-13,2026-07-17,1,3811.5,Order Processing,2,0.1,2.1
16780257,IF4041472264,33458947,G9A6J2SPO - SPORTS EXPERTS - ATMOSPHERE,4266162-589,2026-07-13,2026-07-17,126,4415.5,Order NonMasterPack,63,3.15,66.15
16780257,IF4041472264,33458947,G9A6J2SPO - SPORTS EXPERTS - ATMOSPHERE,4266162-589,2026-07-13,2026-07-17,1,4415.5,Order Processing,2,0.1,2.1
16780262,IF4041472259,33458942,G2K1N4GAL - Galeries de la Capitale,4266162-734,2026-07-13,2026-07-17,1,1207,Order Processing,2,0.1,2.1
16780262,IF4041472259,33458942,G2K1N4GAL - Galeries de la Capitale,4266162-734,2026-07-13,2026-07-17,46,1207,Order NonMasterPack,23,1.15,24.15
16780264,IF4041472257,33458880,J6W3Z5SPO - SPORTS EXPERTS - ATMOSPHERE,4266158-851,2026-07-13,2026-07-17,1,3170,Order Processing,2,0.1,2.1
16780264,IF4041472257,33458880,J6W3Z5SPO - SPORTS EXPERTS - ATMOSPHERE,4266158-851,2026-07-13,2026-07-17,65,3170,Order NonMasterPack,32.5,1.63,34.13
16780265,IF4041472255,33458879,G9A6M1SPO - SPORTS EXPERTS - ATMOSPHERE,4266158-866,2026-07-13,2026-07-17,1,2812,Order Processing,2,0.1,2.1
16780265,IF4041472255,33458879,G9A6M1SPO - SPORTS EXPERTS - ATMOSPHERE,4266158-866,2026-07-13,2026-07-17,58,2812,Order NonMasterPack,29,1.45,30.45
16780266,IF4041472254,33458878,J7A3T2SPO - SPORTS EXPERTS - ATMOSPHERE,4266162-699,2026-07-13,2026-07-17,1,3469,Order Processing,2,0.1,2.1
16780266,IF4041472254,33458878,J7A3T2SPO - SPORTS EXPERTS - ATMOSPHERE,4266162-699,2026-07-13,2026-07-17,98,3469,Order NonMasterPack,49,2.45,51.45
16780269,IF4041472251,33458875,J7Y3S7SPO - SPORTS EXPERTS - ATMOSPHERE,4266158-877,2026-07-13,2026-07-17,1,3217,Order Processing,2,0.1,2.1
16780269,IF4041472251,33458875,J7Y3S7SPO - SPORTS EXPERTS - ATMOSPHERE,4266158-877,2026-07-13,2026-07-17,68,3217,Order NonMasterPack,34,1.7,35.7
16784003,IF4041472497,33465998,G7X3B5IMM - Immeubles Ultra Violet Inc.,tentree H26 homme,2026-07-14,2026-07-17,1,22343,Order Processing,2,0.1,2.1
16784003,IF4041472497,33465998,G7X3B5IMM - Immeubles Ultra Violet Inc.,tentree H26 homme,2026-07-14,2026-07-17,653,22343,Order NonMasterPack,326.5,16.33,342.83
16785039,IF4041472693,33474148,T0E1E0RAN - RANSOM,Fall26.1,2026-07-14,2026-07-17,35,1960,Order NonMasterPack,17.5,0.88,18.38
16785039,IF4041472693,33474148,T0E1E0RAN - RANSOM,Fall26.1,2026-07-14,2026-07-17,1,1960,Order Processing,2,0.1,2.1
16785041,IF4041472719,33475608,K0K2T0THE - THE MERCHANT,1,2026-07-14,2026-07-17,1,132,Order Processing,2,0.1,2.1
16785041,IF4041472719,33475608,K0K2T0THE - THE MERCHANT,1,2026-07-14,2026-07-17,3,132,Order NonMasterPack,1.5,0.08,1.58
16785042,IF4041472720,33475709,A2N1H9BYR - BYRNES' SHOES AND SPORTSWEAR LTD.,Byrnes10TreeFW1,2026-07-14,2026-07-17,26,1069,Order NonMasterPack,13,0.65,13.65
16785042,IF4041472720,33475709,A2N1H9BYR - BYRNES' SHOES AND SPORTSWEAR LTD.,Byrnes10TreeFW1,2026-07-14,2026-07-17,1,1069,Order Processing,2,0.1,2.1
16781932,IF4041472368,33462063,V1G2C1GRI - GRIFFIN SOURCE FOR SPORTS,glenn,2026-07-13,2026-07-17,1,942,Order Processing,2,0.1,2.1
16781932,IF4041472368,33462063,V1G2C1GRI - GRIFFIN SOURCE FOR SPORTS,glenn,2026-07-13,2026-07-17,24,942,Order NonMasterPack,12,0.6,12.6
16787326,IF4041472792,33479799,V7B1K4VAN - VANCOUVER LP WDFG,4503970291,2026-07-15,2026-07-17,288,6480,Order NonMasterPack,144,7.2,151.2
16787326,IF4041472792,33479799,V7B1K4VAN - VANCOUVER LP WDFG,4503970291,2026-07-15,2026-07-17,1,6480,Order Processing,2,0.1,2.1
16780268,IF4041472252,33458876,G1V2L8SPO - Sports Experts,4266158-415,2026-07-13,2026-07-17,1,2818,Order Processing,2,0.1,2.1
16780268,IF4041472252,33458876,G1V2L8SPO - Sports Experts,4266158-415,2026-07-13,2026-07-17,57,2818,Order NonMasterPack,28.5,1.43,29.93
16780283,IF4041472232,33458361,V9W8C9SPI - SPINNERS SPORTS CAMPBELL RIVER,10TMEN070126,2026-07-13,2026-07-17,1,264,Order Processing,2,0.1,2.1
16780283,IF4041472232,33458361,V9W8C9SPI - SPINNERS SPORTS CAMPBELL RIVER,10TMEN070126,2026-07-13,2026-07-17,6,264,Order NonMasterPack,3,0.15,3.15
16774106,IF4041471308,33428195,T4R1N9EDG - EDGE CLOTHING,10TreeFa26Wom_715,2026-07-10,2026-07-17,1,234,Order Processing,2,0.1,2.1
16774106,IF4041471308,33428195,T4R1N9EDG - EDGE CLOTHING,10TreeFa26Wom_715,2026-07-10,2026-07-17,6,234,Order NonMasterPack,3,0.15,3.15
16711476,IF4041466666,33259152,T4R1N9EDG - EDGE CLOTHING,10TreeFa26Men_715,2026-06-23,2026-07-17,55,1277.5,Order NonMasterPack,27.5,1.38,28.88
16711476,IF4041466666,33259152,T4R1N9EDG - EDGE CLOTHING,10TreeFa26Men_715,2026-06-23,2026-07-17,1,1277.5,Order Processing,2,0.1,2.1
16784012,IF4041472521,33466798,V1T2B6VAL - Valhalla Pure Outfitters Inc,TEN260710,2026-07-14,2026-07-17,2,163,Order NonMasterPack,1,0.05,1.05
16784012,IF4041472521,33466798,V1T2B6VAL - Valhalla Pure Outfitters Inc,TEN260710,2026-07-14,2026-07-17,1,163,Order Processing,2,0.1,2.1
16785040,IF4041472694,33474150,E5B1A8MY - MY SPACE GIFT SHOP,kelly - TENTREE - JUL,2026-07-14,2026-07-17,63,2263,Order NonMasterPack,31.5,1.58,33.08
16785040,IF4041472694,33474150,E5B1A8MY - MY SPACE GIFT SHOP,kelly - TENTREE - JUL,2026-07-14,2026-07-17,1,2263,Order Processing,2,0.1,2.1
16787343,IF4041472928,33486778,L6T4H8THE - The Nuance Group (Canada) Inc,4503970112,2026-07-15,2026-07-17,1,5155,Order Processing,2,0.1,2.1
16787343,IF4041472928,33486778,L6T4H8THE - The Nuance Group (Canada) Inc,4503970112,2026-07-15,2026-07-17,139,5155,Order NonMasterPack,69.5,3.48,72.98
16790802,IF4041473358,33499731,V5X3S7PRO - Promosapien,HTUOBIOBACKORDER0326,2026-07-16,2026-07-17,9,396,Order NonMasterPack,4.5,0.23,4.73
16790802,IF4041473358,33499731,V5X3S7PRO - Promosapien,HTUOBIOBACKORDER0326,2026-07-16,2026-07-17,1,396,Order Processing,2,0.1,2.1
16745310,IF4041469240,33352753,T6E6H7BEL - BELOW THE BELT LTD.,206936,2026-07-03,2026-07-17,1,40837.5,Order Processing,2,0.1,2.1
16745310,IF4041469240,33352753,T6E6H7BEL - BELOW THE BELT LTD.,206936,2026-07-03,2026-07-17,557,40837.5,Order NonMasterPack,278.5,13.93,292.43
16745310,IF4041469240,33352753,T6E6H7BEL - BELOW THE BELT LTD.,206936,2026-07-03,2026-07-17,38,40837.5,Order Master Pack Carton,76,3.8,79.8
16741259,IF4041468468,33329876,T9W1C5ARM - ARMSTRONGS CLOTHING AND SPORTS,FALL2026 MNS DEL 1,2026-07-02,2026-07-20,48,1619.5,Order NonMasterPack,24,1.2,25.2
16741259,IF4041468468,33329876,T9W1C5ARM - ARMSTRONGS CLOTHING AND SPORTS,FALL2026 MNS DEL 1,2026-07-02,2026-07-20,1,1619.5,Order Processing,2,0.1,2.1
16787338,IF4041472921,33486770,V7B1W2HUD - Hudson Grp VANCOUVER INT'L AIRPORT,4503970113,2026-07-15,2026-07-20,1,19205,Order Processing,2,0.1,2.1
16787338,IF4041472921,33486770,V7B1W2HUD - Hudson Grp VANCOUVER INT'L AIRPORT,4503970113,2026-07-15,2026-07-20,10,19205,Order Master Pack Carton,20,1,21
16787338,IF4041472921,33486770,V7B1W2HUD - Hudson Grp VANCOUVER INT'L AIRPORT,4503970113,2026-07-15,2026-07-20,528,19205,Order NonMasterPack,264,13.2,277.2
16787344,IF4041472929,33486777,V7B1W2HUD - Hudson Grp VANCOUVER INT'L AIRPORT,4503970111,2026-07-15,2026-07-20,327,9331,Order NonMasterPack,163.5,8.18,171.68
16787344,IF4041472929,33486777,V7B1W2HUD - Hudson Grp VANCOUVER INT'L AIRPORT,4503970111,2026-07-15,2026-07-20,1,9331,Order Processing,2,0.1,2.1
16787342,IF4041472927,33486776,T4L2L1DER - DEROWIN HOLDINGS LTD,FW26,2026-07-15,2026-07-20,1,343,Order Processing,2,0.1,2.1
16787342,IF4041472927,33486776,T4L2L1DER - DEROWIN HOLDINGS LTD,FW26,2026-07-15,2026-07-20,7,343,Order NonMasterPack,3.5,0.18,3.68
16787355,IF4041472948,33486990,J1L1K1SPO - SPORTS EXPERTS 528,4266166-528,2026-07-15,2026-07-20,11,484,Order NonMasterPack,5.5,0.28,5.78
16787355,IF4041472948,33486990,J1L1K1SPO - SPORTS EXPERTS 528,4266166-528,2026-07-15,2026-07-20,1,484,Order Processing,2,0.1,2.1
16787356,IF4041472949,33486991,J3V6A8SPO - SPORTS EXPERTS - ATMOSPHERE 584,4266162-526,2026-07-15,2026-07-20,130,4356,Order NonMasterPack,65,3.25,68.25
16787356,IF4041472949,33486991,J3V6A8SPO - SPORTS EXPERTS - ATMOSPHERE 584,4266162-526,2026-07-15,2026-07-20,1,4356,Order Processing,2,0.1,2.1
16787357,IF4041472950,33486992,J6E6X6SPO - SPORTS EXPERTS #492 (Sports 12345 INC),4266162-492,2026-07-15,2026-07-20,76,3185,Order NonMasterPack,38,1.9,39.9
16787357,IF4041472950,33486992,J6E6X6SPO - SPORTS EXPERTS #492 (Sports 12345 INC),4266162-492,2026-07-15,2026-07-20,1,3185,Order Processing,2,0.1,2.1
16784011,IF4041472515,33466792,E8J1T7DAZ - DAZE SPORTS EXCELLENCE,Tentree F26-1,2026-07-14,2026-07-20,1,5006,Order Processing,2,0.1,2.1
16784011,IF4041472515,33466792,E8J1T7DAZ - DAZE SPORTS EXCELLENCE,Tentree F26-1,2026-07-14,2026-07-20,126,5006,Order NonMasterPack,63,3.15,66.15
16768885,IF4041470600,33405295,G4X2A9CAR - Carrefour Gaspé,4266612-681,2026-07-08,2026-07-20,55,1067.5,Order NonMasterPack,27.5,1.38,28.88
16768885,IF4041470600,33405295,G4X2A9CAR - Carrefour Gaspé,4266612-681,2026-07-08,2026-07-20,1,1067.5,Order Processing,2,0.1,2.1
16768888,IF4041470603,33405298,J6T1A9SPO - Sports Experts,4266612-454,2026-07-08,2026-07-20,36,705,Order NonMasterPack,18,0.9,18.9
16768888,IF4041470603,33405298,J6T1A9SPO - Sports Experts,4266612-454,2026-07-08,2026-07-20,1,705,Order Processing,2,0.1,2.1
16768889,IF4041470604,33405299,G4R1Y5PLA - Place de Ville,4266612-874,2026-07-08,2026-07-20,55,962.5,Order NonMasterPack,27.5,1.38,28.88
16768889,IF4041470604,33405299,G4R1Y5PLA - Place de Ville,4266612-874,2026-07-08,2026-07-20,1,962.5,Order Processing,2,0.1,2.1
16768890,IF4041470605,33405300,G0C1J0SPO - SPORTS EXPERTS 677,4266612-677,2026-07-08,2026-07-20,45,877.5,Order NonMasterPack,22.5,1.13,23.63
16768890,IF4041470605,33405300,G0C1J0SPO - SPORTS EXPERTS 677,4266612-677,2026-07-08,2026-07-20,1,877.5,Order Processing,2,0.1,2.1
16784022,IF4041472514,33466791,J3P6L9ST - ST PIERRE SPORTS DE SOREL INC.,Tentree FA26,2026-07-14,2026-07-20,68,2628.5,Order NonMasterPack,34,1.7,35.7
16784022,IF4041472514,33466791,J3P6L9ST - ST PIERRE SPORTS DE SOREL INC.,Tentree FA26,2026-07-14,2026-07-20,1,2628.5,Order Processing,2,0.1,2.1
16784013,IF4041472513,33466790,K0J1B0BAR - BARRYS BAY CUSTOM WOODWORKING AND BUILDE,Fall26,2026-07-14,2026-07-20,1,1970.5,Order Processing,2,0.1,2.1
16784013,IF4041472513,33466790,K0J1B0BAR - BARRYS BAY CUSTOM WOODWORKING AND BUILDE,Fall26,2026-07-14,2026-07-20,54,1970.5,Order NonMasterPack,27,1.35,28.35
16790746,IF4041473015,33489106,V6A3P7PLE - PLENTY STORES INC.,PL120225,2026-07-16,2026-07-20,1,10228.5,Order Master Pack Carton,2,0.1,2.1
16790746,IF4041473015,33489106,V6A3P7PLE - PLENTY STORES INC.,PL120225,2026-07-16,2026-07-20,1,10228.5,Order Processing,2,0.1,2.1
16790746,IF4041473015,33489106,V6A3P7PLE - PLENTY STORES INC.,PL120225,2026-07-16,2026-07-20,312,10228.5,Order NonMasterPack,156,7.8,163.8
16790747,IF4041473017,33489110,V0R3A0BLA - BLACK ROCK OCEANFRONT RESORT,15-Jul,2026-07-16,2026-07-20,1,819,Order Processing,2,0.1,2.1
16790747,IF4041473017,33489110,V0R3A0BLA - BLACK ROCK OCEANFRONT RESORT,15-Jul,2026-07-16,2026-07-20,44,819,Order NonMasterPack,22,1.1,23.1
16790748,IF4041473018,33489111,N0B2N0CHA - CHANGE LIFESTYLE & APPAREL,Jul-26,2026-07-16,2026-07-20,1,1459.36,Order Processing,2,0.1,2.1
16790748,IF4041473018,33489111,N0B2N0CHA - CHANGE LIFESTYLE & APPAREL,Jul-26,2026-07-16,2026-07-20,47,1459.36,Order NonMasterPack,23.5,1.18,24.68
16790753,IF4041473241,33498032,J1X2A9SPO - SPORTS EXPERTS 468 (NORMANDIN),4266158-468,2026-07-16,2026-07-20,28,1327,Order NonMasterPack,14,0.7,14.7
16790753,IF4041473241,33498032,J1X2A9SPO - SPORTS EXPERTS 468 (NORMANDIN),4266158-468,2026-07-16,2026-07-20,1,1327,Order Processing,2,0.1,2.1
16790754,IF4041473244,33498033,G0C1J0SPO - SPORTS EXPERTS 677,4266158-677,2026-07-16,2026-07-20,12,593,Order NonMasterPack,6,0.3,6.3
16790754,IF4041473244,33498033,G0C1J0SPO - SPORTS EXPERTS 677,4266158-677,2026-07-16,2026-07-20,1,593,Order Processing,2,0.1,2.1
16790755,IF4041473245,33498034,J9P1W1SKI - Ski & Vélo Plein Air,4266158-847,2026-07-16,2026-07-20,1,934,Order Processing,2,0.1,2.1
16790755,IF4041473245,33498034,J9P1W1SKI - Ski & Vélo Plein Air,4266158-847,2026-07-16,2026-07-20,16,934,Order NonMasterPack,8,0.4,8.4
16790756,IF4041473254,33498035,J1X2A9SPO - SPORTS EXPERTS 468 (NORMANDIN),4266162-468,2026-07-16,2026-07-20,37,1898,Order NonMasterPack,18.5,0.93,19.43
16790756,IF4041473254,33498035,J1X2A9SPO - SPORTS EXPERTS 468 (NORMANDIN),4266162-468,2026-07-16,2026-07-20,1,1898,Order Processing,2,0.1,2.1
16784267,IF4041472491,33465996,H7P0B7SAI - SAIL 16,PO00388638,2026-07-14,2026-07-20,1,13007,Order Processing,2,0.1,2.1
16784267,IF4041472491,33465996,H7P0B7SAI - SAIL 16,PO00388638,2026-07-14,2026-07-20,298,13007,Order NonMasterPack,149,7.45,156.45
16784271,IF4041472484,33465992,N3C1Z4SAI - SAIL 26,PO00388644,2026-07-14,2026-07-20,1,13429.5,Order Master Pack Carton,2,0.1,2.1
16784271,IF4041472484,33465992,N3C1Z4SAI - SAIL 26,PO00388644,2026-07-14,2026-07-20,289,13429.5,Order NonMasterPack,144.5,7.23,151.73
16784271,IF4041472484,33465992,N3C1Z4SAI - SAIL 26,PO00388644,2026-07-14,2026-07-20,1,13429.5,Order Processing,2,0.1,2.1
16784274,IF4041472476,33465989,K1G3X8SAI - SAIL 21,PO00388641,2026-07-14,2026-07-20,373,17726.5,Order NonMasterPack,186.5,9.33,195.83
16784274,IF4041472476,33465989,K1G3X8SAI - SAIL 21,PO00388641,2026-07-14,2026-07-20,1,17726.5,Order Processing,2,0.1,2.1
16784277,IF4041472472,33465986,J3G0S5SAI - SAIL 15,PO00388637,2026-07-14,2026-07-20,344,15761,Order NonMasterPack,172,8.6,180.6
16784277,IF4041472472,33465986,J3G0S5SAI - SAIL 15,PO00388637,2026-07-14,2026-07-20,1,15761,Order Processing,2,0.1,2.1
16787324,IF4041472790,33479797,A1A4A2ART - ARTHUR JAMES CLOTHING COMPANY,AY07142026,2026-07-15,2026-07-20,1,39,Order Processing,2,0.1,2.1
16787324,IF4041472790,33479797,A1A4A2ART - ARTHUR JAMES CLOTHING COMPANY,AY07142026,2026-07-15,2026-07-20,1,39,Order NonMasterPack,0.5,0.03,0.53
16787325,IF4041472791,33479798,V1T2B6VAL - Valhalla Pure Outfitters Inc,TEN260714,2026-07-15,2026-07-20,9,243.5,Order NonMasterPack,4.5,0.23,4.73
16787325,IF4041472791,33479798,V1T2B6VAL - Valhalla Pure Outfitters Inc,TEN260714,2026-07-15,2026-07-20,1,243.5,Order Processing,2,0.1,2.1
16787353,IF4041472946,33486988,J6T1A9SPO - Sports Experts,4266166-454,2026-07-15,2026-07-20,1,44,Order NonMasterPack,0.5,0.03,0.53
16787353,IF4041472946,33486988,J6T1A9SPO - Sports Experts,4266166-454,2026-07-15,2026-07-20,1,44,Order Processing,2,0.1,2.1
16768886,IF4041470601,33405296,J1X2A9SPO - SPORTS EXPERTS 468 (NORMANDIN),4266612-468,2026-07-08,2026-07-20,1,200,Order Processing,2,0.1,2.1
16768886,IF4041470601,33405296,J1X2A9SPO - SPORTS EXPERTS 468 (NORMANDIN),4266612-468,2026-07-08,2026-07-20,10,200,Order NonMasterPack,5,0.25,5.25
16768887,IF4041470602,33405297,J2K3G8SPO - SPORTS EXPERTS 479,4266612-479,2026-07-08,2026-07-20,1,200,Order Processing,2,0.1,2.1
16768887,IF4041470602,33405297,J2K3G8SPO - SPORTS EXPERTS 479,4266612-479,2026-07-08,2026-07-20,10,200,Order NonMasterPack,5,0.25,5.25
16784322,IF4041472687,33474138,B0W2Z0LA - LA CACHETTE,TENTREE FW26,2026-07-14,2026-07-20,22,973,Order NonMasterPack,11,0.55,11.55
16784322,IF4041472687,33474138,B0W2Z0LA - LA CACHETTE,TENTREE FW26,2026-07-14,2026-07-20,1,973,Order Processing,2,0.1,2.1
16790745,IF4041473014,33489103,V6H3S4MAK - MAKE,12821-JBO,2026-07-16,2026-07-20,36,960.5,Order NonMasterPack,18,0.9,18.9
16790745,IF4041473014,33489103,V6H3S4MAK - MAKE,12821-JBO,2026-07-16,2026-07-20,1,960.5,Order Processing,2,0.1,2.1
16790752,IF4041473240,33498031,E3V1T9SPO - SPORTS EXPERTS,4266611-482,2026-07-16,2026-07-20,1,180,Order Processing,2,0.1,2.1
16790752,IF4041473240,33498031,E3V1T9SPO - SPORTS EXPERTS,4266611-482,2026-07-16,2026-07-20,9,180,Order NonMasterPack,4.5,0.23,4.73
16794789,IF4041473756,33511286,V1T5H7KAL - KALECO,Fall26 replace,2026-07-17,2026-07-20,1,49,Order NonMasterPack,0.5,0.03,0.53
16794789,IF4041473756,33511286,V1T5H7KAL - KALECO,Fall26 replace,2026-07-17,2026-07-20,1,49,Order Processing,2,0.1,2.1
16788099,IF4041472961,33487209,NLA0EOUT - OUTPORT BOUTIQUE,1,2026-07-15,2026-07-20,1,2017,Order Processing,2,0.1,2.1
16788099,IF4041472961,33487209,NLA0EOUT - OUTPORT BOUTIQUE,1,2026-07-15,2026-07-20,48,2017,Order NonMasterPack,24,1.2,25.2
16784246,IF4041472470,33465985,G7H5B1SAI - SAIL PLEIN 29,PO00388646,2026-07-14,2026-07-21,190,7359.5,Order NonMasterPack,95,4.75,99.75
16784246,IF4041472470,33465985,G7H5B1SAI - SAIL PLEIN 29,PO00388646,2026-07-14,2026-07-21,1,7359.5,Order Processing,2,0.1,2.1
16784272,IF4041472480,33465991,J6V1N9SAI - SAIL 30,PO00388647,2026-07-14,2026-07-21,1,6790,Order Processing,2,0.1,2.1
16784272,IF4041472480,33465991,J6V1N9SAI - SAIL 30,PO00388647,2026-07-14,2026-07-21,156,6790,Order NonMasterPack,78,3.9,81.9
16784276,IF4041472474,33465987,J7V0N3SAI - SAIL 27,PO00388645,2026-07-14,2026-07-21,1,11567.5,Order Processing,2,0.1,2.1
16784276,IF4041472474,33465987,J7V0N3SAI - SAIL 27,PO00388645,2026-07-14,2026-07-21,264,11567.5,Order NonMasterPack,132,6.6,138.6
16787341,IF4041472925,33486774,A0G3A0BLU - BLUE RIDGE INC.,Swap - Tentree FW26,2026-07-15,2026-07-21,5,270,Order NonMasterPack,2.5,0.13,2.63
16787341,IF4041472925,33486774,A0G3A0BLU - BLUE RIDGE INC.,Swap - Tentree FW26,2026-07-15,2026-07-21,1,270,Order Processing,2,0.1,2.1
16790769,IF4041473269,33498464,T2K1J7CAL - CALGARY WINTER CLUB,49412,2026-07-16,2026-07-21,19,1001,Order NonMasterPack,9.5,0.48,9.98
16790769,IF4041473269,33498464,T2K1J7CAL - CALGARY WINTER CLUB,49412,2026-07-16,2026-07-21,1,1001,Order Processing,2,0.1,2.1
16790771,IF4041473271,33498466,B0T1W0LOC - LOCKE'S SPORTING AND OUTDOOR ADVENTURE,Fall 2026 #1,2026-07-16,2026-07-21,1,858,Order Processing,2,0.1,2.1
16790771,IF4041473271,33498466,B0T1W0LOC - LOCKE'S SPORTING AND OUTDOOR ADVENTURE,Fall 2026 #1,2026-07-16,2026-07-21,17,858,Order NonMasterPack,8.5,0.43,8.93
16790772,IF4041473273,33498467,V0K2E0OUT - OUTLAW FASHIONS (FCJ ENTERPRISES LTD),FW/M26,2026-07-16,2026-07-21,1,822,Order Processing,2,0.1,2.1
16790772,IF4041473273,33498467,V0K2E0OUT - OUTLAW FASHIONS (FCJ ENTERPRISES LTD),FW/M26,2026-07-16,2026-07-21,18,822,Order NonMasterPack,9,0.45,9.45
16790774,IF4041473275,33498469,T7N1A2JOH - JOHNS MENS AND BOYS WEAR,1112025FA26JOH,2026-07-16,2026-07-21,29,1781,Order NonMasterPack,14.5,0.73,15.23
16790774,IF4041473275,33498469,T7N1A2JOH - JOHNS MENS AND BOYS WEAR,1112025FA26JOH,2026-07-16,2026-07-21,1,1781,Order Processing,2,0.1,2.1
16790775,IF4041473276,33498471,L4G3H7ST - ST ANDREW'S COLLEGE,579,2026-07-16,2026-07-21,1,2158,Order Processing,2,0.1,2.1
16790775,IF4041473276,33498471,L4G3H7ST - ST ANDREW'S COLLEGE,579,2026-07-16,2026-07-21,42,2158,Order NonMasterPack,21,1.05,22.05
16790776,IF4041473277,33498473,B3B1S1CLE - CLEVE'S SOURCE FOR SPORTS,138062,2026-07-16,2026-07-21,80,4560,Order NonMasterPack,40,2,42
16790776,IF4041473277,33498473,B3B1S1CLE - CLEVE'S SOURCE FOR SPORTS,138062,2026-07-16,2026-07-21,1,4560,Order Processing,2,0.1,2.1
16790777,IF4041473278,33498472,T1W2B6VAL - VALHALLA PURE OUTFITTERS - CANMORE,14-TTIjul15wmns,2026-07-16,2026-07-21,1,2048,Order Processing,2,0.1,2.1
16790777,IF4041473278,33498472,T1W2B6VAL - VALHALLA PURE OUTFITTERS - CANMORE,14-TTIjul15wmns,2026-07-16,2026-07-21,42,2048,Order NonMasterPack,21,1.05,22.05
16790778,IF4041473279,33498475,B5A1E7EVE - EVERY BLOOMIN THING,KN112725A,2026-07-16,2026-07-21,17,888,Order NonMasterPack,8.5,0.43,8.93
16790778,IF4041473279,33498475,B5A1E7EVE - EVERY BLOOMIN THING,KN112725A,2026-07-16,2026-07-21,1,888,Order Processing,2,0.1,2.1
16790779,IF4041473280,33498474,L4G3H7ST - ST ANDREW'S COLLEGE,276,2026-07-16,2026-07-21,1,3198,Order Processing,2,0.1,2.1
16790779,IF4041473280,33498474,L4G3H7ST - ST ANDREW'S COLLEGE,276,2026-07-16,2026-07-21,52,3198,Order NonMasterPack,26,1.3,27.3
16790781,IF4041473282,33498477,R0C1B0HP - HP TERGESENS,TEN TREE W1,2026-07-16,2026-07-21,16,824,Order NonMasterPack,8,0.4,8.4
16790781,IF4041473282,33498477,R0C1B0HP - HP TERGESENS,TEN TREE W1,2026-07-16,2026-07-21,1,824,Order Processing,2,0.1,2.1
16790782,IF4041473283,33498478,N4N1N9DEN - DENIM BAR,Fall26,2026-07-16,2026-07-21,22,1083,Order NonMasterPack,11,0.55,11.55
16790782,IF4041473283,33498478,N4N1N9DEN - DENIM BAR,Fall26,2026-07-16,2026-07-21,1,1083,Order Processing,2,0.1,2.1
16790785,IF4041473286,33498481,N0A1N0THE - THE SURF SHOP,Fall 2026,2026-07-16,2026-07-21,18,822,Order NonMasterPack,9,0.45,9.45
16790785,IF4041473286,33498481,N0A1N0THE - THE SURF SHOP,Fall 2026,2026-07-16,2026-07-21,1,822,Order Processing,2,0.1,2.1
16790787,IF4041473288,33498483,T0L1E0WIL - WILSON MOUNTAIN SPORTS LTD.,10T726W,2026-07-16,2026-07-21,1,1956,Order Processing,2,0.1,2.1
16790787,IF4041473288,33498483,T0L1E0WIL - WILSON MOUNTAIN SPORTS LTD.,10T726W,2026-07-16,2026-07-21,44,1956,Order NonMasterPack,22,1.1,23.1
16790788,IF4041473289,33498484,J2S3J1BOU - BOUTIQUE MV dba M&V,coll1,2026-07-16,2026-07-21,1,1523,Order Processing,2,0.1,2.1
16790788,IF4041473289,33498484,J2S3J1BOU - BOUTIQUE MV dba M&V,coll1,2026-07-16,2026-07-21,37,1523,Order NonMasterPack,18.5,0.93,19.43
16790790,IF4041473291,33498485,S9V0A1BOA - BOARDOM,fall26tentree,2026-07-16,2026-07-21,1,842,Order Processing,2,0.1,2.1
16790790,IF4041473291,33498485,S9V0A1BOA - BOARDOM,fall26tentree,2026-07-16,2026-07-21,18,842,Order NonMasterPack,9,0.45,9.45
16790791,IF4041473292,33498487,T0C2L0JOH - JOHNS MENSWEAR,FA/HO26,2026-07-16,2026-07-21,1,2805,Order Processing,2,0.1,2.1
16790791,IF4041473292,33498487,T0C2L0JOH - JOHNS MENSWEAR,FA/HO26,2026-07-16,2026-07-21,50,2805,Order NonMasterPack,25,1.25,26.25
16790794,IF4041473296,33498490,S9X1Y2MAR - MARTODAMS,TENTR-F26-LDY,2026-07-16,2026-07-21,20,875,Order NonMasterPack,10,0.5,10.5
16790794,IF4041473296,33498490,S9X1Y2MAR - MARTODAMS,TENTR-F26-LDY,2026-07-16,2026-07-21,1,875,Order Processing,2,0.1,2.1
16790793,IF4041473294,33498489,T8V3B1THE - The Drop Rideshop,TenWmn7-15-26,2026-07-16,2026-07-21,1,702,Order Processing,2,0.1,2.1
16790793,IF4041473294,33498489,T8V3B1THE - The Drop Rideshop,TenWmn7-15-26,2026-07-16,2026-07-21,18,702,Order NonMasterPack,9,0.45,9.45
16790796,IF4041473298,33498495,V0B1M0EDG - EDGE OF THE WORLD BOARD SHOP,F26EOW,2026-07-16,2026-07-21,1,1965,Order Processing,2,0.1,2.1
16790796,IF4041473298,33498495,V0B1M0EDG - EDGE OF THE WORLD BOARD SHOP,F26EOW,2026-07-16,2026-07-21,40,1965,Order NonMasterPack,20,1,21
16790798,IF4041473300,33498496,S9X1Y2MAR - MARTODAMS,TENTR-F26-MEN,2026-07-16,2026-07-21,26,1229,Order NonMasterPack,13,0.65,13.65
16790798,IF4041473300,33498496,S9X1Y2MAR - MARTODAMS,TENTR-F26-MEN,2026-07-16,2026-07-21,1,1229,Order Processing,2,0.1,2.1
16790799,IF4041473304,33498500,V8L1X8SID - SIDNEY PIER AND PATH,3,2026-07-16,2026-07-21,1,1938,Order Processing,2,0.1,2.1
16790799,IF4041473304,33498500,V8L1X8SID - SIDNEY PIER AND PATH,3,2026-07-16,2026-07-21,42,1938,Order NonMasterPack,21,1.05,22.05
16790801,IF4041473308,33498507,G0A4B0BOU - BOUTIQUE POINT DE VUE,Fall 2026,2026-07-16,2026-07-21,30,1695,Order NonMasterPack,15,0.75,15.75
16790801,IF4041473308,33498507,G0A4B0BOU - BOUTIQUE POINT DE VUE,Fall 2026,2026-07-16,2026-07-21,1,1695,Order Processing,2,0.1,2.1
16803212,IF4041474695,33540277,V3Z1A5MEC - MEC Western Distribution Centre,729111,2026-07-20,2026-07-21,6,9000,Order Master Pack Carton,12,0.6,12.6
16803212,IF4041474695,33540277,V3Z1A5MEC - MEC Western Distribution Centre,729111,2026-07-20,2026-07-21,1,9000,Order Processing,2,0.1,2.1
16803212,IF4041474695,33540277,V3Z1A5MEC - MEC Western Distribution Centre,729111,2026-07-20,2026-07-21,150,9000,Order NonMasterPack,75,3.75,78.75
16790773,IF4041473274,33498468,N0M1T0ARC - ARCHIES SURF SHOP,Tentree Fall 2026 Order,2026-07-16,2026-07-21,30,1530,Order NonMasterPack,15,0.75,15.75
16790773,IF4041473274,33498468,N0M1T0ARC - ARCHIES SURF SHOP,Tentree Fall 2026 Order,2026-07-16,2026-07-21,1,1530,Order Processing,2,0.1,2.1
16793529,IF4041473606,33508402,B0E1N0CAP - CAPER GYM AND FITNESS INC dba THE CENTRA,July,2026-07-17,2026-07-21,1,270,Order Processing,2,0.1,2.1
16793529,IF4041473606,33508402,B0E1N0CAP - CAPER GYM AND FITNESS INC dba THE CENTRA,July,2026-07-17,2026-07-21,12,270,Order NonMasterPack,6,0.3,6.3
16784266,IF4041472492,33465997,L7P0N6SAI - SAIL 24,PO00388643,2026-07-14,2026-07-21,225,9816,Order NonMasterPack,112.5,5.63,118.13
16784266,IF4041472492,33465997,L7P0N6SAI - SAIL 24,PO00388643,2026-07-14,2026-07-21,1,9816,Order Processing,2,0.1,2.1
16784269,IF4041472487,33465994,L1J0B6SAI - SAIL 23,PO00388642,2026-07-14,2026-07-21,1,9736,Order Master Pack Carton,2,0.1,2.1
16784269,IF4041472487,33465994,L1J0B6SAI - SAIL 23,PO00388642,2026-07-14,2026-07-21,213,9736,Order NonMasterPack,106.5,5.33,111.83
16784269,IF4041472487,33465994,L1J0B6SAI - SAIL 23,PO00388642,2026-07-14,2026-07-21,1,9736,Order Processing,2,0.1,2.1
16784273,IF4041472478,33465990,J1L3A6SAI - SAIL 31 - SHERBROOKE,PO00388648,2026-07-14,2026-07-21,1,5491,Order Processing,2,0.1,2.1
16784273,IF4041472478,33465990,J1L3A6SAI - SAIL 31 - SHERBROOKE,PO00388648,2026-07-14,2026-07-21,143,5491,Order NonMasterPack,71.5,3.58,75.08
16787340,IF4041472924,33486773,V1C3R3GER - GERICK SPORTS,tentree fa261,2026-07-15,2026-07-21,1,117,Order Processing,2,0.1,2.1
16787340,IF4041472924,33486773,V1C3R3GER - GERICK SPORTS,tentree fa261,2026-07-15,2026-07-21,3,117,Order NonMasterPack,1.5,0.08,1.58
16787354,IF4041472947,33486989,J2L0A1LE - Le Carrefour Champêtre Bromont,4266166-890,2026-07-15,2026-07-21,3,132,Order NonMasterPack,1.5,0.08,1.58
16787354,IF4041472947,33486989,J2L0A1LE - Le Carrefour Champêtre Bromont,4266166-890,2026-07-15,2026-07-21,1,132,Order Processing,2,0.1,2.1
16784268,IF4041472490,33465995,J4Y0G4SAI - SAIL 18,PO00388640,2026-07-14,2026-07-21,1,15124.5,Order Processing,2,0.1,2.1
16784268,IF4041472490,33465995,J4Y0G4SAI - SAIL 18,PO00388640,2026-07-14,2026-07-21,347,15124.5,Order NonMasterPack,173.5,8.68,182.18
16790750,IF4041473238,33498029,J1X2A9SPO - SPORTS EXPERTS 468 (NORMANDIN),4266611-468,2026-07-16,2026-07-21,1,60,Order Processing,2,0.1,2.1
16790750,IF4041473238,33498029,J1X2A9SPO - SPORTS EXPERTS 468 (NORMANDIN),4266611-468,2026-07-16,2026-07-21,3,60,Order NonMasterPack,1.5,0.08,1.58
16790751,IF4041473239,33498030,J2K3G8SPO - SPORTS EXPERTS 479,4266611-479,2026-07-16,2026-07-21,3,60,Order NonMasterPack,1.5,0.08,1.58
16790751,IF4041473239,33498030,J2K3G8SPO - SPORTS EXPERTS 479,4266611-479,2026-07-16,2026-07-21,1,60,Order Processing,2,0.1,2.1
16790770,IF4041473270,33498465,H7L5Z6A/S - A/S Les Boutiques Tremblant,MA-33570-A,2026-07-16,2026-07-21,1,2216,Order Processing,2,0.1,2.1
16790770,IF4041473270,33498465,H7L5Z6A/S - A/S Les Boutiques Tremblant,MA-33570-A,2026-07-16,2026-07-21,44,2216,Order NonMasterPack,22,1.1,23.1
16790783,IF4041473284,33498480,P5N2W8MOO - MOONBEAM COUNTRY STORE,F26 del 2,2026-07-16,2026-07-21,1,558,Order Processing,2,0.1,2.1
16790783,IF4041473284,33498480,P5N2W8MOO - MOONBEAM COUNTRY STORE,F26 del 2,2026-07-16,2026-07-21,12,558,Order NonMasterPack,6,0.3,6.3
16790784,IF4041473285,33498479,P9A1H4MCT - MCTAGGARTS SOURCE FOR SPORTS,L260814,2026-07-16,2026-07-21,52,2903,Order NonMasterPack,26,1.3,27.3
16790784,IF4041473285,33498479,P9A1H4MCT - MCTAGGARTS SOURCE FOR SPORTS,L260814,2026-07-16,2026-07-21,1,2903,Order Processing,2,0.1,2.1
16790789,IF4041473290,33498486,V0N2J2ALL - ALLISON TAYLOR dba INIS TRADING CO,Fall 2026,2026-07-16,2026-07-21,1,320,Order Processing,2,0.1,2.1
16790789,IF4041473290,33498486,V0N2J2ALL - ALLISON TAYLOR dba INIS TRADING CO,Fall 2026,2026-07-16,2026-07-21,5,320,Order NonMasterPack,2.5,0.13,2.63
16790792,IF4041473293,33498488,R7N1J2507 - 5077070 MANITOBA LTD. dba PARKLAND SOURC,TENTREE-FA26,2026-07-16,2026-07-21,15,820,Order NonMasterPack,7.5,0.38,7.88
16790792,IF4041473293,33498488,R7N1J2507 - 5077070 MANITOBA LTD. dba PARKLAND SOURC,TENTREE-FA26,2026-07-16,2026-07-21,1,820,Order Processing,2,0.1,2.1
16790795,IF4041473297,33498492,R9A1L3KLE - KLEEN ALL THE PAS,F26TenTreeOCNKickIt,2026-07-16,2026-07-21,1,3726,Order Processing,2,0.1,2.1
16790795,IF4041473297,33498492,R9A1L3KLE - KLEEN ALL THE PAS,F26TenTreeOCNKickIt,2026-07-16,2026-07-21,74,3726,Order NonMasterPack,37,1.85,38.85
16790800,IF4041473305,33498501,P5N2W8MOO - MOONBEAM COUNTRY STORE,F26 del1,2026-07-16,2026-07-21,34,1551,Order NonMasterPack,17,0.85,17.85
16790800,IF4041473305,33498501,P5N2W8MOO - MOONBEAM COUNTRY STORE,F26 del1,2026-07-16,2026-07-21,1,1551,Order Processing,2,0.1,2.1
16793519,IF4041473596,33508392,V1C3R3GER - GERICK SPORTS,tentree fa261,2026-07-17,2026-07-21,1,765,Order Processing,2,0.1,2.1
16793519,IF4041473596,33508392,V1C3R3GER - GERICK SPORTS,tentree fa261,2026-07-17,2026-07-21,15,765,Order NonMasterPack,7.5,0.38,7.88
16793520,IF4041473597,33508393,V1C3R3GER - GERICK SPORTS,tentreefa261,2026-07-17,2026-07-21,13,622,Order NonMasterPack,6.5,0.33,6.83
16793520,IF4041473597,33508393,V1C3R3GER - GERICK SPORTS,tentreefa261,2026-07-17,2026-07-21,1,622,Order Processing,2,0.1,2.1
16793528,IF4041473605,33508400,P9A1H4MCT - MCTAGGARTS SOURCE FOR SPORTS,M-TET-FW26,2026-07-17,2026-07-21,17,793,Order NonMasterPack,8.5,0.43,8.93
16793528,IF4041473605,33508400,P9A1H4MCT - MCTAGGARTS SOURCE FOR SPORTS,M-TET-FW26,2026-07-17,2026-07-21,1,793,Order Processing,2,0.1,2.1
16793534,IF4041473611,33508407,V3Z1G6ART - ART KNAPP SURREY,fall 26 july,2026-07-17,2026-07-21,1,22.5,Order Processing,2,0.1,2.1
16793534,IF4041473611,33508407,V3Z1G6ART - ART KNAPP SURREY,fall 26 july,2026-07-17,2026-07-21,1,22.5,Order NonMasterPack,0.5,0.03,0.53
16803207,IF4041474659,33539528,V1T2B6VAL - Valhalla Pure Outfitters Inc,TEN260717,2026-07-20,2026-07-21,1,49,Order Processing,2,0.1,2.1
16803207,IF4041474659,33539528,V1T2B6VAL - Valhalla Pure Outfitters Inc,TEN260717,2026-07-20,2026-07-21,1,49,Order NonMasterPack,0.5,0.03,0.53
16805655,IF4041474844,33549607,V2Z2A2YPO - YPO BC,YPO BC Jacket Order,2026-07-21,2026-07-21,86,8974,Order NonMasterPack,43,2.15,45.15
16805655,IF4041474844,33549607,V2Z2A2YPO - YPO BC,YPO BC Jacket Order,2026-07-21,2026-07-21,3,8974,Order Master Pack Carton,6,0.3,6.3
16805655,IF4041474844,33549607,V2Z2A2YPO - YPO BC,YPO BC Jacket Order,2026-07-21,2026-07-21,1,8974,Order Processing,2,0.1,2.1
16774107,IF4041471309,33428196,T4R1N9EDG - EDGE CLOTHING,10TreeFa26Men_715,2026-07-10,2026-07-22,1,352,Order Processing,2,0.1,2.1
16774107,IF4041471309,33428196,T4R1N9EDG - EDGE CLOTHING,10TreeFa26Men_715,2026-07-10,2026-07-22,8,352,Order NonMasterPack,4,0.2,4.2
16784270,IF4041472485,33465993,G2J0B8SAI - SAIL 17,PO00388639,2026-07-14,2026-07-22,445,18889,Order NonMasterPack,222.5,11.13,233.63
16784270,IF4041472485,33465993,G2J0B8SAI - SAIL 17,PO00388639,2026-07-14,2026-07-22,1,18889,Order Master Pack Carton,2,0.1,2.1
16784270,IF4041472485,33465993,G2J0B8SAI - SAIL 17,PO00388639,2026-07-14,2026-07-22,1,18889,Order Processing,2,0.1,2.1
16790786,IF4041473287,33498482,S7N4L3UNI - UNIVERSITY OF SASKATCHEWAN - RETAIL SERV,253016,2026-07-16,2026-07-22,27,2156,Order NonMasterPack,13.5,0.68,14.18
16790786,IF4041473287,33498482,S7N4L3UNI - UNIVERSITY OF SASKATCHEWAN - RETAIL SERV,253016,2026-07-16,2026-07-22,1,2156,Order Processing,2,0.1,2.1
16790786,IF4041473287,33498482,S7N4L3UNI - UNIVERSITY OF SASKATCHEWAN - RETAIL SERV,253016,2026-07-16,2026-07-22,1,2156,Order Master Pack Carton,2,0.1,2.1
16793515,IF4041473592,33508388,S9A3W6FF2 - FF2,Ladiesfall,2026-07-17,2026-07-22,1,312,Order Processing,2,0.1,2.1
16793515,IF4041473592,33508388,S9A3W6FF2 - FF2,Ladiesfall,2026-07-17,2026-07-22,8,312,Order NonMasterPack,4,0.2,4.2
16793516,IF4041473593,33508389,T0A3A2ATH - ATHLETIC ALLEY MAGNET SHOES,Men's- Fall 2026,2026-07-17,2026-07-22,6,294,Order NonMasterPack,3,0.15,3.15
16793516,IF4041473593,33508389,T0A3A2ATH - ATHLETIC ALLEY MAGNET SHOES,Men's- Fall 2026,2026-07-17,2026-07-22,1,294,Order Processing,2,0.1,2.1
16793517,IF4041473594,33508390,V0J3A0CAL - CALIFORNIA DREAMIN,del 1,2026-07-17,2026-07-22,1,603,Order Processing,2,0.1,2.1
16793517,IF4041473594,33508390,V0J3A0CAL - CALIFORNIA DREAMIN,del 1,2026-07-17,2026-07-22,12,603,Order NonMasterPack,6,0.3,6.3
16793518,IF4041473595,33508391,R0C1B0HP - HP TERGESENS,222,2026-07-17,2026-07-22,1,328,Order Processing,2,0.1,2.1
16793518,IF4041473595,33508391,R0C1B0HP - HP TERGESENS,222,2026-07-17,2026-07-22,7,328,Order NonMasterPack,3.5,0.18,3.68
16793521,IF4041473598,33508394,P1H2B8REF - REFLECTIONS OF MUSKOKA,FW26 July 15 ship tentree (order 1of3),2026-07-17,2026-07-22,1,686,Order Processing,2,0.1,2.1
16793521,IF4041473598,33508394,P1H2B8REF - REFLECTIONS OF MUSKOKA,FW26 July 15 ship tentree (order 1of3),2026-07-17,2026-07-22,14,686,Order NonMasterPack,7,0.35,7.35
16793522,IF4041473599,33508395,K7V1R3SCO - SCOTT'S SHOE STORE,FW26,2026-07-17,2026-07-22,1,784,Order Processing,2,0.1,2.1
16793522,IF4041473599,33508395,K7V1R3SCO - SCOTT'S SHOE STORE,FW26,2026-07-17,2026-07-22,16,784,Order NonMasterPack,8,0.4,8.4
16793524,IF4041473601,33508396,T4V1N2THE - THE TRENDY WALRUS,FW26,2026-07-17,2026-07-22,14,936,Order NonMasterPack,7,0.35,7.35
16793524,IF4041473601,33508396,T4V1N2THE - THE TRENDY WALRUS,FW26,2026-07-17,2026-07-22,1,936,Order Processing,2,0.1,2.1
16793525,IF4041473602,33508398,V5J3G6CAN - CANADA GARDENWORKS LTD dba GARDENWORKS,FW26 tentree mens,2026-07-17,2026-07-22,9,666,Order NonMasterPack,4.5,0.23,4.73
16793525,IF4041473602,33508398,V5J3G6CAN - CANADA GARDENWORKS LTD dba GARDENWORKS,FW26 tentree mens,2026-07-17,2026-07-22,1,666,Order Processing,2,0.1,2.1
16793526,IF4041473603,33508399,V0R1K0XS - XS IV CHEMAINUS  BEYOND THE USUAL,BTU FAWI 2026 Del 1,2026-07-17,2026-07-22,1,100.5,Order Processing,2,0.1,2.1
16793526,IF4041473603,33508399,V0R1K0XS - XS IV CHEMAINUS  BEYOND THE USUAL,BTU FAWI 2026 Del 1,2026-07-17,2026-07-22,3,100.5,Order NonMasterPack,1.5,0.08,1.58
16793530,IF4041473607,33508403,V8A5K9ARM - ARMITAGE MENS WEAR,120325,2026-07-17,2026-07-22,12,568,Order NonMasterPack,6,0.3,6.3
16793530,IF4041473607,33508403,V8A5K9ARM - ARMITAGE MENS WEAR,120325,2026-07-17,2026-07-22,1,568,Order Processing,2,0.1,2.1
16793532,IF4041473609,33508405,A0G3A0BLU - BLUE RIDGE INC.,TENTREE FW26,2026-07-17,2026-07-22,12,778,Order NonMasterPack,6,0.3,6.3
16793532,IF4041473609,33508405,A0G3A0BLU - BLUE RIDGE INC.,TENTREE FW26,2026-07-17,2026-07-22,1,778,Order Processing,2,0.1,2.1
16793536,IF4041473613,33508409,G6P4A2SIG - SIGNE POUR LUI INC.,Fall 2026,2026-07-17,2026-07-22,5,445,Order NonMasterPack,2.5,0.13,2.63
16793536,IF4041473613,33508409,G6P4A2SIG - SIGNE POUR LUI INC.,Fall 2026,2026-07-17,2026-07-22,1,445,Order Processing,2,0.1,2.1
16793537,IF4041473614,33508410,H7L5Z6A/S - A/S Les Boutiques Tremblant,MA-33569-A,2026-07-17,2026-07-22,1,490,Order Processing,2,0.1,2.1
16793537,IF4041473614,33508410,H7L5Z6A/S - A/S Les Boutiques Tremblant,MA-33569-A,2026-07-17,2026-07-22,10,490,Order NonMasterPack,5,0.25,5.25
16793538,IF4041473615,33508412,A5A1L8MER - MERCERS MARINE EQUIPMENT LTD.,F26 Mercers,2026-07-17,2026-07-22,29,1421,Order NonMasterPack,14.5,0.73,15.23
16793538,IF4041473615,33508412,A5A1L8MER - MERCERS MARINE EQUIPMENT LTD.,F26 Mercers,2026-07-17,2026-07-22,1,1421,Order Processing,2,0.1,2.1
16793539,IF4041473616,33508414,V0J1Z0CHI - CHIAS DREAM CLOSET,Fall26,2026-07-17,2026-07-22,1,98,Order Processing,2,0.1,2.1
16793539,IF4041473616,33508414,V0J1Z0CHI - CHIAS DREAM CLOSET,Fall26,2026-07-17,2026-07-22,2,98,Order NonMasterPack,1,0.05,1.05
16793496,IF4041473572,33508367,V2P0J6THE - THE LOCAL SPACE,July,2026-07-17,2026-07-22,1,1009.5,Order Processing,2,0.1,2.1
16793496,IF4041473572,33508367,V2P0J6THE - THE LOCAL SPACE,July,2026-07-17,2026-07-22,25,1009.5,Order NonMasterPack,12.5,0.63,13.13
16793498,IF4041473574,33508369,V0G1R0TOU - TOUCH OF FASHION,fall 1,2026-07-17,2026-07-22,1,441,Order Processing,2,0.1,2.1
16793498,IF4041473574,33508369,V0G1R0TOU - TOUCH OF FASHION,fall 1,2026-07-17,2026-07-22,9,441,Order NonMasterPack,4.5,0.23,4.73
16793499,IF4041473575,33508370,J7K3B7LIL - LILY VOGUE,Fall 2026,2026-07-17,2026-07-22,14,966,Order NonMasterPack,7,0.35,7.35
16793499,IF4041473575,33508370,J7K3B7LIL - LILY VOGUE,Fall 2026,2026-07-17,2026-07-22,1,966,Order Processing,2,0.1,2.1
16793502,IF4041473579,33508374,V0A1H0TOP - TOP NOTCH,TTreeFall26,2026-07-17,2026-07-22,20,965,Order NonMasterPack,10,0.5,10.5
16793502,IF4041473579,33508374,V0A1H0TOP - TOP NOTCH,TTreeFall26,2026-07-17,2026-07-22,1,965,Order Processing,2,0.1,2.1
16793507,IF4041473584,33508379,S9V0T6HOT - HOT PEPPERS,fall 1,2026-07-17,2026-07-22,14,686,Order NonMasterPack,7,0.35,7.35
16793507,IF4041473584,33508379,S9V0T6HOT - HOT PEPPERS,fall 1,2026-07-17,2026-07-22,1,686,Order Processing,2,0.1,2.1
16793511,IF4041473588,33508384,T7E1T7JEN - JENSENS LIFESTYLE CLOTHING,JULSHIP,2026-07-17,2026-07-22,1,767,Order Processing,2,0.1,2.1
16793511,IF4041473588,33508384,T7E1T7JEN - JENSENS LIFESTYLE CLOTHING,JULSHIP,2026-07-17,2026-07-22,18,767,Order NonMasterPack,9,0.45,9.45
16793916,IF4041473647,33508838,V7B1W2 - Hidson Distribution Center by Avolta,YVR POP UP Giveaway,2026-07-17,2026-07-22,1,1125,Order Processing,2,0.1,2.1
16793916,IF4041473647,33508838,V7B1W2 - Hidson Distribution Center by Avolta,YVR POP UP Giveaway,2026-07-17,2026-07-22,50,1125,Order NonMasterPack,25,1.25,26.25
16793917,IF4041473665,33508939,G0X3B0RIE - Rien Ne Se Perd Tout Se Crée Inc,POP gratuit,2026-07-17,2026-07-22,1,0,Order Processing,2,0.1,2.1
16793917,IF4041473665,33508939,G0X3B0RIE - Rien Ne Se Perd Tout Se Crée Inc,POP gratuit,2026-07-17,2026-07-22,1,0,Handling,0.55,0.03,0.58
16795004,IF4041473781,33511792,V0R3A0BLA - BLACK ROCK OCEANFRONT RESORT,Green Wave PKG,2026-07-17,2026-07-22,25,437.5,Order NonMasterPack,12.5,0.63,13.13
16795004,IF4041473781,33511792,V0R3A0BLA - BLACK ROCK OCEANFRONT RESORT,Green Wave PKG,2026-07-17,2026-07-22,1,437.5,Order Processing,2,0.1,2.1
16795005,IF4041473782,33511793,V8L1X8SID - SIDNEY PIER AND PATH,3,2026-07-17,2026-07-22,150,4860,Order NonMasterPack,75,3.75,78.75
16795005,IF4041473782,33511793,V8L1X8SID - SIDNEY PIER AND PATH,3,2026-07-17,2026-07-22,1,4860,Order Processing,2,0.1,2.1
16795006,IF4041473783,33511794,T7E1T7JEN - JENSENS LIFESTYLE CLOTHING,STAFFJULY2026,2026-07-17,2026-07-22,3,85.4,Order NonMasterPack,1.5,0.08,1.58
16795006,IF4041473783,33511794,T7E1T7JEN - JENSENS LIFESTYLE CLOTHING,STAFFJULY2026,2026-07-17,2026-07-22,1,85.4,Order Processing,2,0.1,2.1
16802069,IF4041473576,33508371,A1C1K2ETH - ETHEREAL BOUTIQUE,EB-FALL2026-1,2026-07-20,2026-07-22,1,1957,Order Processing,2,0.1,2.1
16802069,IF4041473576,33508371,A1C1K2ETH - ETHEREAL BOUTIQUE,EB-FALL2026-1,2026-07-20,2026-07-22,48,1957,Order NonMasterPack,24,1.2,25.2
16802071,IF4041474454,33530747,E3B1B2THE - THE RADICAL EDGE,FALL26A,2026-07-20,2026-07-22,16,1049,Order NonMasterPack,8,0.4,8.4
16802071,IF4041474454,33530747,E3B1B2THE - THE RADICAL EDGE,FALL26A,2026-07-20,2026-07-22,1,1049,Order Processing,2,0.1,2.1
16802072,IF4041474455,33530748,T1W2B6VAL - VALHALLA PURE OUTFITTERS - CANMORE,14-TTIjul15mens&accessories,2026-07-20,2026-07-22,13,662,Order NonMasterPack,6.5,0.33,6.83
16802072,IF4041474455,33530748,T1W2B6VAL - VALHALLA PURE OUTFITTERS - CANMORE,14-TTIjul15mens&accessories,2026-07-20,2026-07-22,1,662,Order Processing,2,0.1,2.1
16802073,IF4041474456,33530749,V1R4C2JJS - JJS FASHIONS,10TREE-MW1-FW,2026-07-20,2026-07-22,1,332.5,Order Processing,2,0.1,2.1
16802073,IF4041474456,33530749,V1R4C2JJS - JJS FASHIONS,10TREE-MW1-FW,2026-07-20,2026-07-22,10,332.5,Order NonMasterPack,5,0.25,5.25
16802074,IF4041474457,33530750,V1E1B4HAR - HARTTY CLOTHING,TenF26A,2026-07-20,2026-07-22,15,620,Order NonMasterPack,7.5,0.38,7.88
16802074,IF4041474457,33530750,V1E1B4HAR - HARTTY CLOTHING,TenF26A,2026-07-20,2026-07-22,1,620,Order Processing,2,0.1,2.1
16802075,IF4041474462,33530752,T8V3B1THE - The Drop Rideshop,TenMen7-15-26,2026-07-20,2026-07-22,10,440,Order NonMasterPack,5,0.25,5.25
16802075,IF4041474462,33530752,T8V3B1THE - The Drop Rideshop,TenMen7-15-26,2026-07-20,2026-07-22,1,440,Order Processing,2,0.1,2.1
16802080,IF4041474458,33530751,T5V0A1 - LA DEE DAH,Fall 2026,2026-07-20,2026-07-22,1,588,Order Processing,2,0.1,2.1
16802080,IF4041474458,33530751,T5V0A1 - LA DEE DAH,Fall 2026,2026-07-20,2026-07-22,12,588,Order NonMasterPack,6,0.3,6.3
16803205,IF4041474662,33539530,V6H3S4MAK - MAKE,12879-JBO,2026-07-20,2026-07-22,1,2971,Order Processing,2,0.1,2.1
16803205,IF4041474662,33539530,V6H3S4MAK - MAKE,12879-JBO,2026-07-20,2026-07-22,102,2971,Order NonMasterPack,51,2.55,53.55
16803200,IF4041474660,33539529,V8J1P2HOM - HOMEWORK,July fill ins!,2026-07-20,2026-07-22,27,1078,Order NonMasterPack,13.5,0.68,14.18
16803200,IF4041474660,33539529,V8J1P2HOM - HOMEWORK,July fill ins!,2026-07-20,2026-07-22,1,1078,Order Processing,2,0.1,2.1
16790780,IF4041473281,33498476,A2H2N2GEO - GEORGES MOUNTAIN VILLAGE,FW-26/27,2026-07-16,2026-07-22,1,1844,Order Processing,2,0.1,2.1
16790780,IF4041473281,33498476,A2H2N2GEO - GEORGES MOUNTAIN VILLAGE,FW-26/27,2026-07-16,2026-07-22,31,1844,Order NonMasterPack,15.5,0.78,16.28
16793546,IF4041473625,33508422,NLA0EOUT - OUTPORT BOUTIQUE,F26 - Swap,2026-07-17,2026-07-22,1,234,Order Processing,2,0.1,2.1
16793546,IF4041473625,33508422,NLA0EOUT - OUTPORT BOUTIQUE,F26 - Swap,2026-07-17,2026-07-22,6,234,Order NonMasterPack,3,0.15,3.15
16784275,IF4041472475,33465988,J4G1R3SAI - SAIL 80,PO00388649,2026-07-14,2026-07-22,1,9325,Order Processing,2,0.1,2.1
16784275,IF4041472475,33465988,J4G1R3SAI - SAIL 80,PO00388649,2026-07-14,2026-07-22,241,9325,Order NonMasterPack,120.5,6.03,126.53
16793523,IF4041473600,33508397,E3V3S9JES - JESSOMES SOURCE FOR SPORTS,FW26-TENTREE,2026-07-17,2026-07-22,1,546,Order Processing,2,0.1,2.1
16793523,IF4041473600,33508397,E3V3S9JES - JESSOMES SOURCE FOR SPORTS,FW26-TENTREE,2026-07-17,2026-07-22,9,546,Order NonMasterPack,4.5,0.23,4.73
16793527,IF4041473604,33508401,V1T9H2WEA - WEARABOUTS - VERNON,VerF26S1,2026-07-17,2026-07-22,4,156,Order NonMasterPack,2,0.1,2.1
16793527,IF4041473604,33508401,V1T9H2WEA - WEARABOUTS - VERNON,VerF26S1,2026-07-17,2026-07-22,1,156,Order Processing,2,0.1,2.1
16793531,IF4041473608,33508404,V9Y8E9LAC - LACE IT UP aka JAYS MENS WEAR,TTMensFA1,2026-07-17,2026-07-22,1,245,Order Processing,2,0.1,2.1
16793531,IF4041473608,33508404,V9Y8E9LAC - LACE IT UP aka JAYS MENS WEAR,TTMensFA1,2026-07-17,2026-07-22,5,245,Order NonMasterPack,2.5,0.13,2.63
16793533,IF4041473610,33508406,B0W2Z0LA - LA CACHETTE,Tentree FW26 - Mens,2026-07-17,2026-07-22,4,196,Order NonMasterPack,2,0.1,2.1
16793533,IF4041473610,33508406,B0W2Z0LA - LA CACHETTE,Tentree FW26 - Mens,2026-07-17,2026-07-22,1,196,Order Processing,2,0.1,2.1
16793535,IF4041473612,33508408,K7G1E8STE - STEEL STYLE GARAGE,TT26-1,2026-07-17,2026-07-22,1,196,Order Processing,2,0.1,2.1
16793535,IF4041473612,33508408,K7G1E8STE - STEEL STYLE GARAGE,TT26-1,2026-07-17,2026-07-22,4,196,Order NonMasterPack,2,0.1,2.1
16793547,IF4041473626,33508423,V8L1X8SID - SIDNEY PIER AND PATH,1,2026-07-17,2026-07-22,8,712,Order NonMasterPack,4,0.2,4.2
16793547,IF4041473626,33508423,V8L1X8SID - SIDNEY PIER AND PATH,1,2026-07-17,2026-07-22,1,712,Order Processing,2,0.1,2.1
16793494,IF4041473570,33508365,V5J3G6CAN - CANADA GARDENWORKS LTD dba GARDENWORKS,FW26 tentree womens,2026-07-17,2026-07-22,1,420,Order Processing,2,0.1,2.1
16793494,IF4041473570,33508365,V5J3G6CAN - CANADA GARDENWORKS LTD dba GARDENWORKS,FW26 tentree womens,2026-07-17,2026-07-22,5,420,Order NonMasterPack,2.5,0.13,2.63
16793495,IF4041473571,33508366,V0N2J2ALL - ALLISON TAYLOR dba INIS TRADING CO,Fall Add-ons,2026-07-17,2026-07-22,1,509,Order Processing,2,0.1,2.1
16793495,IF4041473571,33508366,V0N2J2ALL - ALLISON TAYLOR dba INIS TRADING CO,Fall Add-ons,2026-07-17,2026-07-22,11,509,Order NonMasterPack,5.5,0.28,5.78
16793500,IF4041473577,33508372,V2G4T6CAR - CARIBOU SKI SOURCE FOR SPORTS,26-1040,2026-07-17,2026-07-22,4,166,Order NonMasterPack,2,0.1,2.1
16793500,IF4041473577,33508372,V2G4T6CAR - CARIBOU SKI SOURCE FOR SPORTS,26-1040,2026-07-17,2026-07-22,1,166,Order Processing,2,0.1,2.1
16793501,IF4041473578,33508373,G4T1E3QUI - QUINCAILLERIE TURBO INC,1013T,2026-07-17,2026-07-22,3,147,Order NonMasterPack,1.5,0.08,1.58
16793501,IF4041473578,33508373,G4T1E3QUI - QUINCAILLERIE TURBO INC,1013T,2026-07-17,2026-07-22,1,147,Order Processing,2,0.1,2.1
16793503,IF4041473580,33508375,G4T1E3QUI - QUINCAILLERIE TURBO INC,1012T,2026-07-17,2026-07-22,5,320,Order NonMasterPack,2.5,0.13,2.63
16793503,IF4041473580,33508375,G4T1E3QUI - QUINCAILLERIE TURBO INC,1012T,2026-07-17,2026-07-22,1,320,Order Processing,2,0.1,2.1
16793504,IF4041473581,33508376,V9K1S7COV - COVET BOUTIQUE,1234,2026-07-17,2026-07-22,9,360,Order NonMasterPack,4.5,0.23,4.73
16793504,IF4041473581,33508376,V9K1S7COV - COVET BOUTIQUE,1234,2026-07-17,2026-07-22,1,360,Order Processing,2,0.1,2.1
16793505,IF4041473582,33508377,V9W8C9SPI - SPINNERS SPORTS CAMPBELL RIVER,10TWOMEN071526,2026-07-17,2026-07-22,16,492,Order NonMasterPack,8,0.4,8.4
16793505,IF4041473582,33508377,V9W8C9SPI - SPINNERS SPORTS CAMPBELL RIVER,10TWOMEN071526,2026-07-17,2026-07-22,1,492,Order Processing,2,0.1,2.1
16793506,IF4041473583,33508378,V1T5H7KAL - KALECO,Fall26,2026-07-17,2026-07-22,1,631,Order Processing,2,0.1,2.1
16793506,IF4041473583,33508378,V1T5H7KAL - KALECO,Fall26,2026-07-17,2026-07-22,14,631,Order NonMasterPack,7,0.35,7.35
16793508,IF4041473585,33508381,V2J2M5PEA - PEARLS FASHION,TentreeF26ul,2026-07-17,2026-07-22,1,273,Order Processing,2,0.1,2.1
16793508,IF4041473585,33508381,V2J2M5PEA - PEARLS FASHION,TentreeF26ul,2026-07-17,2026-07-22,7,273,Order NonMasterPack,3.5,0.18,3.68
16793509,IF4041473586,33508382,T7P2J8A&M - A&M CLOTHING AND SHOES,Women's Fall 26,2026-07-17,2026-07-22,1,177,Order Processing,2,0.1,2.1
16793509,IF4041473586,33508382,T7P2J8A&M - A&M CLOTHING AND SHOES,Women's Fall 26,2026-07-17,2026-07-22,5,177,Order NonMasterPack,2.5,0.13,2.63
16793510,IF4041473587,33508383,T0H2H0LA - LA CRETE SOURCE FOR SPORTS,GKFA26,2026-07-17,2026-07-22,1,1233,Order Processing,2,0.1,2.1
16793510,IF4041473587,33508383,T0H2H0LA - LA CRETE SOURCE FOR SPORTS,GKFA26,2026-07-17,2026-07-22,27,1233,Order NonMasterPack,13.5,0.68,14.18
16793513,IF4041473590,33508386,R1A1V2KEY - KEYSTONE SOURCE FOR SPORTS,RM FALL26,2026-07-17,2026-07-22,7,378,Order NonMasterPack,3.5,0.18,3.68
16793513,IF4041473590,33508386,R1A1V2KEY - KEYSTONE SOURCE FOR SPORTS,RM FALL26,2026-07-17,2026-07-22,1,378,Order Processing,2,0.1,2.1
16793514,IF4041473591,33508387,T7P2J8A&M - A&M CLOTHING AND SHOES,Men's Fall 26,2026-07-17,2026-07-22,1,147,Order Processing,2,0.1,2.1
16793514,IF4041473591,33508387,T7P2J8A&M - A&M CLOTHING AND SHOES,Men's Fall 26,2026-07-17,2026-07-22,3,147,Order NonMasterPack,1.5,0.08,1.58
16793915,IF4041473646,33508837,V7B1K4 - Dufry VANCOUVER LP WDFG,YVR Duty Free Giveaway,2026-07-17,2026-07-22,1,675,Order Processing,2,0.1,2.1
16793915,IF4041473646,33508837,V7B1K4 - Dufry VANCOUVER LP WDFG,YVR Duty Free Giveaway,2026-07-17,2026-07-22,30,675,Order NonMasterPack,15,0.75,15.75
16793545,IF4041473624,33508421,L6T4H8THE - The Nuance Group (Canada) Inc,4503975913,2026-07-17,2026-07-22,1,2585.3,Order Processing,2,0.1,2.1
16793545,IF4041473624,33508421,L6T4H8THE - The Nuance Group (Canada) Inc,4503975913,2026-07-17,2026-07-22,98,2585.3,Order NonMasterPack,49,2.45,51.45
16795001,IF4041473778,33511789,V1T2B6VAL - Valhalla Pure Outfitters Inc,TEN260616,2026-07-17,2026-07-22,1,90.5,Order Processing,2,0.1,2.1
16795001,IF4041473778,33511789,V1T2B6VAL - Valhalla Pure Outfitters Inc,TEN260616,2026-07-17,2026-07-22,5,90.5,Order NonMasterPack,2.5,0.13,2.63
16795002,IF4041473779,33511791,B5A1E7EVE - EVERY BLOOMIN THING,CUST ORDER,2026-07-17,2026-07-22,2,66,Order NonMasterPack,1,0.05,1.05
16795002,IF4041473779,33511791,B5A1E7EVE - EVERY BLOOMIN THING,CUST ORDER,2026-07-17,2026-07-22,1,66,Order Processing,2,0.1,2.1
16795003,IF4041473780,33511790,K0M1A0BUC - BUCKEYE SURF AND SNOW,Fill W26,2026-07-17,2026-07-22,26,937.1,Order NonMasterPack,13,0.65,13.65
16795003,IF4041473780,33511790,K0M1A0BUC - BUCKEYE SURF AND SNOW,Fill W26,2026-07-17,2026-07-22,1,937.1,Order Processing,2,0.1,2.1
16803208,IF4041474675,33539547,L0S1J0BEA - BEAUCHAPEAU HAT SHOP INC.,W26-10T-01,2026-07-20,2026-07-22,1,3109.5,Order Processing,2,0.1,2.1
16803208,IF4041474675,33539547,L0S1J0BEA - BEAUCHAPEAU HAT SHOP INC.,W26-10T-01,2026-07-20,2026-07-22,141,3109.5,Order NonMasterPack,70.5,3.53,74.03
16807032,IF4041474875,33550548,V1T2B6VAL - Valhalla Pure Outfitters Inc,TEN260720,2026-07-21,2026-07-22,5,222.5,Order NonMasterPack,2.5,0.13,2.63
16807032,IF4041474875,33550548,V1T2B6VAL - Valhalla Pure Outfitters Inc,TEN260720,2026-07-21,2026-07-22,1,222.5,Order Processing,2,0.1,2.1
16807035,IF4041474880,33550553,V0X1W0WOR - WORK N PLAY CLOTHING CO,Replacement Order,2026-07-21,2026-07-22,1,22.5,Order Processing,2,0.1,2.1
16807035,IF4041474880,33550553,V0X1W0WOR - WORK N PLAY CLOTHING CO,Replacement Order,2026-07-21,2026-07-22,1,22.5,Order NonMasterPack,0.5,0.03,0.53
16803197,IF4041474672,33539541,G3A0P5LAT - LATULIPPE DISTRIBUTION CENTER,132343,2026-07-20,2026-07-22,1,618,Order Processing,2,0.1,2.1
16803197,IF4041474672,33539541,G3A0P5LAT - LATULIPPE DISTRIBUTION CENTER,132343,2026-07-20,2026-07-22,12,618,Order NonMasterPack,6,0.3,6.3
16803210,IF4041474669,33539537,G3A0P5LAT - LATULIPPE DISTRIBUTION CENTER,132345,2026-07-20,2026-07-22,1,501,Order Processing,2,0.1,2.1
16803210,IF4041474669,33539537,G3A0P5LAT - LATULIPPE DISTRIBUTION CENTER,132345,2026-07-20,2026-07-22,9,501,Order NonMasterPack,4.5,0.23,4.73
16803199,IF4041474670,33539539,G3A0P5LAT - LATULIPPE DISTRIBUTION CENTER,132344,2026-07-20,2026-07-22,1,579,Order Processing,2,0.1,2.1
16803199,IF4041474670,33539539,G3A0P5LAT - LATULIPPE DISTRIBUTION CENTER,132344,2026-07-20,2026-07-22,11,579,Order NonMasterPack,5.5,0.28,5.78
16793497,IF4041473573,33508368,V2A5A4FRE - FREE RIDE PENTICTON,PenWmTentreeFa26,2026-07-17,2026-07-23,4,196,Order NonMasterPack,2,0.1,2.1
16793497,IF4041473573,33508368,V2A5A4FRE - FREE RIDE PENTICTON,PenWmTentreeFa26,2026-07-17,2026-07-23,1,196,Order Processing,2,0.1,2.1
16793512,IF4041473589,33508385,T0L2H0KAN - KANANASKIS OUTFITTERS LTD,Wms Early,2026-07-17,2026-07-23,1,216,Order Processing,2,0.1,2.1
16793512,IF4041473589,33508385,T0L2H0KAN - KANANASKIS OUTFITTERS LTD,Wms Early,2026-07-17,2026-07-23,4,216,Order NonMasterPack,2,0.1,2.1
16790749,IF4041473071,33490435,V7B1K4VAN - VANCOUVER LP WDFG,4503974295,2026-07-16,2026-07-23,409,12089.5,Order NonMasterPack,204.5,10.23,214.73
16790749,IF4041473071,33490435,V7B1K4VAN - VANCOUVER LP WDFG,4503974295,2026-07-16,2026-07-23,1,12089.5,Order Processing,2,0.1,2.1
16790749,IF4041473071,33490435,V7B1K4VAN - VANCOUVER LP WDFG,4503974295,2026-07-16,2026-07-23,1,12089.5,Order Master Pack Carton,2,0.1,2.1
16807033,IF4041474878,33550550,V7B1W2HUD - Hudson Grp VANCOUVER INT'L AIRPORT,4503977771,2026-07-21,2026-07-23,1,7066.25,Order Processing,2,0.1,2.1
16807033,IF4041474878,33550550,V7B1W2HUD - Hudson Grp VANCOUVER INT'L AIRPORT,4503977771,2026-07-21,2026-07-23,176,7066.25,Order NonMasterPack,88,4.4,92.4
16793914,IF4041473644,33508836,L6T4H8THE - The Nuance Group (Canada) Inc,YVR Toronto Giveaway,2026-07-17,2026-07-23,30,675,Order NonMasterPack,15,0.75,15.75
16793914,IF4041473644,33508836,L6T4H8THE - The Nuance Group (Canada) Inc,YVR Toronto Giveaway,2026-07-17,2026-07-23,1,675,Order Processing,2,0.1,2.1
16787352,IF4041472945,33486987,L7A0E4CEN - CENTRE DE DISTRIBUTION GT,4265640-3399,2026-07-15,2026-07-23,153,39160,Order NonMasterPack,76.5,3.83,80.33
16787352,IF4041472945,33486987,L7A0E4CEN - CENTRE DE DISTRIBUTION GT,4265640-3399,2026-07-15,2026-07-23,1,39160,Order Processing,2,0.1,2.1
16787352,IF4041472945,33486987,L7A0E4CEN - CENTRE DE DISTRIBUTION GT,4265640-3399,2026-07-15,2026-07-23,33,39160,Order Master Pack Carton,66,3.3,69.3
16807155,IF4041474925,33552312,V6B1B2MAK - MAKE GASTOWN,11704-RET2-JBO,2026-07-21,2026-07-24,75,2426.5,Order NonMasterPack,37.5,1.88,39.38
16807155,IF4041474925,33552312,V6B1B2MAK - MAKE GASTOWN,11704-RET2-JBO,2026-07-21,2026-07-24,1,2426.5,Order Processing,2,0.1,2.1
16807156,IF4041474926,33552311,V5L1Y9MAK - MAKE VANCOUVER FULFILLMENT CENTRE,11689-JBO,2026-07-21,2026-07-24,1,5500.5,Order Processing,2,0.1,2.1
16807156,IF4041474926,33552311,V5L1Y9MAK - MAKE VANCOUVER FULFILLMENT CENTRE,11689-JBO,2026-07-21,2026-07-24,158,5500.5,Order NonMasterPack,79,3.95,82.95
16741645,IF4041469110,33349244,T9W1C5ARM - ARMSTRONGS CLOTHING AND SPORTS,FALL 2026 LDS DEL 1,2026-07-02,2026-07-27,12,429,Order NonMasterPack,6,0.3,6.3
16741645,IF4041469110,33349244,T9W1C5ARM - ARMSTRONGS CLOTHING AND SPORTS,FALL 2026 LDS DEL 1,2026-07-02,2026-07-27,1,429,Order Processing,2,0.1,2.1
16742930,IF4041469164,33351719,V0K2E0OUT - OUTLAW FASHIONS (FCJ ENTERPRISES LTD),62626,2026-07-02,2026-07-27,24,540,Order NonMasterPack,12,0.6,12.6
16742930,IF4041469164,33351719,V0K2E0OUT - OUTLAW FASHIONS (FCJ ENTERPRISES LTD),62626,2026-07-02,2026-07-27,1,540,Order Processing,2,0.1,2.1
16742932,IF4041469166,33351721,V0R3A0BLA - BLACK ROCK OCEANFRONT RESORT,Tentree Reorder,2026-07-02,2026-07-27,63,1728,Order NonMasterPack,31.5,1.58,33.08
16742932,IF4041469166,33351721,V0R3A0BLA - BLACK ROCK OCEANFRONT RESORT,Tentree Reorder,2026-07-02,2026-07-27,1,1728,Order Processing,2,0.1,2.1
16742931,IF4041469165,33351720,V0R3A0BLA - BLACK ROCK OCEANFRONT RESORT,Tentree Order,2026-07-02,2026-07-27,1,270,Order Processing,2,0.1,2.1
16742931,IF4041469165,33351720,V0R3A0BLA - BLACK ROCK OCEANFRONT RESORT,Tentree Order,2026-07-02,2026-07-27,12,270,Order NonMasterPack,6,0.3,6.3
16742933,IF4041469167,33351722,V8G2N1TRI - TRIGOS LIFESTYLE,bts2026,2026-07-02,2026-07-27,1,3658.5,Order Processing,2,0.1,2.1
16742933,IF4041469167,33351722,V8G2N1TRI - TRIGOS LIFESTYLE,bts2026,2026-07-02,2026-07-27,106,3658.5,Order NonMasterPack,53,2.65,55.65
16780244,IF4041472294,33459882,T9W1C5ARM - ARMSTRONGS CLOTHING AND SPORTS,FALL 2026 LDS DEL 1,2026-07-13,2026-07-27,30,1665,Order NonMasterPack,15,0.75,15.75
16780244,IF4041472294,33459882,T9W1C5ARM - ARMSTRONGS CLOTHING AND SPORTS,FALL 2026 LDS DEL 1,2026-07-13,2026-07-27,1,1665,Order Processing,2,0.1,2.1
16781931,IF4041472367,33462064,V1G2C1GRI - GRIFFIN SOURCE FOR SPORTS,glenn,2026-07-13,2026-07-27,1,828,Order Processing,2,0.1,2.1
16781931,IF4041472367,33462064,V1G2C1GRI - GRIFFIN SOURCE FOR SPORTS,glenn,2026-07-13,2026-07-27,21,828,Order NonMasterPack,10.5,0.53,11.03
16784321,IF4041472685,33474033,B2G2C4WIL - WILFRED AND PARKER BOUTIQUE,SWAPS - TENTREE FW26 #1 - JULY,2026-07-14,2026-07-27,10,790,Order NonMasterPack,5,0.25,5.25
16784321,IF4041472685,33474033,B2G2C4WIL - WILFRED AND PARKER BOUTIQUE,SWAPS - TENTREE FW26 #1 - JULY,2026-07-14,2026-07-27,1,790,Order Processing,2,0.1,2.1
16809609,IF4041475056,33560153,J1L1K1SPO - SPORTS EXPERTS 528,4266162-528,2026-07-22,2026-07-27,43,1250,Order NonMasterPack,21.5,1.08,22.58
16809609,IF4041475056,33560153,J1L1K1SPO - SPORTS EXPERTS 528,4266162-528,2026-07-22,2026-07-27,1,1250,Order Processing,2,0.1,2.1
16809614,IF4041475063,33560158,J1L1K1SPO - SPORTS EXPERTS 528,4266158-528,2026-07-22,2026-07-27,29,1416,Order NonMasterPack,14.5,0.73,15.23
16809614,IF4041475063,33560158,J1L1K1SPO - SPORTS EXPERTS 528,4266158-528,2026-07-22,2026-07-27,1,1416,Order Processing,2,0.1,2.1
16809616,IF4041475065,33560160,J8E0P3SPO - SPORTS EXPERTS - ATMOSPHERE,4266158-870,2026-07-22,2026-07-27,1,977,Order Processing,2,0.1,2.1
16809616,IF4041475065,33560160,J8E0P3SPO - SPORTS EXPERTS - ATMOSPHERE,4266158-870,2026-07-22,2026-07-27,23,977,Order NonMasterPack,11.5,0.58,12.08
16809623,IF4041475074,33560167,G9N7C1SPO - SPORTS EXPERTS - ATMOSPHERE,4266158-883,2026-07-22,2026-07-27,12,558,Order NonMasterPack,6,0.3,6.3
16809623,IF4041475074,33560167,G9N7C1SPO - SPORTS EXPERTS - ATMOSPHERE,4266158-883,2026-07-22,2026-07-27,1,558,Order Processing,2,0.1,2.1
16809626,IF4041475077,33560170,G9N7C1SPO - SPORTS EXPERTS - ATMOSPHERE,4266162-883,2026-07-22,2026-07-27,1,1355,Order Processing,2,0.1,2.1
16809626,IF4041475077,33560170,G9N7C1SPO - SPORTS EXPERTS - ATMOSPHERE,4266162-883,2026-07-22,2026-07-27,31,1355,Order NonMasterPack,15.5,0.78,16.28
16809615,IF4041475064,33560159,J9A0C7PLA - Plateau des Grives,4266162-3307,2026-07-22,2026-07-27,11,436.5,Order NonMasterPack,5.5,0.28,5.78
16809615,IF4041475064,33560159,J9A0C7PLA - Plateau des Grives,4266162-3307,2026-07-22,2026-07-27,1,436.5,Order Processing,2,0.1,2.1
16809618,IF4041475068,33560162,J2C6Y7PRO - Promenades Drummondville,4266158-861,2026-07-22,2026-07-27,28,1327,Order NonMasterPack,14,0.7,14.7
16809618,IF4041475068,33560162,J2C6Y7PRO - Promenades Drummondville,4266158-861,2026-07-22,2026-07-27,1,1327,Order Processing,2,0.1,2.1
16809622,IF4041475073,33560166,J2L0A1LE - Le Carrefour Champêtre Bromont,4266162-846,2026-07-22,2026-07-27,1,938,Order Processing,2,0.1,2.1
16809622,IF4041475073,33560166,J2L0A1LE - Le Carrefour Champêtre Bromont,4266162-846,2026-07-22,2026-07-27,23,938,Order NonMasterPack,11.5,0.58,12.08
16809660,IF4041475139,33560803,T0A2C0FOU - FOUR SEASONS,FSCfw26Jul15,2026-07-22,2026-07-27,1,132,Order Processing,2,0.1,2.1
16809660,IF4041475139,33560803,T0A2C0FOU - FOUR SEASONS,FSCfw26Jul15,2026-07-22,2026-07-27,17,132,Order NonMasterPack,8.5,0.43,8.93
16809665,IF4041475144,33560808,E5B1A8MY - MY SPACE GIFT SHOP,kelly - TENTREE - JUL,2026-07-22,2026-07-27,1,818,Order Processing,2,0.1,2.1
16809665,IF4041475144,33560808,E5B1A8MY - MY SPACE GIFT SHOP,kelly - TENTREE - JUL,2026-07-22,2026-07-27,17,818,Order NonMasterPack,8.5,0.43,8.93
16809673,IF4041475165,33560923,V0X1W0WOR - WORK N PLAY CLOTHING CO,Fall 2026,2026-07-22,2026-07-27,1,385,Order Processing,2,0.1,2.1
16809673,IF4041475165,33560923,V0X1W0WOR - WORK N PLAY CLOTHING CO,Fall 2026,2026-07-22,2026-07-27,13,385,Order NonMasterPack,6.5,0.33,6.83
16809677,IF4041475171,33560932,T9W1C5ARM - ARMSTRONGS CLOTHING AND SPORTS,FALL2026 MNS DEL 1,2026-07-22,2026-07-27,1,822,Order Processing,2,0.1,2.1
16809677,IF4041475171,33560932,T9W1C5ARM - ARMSTRONGS CLOTHING AND SPORTS,FALL2026 MNS DEL 1,2026-07-22,2026-07-27,18,822,Order NonMasterPack,9,0.45,9.45
16810441,IF4041475243,33562283,T1W2W4BIG - BIG BEAR TRADING CO dba COASTAL CULTURE,Big Bear SMU July,2026-07-22,2026-07-27,3,8838,Order Master Pack Carton,6,0.3,6.3
16810441,IF4041475243,33562283,T1W2W4BIG - BIG BEAR TRADING CO dba COASTAL CULTURE,Big Bear SMU July,2026-07-22,2026-07-27,285,8838,Order NonMasterPack,142.5,7.13,149.63
16810441,IF4041475243,33562283,T1W2W4BIG - BIG BEAR TRADING CO dba COASTAL CULTURE,Big Bear SMU July,2026-07-22,2026-07-27,1,8838,Order Processing,2,0.1,2.1
16741264,IF4041468467,33329875,N0E1L0MAC - MACKENZIE CREEK TRADING COMPANY,20260615,2026-07-02,2026-07-27,1,198,Order Processing,2,0.1,2.1
16741264,IF4041468467,33329875,N0E1L0MAC - MACKENZIE CREEK TRADING COMPANY,20260615,2026-07-02,2026-07-27,8,198,Order NonMasterPack,4,0.2,4.2
16742934,IF4041469172,33351825,B2G2C4WIL - WILFRED AND PARKER BOUTIQUE,TENTREE FW26 #1 - JULY,2026-07-02,2026-07-27,62,2310,Order NonMasterPack,31,1.55,32.55
16742934,IF4041469172,33351825,B2G2C4WIL - WILFRED AND PARKER BOUTIQUE,TENTREE FW26 #1 - JULY,2026-07-02,2026-07-27,1,2310,Order Processing,2,0.1,2.1
16824183,IF4041476572,33610981,G3C1C9EVE - Eveline Tremblay,#CA986225,2026-07-27,2026-07-27,1,119.2,Order Processing,1.25,0.06,1.31
16824183,IF4041476572,33610981,G3C1C9EVE - Eveline Tremblay,#CA986225,2026-07-27,2026-07-27,2,119.2,Order NonMasterPack,1,0.05,1.05
16824183,IF4041476572,33610981,G3C1C9EVE - Eveline Tremblay,#CA986225,2026-07-27,2026-07-27,2,119.2,Handling,1.3,0.07,1.37
16824338,IF4041476629,33611088,T4C3K4JOS - Josephine Smith,#CA986228,2026-07-27,2026-07-27,1,68,Order Processing,1.25,0.06,1.31
16824338,IF4041476629,33611088,T4C3K4JOS - Josephine Smith,#CA986228,2026-07-27,2026-07-27,2,68,Order NonMasterPack,1,0.05,1.05
16824338,IF4041476629,33611088,T4C3K4JOS - Josephine Smith,#CA986228,2026-07-27,2026-07-27,2,68,Handling,1.3,0.07,1.37
16824540,IF4041476636,33612869,G0C1H0KAR - Karine Guevremont,#CA986231,2026-07-27,2026-07-27,3,126.6,Handling,1.95,0.1,2.05
16824540,IF4041476636,33612869,G0C1H0KAR - Karine Guevremont,#CA986231,2026-07-27,2026-07-27,1,126.6,Order Processing,1.25,0.06,1.31
16824540,IF4041476636,33612869,G0C1H0KAR - Karine Guevremont,#CA986231,2026-07-27,2026-07-27,3,126.6,Order NonMasterPack,1.5,0.08,1.58
16824648,IF4041476642,33612770,V2E2P3AMA - Amanda Bain,#CA986234,2026-07-27,2026-07-27,1,116.2,Order Processing,1.25,0.06,1.31
16824648,IF4041476642,33612770,V2E2P3AMA - Amanda Bain,#CA986234,2026-07-27,2026-07-27,2,116.2,Order NonMasterPack,1,0.05,1.05
16824648,IF4041476642,33612770,V2E2P3AMA - Amanda Bain,#CA986234,2026-07-27,2026-07-27,2,116.2,Handling,1.3,0.07,1.37
16824778,IF4041476644,33613171,E8K1B7NAT - Natalie Duguay,#CA986236,2026-07-27,2026-07-27,3,104,Order NonMasterPack,1.5,0.08,1.58
16824778,IF4041476644,33613171,E8K1B7NAT - Natalie Duguay,#CA986236,2026-07-27,2026-07-27,1,104,Order Processing,1.25,0.06,1.31
16824778,IF4041476644,33613171,E8K1B7NAT - Natalie Duguay,#CA986236,2026-07-27,2026-07-27,3,104,Handling,1.95,0.1,2.05
16691974,IF4041465641,33206073,S7N4L3UNI - UNIVERSITY OF SASKATCHEWAN - RETAIL SERV,253908,2026-06-17,2026-07-27,3,2688,Order Master Pack Carton,6,0.3,6.3
16691974,IF4041465641,33206073,S7N4L3UNI - UNIVERSITY OF SASKATCHEWAN - RETAIL SERV,253908,2026-06-17,2026-07-27,11,2688,Order NonMasterPack,5.5,0.28,5.78
16691974,IF4041465641,33206073,S7N4L3UNI - UNIVERSITY OF SASKATCHEWAN - RETAIL SERV,253908,2026-06-17,2026-07-27,1,2688,Order Processing,2,0.1,2.1
16809610,IF4041475058,33560154,G5L7Y5SPO - SPORTS EXPERTS,4266158-775,2026-07-22,2026-07-27,1,1376,Order Processing,2,0.1,2.1
16809610,IF4041475058,33560154,G5L7Y5SPO - SPORTS EXPERTS,4266158-775,2026-07-22,2026-07-27,29,1376,Order NonMasterPack,14.5,0.73,15.23
16809611,IF4041475060,33560155,G6V6Y8SPO - SPORTS EXPERTS,4266162-495,2026-07-22,2026-07-27,1,1338.5,Order Processing,2,0.1,2.1
16809611,IF4041475060,33560155,G6V6Y8SPO - SPORTS EXPERTS,4266162-495,2026-07-22,2026-07-27,33,1338.5,Order NonMasterPack,16.5,0.83,17.33
16809613,IF4041475062,33560157,E3V1T9SPO - SPORTS EXPERTS,4266158-482,2026-07-22,2026-07-27,4,336,Order NonMasterPack,2,0.1,2.1
16809613,IF4041475062,33560157,E3V1T9SPO - SPORTS EXPERTS,4266158-482,2026-07-22,2026-07-27,1,336,Order Processing,2,0.1,2.1
16809617,IF4041475066,33560161,G1V2L8SPO - Sports Experts,4266162-415,2026-07-22,2026-07-27,1,3382,Order Processing,2,0.1,2.1
16809617,IF4041475066,33560161,G1V2L8SPO - Sports Experts,4266162-415,2026-07-22,2026-07-27,82,3382,Order NonMasterPack,41,2.05,43.05
16809621,IF4041475072,33560165,H3B1E2SPO - SPORTS EXPERTS 534,4266162-534,2026-07-22,2026-07-27,1,3197,Order Processing,2,0.1,2.1
16809621,IF4041475072,33560165,H3B1E2SPO - SPORTS EXPERTS 534,4266162-534,2026-07-22,2026-07-27,82,3197,Order NonMasterPack,41,2.05,43.05
16809625,IF4041475076,33560169,H7P6C8SPO - SPORTS EXPERTS 3398,4266162-3398,2026-07-22,2026-07-27,2,76.5,Order NonMasterPack,1,0.05,1.05
16809625,IF4041475076,33560169,H7P6C8SPO - SPORTS EXPERTS 3398,4266162-3398,2026-07-22,2026-07-27,1,76.5,Order Processing,2,0.1,2.1
16809612,IF4041475061,33560156,J8T6G3PRO - Promenades Gatineau,4266158-845,2026-07-22,2026-07-27,1,1725,Order Processing,2,0.1,2.1
16809612,IF4041475061,33560156,J8T6G3PRO - Promenades Gatineau,4266158-845,2026-07-22,2026-07-27,35,1725,Order NonMasterPack,17.5,0.88,18.38
16809624,IF4041475075,33560168,G1V2L1PLA - Place Ste-Foy,4266162-3702,2026-07-22,2026-07-27,36,1570.5,Order NonMasterPack,18,0.9,18.9
16809624,IF4041475075,33560168,G1V2L1PLA - Place Ste-Foy,4266162-3702,2026-07-22,2026-07-27,1,1570.5,Order Processing,2,0.1,2.1
16809627,IF4041475088,33560560,V8B0H2THE - THE SQUAMISH STORE,TENTREE0722 - ASAP,2026-07-22,2026-07-27,1,90,Order Processing,2,0.1,2.1
16809627,IF4041475088,33560560,V8B0H2THE - THE SQUAMISH STORE,TENTREE0722 - ASAP,2026-07-22,2026-07-27,4,90,Order NonMasterPack,2,0.1,2.1
16809628,IF4041475089,33560561,V1T2B6VAL - Valhalla Pure Outfitters Inc,TEN260722,2026-07-22,2026-07-27,2,49.8,Order NonMasterPack,1,0.05,1.05
16809628,IF4041475089,33560561,V1T2B6VAL - Valhalla Pure Outfitters Inc,TEN260722,2026-07-22,2026-07-27,1,49.8,Order Processing,2,0.1,2.1
16809629,IF4041475090,33560562,S0L2V0GOG - GOGH SPORTS COMPANY LTD. DBA ATHLETE'S H,Jenna,2026-07-22,2026-07-27,1,84.2,Order Processing,2,0.1,2.1
16809629,IF4041475090,33560562,S0L2V0GOG - GOGH SPORTS COMPANY LTD. DBA ATHLETE'S H,Jenna,2026-07-22,2026-07-27,3,84.2,Order NonMasterPack,1.5,0.08,1.58
16809630,IF4041475091,33560563,N0B2N0CHA - CHANGE LIFESTYLE & APPAREL,MIKEBSpecialJuly 2026,2026-07-22,2026-07-27,1,358.7,Order Processing,2,0.1,2.1
16809630,IF4041475091,33560563,N0B2N0CHA - CHANGE LIFESTYLE & APPAREL,MIKEBSpecialJuly 2026,2026-07-22,2026-07-27,12,358.7,Order NonMasterPack,6,0.3,6.3
16809632,IF4041475094,33560665,V1T2B6VAL - Valhalla Pure Outfitters Inc,TEN260721,2026-07-22,2026-07-27,4,95.45,Order NonMasterPack,2,0.1,2.1
16809632,IF4041475094,33560665,V1T2B6VAL - Valhalla Pure Outfitters Inc,TEN260721,2026-07-22,2026-07-27,1,95.45,Order Processing,2,0.1,2.1
16809671,IF4041475162,33560920,V0N2J2ALL - ALLISON TAYLOR dba INIS TRADING CO,Fall 2026,2026-07-22,2026-07-27,20,140,Order NonMasterPack,10,0.5,10.5
16809671,IF4041475162,33560920,V0N2J2ALL - ALLISON TAYLOR dba INIS TRADING CO,Fall 2026,2026-07-22,2026-07-27,1,140,Order Processing,2,0.1,2.1
16809672,IF4041475164,33560922,R7N1J2507 - 5077070 MANITOBA LTD. dba PARKLAND SOURC,TENTREE-FA26,2026-07-22,2026-07-27,1,42,Order Processing,2,0.1,2.1
16809672,IF4041475164,33560922,R7N1J2507 - 5077070 MANITOBA LTD. dba PARKLAND SOURC,TENTREE-FA26,2026-07-22,2026-07-27,6,42,Order NonMasterPack,3,0.15,3.15
16809676,IF4041475170,33560931,V8L1X8SID - SIDNEY PIER AND PATH,3,2026-07-22,2026-07-27,1,168,Order Processing,2,0.1,2.1
16809676,IF4041475170,33560931,V8L1X8SID - SIDNEY PIER AND PATH,3,2026-07-22,2026-07-27,24,168,Order NonMasterPack,12,0.6,12.6
16824093,IF4041476566,33611074,T3R1W3JES - Jese Lowry,#CA986220,2026-07-27,2026-07-28,1,31.5,Order NonMasterPack,0.5,0.03,0.53
16824093,IF4041476566,33611074,T3R1W3JES - Jese Lowry,#CA986220,2026-07-27,2026-07-28,1,31.5,Handling,0.65,0.03,0.68
16824093,IF4041476566,33611074,T3R1W3JES - Jese Lowry,#CA986220,2026-07-27,2026-07-28,1,31.5,Order Processing,1.25,0.06,1.31
16824095,IF4041476568,33610876,R3R1A3HAN - Hannah Davis,#CA986222,2026-07-27,2026-07-28,1,36,Order Processing,1.25,0.06,1.31
16824095,IF4041476568,33610876,R3R1A3HAN - Hannah Davis,#CA986222,2026-07-27,2026-07-28,1,36,Order NonMasterPack,0.5,0.03,0.53
16824095,IF4041476568,33610876,R3R1A3HAN - Hannah Davis,#CA986222,2026-07-27,2026-07-28,1,36,Handling,0.65,0.03,0.68
16824393,IF4041476631,33612669,P7B6R6MYL - Myles Harding,#CA986230,2026-07-27,2026-07-28,1,22.5,Order NonMasterPack,0.5,0.03,0.53
16824393,IF4041476631,33612669,P7B6R6MYL - Myles Harding,#CA986230,2026-07-27,2026-07-28,1,22.5,Handling,0.65,0.03,0.68
16824393,IF4041476631,33612669,P7B6R6MYL - Myles Harding,#CA986230,2026-07-27,2026-07-28,1,22.5,Order Processing,1.25,0.06,1.31
16824437,IF4041476633,33612865,V0N1S1NIC - Nicholas Scapillati,#CA986068,2026-07-27,2026-07-28,1,45,Order Processing,1.25,0.06,1.31
16824437,IF4041476633,33612865,V0N1S1NIC - Nicholas Scapillati,#CA986068,2026-07-27,2026-07-28,1,45,Order NonMasterPack,0.5,0.03,0.53
16824437,IF4041476633,33612865,V0N1S1NIC - Nicholas Scapillati,#CA986068,2026-07-27,2026-07-28,1,45,Handling,0.65,0.03,0.68
16824649,IF4041476640,33612686,V5V0J3AAR - Aaron Matsuzaki,#CA986232,2026-07-27,2026-07-28,1,218,Order NonMasterPack,0.5,0.03,0.53
16824649,IF4041476640,33612686,V5V0J3AAR - Aaron Matsuzaki,#CA986232,2026-07-27,2026-07-28,1,218,Handling,0.65,0.03,0.68
16824649,IF4041476640,33612686,V5V0J3AAR - Aaron Matsuzaki,#CA986232,2026-07-27,2026-07-28,1,218,Order Processing,1.25,0.06,1.31
16824877,IF4041476649,33613275,K7S2T3BRI - Brittany Defalco,#CA986237,2026-07-27,2026-07-28,1,84,Handling,0.65,0.03,0.68
16824877,IF4041476649,33613275,K7S2T3BRI - Brittany Defalco,#CA986237,2026-07-27,2026-07-28,1,84,Order NonMasterPack,0.5,0.03,0.53
16824877,IF4041476649,33613275,K7S2T3BRI - Brittany Defalco,#CA986237,2026-07-27,2026-07-28,1,84,Order Processing,1.25,0.06,1.31
16824878,IF4041476650,33613278,J0B1B0FRA - Francoeur Josee,#CA986238,2026-07-27,2026-07-28,1,35.2,Order NonMasterPack,0.5,0.03,0.53
16824878,IF4041476650,33613278,J0B1B0FRA - Francoeur Josee,#CA986238,2026-07-27,2026-07-28,1,35.2,Order Processing,1.25,0.06,1.31
16824878,IF4041476650,33613278,J0B1B0FRA - Francoeur Josee,#CA986238,2026-07-27,2026-07-28,1,35.2,Handling,0.65,0.03,0.68
16825711,IF4041476697,33615324,V9A6X5JEN - Jenna Bordeleau,#CA986263,2026-07-27,2026-07-28,1,98,Order NonMasterPack,0.5,0.03,0.53
16825711,IF4041476697,33615324,V9A6X5JEN - Jenna Bordeleau,#CA986263,2026-07-27,2026-07-28,1,98,Handling,0.65,0.03,0.68
16825711,IF4041476697,33615324,V9A6X5JEN - Jenna Bordeleau,#CA986263,2026-07-27,2026-07-28,1,98,Order Processing,1.25,0.06,1.31
16826104,IF4041476727,33617317,V0J2E0S M - S M,#CA986286,2026-07-27,2026-07-28,1,62.4,Handling,0.65,0.03,0.68
16826104,IF4041476727,33617317,V0J2E0S M - S M,#CA986286,2026-07-27,2026-07-28,1,62.4,Order NonMasterPack,0.5,0.03,0.53
16826104,IF4041476727,33617317,V0J2E0S M - S M,#CA986286,2026-07-27,2026-07-28,1,62.4,Order Processing,1.25,0.06,1.31
16826536,IF4041476753,33620295,G0G2B0CAM - Camille Moreau,#CA986316,2026-07-28,2026-07-28,1,278.4,Handling,0.65,0.03,0.68
16826536,IF4041476753,33620295,G0G2B0CAM - Camille Moreau,#CA986316,2026-07-28,2026-07-28,1,278.4,Order Processing,1.25,0.06,1.31
16826536,IF4041476753,33620295,G0G2B0CAM - Camille Moreau,#CA986316,2026-07-28,2026-07-28,1,278.4,Order NonMasterPack,0.5,0.03,0.53
16826597,IF4041476755,33620298,M5A0C9MIC - Michaela De Sousa,#CA986318,2026-07-28,2026-07-28,1,128,Order Processing,1.25,0.06,1.31
16826597,IF4041476755,33620298,M5A0C9MIC - Michaela De Sousa,#CA986318,2026-07-28,2026-07-28,1,128,Order NonMasterPack,0.5,0.03,0.53
16826597,IF4041476755,33620298,M5A0C9MIC - Michaela De Sousa,#CA986318,2026-07-28,2026-07-28,1,128,Handling,0.65,0.03,0.68
16825103,IF4041476659,33613692,T1S5L9PAM - Pam Hillestad,#CA985759,2026-07-27,2026-07-28,1,62.4,Handling,0.65,0.03,0.68
16825103,IF4041476659,33613692,T1S5L9PAM - Pam Hillestad,#CA985759,2026-07-27,2026-07-28,1,62.4,Order NonMasterPack,0.5,0.03,0.53
16825103,IF4041476659,33613692,T1S5L9PAM - Pam Hillestad,#CA985759,2026-07-27,2026-07-28,1,62.4,Order Processing,1.25,0.06,1.31
16825105,IF4041476661,33613693,V8M1E5BRO - Brooke Miller,#CA985722,2026-07-27,2026-07-28,1,45,Order NonMasterPack,0.5,0.03,0.53
16825105,IF4041476661,33613693,V8M1E5BRO - Brooke Miller,#CA985722,2026-07-27,2026-07-28,1,45,Handling,0.65,0.03,0.68
16825105,IF4041476661,33613693,V8M1E5BRO - Brooke Miller,#CA985722,2026-07-27,2026-07-28,1,45,Order Processing,1.25,0.06,1.31
16825806,IF4041476703,33615718,G4X2A1AGA - Agathe Goussard,#CA986268,2026-07-27,2026-07-28,1,98,Order NonMasterPack,0.5,0.03,0.53
16825806,IF4041476703,33615718,G4X2A1AGA - Agathe Goussard,#CA986268,2026-07-27,2026-07-28,1,98,Order Processing,1.25,0.06,1.31
16825806,IF4041476703,33615718,G4X2A1AGA - Agathe Goussard,#CA986268,2026-07-27,2026-07-28,1,98,Handling,0.65,0.03,0.68
16825827,IF4041476705,33615917,V1B3W1TIF - Tiffany farwick,#CA986269,2026-07-27,2026-07-28,1,31.5,Handling,0.65,0.03,0.68
16825827,IF4041476705,33615917,V1B3W1TIF - Tiffany farwick,#CA986269,2026-07-27,2026-07-28,1,31.5,Order Processing,1.25,0.06,1.31
16825827,IF4041476705,33615917,V1B3W1TIF - Tiffany farwick,#CA986269,2026-07-27,2026-07-28,1,31.5,Order NonMasterPack,0.5,0.03,0.53
16826026,IF4041476723,33616917,R3X0A8KAR - Kara Bolduc,#CA986285,2026-07-27,2026-07-28,1,22.5,Handling,0.65,0.03,0.68
16826026,IF4041476723,33616917,R3X0A8KAR - Kara Bolduc,#CA986285,2026-07-27,2026-07-28,1,22.5,Order NonMasterPack,0.5,0.03,0.53
16826026,IF4041476723,33616917,R3X0A8KAR - Kara Bolduc,#CA986285,2026-07-27,2026-07-28,1,22.5,Order Processing,1.25,0.06,1.31
16826169,IF4041476729,33617618,A5A1J1DON - Donna Hiscock,#CA986288,2026-07-27,2026-07-28,1,30,Order NonMasterPack,0.5,0.03,0.53
16826169,IF4041476729,33617618,A5A1J1DON - Donna Hiscock,#CA986288,2026-07-27,2026-07-28,1,30,Order Processing,1.25,0.06,1.31
16826169,IF4041476729,33617618,A5A1J1DON - Donna Hiscock,#CA986288,2026-07-27,2026-07-28,1,30,Handling,0.65,0.03,0.68
16826386,IF4041476740,33619682,G9X0C3MÉL - Mélanie Villemure,#CA986305,2026-07-28,2026-07-28,1,128,Order Processing,1.25,0.06,1.31
16826386,IF4041476740,33619682,G9X0C3MÉL - Mélanie Villemure,#CA986305,2026-07-28,2026-07-28,1,128,Order NonMasterPack,0.5,0.03,0.53
16826386,IF4041476740,33619682,G9X0C3MÉL - Mélanie Villemure,#CA986305,2026-07-28,2026-07-28,1,128,Handling,0.65,0.03,0.68
16825655,IF4041476691,33615316,L3Y6S6LAW - Lawrence Harvey,#CA986258,2026-07-27,2026-07-28,1,31.5,Handling,0.65,0.03,0.68
16825655,IF4041476691,33615316,L3Y6S6LAW - Lawrence Harvey,#CA986258,2026-07-27,2026-07-28,1,31.5,Order Processing,1.25,0.06,1.31
16825655,IF4041476691,33615316,L3Y6S6LAW - Lawrence Harvey,#CA986258,2026-07-27,2026-07-28,1,31.5,Order NonMasterPack,0.5,0.03,0.53
16827414,IF4041476787,33621615,V8X4G7LYN - Lynn Campbell,#CA985525,2026-07-28,2026-07-28,1,68,Order Processing,1.25,0.06,1.31
16827414,IF4041476787,33621615,V8X4G7LYN - Lynn Campbell,#CA985525,2026-07-28,2026-07-28,1,68,Order NonMasterPack,0.5,0.03,0.53
16827414,IF4041476787,33621615,V8X4G7LYN - Lynn Campbell,#CA985525,2026-07-28,2026-07-28,1,68,Handling,0.65,0.03,0.68
16827453,IF4041476803,33621729,V1W3A8WIL - William de Bosch Kemper,#CA986348,2026-07-28,2026-07-28,1,178,Handling,0.65,0.03,0.68
16827453,IF4041476803,33621729,V1W3A8WIL - William de Bosch Kemper,#CA986348,2026-07-28,2026-07-28,1,178,Order Processing,1.25,0.06,1.31
16827453,IF4041476803,33621729,V1W3A8WIL - William de Bosch Kemper,#CA986348,2026-07-28,2026-07-28,1,178,Order NonMasterPack,0.5,0.03,0.53
16827454,IF4041476805,33621525,M5J2Y5VIC - Victoria Malloy,#CA986349,2026-07-28,2026-07-28,1,70.4,Order Processing,1.25,0.06,1.31
16827454,IF4041476805,33621525,M5J2Y5VIC - Victoria Malloy,#CA986349,2026-07-28,2026-07-28,1,70.4,Order NonMasterPack,0.5,0.03,0.53
16827454,IF4041476805,33621525,M5J2Y5VIC - Victoria Malloy,#CA986349,2026-07-28,2026-07-28,1,70.4,Handling,0.65,0.03,0.68
16827489,IF4041476812,33621735,V3W7X9CLA - Clayton Campbell,#CA986352,2026-07-28,2026-07-28,1,45,Order NonMasterPack,0.5,0.03,0.53
16827489,IF4041476812,33621735,V3W7X9CLA - Clayton Campbell,#CA986352,2026-07-28,2026-07-28,1,45,Order Processing,1.25,0.06,1.31
16827489,IF4041476812,33621735,V3W7X9CLA - Clayton Campbell,#CA986352,2026-07-28,2026-07-28,1,45,Handling,0.65,0.03,0.68
16827559,IF4041476818,33621749,V1Y6K7ERI - Eric Dahlberg,#CA986355,2026-07-28,2026-07-28,1,82.6,Handling,0.65,0.03,0.68
16827559,IF4041476818,33621749,V1Y6K7ERI - Eric Dahlberg,#CA986355,2026-07-28,2026-07-28,1,82.6,Order NonMasterPack,0.5,0.03,0.53
16827559,IF4041476818,33621749,V1Y6K7ERI - Eric Dahlberg,#CA986355,2026-07-28,2026-07-28,1,82.6,Order Processing,1.25,0.06,1.31
16825055,IF4041476651,33613280,V1L7A9MEL - Melanie Meyer,#CA986239,2026-07-27,2026-07-28,3,137.6,Handling,1.95,0.1,2.05
16825055,IF4041476651,33613280,V1L7A9MEL - Melanie Meyer,#CA986239,2026-07-27,2026-07-28,1,137.6,Order Processing,1.25,0.06,1.31
16825055,IF4041476651,33613280,V1L7A9MEL - Melanie Meyer,#CA986239,2026-07-27,2026-07-28,3,137.6,Order NonMasterPack,1.5,0.08,1.58
16825098,IF4041476653,33613590,N2P1G9HEA - Heather Heineman,#CA986241,2026-07-27,2026-07-28,1,106.3,Order Processing,1.25,0.06,1.31
16825098,IF4041476653,33613590,N2P1G9HEA - Heather Heineman,#CA986241,2026-07-27,2026-07-28,3,106.3,Order NonMasterPack,1.5,0.08,1.58
16825098,IF4041476653,33613590,N2P1G9HEA - Heather Heineman,#CA986241,2026-07-27,2026-07-28,3,106.3,Handling,1.95,0.1,2.05
16826732,IF4041476758,33620491,V3A1B5MAT - matthew latham,#CA986321,2026-07-28,2026-07-28,3,224,Handling,1.95,0.1,2.05
16826732,IF4041476758,33620491,V3A1B5MAT - matthew latham,#CA986321,2026-07-28,2026-07-28,1,224,Order Processing,1.25,0.06,1.31
16826732,IF4041476758,33620491,V3A1B5MAT - matthew latham,#CA986321,2026-07-28,2026-07-28,3,224,Order NonMasterPack,1.5,0.08,1.58
16826778,IF4041476760,33620591,T8V0L2JEF - Jeffrey A Robinson,#CA986323,2026-07-28,2026-07-28,3,120,Handling,1.95,0.1,2.05
16826778,IF4041476760,33620591,T8V0L2JEF - Jeffrey A Robinson,#CA986323,2026-07-28,2026-07-28,1,120,Order Processing,1.25,0.06,1.31
16826778,IF4041476760,33620591,T8V0L2JEF - Jeffrey A Robinson,#CA986323,2026-07-28,2026-07-28,3,120,Order NonMasterPack,1.5,0.08,1.58
16826871,IF4041476765,33620894,G0X2J0MYR - Myriam Begin,#CA986328,2026-07-28,2026-07-28,1,32,Order NonMasterPack,0.5,0.03,0.53
16826871,IF4041476765,33620894,G0X2J0MYR - Myriam Begin,#CA986328,2026-07-28,2026-07-28,1,32,Order Processing,1.25,0.06,1.31
16826871,IF4041476765,33620894,G0X2J0MYR - Myriam Begin,#CA986328,2026-07-28,2026-07-28,1,32,Handling,0.65,0.03,0.68
16827101,IF4041476777,33621412,V9B0Y6MAR - Mary Luco,#CA985995,2026-07-28,2026-07-28,1,45,Handling,0.65,0.03,0.68
16827101,IF4041476777,33621412,V9B0Y6MAR - Mary Luco,#CA985995,2026-07-28,2026-07-28,1,45,Order Processing,1.25,0.06,1.31
16827101,IF4041476777,33621412,V9B0Y6MAR - Mary Luco,#CA985995,2026-07-28,2026-07-28,1,45,Order NonMasterPack,0.5,0.03,0.53
16825099,IF4041476654,33613383,V2L1Y4SIS - Siske Bos,#CA986240,2026-07-27,2026-07-28,4,178.4,Handling,2.6,0.13,2.73
16825099,IF4041476654,33613383,V2L1Y4SIS - Siske Bos,#CA986240,2026-07-27,2026-07-28,1,178.4,Order Processing,1.25,0.06,1.31
16825099,IF4041476654,33613383,V2L1Y4SIS - Siske Bos,#CA986240,2026-07-27,2026-07-28,4,178.4,Order NonMasterPack,2,0.1,2.1
16825100,IF4041476656,33613689,K0A2M0LEE - Leeann Holt,#CA985790,2026-07-27,2026-07-28,1,45,Order Processing,1.25,0.06,1.31
16825100,IF4041476656,33613689,K0A2M0LEE - Leeann Holt,#CA985790,2026-07-27,2026-07-28,1,45,Order NonMasterPack,0.65,0.03,0.68
16825101,IF4041476657,33613690,L0E1N0CHR - Christie Gray,#CA985766,2026-07-27,2026-07-28,1,45,Order Processing,1.25,0.06,1.31
16825101,IF4041476657,33613690,L0E1N0CHR - Christie Gray,#CA985766,2026-07-27,2026-07-28,1,45,Order NonMasterPack,0.65,0.03,0.68
16825102,IF4041476658,33613691,P5N2H3LES - Lesley Goodall,#CA985765,2026-07-27,2026-07-28,1,45,Order Processing,1.25,0.06,1.31
16825102,IF4041476658,33613691,P5N2H3LES - Lesley Goodall,#CA985765,2026-07-27,2026-07-28,1,45,Order NonMasterPack,0.65,0.03,0.68
16825104,IF4041476660,33613386,V8R4C7CYA - Cyan Kregosky,#CA986242,2026-07-27,2026-07-28,2,113.6,Order NonMasterPack,1,0.05,1.05
16825104,IF4041476660,33613386,V8R4C7CYA - Cyan Kregosky,#CA986242,2026-07-27,2026-07-28,2,113.6,Handling,1.3,0.07,1.37
16825104,IF4041476660,33613386,V8R4C7CYA - Cyan Kregosky,#CA986242,2026-07-27,2026-07-28,1,113.6,Order Processing,1.25,0.06,1.31
16825107,IF4041476663,33613695,G3E1V8CAR - Carole Morency,#CA985690,2026-07-27,2026-07-28,1,36,Order NonMasterPack,0.65,0.03,0.68
16825107,IF4041476663,33613695,G3E1V8CAR - Carole Morency,#CA985690,2026-07-27,2026-07-28,1,36,Order Processing,1.25,0.06,1.31
16825525,IF4041476680,33614516,V9B6E3PAM - Pam/Peter Martin,#CA986248,2026-07-27,2026-07-28,1,81.6,Order Processing,1.25,0.06,1.31
16825525,IF4041476680,33614516,V9B6E3PAM - Pam/Peter Martin,#CA986248,2026-07-27,2026-07-28,2,81.6,Order NonMasterPack,1,0.05,1.05
16825525,IF4041476680,33614516,V9B6E3PAM - Pam/Peter Martin,#CA986248,2026-07-27,2026-07-28,2,81.6,Handling,1.3,0.07,1.37
16825556,IF4041476681,33614417,V9K2G7KAR - Karen Ahn,#CA986249,2026-07-27,2026-07-28,2,135.6,Order NonMasterPack,1,0.05,1.05
16825556,IF4041476681,33614417,V9K2G7KAR - Karen Ahn,#CA986249,2026-07-27,2026-07-28,1,135.6,Order Processing,1.25,0.06,1.31
16825556,IF4041476681,33614417,V9K2G7KAR - Karen Ahn,#CA986249,2026-07-27,2026-07-28,2,135.6,Handling,1.3,0.07,1.37
16825975,IF4041476719,33616717,T2L0G2LEE - Lee de Souza,#CA986281,2026-07-27,2026-07-28,1,36,Order Processing,1.25,0.06,1.31
16825975,IF4041476719,33616717,T2L0G2LEE - Lee de Souza,#CA986281,2026-07-27,2026-07-28,1,36,Order NonMasterPack,0.65,0.03,0.68
16826535,IF4041476752,33620293,B1A1C2CRA - Craig Lynk,#CA986315,2026-07-28,2026-07-28,1,36,Order Processing,1.25,0.06,1.31
16826535,IF4041476752,33620293,B1A1C2CRA - Craig Lynk,#CA986315,2026-07-28,2026-07-28,1,36,Order NonMasterPack,0.65,0.03,0.68
16825586,IF4041476685,33614325,V9R6T8BRA - Brandon Wiebe,#CA986252,2026-07-27,2026-07-28,3,140,Handling,1.95,0.1,2.05
16825586,IF4041476685,33614325,V9R6T8BRA - Brandon Wiebe,#CA986252,2026-07-27,2026-07-28,1,140,Order Processing,1.25,0.06,1.31
16825586,IF4041476685,33614325,V9R6T8BRA - Brandon Wiebe,#CA986252,2026-07-27,2026-07-28,3,140,Order NonMasterPack,1.5,0.08,1.58
16825708,IF4041476694,33615320,V1N4K6CHE - Cheryl Morassut,#CA986260,2026-07-27,2026-07-28,1,104,Order Processing,1.25,0.06,1.31
16825708,IF4041476694,33615320,V1N4K6CHE - Cheryl Morassut,#CA986260,2026-07-27,2026-07-28,2,104,Handling,1.3,0.07,1.37
16825708,IF4041476694,33615320,V1N4K6CHE - Cheryl Morassut,#CA986260,2026-07-27,2026-07-28,2,104,Order NonMasterPack,1,0.05,1.05
16825709,IF4041476695,33615420,V4C4P6JAC - Jack Valkenier,#CA986261,2026-07-27,2026-07-28,5,225,Order NonMasterPack,2.5,0.13,2.63
16825709,IF4041476695,33615420,V4C4P6JAC - Jack Valkenier,#CA986261,2026-07-27,2026-07-28,1,225,Order Processing,1.25,0.06,1.31
16825709,IF4041476695,33615420,V4C4P6JAC - Jack Valkenier,#CA986261,2026-07-27,2026-07-28,5,225,Handling,3.25,0.16,3.41
16825829,IF4041476707,33616019,V8S2X8ANG - Angie Gagne,#CA986271,2026-07-27,2026-07-28,3,135,Order NonMasterPack,1.5,0.08,1.58
16825829,IF4041476707,33616019,V8S2X8ANG - Angie Gagne,#CA986271,2026-07-27,2026-07-28,1,135,Order Processing,1.25,0.06,1.31
16825829,IF4041476707,33616019,V8S2X8ANG - Angie Gagne,#CA986271,2026-07-27,2026-07-28,3,135,Handling,1.95,0.1,2.05
16825830,IF4041476709,33616022,J9J4A3SYL - Sylvie Mallet,#CA986272,2026-07-27,2026-07-28,4,200,Handling,2.6,0.13,2.73
16825830,IF4041476709,33616022,J9J4A3SYL - Sylvie Mallet,#CA986272,2026-07-27,2026-07-28,4,200,Order NonMasterPack,2,0.1,2.1
16825830,IF4041476709,33616022,J9J4A3SYL - Sylvie Mallet,#CA986272,2026-07-27,2026-07-28,1,200,Order Processing,1.25,0.06,1.31
16825863,IF4041476710,33616217,L3M2L5MAR - Marc Hubert,#CA986273,2026-07-27,2026-07-28,1,163,Order Processing,1.25,0.06,1.31
16825863,IF4041476710,33616217,L3M2L5MAR - Marc Hubert,#CA986273,2026-07-27,2026-07-28,3,163,Handling,1.95,0.1,2.05
16825863,IF4041476710,33616217,L3M2L5MAR - Marc Hubert,#CA986273,2026-07-27,2026-07-28,3,163,Order NonMasterPack,1.5,0.08,1.58
16825928,IF4041476714,33616518,L1J5K2TOD - Todd Bidwell,#CA986276,2026-07-27,2026-07-28,2,127.8,Handling,1.3,0.07,1.37
16825928,IF4041476714,33616518,L1J5K2TOD - Todd Bidwell,#CA986276,2026-07-27,2026-07-28,2,127.8,Order NonMasterPack,1,0.05,1.05
16825928,IF4041476714,33616518,L1J5K2TOD - Todd Bidwell,#CA986276,2026-07-27,2026-07-28,1,127.8,Order Processing,1.25,0.06,1.31
16825953,IF4041476717,33616620,G3N0B2NIC - Nicholas Brebner,#CA986279,2026-07-27,2026-07-28,6,256.5,Handling,3.9,0.2,4.1
16825953,IF4041476717,33616620,G3N0B2NIC - Nicholas Brebner,#CA986279,2026-07-27,2026-07-28,6,256.5,Order NonMasterPack,3,0.15,3.15
16825953,IF4041476717,33616620,G3N0B2NIC - Nicholas Brebner,#CA986279,2026-07-27,2026-07-28,1,256.5,Order Processing,1.25,0.06,1.31
16825974,IF4041476718,33616623,V5C0H9CZA - Czar Villanueva,#CA986280,2026-07-27,2026-07-28,3,135,Handling,1.95,0.1,2.05
16825974,IF4041476718,33616623,V5C0H9CZA - Czar Villanueva,#CA986280,2026-07-27,2026-07-28,1,135,Order Processing,1.25,0.06,1.31
16825974,IF4041476718,33616623,V5C0H9CZA - Czar Villanueva,#CA986280,2026-07-27,2026-07-28,3,135,Order NonMasterPack,1.5,0.08,1.58
16826777,IF4041476759,33620590,L1C4M5SER - Serena Genge,#CA986322,2026-07-28,2026-07-28,4,174.6,Order NonMasterPack,2.6,0.13,2.73
16826777,IF4041476759,33620590,L1C4M5SER - Serena Genge,#CA986322,2026-07-28,2026-07-28,1,174.6,Order Processing,1.25,0.06,1.31
16825397,IF4041476671,33614018,T3K4M6ADA - Adam Goodwin,#CA986245,2026-07-27,2026-07-28,6,153.7,Order NonMasterPack,3.9,0.2,4.1
16825397,IF4041476671,33614018,T3K4M6ADA - Adam Goodwin,#CA986245,2026-07-27,2026-07-28,1,153.7,Order Processing,1.25,0.06,1.31
16826007,IF4041476722,33616628,T5Y1M7KRI - Kristina Wowk,#CA986284,2026-07-27,2026-07-28,3,137.4,Handling,1.95,0.1,2.05
16826007,IF4041476722,33616628,T5Y1M7KRI - Kristina Wowk,#CA986284,2026-07-27,2026-07-28,1,137.4,Order Processing,1.25,0.06,1.31
16826007,IF4041476722,33616628,T5Y1M7KRI - Kristina Wowk,#CA986284,2026-07-27,2026-07-28,3,137.4,Order NonMasterPack,1.5,0.08,1.58
16825451,IF4041476678,33614124,G0L1E0JES - Jessica Beaulieu,#CA986247,2026-07-27,2026-07-28,2,76,Handling,1.3,0.07,1.37
16825451,IF4041476678,33614124,G0L1E0JES - Jessica Beaulieu,#CA986247,2026-07-27,2026-07-28,1,76,Order Processing,1.25,0.06,1.31
16825451,IF4041476678,33614124,G0L1E0JES - Jessica Beaulieu,#CA986247,2026-07-27,2026-07-28,2,76,Order NonMasterPack,1,0.05,1.05
16825106,IF4041476662,33613694,E2J4C7ASH - Ashley Bland,#CA985712,2026-07-27,2026-07-28,1,45,Order NonMasterPack,0.5,0.03,0.53
16825106,IF4041476662,33613694,E2J4C7ASH - Ashley Bland,#CA985712,2026-07-27,2026-07-28,1,45,Order Processing,1.25,0.06,1.31
16825106,IF4041476662,33613694,E2J4C7ASH - Ashley Bland,#CA985712,2026-07-27,2026-07-28,1,45,Handling,0.65,0.03,0.68
16825157,IF4041476664,33613696,P3B1H3STE - Steve Marier,#CA985480,2026-07-27,2026-07-28,1,49,Handling,0.65,0.03,0.68
16825157,IF4041476664,33613696,P3B1H3STE - Steve Marier,#CA985480,2026-07-27,2026-07-28,1,49,Order NonMasterPack,0.5,0.03,0.53
16825157,IF4041476664,33613696,P3B1H3STE - Steve Marier,#CA985480,2026-07-27,2026-07-28,1,49,Order Processing,1.25,0.06,1.31
16825587,IF4041476686,33614420,R3L2J3GRE - Greg Bullock,#CA986254,2026-07-27,2026-07-28,1,103,Order Processing,1.25,0.06,1.31
16825587,IF4041476686,33614420,R3L2J3GRE - Greg Bullock,#CA986254,2026-07-27,2026-07-28,4,103,Order NonMasterPack,2.6,0.13,2.73
16825805,IF4041476702,33615617,R2M1N9KEV - Kevin Whitmore,#CA986267,2026-07-27,2026-07-28,1,164,Order Processing,1.25,0.06,1.31
16825805,IF4041476702,33615617,R2M1N9KEV - Kevin Whitmore,#CA986267,2026-07-27,2026-07-28,2,164,Order NonMasterPack,1.3,0.07,1.37
16826560,IF4041476754,33620487,P0M2R0MEL - Melissa Woermke,#CA986317,2026-07-28,2026-07-28,1,36,Order Processing,1.25,0.06,1.31
16826560,IF4041476754,33620487,P0M2R0MEL - Melissa Woermke,#CA986317,2026-07-28,2026-07-28,1,36,Order NonMasterPack,0.5,0.03,0.53
16826560,IF4041476754,33620487,P0M2R0MEL - Melissa Woermke,#CA986317,2026-07-28,2026-07-28,1,36,Handling,0.65,0.03,0.68
16827873,IF4041476834,33622851,S4N4N2MYR - Myrna Crawford,#CA986365,2026-07-28,2026-07-28,1,31.5,Handling,0.65,0.03,0.68
16827873,IF4041476834,33622851,S4N4N2MYR - Myrna Crawford,#CA986365,2026-07-28,2026-07-28,1,31.5,Order NonMasterPack,0.5,0.03,0.53
16827873,IF4041476834,33622851,S4N4N2MYR - Myrna Crawford,#CA986365,2026-07-28,2026-07-28,1,31.5,Order Processing,1.25,0.06,1.31
16828093,IF4041476848,33623252,T8S1G8MEA - Meagan Cote,#CA986374,2026-07-28,2026-07-28,1,22.5,Order Processing,1.25,0.06,1.31
16828093,IF4041476848,33623252,T8S1G8MEA - Meagan Cote,#CA986374,2026-07-28,2026-07-28,1,22.5,Order NonMasterPack,0.5,0.03,0.53
16828093,IF4041476848,33623252,T8S1G8MEA - Meagan Cote,#CA986374,2026-07-28,2026-07-28,1,22.5,Handling,0.65,0.03,0.68
16824094,IF4041476567,33611076,P0T1C0BAR - Barbara Jackson,#CA986221,2026-07-27,2026-07-28,4,111,Order NonMasterPack,2,0.1,2.1
16824094,IF4041476567,33611076,P0T1C0BAR - Barbara Jackson,#CA986221,2026-07-27,2026-07-28,1,111,Order Processing,1.25,0.06,1.31
16824094,IF4041476567,33611076,P0T1C0BAR - Barbara Jackson,#CA986221,2026-07-27,2026-07-28,4,111,Handling,2.6,0.13,2.73
16825229,IF4041476666,33613712,K9K2G3CAN - Candice Billen,#CA986243,2026-07-27,2026-07-28,3,136.8,Order NonMasterPack,1.5,0.08,1.58
16825229,IF4041476666,33613712,K9K2G3CAN - Candice Billen,#CA986243,2026-07-27,2026-07-28,1,136.8,Order Processing,1.25,0.06,1.31
16825229,IF4041476666,33613712,K9K2G3CAN - Candice Billen,#CA986243,2026-07-27,2026-07-28,3,136.8,Handling,1.95,0.1,2.05
16825976,IF4041476720,33616719,T0E1E0HEI - Heidi Kongsrud,#CA986282,2026-07-27,2026-07-28,1,27,Order Processing,1.25,0.06,1.31
16825976,IF4041476720,33616719,T0E1E0HEI - Heidi Kongsrud,#CA986282,2026-07-27,2026-07-28,1,27,Order NonMasterPack,0.65,0.03,0.68
16826183,IF4041476730,33617717,T2T1C8ROB - Robin Sim,#CA986289,2026-07-27,2026-07-28,1,27,Order NonMasterPack,0.65,0.03,0.68
16826183,IF4041476730,33617717,T2T1C8ROB - Robin Sim,#CA986289,2026-07-27,2026-07-28,1,27,Order Processing,1.25,0.06,1.31
16826985,IF4041476768,33620998,H9W1X3JO- - Jo-Annie Fortin,#CA986331,2026-07-28,2026-07-28,1,36,Order NonMasterPack,0.65,0.03,0.68
16826985,IF4041476768,33620998,H9W1X3JO- - Jo-Annie Fortin,#CA986331,2026-07-28,2026-07-28,1,36,Order Processing,1.25,0.06,1.31
16824299,IF4041476628,33612566,E3B6J4RAH - Rahil Rashid,#CA986227,2026-07-27,2026-07-28,1,122.4,Order Processing,1.25,0.06,1.31
16824299,IF4041476628,33612566,E3B6J4RAH - Rahil Rashid,#CA986227,2026-07-27,2026-07-28,2,122.4,Handling,1.3,0.07,1.37
16824299,IF4041476628,33612566,E3B6J4RAH - Rahil Rashid,#CA986227,2026-07-27,2026-07-28,2,122.4,Order NonMasterPack,1,0.05,1.05
16824779,IF4041476645,33612772,V4M2A5PAT - Pat Munton,#CA986235,2026-07-27,2026-07-28,2,85,Order NonMasterPack,1,0.05,1.05
16824779,IF4041476645,33612772,V4M2A5PAT - Pat Munton,#CA986235,2026-07-27,2026-07-28,2,85,Handling,1.3,0.07,1.37
16824779,IF4041476645,33612772,V4M2A5PAT - Pat Munton,#CA986235,2026-07-27,2026-07-28,1,85,Order Processing,1.25,0.06,1.31
16825398,IF4041476674,33614120,T8N2N4ALY - Alyssa Bisson,#CA986246,2026-07-27,2026-07-28,3,117.5,Handling,1.95,0.1,2.05
16825398,IF4041476674,33614120,T8N2N4ALY - Alyssa Bisson,#CA986246,2026-07-27,2026-07-28,1,117.5,Order Processing,1.25,0.06,1.31
16825398,IF4041476674,33614120,T8N2N4ALY - Alyssa Bisson,#CA986246,2026-07-27,2026-07-28,3,117.5,Order NonMasterPack,1.5,0.08,1.58
16825584,IF4041476683,33614519,V1R4N8ADA - Adam Belleperche,#CA986251,2026-07-27,2026-07-28,1,22,Order Processing,1.25,0.06,1.31
16825584,IF4041476683,33614519,V1R4N8ADA - Adam Belleperche,#CA986251,2026-07-27,2026-07-28,1,22,Order NonMasterPack,0.65,0.03,0.68
16825585,IF4041476684,33614324,V3M3Y5RIT - Rita Yip-Livesley,#CA986253,2026-07-27,2026-07-28,2,128,Handling,1.3,0.07,1.37
16825585,IF4041476684,33614324,V3M3Y5RIT - Rita Yip-Livesley,#CA986253,2026-07-27,2026-07-28,2,128,Order NonMasterPack,1,0.05,1.05
16825585,IF4041476684,33614324,V3M3Y5RIT - Rita Yip-Livesley,#CA986253,2026-07-27,2026-07-28,1,128,Order Processing,1.25,0.06,1.31
16825628,IF4041476687,33614617,M5A0M4MIK - Mike Robertson,#CA986255,2026-07-27,2026-07-28,2,128,Handling,1.3,0.07,1.37
16825628,IF4041476687,33614617,M5A0M4MIK - Mike Robertson,#CA986255,2026-07-27,2026-07-28,1,128,Order Processing,1.25,0.06,1.31
16825628,IF4041476687,33614617,M5A0M4MIK - Mike Robertson,#CA986255,2026-07-27,2026-07-28,2,128,Order NonMasterPack,1,0.05,1.05
16825629,IF4041476688,33614422,N0N1G0KAT - Kathleen Spriel,#CA986256,2026-07-27,2026-07-28,1,22,Order NonMasterPack,0.65,0.03,0.68
16825629,IF4041476688,33614422,N0N1G0KAT - Kathleen Spriel,#CA986256,2026-07-27,2026-07-28,1,22,Order Processing,1.25,0.06,1.31
16825630,IF4041476689,33614330,V4M0G3LIS - Lisa Kaltenbach,#CA986257,2026-07-27,2026-07-28,3,210,Order NonMasterPack,1.5,0.08,1.58
16825630,IF4041476689,33614330,V4M0G3LIS - Lisa Kaltenbach,#CA986257,2026-07-27,2026-07-28,1,210,Order Processing,1.25,0.06,1.31
16825630,IF4041476689,33614330,V4M0G3LIS - Lisa Kaltenbach,#CA986257,2026-07-27,2026-07-28,3,210,Handling,1.95,0.1,2.05
16824647,IF4041476641,33612688,T2V1T6DAV - David Blanchard,#CA986233,2026-07-27,2026-07-28,1,156.4,Order Processing,1.25,0.06,1.31
16824647,IF4041476641,33612688,T2V1T6DAV - David Blanchard,#CA986233,2026-07-27,2026-07-28,3,156.4,Order NonMasterPack,1.95,0.1,2.05
16759444,IF4041470041,33384823,J9L1M8LE - LE COUREUR DES BOIS,KL25-11-28LIV.1,2026-07-06,2026-07-28,1,3493.5,Order Processing,2,0.1,2.1
16759444,IF4041470041,33384823,J9L1M8LE - LE COUREUR DES BOIS,KL25-11-28LIV.1,2026-07-06,2026-07-28,98,3493.5,Order NonMasterPack,49,2.45,51.45
16759445,IF4041470042,33384824,C1E2L9SPO - SPORTING INTENTIONS,FW26 July28,2026-07-06,2026-07-28,1,2835,Order Processing,2,0.1,2.1
16759445,IF4041470042,33384824,C1E2L9SPO - SPORTING INTENTIONS,FW26 July28,2026-07-06,2026-07-28,76,2835,Order NonMasterPack,38,1.9,39.9
16809619,IF4041475070,33560163,J3V6A8SPO - SPORTS EXPERTS - ATMOSPHERE 584,4266158-526,2026-07-22,2026-07-28,82,4218,Order NonMasterPack,41,2.05,43.05
16809619,IF4041475070,33560163,J3V6A8SPO - SPORTS EXPERTS - ATMOSPHERE 584,4266158-526,2026-07-22,2026-07-28,1,4218,Order Processing,2,0.1,2.1
16809620,IF4041475071,33560164,J2L0A1LE - Le Carrefour Champêtre Bromont,4266158-846,2026-07-22,2026-07-28,1,1912,Order Processing,2,0.1,2.1
16809620,IF4041475071,33560164,J2L0A1LE - Le Carrefour Champêtre Bromont,4266158-846,2026-07-22,2026-07-28,33,1912,Order NonMasterPack,16.5,0.83,17.33
16809659,IF4041475138,33560802,V3K6V7BEL - BELOW THE BELT - COQUITLAM,R16115,2026-07-22,2026-07-28,1,144,Order Processing,2,0.1,2.1
16809659,IF4041475138,33560802,V3K6V7BEL - BELOW THE BELT - COQUITLAM,R16115,2026-07-22,2026-07-28,18,144,Order NonMasterPack,9,0.45,9.45
16812300,IF4041475448,33568644,T9W1C5ARM - ARMSTRONGS CLOTHING AND SPORTS,FALL 2026 LDS DEL 1,2026-07-23,2026-07-28,1,309,Order Processing,2,0.1,2.1
16812300,IF4041475448,33568644,T9W1C5ARM - ARMSTRONGS CLOTHING AND SPORTS,FALL 2026 LDS DEL 1,2026-07-23,2026-07-28,6,309,Order NonMasterPack,3,0.15,3.15
16813248,IF4041475566,33571262,V6H3S4MAK - MAKE,12916-JBO,2026-07-23,2026-07-28,1,1054.5,Order Processing,2,0.1,2.1
16813248,IF4041475566,33571262,V6H3S4MAK - MAKE,12916-JBO,2026-07-23,2026-07-28,44,1054.5,Order NonMasterPack,22,1.1,23.1
16811812,IF4041475262,33562685,S9A025ELE - ELEVEN65 CLOTHING CO,credit card,2026-07-23,2026-07-28,20,805,Order NonMasterPack,10,0.5,10.5
16811812,IF4041475262,33562685,S9A025ELE - ELEVEN65 CLOTHING CO,credit card,2026-07-23,2026-07-28,1,805,Order Processing,2,0.1,2.1
16813160,IF4041475547,33570833,V0N2E0MAT - MATTIE GILDENHUY,f26-1,2026-07-23,2026-07-28,1,392,Order Processing,2,0.1,2.1
16813160,IF4041475547,33570833,V0N2E0MAT - MATTIE GILDENHUY,f26-1,2026-07-23,2026-07-28,8,392,Order NonMasterPack,4,0.2,4.2
16816114,IF4041475777,33581313,V1T2B6VAL - Valhalla Pure Outfitters Inc,TEN260724,2026-07-24,2026-07-28,1,123.5,Order Processing,2,0.1,2.1
16816114,IF4041475777,33581313,V1T2B6VAL - Valhalla Pure Outfitters Inc,TEN260724,2026-07-24,2026-07-28,5,123.5,Order NonMasterPack,2.5,0.13,2.63
16812301,IF4041475450,33568645,V1R4C2JJS - JJS FASHIONS,10TREE-MW1-FW,2026-07-23,2026-07-28,12,84,Order NonMasterPack,6,0.3,6.3
16812301,IF4041475450,33568645,V1R4C2JJS - JJS FASHIONS,10TREE-MW1-FW,2026-07-23,2026-07-28,1,84,Order Processing,2,0.1,2.1
16812302,IF4041475451,33568646,S0J3G0BOU - BOUTIQUE NORTH,JUL15FW,2026-07-23,2026-07-28,8,341,Order NonMasterPack,4,0.2,4.2
16812302,IF4041475451,33568646,S0J3G0BOU - BOUTIQUE NORTH,JUL15FW,2026-07-23,2026-07-28,1,341,Order Processing,2,0.1,2.1
16812303,IF4041475452,33568647,V0R1X0NOR - NORTH ROAD SPORTS,10Tree-F26-1,2026-07-23,2026-07-28,9,327,Order NonMasterPack,4.5,0.23,4.73
16812303,IF4041475452,33568647,V0R1X0NOR - NORTH ROAD SPORTS,10Tree-F26-1,2026-07-23,2026-07-28,1,327,Order Processing,2,0.1,2.1
16824910,IF4041476646,33613369,E3B1B2THE - THE RADICAL EDGE,FALL26A replacement,2026-07-27,2026-07-28,1,49,Order Processing,2,0.1,2.1
16824910,IF4041476646,33613369,E3B1B2THE - THE RADICAL EDGE,FALL26A replacement,2026-07-27,2026-07-28,1,49,Order NonMasterPack,0.5,0.03,0.53
16784319,IF4041472678,33473928,V3Z1A5MEC - MEC Western Distribution Centre,741829,2026-07-14,2026-07-28,1,55690,Order Processing,2,0.1,2.1
16784319,IF4041472678,33473928,V3Z1A5MEC - MEC Western Distribution Centre,741829,2026-07-14,2026-07-28,1174,55690,Order NonMasterPack,587,29.35,616.35
16784319,IF4041472678,33473928,V3Z1A5MEC - MEC Western Distribution Centre,741829,2026-07-14,2026-07-28,10,55690,Order Master Pack Carton,20,1,21
16824143,IF4041476569,33610977,E2V4E9JEF - Jeff Trask,#CA986223,2026-07-27,2026-07-29,2,54,Order NonMasterPack,1.3,0.07,1.37
16824143,IF4041476569,33610977,E2V4E9JEF - Jeff Trask,#CA986223,2026-07-27,2026-07-29,1,54,Order Processing,1.25,0.06,1.31
16825656,IF4041476692,33615317,H1T3A7BRU - Bruno Feisthauer,#CA986259,2026-07-27,2026-07-29,1,135,Order Processing,1.25,0.06,1.31
16825656,IF4041476692,33615317,H1T3A7BRU - Bruno Feisthauer,#CA986259,2026-07-27,2026-07-29,3,135,Order NonMasterPack,1.5,0.08,1.58
16825656,IF4041476692,33615317,H1T3A7BRU - Bruno Feisthauer,#CA986259,2026-07-27,2026-07-29,3,135,Handling,1.95,0.1,2.05
16825712,IF4041476698,33615326,H3L2H9SOP - Sophie Charpin,#CA986264,2026-07-27,2026-07-29,4,314,Handling,2.6,0.13,2.73
16825712,IF4041476698,33615326,H3L2H9SOP - Sophie Charpin,#CA986264,2026-07-27,2026-07-29,1,314,Order Processing,1.25,0.06,1.31
16825712,IF4041476698,33615326,H3L2H9SOP - Sophie Charpin,#CA986264,2026-07-27,2026-07-29,4,314,Order NonMasterPack,2,0.1,2.1
16825744,IF4041476700,33615328,L4J8X4ASS - Assia Roudaya,#CA986265,2026-07-27,2026-07-29,1,80,Order Processing,1.25,0.06,1.31
16825744,IF4041476700,33615328,L4J8X4ASS - Assia Roudaya,#CA986265,2026-07-27,2026-07-29,3,80,Order NonMasterPack,1.95,0.1,2.05
16825745,IF4041476701,33615426,V6X0X5COD - Cody Krajic,#CA986266,2026-07-27,2026-07-29,6,243.5,Order NonMasterPack,3,0.15,3.15
16825745,IF4041476701,33615426,V6X0X5COD - Cody Krajic,#CA986266,2026-07-27,2026-07-29,1,243.5,Order Processing,1.25,0.06,1.31
16825745,IF4041476701,33615426,V6X0X5COD - Cody Krajic,#CA986266,2026-07-27,2026-07-29,6,243.5,Handling,3.9,0.2,4.1
16825828,IF4041476706,33616017,V1N0A2JAS - Jason Thompson,#CA986270,2026-07-27,2026-07-29,2,128,Order NonMasterPack,1,0.05,1.05
16825828,IF4041476706,33616017,V1N0A2JAS - Jason Thompson,#CA986270,2026-07-27,2026-07-29,1,128,Order Processing,1.25,0.06,1.31
16825828,IF4041476706,33616017,V1N0A2JAS - Jason Thompson,#CA986270,2026-07-27,2026-07-29,2,128,Handling,1.3,0.07,1.37
16825907,IF4041476712,33615923,J0E1V0MAT - Matthieu Poirier,#CA986275,2026-07-27,2026-07-29,1,63,Order Processing,1.25,0.06,1.31
16825907,IF4041476712,33615923,J0E1V0MAT - Matthieu Poirier,#CA986275,2026-07-27,2026-07-29,2,63,Order NonMasterPack,1.3,0.07,1.37
16825929,IF4041476715,33615928,K1Y0Y1BRY - Bryan Flemming,#CA986277,2026-07-27,2026-07-29,4,152.1,Order NonMasterPack,2.6,0.13,2.73
16825929,IF4041476715,33615928,K1Y0Y1BRY - Bryan Flemming,#CA986277,2026-07-27,2026-07-29,1,152.1,Order Processing,1.25,0.06,1.31
16825952,IF4041476716,33616618,K1Z5G6BRA - Braden Finnigan,#CA986278,2026-07-27,2026-07-29,3,125.5,Handling,1.95,0.1,2.05
16825952,IF4041476716,33616618,K1Z5G6BRA - Braden Finnigan,#CA986278,2026-07-27,2026-07-29,1,125.5,Order Processing,1.25,0.06,1.31
16825952,IF4041476716,33616618,K1Z5G6BRA - Braden Finnigan,#CA986278,2026-07-27,2026-07-29,3,125.5,Order NonMasterPack,1.5,0.08,1.58
16826006,IF4041476721,33616721,J2S4Z6YAN - Yannick Brunet,#CA986283,2026-07-27,2026-07-29,3,117,Order NonMasterPack,1.95,0.1,2.05
16826006,IF4041476721,33616721,J2S4Z6YAN - Yannick Brunet,#CA986283,2026-07-27,2026-07-29,1,117,Order Processing,1.25,0.06,1.31
16826168,IF4041476728,33617517,V0N1T0MAR - Martina Bell,#CA986287,2026-07-27,2026-07-29,1,133,Order Processing,1.25,0.06,1.31
16826168,IF4041476728,33617517,V0N1T0MAR - Martina Bell,#CA986287,2026-07-27,2026-07-29,2,133,Order NonMasterPack,1,0.05,1.05
16826168,IF4041476728,33617517,V0N1T0MAR - Martina Bell,#CA986287,2026-07-27,2026-07-29,2,133,Handling,1.3,0.07,1.37
16826232,IF4041476731,33617817,S0N1G0DAV - David Kalliecharan,#CA986290,2026-07-27,2026-07-29,1,137.6,Order Processing,1.25,0.06,1.31
16826232,IF4041476731,33617817,S0N1G0DAV - David Kalliecharan,#CA986290,2026-07-27,2026-07-29,2,137.6,Handling,1.3,0.07,1.37
16826232,IF4041476731,33617817,S0N1G0DAV - David Kalliecharan,#CA986290,2026-07-27,2026-07-29,2,137.6,Order NonMasterPack,1,0.05,1.05
16826243,IF4041476732,33617820,V8P2X4KAM - Kamala Ray,#CA986291,2026-07-27,2026-07-29,2,108.4,Handling,1.3,0.07,1.37
16826243,IF4041476732,33617820,V8P2X4KAM - Kamala Ray,#CA986291,2026-07-27,2026-07-29,1,108.4,Order Processing,1.25,0.06,1.31
16826243,IF4041476732,33617820,V8P2X4KAM - Kamala Ray,#CA986291,2026-07-27,2026-07-29,2,108.4,Order NonMasterPack,1,0.05,1.05
16826307,IF4041476734,33618881,V9R0L1KEV - Kevin Radu,#CA986300,2026-07-28,2026-07-29,1,61,Order Processing,1.25,0.06,1.31
16826307,IF4041476734,33618881,V9R0L1KEV - Kevin Radu,#CA986300,2026-07-28,2026-07-29,2,61,Order NonMasterPack,1.3,0.07,1.37
16826345,IF4041476613,33610879,V7R4X5TIF - Tiffany Goulding,#CA986226,2026-07-28,2026-07-29,4,197.4,Order NonMasterPack,2.6,0.13,2.73
16826345,IF4041476613,33610879,V7R4X5TIF - Tiffany Goulding,#CA986226,2026-07-28,2026-07-29,1,197.4,Order Processing,1.25,0.06,1.31
16826346,IF4041476667,33614013,H2M2S1JUL - Julien Richer,#CA986244,2026-07-28,2026-07-29,1,153,Order Processing,1.25,0.06,1.31
16826346,IF4041476667,33614013,H2M2S1JUL - Julien Richer,#CA986244,2026-07-28,2026-07-29,4,153,Order NonMasterPack,2.6,0.13,2.73
16826352,IF4041476735,33619181,K0K1L0REB - Rebecca McCurdy,#CA986301,2026-07-28,2026-07-29,1,421,Order Processing,1.25,0.06,1.31
16826352,IF4041476735,33619181,K0K1L0REB - Rebecca McCurdy,#CA986301,2026-07-28,2026-07-29,5,421,Order NonMasterPack,2.5,0.13,2.63
16826352,IF4041476735,33619181,K0K1L0REB - Rebecca McCurdy,#CA986301,2026-07-28,2026-07-29,5,421,Handling,3.25,0.16,3.41
16826370,IF4041476736,33619282,L9W2M9EMI - Emily Lane,#CA986302,2026-07-28,2026-07-29,2,94.6,Order NonMasterPack,1,0.05,1.05
16826370,IF4041476736,33619282,L9W2M9EMI - Emily Lane,#CA986302,2026-07-28,2026-07-29,2,94.6,Handling,1.3,0.07,1.37
16826370,IF4041476736,33619282,L9W2M9EMI - Emily Lane,#CA986302,2026-07-28,2026-07-29,1,94.6,Order Processing,1.25,0.06,1.31
16826371,IF4041476737,33619284,H4A2M8NAT - Natalie Picot,#CA986303,2026-07-28,2026-07-29,1,142.8,Order Processing,1.25,0.06,1.31
16826371,IF4041476737,33619284,H4A2M8NAT - Natalie Picot,#CA986303,2026-07-28,2026-07-29,4,142.8,Handling,2.6,0.13,2.73
16826371,IF4041476737,33619284,H4A2M8NAT - Natalie Picot,#CA986303,2026-07-28,2026-07-29,4,142.8,Order NonMasterPack,2,0.1,2.1
16826380,IF4041476739,33619484,L9H3R2KEV - kevin hils,#CA986304,2026-07-28,2026-07-29,2,130.8,Handling,1.3,0.07,1.37
16826380,IF4041476739,33619484,L9H3R2KEV - kevin hils,#CA986304,2026-07-28,2026-07-29,2,130.8,Order NonMasterPack,1,0.05,1.05
16826380,IF4041476739,33619484,L9H3R2KEV - kevin hils,#CA986304,2026-07-28,2026-07-29,1,130.8,Order Processing,1.25,0.06,1.31
16826435,IF4041476742,33619686,N6G5M8PAU - Paul Gribble,#CA986306,2026-07-28,2026-07-29,2,90,Handling,1.3,0.07,1.37
16826435,IF4041476742,33619686,N6G5M8PAU - Paul Gribble,#CA986306,2026-07-28,2026-07-29,2,90,Order NonMasterPack,1,0.05,1.05
16826435,IF4041476742,33619686,N6G5M8PAU - Paul Gribble,#CA986306,2026-07-28,2026-07-29,1,90,Order Processing,1.25,0.06,1.31
16826449,IF4041476745,33619981,G1E3X9ALE - Alexandre Gratton,#CA986308,2026-07-28,2026-07-29,2,90,Order NonMasterPack,1,0.05,1.05
16826449,IF4041476745,33619981,G1E3X9ALE - Alexandre Gratton,#CA986308,2026-07-28,2026-07-29,2,90,Handling,1.3,0.07,1.37
16826449,IF4041476745,33619981,G1E3X9ALE - Alexandre Gratton,#CA986308,2026-07-28,2026-07-29,1,90,Order Processing,1.25,0.06,1.31
16826464,IF4041476747,33619786,J0E1A0JOH - John Rio Festarini,#CA986310,2026-07-28,2026-07-29,1,153,Order Processing,1.25,0.06,1.31
16826464,IF4041476747,33619786,J0E1A0JOH - John Rio Festarini,#CA986310,2026-07-28,2026-07-29,4,153,Order NonMasterPack,2.6,0.13,2.73
16826475,IF4041476748,33620084,B3V1B8ADA - Adam McKerihen,#CA986311,2026-07-28,2026-07-29,4,117,Order NonMasterPack,2.6,0.13,2.73
16826475,IF4041476748,33620084,B3V1B8ADA - Adam McKerihen,#CA986311,2026-07-28,2026-07-29,1,117,Order Processing,1.25,0.06,1.31
16826497,IF4041476749,33619884,B1C2A8DAN - Daniel ONeil,#CA986312,2026-07-28,2026-07-29,1,67.5,Order Processing,1.25,0.06,1.31
16826497,IF4041476749,33619884,B1C2A8DAN - Daniel ONeil,#CA986312,2026-07-28,2026-07-29,2,67.5,Order NonMasterPack,1.3,0.07,1.37
16826533,IF4041476750,33620288,L8H6W4GEO - George Macri,#CA986313,2026-07-28,2026-07-29,2,88,Order NonMasterPack,1,0.05,1.05
16826533,IF4041476750,33620288,L8H6W4GEO - George Macri,#CA986313,2026-07-28,2026-07-29,1,88,Order Processing,1.25,0.06,1.31
16826533,IF4041476750,33620288,L8H6W4GEO - George Macri,#CA986313,2026-07-28,2026-07-29,2,88,Handling,1.3,0.07,1.37
16826534,IF4041476751,33620291,H1A5P6MAT - Mathieu Rozon,#CA986314,2026-07-28,2026-07-29,2,90,Handling,1.3,0.07,1.37
16826534,IF4041476751,33620291,H1A5P6MAT - Mathieu Rozon,#CA986314,2026-07-28,2026-07-29,2,90,Order NonMasterPack,1,0.05,1.05
16826534,IF4041476751,33620291,H1A5P6MAT - Mathieu Rozon,#CA986314,2026-07-28,2026-07-29,1,90,Order Processing,1.25,0.06,1.31
16826598,IF4041476756,33620301,L2J2B4AME - amelia mcintyre,#CA986319,2026-07-28,2026-07-29,1,112.5,Order Processing,1.25,0.06,1.31
16826598,IF4041476756,33620301,L2J2B4AME - amelia mcintyre,#CA986319,2026-07-28,2026-07-29,3,112.5,Order NonMasterPack,1.5,0.08,1.58
16826598,IF4041476756,33620301,L2J2B4AME - amelia mcintyre,#CA986319,2026-07-28,2026-07-29,3,112.5,Handling,1.95,0.1,2.05
16826632,IF4041476757,33620489,J0J1A0SAN - Sandra Audette,#CA986320,2026-07-28,2026-07-29,5,278.2,Handling,3.25,0.16,3.41
16826632,IF4041476757,33620489,J0J1A0SAN - Sandra Audette,#CA986320,2026-07-28,2026-07-29,5,278.2,Order NonMasterPack,2.5,0.13,2.63
16826632,IF4041476757,33620489,J0J1A0SAN - Sandra Audette,#CA986320,2026-07-28,2026-07-29,1,278.2,Order Processing,1.25,0.06,1.31
16826779,IF4041476761,33620594,S4T6N5SHA - Sharon Pratchler,#CA986324,2026-07-28,2026-07-29,3,112.5,Order NonMasterPack,1.95,0.1,2.05
16826779,IF4041476761,33620594,S4T6N5SHA - Sharon Pratchler,#CA986324,2026-07-28,2026-07-29,1,112.5,Order Processing,1.25,0.06,1.31
16826780,IF4041476762,33620596,T2Z1A4REB - Rebecca Savill,#CA986325,2026-07-28,2026-07-29,1,101.6,Order Processing,1.25,0.06,1.31
16826780,IF4041476762,33620596,T2Z1A4REB - Rebecca Savill,#CA986325,2026-07-28,2026-07-29,2,101.6,Order NonMasterPack,1,0.05,1.05
16826780,IF4041476762,33620596,T2Z1A4REB - Rebecca Savill,#CA986325,2026-07-28,2026-07-29,2,101.6,Handling,1.3,0.07,1.37
16826822,IF4041476763,33620599,V2R2H1ZOE - Zoey Willix,#CA986326,2026-07-28,2026-07-29,3,54,Order NonMasterPack,1.5,0.08,1.58
16826822,IF4041476763,33620599,V2R2H1ZOE - Zoey Willix,#CA986326,2026-07-28,2026-07-29,1,54,Order Processing,1.25,0.06,1.31
16826822,IF4041476763,33620599,V2R2H1ZOE - Zoey Willix,#CA986326,2026-07-28,2026-07-29,3,54,Handling,1.95,0.1,2.05
16826870,IF4041476764,33620602,V6B0E7BUN - Bunchu Praichit,#CA986327,2026-07-28,2026-07-29,1,135,Order Processing,1.25,0.06,1.31
16826870,IF4041476764,33620602,V6B0E7BUN - Bunchu Praichit,#CA986327,2026-07-28,2026-07-29,3,135,Order NonMasterPack,1.5,0.08,1.58
16826870,IF4041476764,33620602,V6B0E7BUN - Bunchu Praichit,#CA986327,2026-07-28,2026-07-29,3,135,Handling,1.95,0.1,2.05
16826950,IF4041476767,33620996,T5Z0J2RUS - Russell Noksana,#CA986329,2026-07-28,2026-07-29,1,45.5,Order Processing,1.25,0.06,1.31
16826950,IF4041476767,33620996,T5Z0J2RUS - Russell Noksana,#CA986329,2026-07-28,2026-07-29,2,45.5,Order NonMasterPack,1.3,0.07,1.37
16826986,IF4041476770,33620898,J1L1Z6SUZ - Suzie Lachance,#CA986333,2026-07-28,2026-07-29,2,119.5,Handling,1.3,0.07,1.37
16826986,IF4041476770,33620898,J1L1Z6SUZ - Suzie Lachance,#CA986333,2026-07-28,2026-07-29,1,119.5,Order Processing,1.25,0.06,1.31
16826986,IF4041476770,33620898,J1L1Z6SUZ - Suzie Lachance,#CA986333,2026-07-28,2026-07-29,2,119.5,Order NonMasterPack,1,0.05,1.05
16827031,IF4041476772,33621003,K2J6T6SHA - Shara Dupuis,#CA986334,2026-07-28,2026-07-29,3,135,Handling,1.95,0.1,2.05
16827031,IF4041476772,33621003,K2J6T6SHA - Shara Dupuis,#CA986334,2026-07-28,2026-07-29,3,135,Order NonMasterPack,1.5,0.08,1.58
16827031,IF4041476772,33621003,K2J6T6SHA - Shara Dupuis,#CA986334,2026-07-28,2026-07-29,1,135,Order Processing,1.25,0.06,1.31
16827032,IF4041476773,33621005,N2A1S2DER - Derek Lachance,#CA986335,2026-07-28,2026-07-29,3,196.4,Handling,1.95,0.1,2.05
16827032,IF4041476773,33621005,N2A1S2DER - Derek Lachance,#CA986335,2026-07-28,2026-07-29,1,196.4,Order Processing,1.25,0.06,1.31
16827032,IF4041476773,33621005,N2A1S2DER - Derek Lachance,#CA986335,2026-07-28,2026-07-29,3,196.4,Order NonMasterPack,1.5,0.08,1.58
16827102,IF4041476778,33621099,S4T6N5SHA - Sharon Pratchler,#CA986338,2026-07-28,2026-07-29,2,183,Handling,1.3,0.07,1.37
16827102,IF4041476778,33621099,S4T6N5SHA - Sharon Pratchler,#CA986338,2026-07-28,2026-07-29,1,183,Order Processing,1.25,0.06,1.31
16827102,IF4041476778,33621099,S4T6N5SHA - Sharon Pratchler,#CA986338,2026-07-28,2026-07-29,2,183,Order NonMasterPack,1,0.05,1.05
16827247,IF4041476779,33621103,T3Z3G2HEA - HEATHER LAYCOCK,#CA986339,2026-07-28,2026-07-29,2,90,Handling,1.3,0.07,1.37
16827247,IF4041476779,33621103,T3Z3G2HEA - HEATHER LAYCOCK,#CA986339,2026-07-28,2026-07-29,1,90,Order Processing,1.25,0.06,1.31
16827247,IF4041476779,33621103,T3Z3G2HEA - HEATHER LAYCOCK,#CA986339,2026-07-28,2026-07-29,2,90,Order NonMasterPack,1,0.05,1.05
16827248,IF4041476780,33621104,R3P0R8ANN - Ann Poole,#CA986340,2026-07-28,2026-07-29,1,211.6,Order Processing,1.25,0.06,1.31
16827248,IF4041476780,33621104,R3P0R8ANN - Ann Poole,#CA986340,2026-07-28,2026-07-29,3,211.6,Order NonMasterPack,1.5,0.08,1.58
16827248,IF4041476780,33621104,R3P0R8ANN - Ann Poole,#CA986340,2026-07-28,2026-07-29,3,211.6,Handling,1.95,0.1,2.05
16827358,IF4041476785,33621227,L1N9L1ESP - Esperanza Nauffts,#CA986343,2026-07-28,2026-07-29,3,139.6,Order NonMasterPack,1.5,0.08,1.58
16827358,IF4041476785,33621227,L1N9L1ESP - Esperanza Nauffts,#CA986343,2026-07-28,2026-07-29,1,139.6,Order Processing,1.25,0.06,1.31
16827358,IF4041476785,33621227,L1N9L1ESP - Esperanza Nauffts,#CA986343,2026-07-28,2026-07-29,3,139.6,Handling,1.95,0.1,2.05
16827413,IF4041476786,33621230,V8R1C3PAU - Paulette Auger,#CA986344,2026-07-28,2026-07-29,2,102.8,Order NonMasterPack,1,0.05,1.05
16827413,IF4041476786,33621230,V8R1C3PAU - Paulette Auger,#CA986344,2026-07-28,2026-07-29,2,102.8,Handling,1.3,0.07,1.37
16827413,IF4041476786,33621230,V8R1C3PAU - Paulette Auger,#CA986344,2026-07-28,2026-07-29,1,102.8,Order Processing,1.25,0.06,1.31
16827450,IF4041476789,33621722,T9M0A9DIA - Diana Lecky,#CA986345,2026-07-28,2026-07-29,1,120.1,Order Processing,1.25,0.06,1.31
16827450,IF4041476789,33621722,T9M0A9DIA - Diana Lecky,#CA986345,2026-07-28,2026-07-29,3,120.1,Order NonMasterPack,1.5,0.08,1.58
16827450,IF4041476789,33621722,T9M0A9DIA - Diana Lecky,#CA986345,2026-07-28,2026-07-29,3,120.1,Handling,1.95,0.1,2.05
16827452,IF4041476801,33621422,S4X0K4CHR - Chris Matt,#CA986347,2026-07-28,2026-07-29,1,135,Order Processing,1.25,0.06,1.31
16827452,IF4041476801,33621422,S4X0K4CHR - Chris Matt,#CA986347,2026-07-28,2026-07-29,3,135,Handling,1.95,0.1,2.05
16827452,IF4041476801,33621422,S4X0K4CHR - Chris Matt,#CA986347,2026-07-28,2026-07-29,3,135,Order NonMasterPack,1.5,0.08,1.58
16827487,IF4041476810,33621731,L8E0E7MAT - Matt Strachan,#CA986351,2026-07-28,2026-07-29,3,124,Order NonMasterPack,1.5,0.08,1.58
16827487,IF4041476810,33621731,L8E0E7MAT - Matt Strachan,#CA986351,2026-07-28,2026-07-29,3,124,Handling,1.95,0.1,2.05
16827487,IF4041476810,33621731,L8E0E7MAT - Matt Strachan,#CA986351,2026-07-28,2026-07-29,1,124,Order Processing,1.25,0.06,1.31
16827490,IF4041476813,33621736,G2A3L2ALE - Alexandre Cote,#CA986353,2026-07-28,2026-07-29,6,270,Handling,3.9,0.2,4.1
16827490,IF4041476813,33621736,G2A3L2ALE - Alexandre Cote,#CA986353,2026-07-28,2026-07-29,1,270,Order Processing,1.25,0.06,1.31
16827490,IF4041476813,33621736,G2A3L2ALE - Alexandre Cote,#CA986353,2026-07-28,2026-07-29,6,270,Order NonMasterPack,3,0.15,3.15
16827562,IF4041476821,33621751,V6L1Z9MEL - Melea Burns,#CA986356,2026-07-28,2026-07-29,2,162.6,Order NonMasterPack,1,0.05,1.05
16827562,IF4041476821,33621751,V6L1Z9MEL - Melea Burns,#CA986356,2026-07-28,2026-07-29,1,162.6,Order Processing,1.25,0.06,1.31
16827562,IF4041476821,33621751,V6L1Z9MEL - Melea Burns,#CA986356,2026-07-28,2026-07-29,2,162.6,Handling,1.3,0.07,1.37
16827689,IF4041476825,33622446,J5K2P3AUD - Audrey-Anne Bastien,#CA986358,2026-07-28,2026-07-29,1,135,Order Processing,1.25,0.06,1.31
16827689,IF4041476825,33622446,J5K2P3AUD - Audrey-Anne Bastien,#CA986358,2026-07-28,2026-07-29,3,135,Order NonMasterPack,1.5,0.08,1.58
16827689,IF4041476825,33622446,J5K2P3AUD - Audrey-Anne Bastien,#CA986358,2026-07-28,2026-07-29,3,135,Handling,1.95,0.1,2.05
16827690,IF4041476826,33622155,T3L3A2RHE - Rheya Cuppen,#CA986359,2026-07-28,2026-07-29,1,159.6,Order Processing,1.25,0.06,1.31
16827690,IF4041476826,33622155,T3L3A2RHE - Rheya Cuppen,#CA986359,2026-07-28,2026-07-29,2,159.6,Order NonMasterPack,1,0.05,1.05
16827690,IF4041476826,33622155,T3L3A2RHE - Rheya Cuppen,#CA986359,2026-07-28,2026-07-29,2,159.6,Handling,1.3,0.07,1.37
16827872,IF4041476833,33622846,N0G2R0THO - Thomas Lubberts,#CA986364,2026-07-28,2026-07-29,1,121.5,Order Processing,1.25,0.06,1.31
16827872,IF4041476833,33622846,N0G2R0THO - Thomas Lubberts,#CA986364,2026-07-28,2026-07-29,3,121.5,Order NonMasterPack,1.5,0.08,1.58
16827872,IF4041476833,33622846,N0G2R0THO - Thomas Lubberts,#CA986364,2026-07-28,2026-07-29,3,121.5,Handling,1.95,0.1,2.05
16828059,IF4041476837,33622857,T2R0R7JEF - Jeffery Marr,#CA986367,2026-07-28,2026-07-29,3,178,Handling,1.95,0.1,2.05
16828059,IF4041476837,33622857,T2R0R7JEF - Jeffery Marr,#CA986367,2026-07-28,2026-07-29,3,178,Order NonMasterPack,1.5,0.08,1.58
16828059,IF4041476837,33622857,T2R0R7JEF - Jeffery Marr,#CA986367,2026-07-28,2026-07-29,1,178,Order Processing,1.25,0.06,1.31
16828060,IF4041476838,33622860,L9P0A1BRO - Brooke Cain,#CA986368,2026-07-28,2026-07-29,1,84.8,Order Processing,1.25,0.06,1.31
16828060,IF4041476838,33622860,L9P0A1BRO - Brooke Cain,#CA986368,2026-07-28,2026-07-29,2,84.8,Order NonMasterPack,1,0.05,1.05
16828060,IF4041476838,33622860,L9P0A1BRO - Brooke Cain,#CA986368,2026-07-28,2026-07-29,2,84.8,Handling,1.3,0.07,1.37
16828061,IF4041476841,33622547,J6S5E8SIM - Simon Bouthillier,#CA986369,2026-07-28,2026-07-29,2,100,Order NonMasterPack,1,0.05,1.05
16828061,IF4041476841,33622547,J6S5E8SIM - Simon Bouthillier,#CA986369,2026-07-28,2026-07-29,1,100,Order Processing,1.25,0.06,1.31
16828061,IF4041476841,33622547,J6S5E8SIM - Simon Bouthillier,#CA986369,2026-07-28,2026-07-29,2,100,Handling,1.3,0.07,1.37
16828089,IF4041476843,33622872,B3N3C6HAR - Harry Isaac Mathers,#CA986371,2026-07-28,2026-07-29,4,209.1,Handling,2.6,0.13,2.73
16828089,IF4041476843,33622872,B3N3C6HAR - Harry Isaac Mathers,#CA986371,2026-07-28,2026-07-29,4,209.1,Order NonMasterPack,2,0.1,2.1
16828089,IF4041476843,33622872,B3N3C6HAR - Harry Isaac Mathers,#CA986371,2026-07-28,2026-07-29,1,209.1,Order Processing,1.25,0.06,1.31
16828090,IF4041476845,33622555,V9M3Z7JAC - Jacquie Mikalishen,#CA986372,2026-07-28,2026-07-29,3,103.5,Handling,1.95,0.1,2.05
16828090,IF4041476845,33622555,V9M3Z7JAC - Jacquie Mikalishen,#CA986372,2026-07-28,2026-07-29,1,103.5,Order Processing,1.25,0.06,1.31
16828090,IF4041476845,33622555,V9M3Z7JAC - Jacquie Mikalishen,#CA986372,2026-07-28,2026-07-29,3,103.5,Order NonMasterPack,1.5,0.08,1.58
16828119,IF4041476850,33623351,K1B4S9GRE - Greg Bunghardt,#CA985996,2026-07-28,2026-07-29,1,50,Handling,0.65,0.03,0.68
16828119,IF4041476850,33623351,K1B4S9GRE - Greg Bunghardt,#CA985996,2026-07-28,2026-07-29,1,50,Order Processing,1.25,0.06,1.31
16828119,IF4041476850,33623351,K1B4S9GRE - Greg Bunghardt,#CA985996,2026-07-28,2026-07-29,1,50,Order NonMasterPack,0.5,0.03,0.53
16828120,IF4041476851,33623352,V9B1B9ALI - Alison Spry,#CA985820,2026-07-28,2026-07-29,1,45,Handling,0.65,0.03,0.68
16828120,IF4041476851,33623352,V9B1B9ALI - Alison Spry,#CA985820,2026-07-28,2026-07-29,1,45,Order NonMasterPack,0.5,0.03,0.53
16828120,IF4041476851,33623352,V9B1B9ALI - Alison Spry,#CA985820,2026-07-28,2026-07-29,1,45,Order Processing,1.25,0.06,1.31
16828121,IF4041476852,33623353,V0N1G2ASH - Ashleigh Murray,#CA985588,2026-07-28,2026-07-29,1,61.6,Handling,0.65,0.03,0.68
16828121,IF4041476852,33623353,V0N1G2ASH - Ashleigh Murray,#CA985588,2026-07-28,2026-07-29,1,61.6,Order NonMasterPack,0.5,0.03,0.53
16828121,IF4041476852,33623353,V0N1G2ASH - Ashleigh Murray,#CA985588,2026-07-28,2026-07-29,1,61.6,Order Processing,1.25,0.06,1.31
16828122,IF4041476853,33623354,T0K2R0JEN - Jennifer Peterson,#CA985856,2026-07-28,2026-07-29,1,45,Order NonMasterPack,0.5,0.03,0.53
16828122,IF4041476853,33623354,T0K2R0JEN - Jennifer Peterson,#CA985856,2026-07-28,2026-07-29,1,45,Order Processing,1.25,0.06,1.31
16828122,IF4041476853,33623354,T0K2R0JEN - Jennifer Peterson,#CA985856,2026-07-28,2026-07-29,1,45,Handling,0.65,0.03,0.68
16828367,IF4041476869,33623573,R2C5N8BRE - Brent Tyndall,#CA986388,2026-07-28,2026-07-29,3,135,Order NonMasterPack,1.5,0.08,1.58
16828367,IF4041476869,33623573,R2C5N8BRE - Brent Tyndall,#CA986388,2026-07-28,2026-07-29,3,135,Handling,1.95,0.1,2.05
16828367,IF4041476869,33623573,R2C5N8BRE - Brent Tyndall,#CA986388,2026-07-28,2026-07-29,1,135,Order Processing,1.25,0.06,1.31
16828472,IF4041476873,33623467,J8C2Z8MAR - Maryse St-jean,#CA986390,2026-07-28,2026-07-29,1,100.9,Order Processing,1.25,0.06,1.31
16828472,IF4041476873,33623467,J8C2Z8MAR - Maryse St-jean,#CA986390,2026-07-28,2026-07-29,3,100.9,Handling,1.95,0.1,2.05
16828472,IF4041476873,33623467,J8C2Z8MAR - Maryse St-jean,#CA986390,2026-07-28,2026-07-29,3,100.9,Order NonMasterPack,1.5,0.08,1.58
16828475,IF4041476876,33623675,T4B4B1SUK - sukhjit Singh,#CA986393,2026-07-28,2026-07-29,1,135,Order Processing,1.25,0.06,1.31
16828475,IF4041476876,33623675,T4B4B1SUK - sukhjit Singh,#CA986393,2026-07-28,2026-07-29,3,135,Handling,1.95,0.1,2.05
16828475,IF4041476876,33623675,T4B4B1SUK - sukhjit Singh,#CA986393,2026-07-28,2026-07-29,3,135,Order NonMasterPack,1.5,0.08,1.58
16827747,IF4041476746,33620081,G7G0K4RIC - Richard Tougas,#CA986309,2026-07-28,2026-07-29,3,135,Order NonMasterPack,1.95,0.1,2.05
16827747,IF4041476746,33620081,G7G0K4RIC - Richard Tougas,#CA986309,2026-07-28,2026-07-29,1,135,Order Processing,1.25,0.06,1.31
16828566,IF4041476862,33623376,V9B5R5ALE - Alexzander Thurlborn,#CA986381,2026-07-28,2026-07-29,2,30,Order NonMasterPack,1.3,0.07,1.37
16828566,IF4041476862,33623376,V9B5R5ALE - Alexzander Thurlborn,#CA986381,2026-07-28,2026-07-29,1,30,Order Processing,1.25,0.06,1.31
16830534,IF4041476986,33629944,V2B1E6ALE - Aleasha Kachel,#CA986480,2026-07-29,2026-07-29,1,63,Order Processing,1.25,0.06,1.31
16830534,IF4041476986,33629944,V2B1E6ALE - Aleasha Kachel,#CA986480,2026-07-29,2026-07-29,2,63,Order NonMasterPack,1.3,0.07,1.37
16830536,IF4041476989,33629949,L3M2L7PAM - Pam Snell,#CA986481,2026-07-29,2026-07-29,1,125.4,Order Processing,1.25,0.06,1.31
16830536,IF4041476989,33629949,L3M2L7PAM - Pam Snell,#CA986481,2026-07-29,2026-07-29,3,125.4,Order NonMasterPack,1.95,0.1,2.05
16830537,IF4041476990,33630136,R0K2G0ASH - Ashley Fry,#CA986482,2026-07-29,2026-07-29,1,102,Order Processing,1.25,0.06,1.31
16830537,IF4041476990,33630136,R0K2G0ASH - Ashley Fry,#CA986482,2026-07-29,2026-07-29,2,102,Order NonMasterPack,1.3,0.07,1.37
16830595,IF4041476993,33630234,T9M0A9DIA - Diana Lecky,#CA986485,2026-07-29,2026-07-29,1,100.1,Order Processing,1.25,0.06,1.31
16830595,IF4041476993,33630234,T9M0A9DIA - Diana Lecky,#CA986485,2026-07-29,2026-07-29,2,100.1,Order NonMasterPack,1.3,0.07,1.37
16829309,IF4041476932,33626501,V1S0E5KAT - Kate Monahan,#CA986432,2026-07-28,2026-07-29,1,183,Order Processing,1.25,0.06,1.31
16829309,IF4041476932,33626501,V1S0E5KAT - Kate Monahan,#CA986432,2026-07-28,2026-07-29,2,183,Order NonMasterPack,1.3,0.07,1.37
16829963,IF4041476976,33629637,R3R1K3JEN - Jennifer Trudel,#CA986471,2026-07-29,2026-07-29,1,126.8,Order Processing,1.25,0.06,1.31
16829963,IF4041476976,33629637,R3R1K3JEN - Jennifer Trudel,#CA986471,2026-07-29,2026-07-29,3,126.8,Order NonMasterPack,1.95,0.1,2.05
16830466,IF4041476982,33630033,K0H2T0JEN - Jennifer Choquette,#CA986474,2026-07-29,2026-07-29,2,116,Order NonMasterPack,1.3,0.07,1.37
16830466,IF4041476982,33630033,K0H2T0JEN - Jennifer Choquette,#CA986474,2026-07-29,2026-07-29,1,116,Order Processing,1.25,0.06,1.31
16830467,IF4041476983,33629937,N5W3H7EUA - Euan Fraser tait,#CA986475,2026-07-29,2026-07-29,1,157.5,Order Processing,1.25,0.06,1.31
16830467,IF4041476983,33629937,N5W3H7EUA - Euan Fraser tait,#CA986475,2026-07-29,2026-07-29,3,157.5,Order NonMasterPack,1.95,0.1,2.05
16830468,IF4041476984,33630035,J8P2T9JEN - Jennifer Conway,#CA986476,2026-07-29,2026-07-29,4,191.2,Order NonMasterPack,2.6,0.13,2.73
16830468,IF4041476984,33630035,J8P2T9JEN - Jennifer Conway,#CA986476,2026-07-29,2026-07-29,1,191.2,Order Processing,1.25,0.06,1.31
16830516,IF4041476985,33630133,N3A4L4EMI - Emily O’Brien,#CA986477,2026-07-29,2026-07-29,1,110.8,Order Processing,1.25,0.06,1.31
16830516,IF4041476985,33630133,N3A4L4EMI - Emily O’Brien,#CA986477,2026-07-29,2026-07-29,3,110.8,Order NonMasterPack,1.95,0.1,2.05
16829196,IF4041476917,33626097,L1A3P7S F - S F,#CA986421,2026-07-28,2026-07-29,3,117,Order NonMasterPack,1.95,0.1,2.05
16829196,IF4041476917,33626097,L1A3P7S F - S F,#CA986421,2026-07-28,2026-07-29,1,117,Order Processing,1.25,0.06,1.31
16829214,IF4041476919,33625901,L2R5Z1JES - Jessie El-Farram,#CA986424,2026-07-28,2026-07-29,1,160,Order Processing,1.25,0.06,1.31
16829214,IF4041476919,33625901,L2R5Z1JES - Jessie El-Farram,#CA986424,2026-07-28,2026-07-29,2,160,Order NonMasterPack,1.3,0.07,1.37
16829215,IF4041476920,33626297,M5A2J5FAR - Fariborz Fallah,#CA986423,2026-07-28,2026-07-29,3,162.6,Order NonMasterPack,1.95,0.1,2.05
16829215,IF4041476920,33626297,M5A2J5FAR - Fariborz Fallah,#CA986423,2026-07-28,2026-07-29,1,162.6,Order Processing,1.25,0.06,1.31
16829244,IF4041476923,33625905,T0M2A0RUT - Ruth Derksen,#CA986425,2026-07-28,2026-07-29,2,109.9,Order NonMasterPack,1.3,0.07,1.37
16829244,IF4041476923,33625905,T0M2A0RUT - Ruth Derksen,#CA986425,2026-07-28,2026-07-29,1,109.9,Order Processing,1.25,0.06,1.31
16829245,IF4041476924,33625906,J8L3X2JUL - Julie Hayes,#CA986429,2026-07-28,2026-07-29,1,122.6,Order Processing,1.25,0.06,1.31
16829245,IF4041476924,33625906,J8L3X2JUL - Julie Hayes,#CA986429,2026-07-28,2026-07-29,2,122.6,Order NonMasterPack,1.3,0.07,1.37
16829284,IF4041476926,33626299,V5V3M8KIM - Kim Wong,#CA986430,2026-07-28,2026-07-29,2,350.6,Order NonMasterPack,1.3,0.07,1.37
16829284,IF4041476926,33626299,V5V3M8KIM - Kim Wong,#CA986430,2026-07-28,2026-07-29,1,350.6,Order Processing,1.25,0.06,1.31
16829285,IF4041476927,33626008,N1M3S1COR - Corinne Crichlow,#CA986431,2026-07-28,2026-07-29,3,121.4,Order NonMasterPack,1.95,0.1,2.05
16829285,IF4041476927,33626008,N1M3S1COR - Corinne Crichlow,#CA986431,2026-07-28,2026-07-29,1,121.4,Order Processing,1.25,0.06,1.31
16829370,IF4041476935,33627097,V5K1V8THO - Thomas Sanner,#CA986435,2026-07-28,2026-07-29,1,286,Order Processing,1.25,0.06,1.31
16829370,IF4041476935,33627097,V5K1V8THO - Thomas Sanner,#CA986435,2026-07-28,2026-07-29,4,286,Order NonMasterPack,2.6,0.13,2.73
16829371,IF4041476936,33626998,J8V4B2MIC - Michael Desjardins,#CA986436,2026-07-28,2026-07-29,4,309.8,Order NonMasterPack,2.6,0.13,2.73
16829371,IF4041476936,33626998,J8V4B2MIC - Michael Desjardins,#CA986436,2026-07-28,2026-07-29,1,309.8,Order Processing,1.25,0.06,1.31
16829373,IF4041476938,33627200,H4G1P5CAI - Caitlin Parsons,#CA986438,2026-07-28,2026-07-29,1,104.2,Order Processing,1.25,0.06,1.31
16829373,IF4041476938,33627200,H4G1P5CAI - Caitlin Parsons,#CA986438,2026-07-28,2026-07-29,2,104.2,Order NonMasterPack,1.3,0.07,1.37
16829478,IF4041476940,33626899,V8H1H6SHE - Sheri Lewthwaite,#CA986439,2026-07-28,2026-07-29,2,113.6,Order NonMasterPack,1.3,0.07,1.37
16829478,IF4041476940,33626899,V8H1H6SHE - Sheri Lewthwaite,#CA986439,2026-07-28,2026-07-29,1,113.6,Order Processing,1.25,0.06,1.31
16829481,IF4041476944,33627004,V2C4X6COL - colin boisselle,#CA986442,2026-07-28,2026-07-29,1,101.4,Order Processing,1.25,0.06,1.31
16829481,IF4041476944,33627004,V2C4X6COL - colin boisselle,#CA986442,2026-07-28,2026-07-29,2,101.4,Order NonMasterPack,1.3,0.07,1.37
16829515,IF4041476946,33627296,T8W5C3HEI - Heidi Hennel,#CA986443,2026-07-28,2026-07-29,1,140.4,Order Processing,1.25,0.06,1.31
16829515,IF4041476946,33627296,T8W5C3HEI - Heidi Hennel,#CA986443,2026-07-28,2026-07-29,2,140.4,Order NonMasterPack,1.3,0.07,1.37
16829545,IF4041476947,33627397,T5R3C7DEB - Debbie Morin,#CA986444,2026-07-28,2026-07-29,3,108,Order NonMasterPack,1.95,0.1,2.05
16829545,IF4041476947,33627397,T5R3C7DEB - Debbie Morin,#CA986444,2026-07-28,2026-07-29,1,108,Order Processing,1.25,0.06,1.31
16829703,IF4041476956,33628704,G9N3P2PAS - Pascal D Roger,#CA986453,2026-07-29,2026-07-29,1,140.8,Order Processing,1.25,0.06,1.31
16829703,IF4041476956,33628704,G9N3P2PAS - Pascal D Roger,#CA986453,2026-07-29,2026-07-29,2,140.8,Order NonMasterPack,1.3,0.07,1.37
16829805,IF4041476961,33629105,E3G0G7JOD - Jody Rhodenizer,#CA986458,2026-07-29,2026-07-29,1,180.6,Order Processing,1.25,0.06,1.31
16829805,IF4041476961,33629105,E3G0G7JOD - Jody Rhodenizer,#CA986458,2026-07-29,2026-07-29,2,180.6,Order NonMasterPack,1.3,0.07,1.37
16829808,IF4041476964,33629005,G1R0C4ANA - Anabel Arsenault,#CA986461,2026-07-29,2026-07-29,1,100,Order Processing,1.25,0.06,1.31
16829808,IF4041476964,33629005,G1R0C4ANA - Anabel Arsenault,#CA986461,2026-07-29,2026-07-29,2,100,Order NonMasterPack,1.3,0.07,1.37
16829867,IF4041476968,33629011,A8A2R8SOP - Sophia Hewitt,#CA986464,2026-07-29,2026-07-29,1,218.3,Order Processing,1.25,0.06,1.31
16829867,IF4041476968,33629011,A8A2R8SOP - Sophia Hewitt,#CA986464,2026-07-29,2026-07-29,3,218.3,Order NonMasterPack,1.95,0.1,2.05
16829917,IF4041476973,33629631,K2H6C2ANN - Annie Lord-Stephens,#CA986468,2026-07-29,2026-07-29,2,118.8,Order NonMasterPack,1.3,0.07,1.37
16829917,IF4041476973,33629631,K2H6C2ANN - Annie Lord-Stephens,#CA986468,2026-07-29,2026-07-29,1,118.8,Order Processing,1.25,0.06,1.31
16829243,IF4041476922,33626003,V8G4X5ERI - Erika Barton,#CA986427,2026-07-28,2026-07-29,1,102.7,Order Processing,1.25,0.06,1.31
16829243,IF4041476922,33626003,V8G4X5ERI - Erika Barton,#CA986427,2026-07-28,2026-07-29,3,102.7,Order NonMasterPack,1.95,0.1,2.05
16829807,IF4041476963,33629205,A1N3Y2COL - Colin Duffett,#CA986460,2026-07-29,2026-07-29,6,200.8,Order NonMasterPack,3.9,0.2,4.1
16829807,IF4041476963,33629205,A1N3Y2COL - Colin Duffett,#CA986460,2026-07-29,2026-07-29,1,200.8,Order Processing,1.25,0.06,1.31
16824182,IF4041476570,33610979,V6J0J1CHA - Chauntelle Walsh,#CA986224,2026-07-27,2026-07-29,1,210.6,Order Processing,1.25,0.06,1.31
16824182,IF4041476570,33610979,V6J0J1CHA - Chauntelle Walsh,#CA986224,2026-07-27,2026-07-29,3,210.6,Order NonMasterPack,1.95,0.1,2.05
16826952,IF4041476769,33620690,L1C0S6KAT - Kate Mowat,#CA986332,2026-07-28,2026-07-29,2,184.8,Order NonMasterPack,1.3,0.07,1.37
16826952,IF4041476769,33620690,L1C0S6KAT - Kate Mowat,#CA986332,2026-07-28,2026-07-29,1,184.8,Order Processing,1.25,0.06,1.31
16827249,IF4041476782,33621223,V8S4C6CHR - Christian Nielsen,#CA986341,2026-07-28,2026-07-29,3,186,Order NonMasterPack,1.95,0.1,2.05
16827249,IF4041476782,33621223,V8S4C6CHR - Christian Nielsen,#CA986341,2026-07-28,2026-07-29,1,186,Order Processing,1.25,0.06,1.31
16827357,IF4041476783,33621416,H9R1A3GLE - Glenn Caron,#CA986342,2026-07-28,2026-07-29,1,248.4,Order Processing,1.25,0.06,1.31
16827357,IF4041476783,33621416,H9R1A3GLE - Glenn Caron,#CA986342,2026-07-28,2026-07-29,4,248.4,Order NonMasterPack,2.6,0.13,2.73
16827508,IF4041476816,33621743,K1E3M4CHR - Chris Lendrum,#CA986354,2026-07-28,2026-07-29,1,167.2,Order Processing,1.25,0.06,1.31
16827508,IF4041476816,33621743,K1E3M4CHR - Chris Lendrum,#CA986354,2026-07-28,2026-07-29,3,167.2,Order NonMasterPack,1.95,0.1,2.05
16827606,IF4041476823,33622149,G5T1Z1JOS - Josée Landry,#CA986357,2026-07-28,2026-07-29,4,144.9,Order NonMasterPack,2.6,0.13,2.73
16827606,IF4041476823,33622149,G5T1Z1JOS - Josée Landry,#CA986357,2026-07-28,2026-07-29,1,144.9,Order Processing,1.25,0.06,1.31
16827768,IF4041476829,33621951,A2N2E6BER - Bertina Young,#CA986361,2026-07-28,2026-07-29,3,133.5,Order NonMasterPack,1.95,0.1,2.05
16827768,IF4041476829,33621951,A2N2E6BER - Bertina Young,#CA986361,2026-07-28,2026-07-29,1,133.5,Order Processing,1.25,0.06,1.31
16827769,IF4041476830,33622164,R2M1J3ASH - Ashley Balko,#CA986362,2026-07-28,2026-07-29,1,123,Order Processing,1.25,0.06,1.31
16827769,IF4041476830,33622164,R2M1J3ASH - Ashley Balko,#CA986362,2026-07-28,2026-07-29,2,123,Order NonMasterPack,1.3,0.07,1.37
16828211,IF4041476859,33623368,N0A1N4ANT - Anthony Randall,#CA986379,2026-07-28,2026-07-29,6,213.1,Order NonMasterPack,3.9,0.2,4.1
16828211,IF4041476859,33623368,N0A1N4ANT - Anthony Randall,#CA986379,2026-07-28,2026-07-29,1,213.1,Order Processing,1.25,0.06,1.31
16828666,IF4041476880,33623988,J1E3P4ALE - Alexis Pelletier,#CA986396,2026-07-28,2026-07-29,1,228.8,Order Processing,1.25,0.06,1.31
16828666,IF4041476880,33623988,J1E3P4ALE - Alexis Pelletier,#CA986396,2026-07-28,2026-07-29,4,228.8,Order NonMasterPack,2.6,0.13,2.73
16828787,IF4041476885,33623895,L2M4B5MIC - Michael Candeloro,#CA986399,2026-07-28,2026-07-29,2,133,Order NonMasterPack,1.3,0.07,1.37
16828787,IF4041476885,33623895,L2M4B5MIC - Michael Candeloro,#CA986399,2026-07-28,2026-07-29,1,133,Order Processing,1.25,0.06,1.31
16827074,IF4041476774,33621008,J0L1C0MIC - Michael Handfield,#CA986336,2026-07-28,2026-07-29,3,112.5,Order NonMasterPack,1.95,0.1,2.05
16827074,IF4041476774,33621008,J0L1C0MIC - Michael Handfield,#CA986336,2026-07-28,2026-07-29,1,112.5,Order Processing,1.25,0.06,1.31
16828823,IF4041476886,33623802,V5E4H9MAR - Marlen Pina Valdez,#CA986400,2026-07-28,2026-07-29,4,197.8,Order NonMasterPack,2.6,0.13,2.73
16828823,IF4041476886,33623802,V5E4H9MAR - Marlen Pina Valdez,#CA986400,2026-07-28,2026-07-29,1,197.8,Order Processing,1.25,0.06,1.31
16828824,IF4041476887,33624189,N0H2N0NIC - Nicole Ruff,#CA986401,2026-07-28,2026-07-29,1,100,Order Processing,1.25,0.06,1.31
16828824,IF4041476887,33624189,N0H2N0NIC - Nicole Ruff,#CA986401,2026-07-28,2026-07-29,2,100,Order NonMasterPack,1.3,0.07,1.37
16828836,IF4041476889,33623810,R7N2B5COD - Cody Neault,#CA986403,2026-07-28,2026-07-29,1,142.8,Order Processing,1.25,0.06,1.31
16828836,IF4041476889,33623810,R7N2B5COD - Cody Neault,#CA986403,2026-07-28,2026-07-29,3,142.8,Order NonMasterPack,1.95,0.1,2.05
16828878,IF4041476892,33624393,T2V0C3JAM - James Hope,#CA986406,2026-07-28,2026-07-29,2,89.98,Order NonMasterPack,1.3,0.07,1.37
16828878,IF4041476892,33624393,T2V0C3JAM - James Hope,#CA986406,2026-07-28,2026-07-29,1,89.98,Order Processing,1.25,0.06,1.31
16828896,IF4041476893,33624395,N7S0C9MAT - Matt Bowen,#CA986407,2026-07-28,2026-07-29,2,76.5,Order NonMasterPack,1.3,0.07,1.37
16828896,IF4041476893,33624395,N7S0C9MAT - Matt Bowen,#CA986407,2026-07-28,2026-07-29,1,76.5,Order Processing,1.25,0.06,1.31
16828897,IF4041476896,33624400,R3J0L8CHR - Christie sprague,#CA986408,2026-07-28,2026-07-29,5,262,Order NonMasterPack,3.25,0.16,3.41
16828897,IF4041476896,33624400,R3J0L8CHR - Christie sprague,#CA986408,2026-07-28,2026-07-29,1,262,Order Processing,1.25,0.06,1.31
16829002,IF4041476898,33624591,N0P2P0HOU - Houston M,#CA986409,2026-07-28,2026-07-29,4,180,Order NonMasterPack,2.6,0.13,2.73
16829002,IF4041476898,33624591,N0P2P0HOU - Houston M,#CA986409,2026-07-28,2026-07-29,1,180,Order Processing,1.25,0.06,1.31
16829003,IF4041476900,33624997,V8E0G5ALI - Alison Bryant,#CA986410,2026-07-28,2026-07-29,2,150.3,Order NonMasterPack,1.3,0.07,1.37
16829003,IF4041476900,33624997,V8E0G5ALI - Alison Bryant,#CA986410,2026-07-28,2026-07-29,1,150.3,Order Processing,1.25,0.06,1.31
16829052,IF4041476906,33625008,V3N1H3ODE - Odessa Ditson,#CA986414,2026-07-28,2026-07-29,1,140,Order Processing,1.25,0.06,1.31
16829052,IF4041476906,33625008,V3N1H3ODE - Odessa Ditson,#CA986414,2026-07-28,2026-07-29,2,140,Order NonMasterPack,1.3,0.07,1.37
16829053,IF4041476907,33625010,M9N1Y3VIK - Viktoria Piatkowski,#CA986415,2026-07-28,2026-07-29,1,108,Order Processing,1.25,0.06,1.31
16829053,IF4041476907,33625010,M9N1Y3VIK - Viktoria Piatkowski,#CA986415,2026-07-28,2026-07-29,3,108,Order NonMasterPack,1.95,0.1,2.05
16829121,IF4041476911,33625400,N4S7P7EVA - Eva-Maria Wetzel,#CA986417,2026-07-28,2026-07-29,1,128,Order Processing,1.25,0.06,1.31
16829121,IF4041476911,33625400,N4S7P7EVA - Eva-Maria Wetzel,#CA986417,2026-07-28,2026-07-29,5,128,Order NonMasterPack,3.25,0.16,3.41
16828165,IF4041476855,33622879,V4N0P4DON - Donna Rainford-Cayenne,#CA986376,2026-07-28,2026-07-29,3,174.6,Order NonMasterPack,1.95,0.1,2.05
16828165,IF4041476855,33622879,V4N0P4DON - Donna Rainford-Cayenne,#CA986376,2026-07-28,2026-07-29,1,174.6,Order Processing,1.25,0.06,1.31
16813249,IF4041475559,33571158,V6A2E4TEN - tentree,Whistler Blackcomb Golf Promo,2026-07-23,2026-07-29,3,3459.5,Order Master Pack Carton,6,0.3,6.3
16813249,IF4041475559,33571158,V6A2E4TEN - tentree,Whistler Blackcomb Golf Promo,2026-07-23,2026-07-29,81,3459.5,Order NonMasterPack,40.5,2.03,42.53
16813249,IF4041475559,33571158,V6A2E4TEN - tentree,Whistler Blackcomb Golf Promo,2026-07-23,2026-07-29,1,3459.5,Order Processing,2,0.1,2.1
16827488,IF4041476811,33621942,V6E1Z3TOM - Tom Pham,#CA985523,2026-07-28,2026-07-29,1,45,Order Processing,1.25,0.06,1.31
16827488,IF4041476811,33621942,V6E1Z3TOM - Tom Pham,#CA985523,2026-07-28,2026-07-29,1,45,Order NonMasterPack,0.65,0.03,0.68
16828167,IF4041476858,33623366,V7W2J1LAN - Lance Neale,#CA986378,2026-07-28,2026-07-29,1,616,Order Processing,1.25,0.06,1.31
16828167,IF4041476858,33623366,V7W2J1LAN - Lance Neale,#CA986378,2026-07-28,2026-07-29,7,616,Order NonMasterPack,4.55,0.23,4.78
16828263,IF4041476863,33623262,A2H4S2NIC - Nicole Preston,#CA986382,2026-07-28,2026-07-29,1,31.5,Order Processing,1.25,0.06,1.31
16828263,IF4041476863,33623262,A2H4S2NIC - Nicole Preston,#CA986382,2026-07-28,2026-07-29,1,31.5,Order NonMasterPack,0.65,0.03,0.68
16828365,IF4041476867,33623569,V2Y0Z1AND - Andrew Collins,#CA986386,2026-07-28,2026-07-29,1,88,Order Processing,1.25,0.06,1.31
16828365,IF4041476867,33623569,V2Y0Z1AND - Andrew Collins,#CA986386,2026-07-28,2026-07-29,1,88,Order NonMasterPack,0.65,0.03,0.68
16828366,IF4041476868,33623669,G5R4W9JES - Jessy April,#CA986387,2026-07-28,2026-07-29,1,46.4,Order NonMasterPack,0.65,0.03,0.68
16828366,IF4041476868,33623669,G5R4W9JES - Jessy April,#CA986387,2026-07-28,2026-07-29,1,46.4,Order Processing,1.25,0.06,1.31
16828431,IF4041476872,33623465,V2R4A8ALV - Alvin Denbok,#CA986389,2026-07-28,2026-07-29,1,50,Order Processing,1.25,0.06,1.31
16828431,IF4041476872,33623465,V2R4A8ALV - Alvin Denbok,#CA986389,2026-07-28,2026-07-29,1,50,Order NonMasterPack,0.65,0.03,0.68
16829242,IF4041476921,33626002,N3B3L2SIM - Simon Shantz,#CA986428,2026-07-28,2026-07-29,1,31.5,Order Processing,1.25,0.06,1.31
16829242,IF4041476921,33626002,N3B3L2SIM - Simon Shantz,#CA986428,2026-07-28,2026-07-29,1,31.5,Order NonMasterPack,0.65,0.03,0.68
16829286,IF4041476930,33626600,L0K1E0SHE - Sheryl McNiven,#CA986426,2026-07-28,2026-07-29,1,32.64,Order NonMasterPack,0.65,0.03,0.68
16829286,IF4041476930,33626600,L0K1E0SHE - Sheryl McNiven,#CA986426,2026-07-28,2026-07-29,1,32.64,Order Processing,1.25,0.06,1.31
16829841,IF4041476965,33629109,N1H2E7RYA - Ryan Vadori,#CA986462,2026-07-29,2026-07-29,1,58,Order Processing,1.25,0.06,1.31
16829841,IF4041476965,33629109,N1H2E7RYA - Ryan Vadori,#CA986462,2026-07-29,2026-07-29,1,58,Order NonMasterPack,0.65,0.03,0.68
16829916,IF4041476972,33629630,G1G5H4JUS - Justine Pomerleau,#CA986467,2026-07-29,2026-07-29,1,117.99,Order NonMasterPack,0.65,0.03,0.68
16829916,IF4041476972,33629630,G1G5H4JUS - Justine Pomerleau,#CA986467,2026-07-29,2026-07-29,1,117.99,Order Processing,1.25,0.06,1.31
16827560,IF4041476819,33622143,H4A1J8EVG - Evgenia Auslender,#CA985475,2026-07-28,2026-07-29,1,22.5,Order NonMasterPack,0.65,0.03,0.68
16827560,IF4041476819,33622143,H4A1J8EVG - Evgenia Auslender,#CA985475,2026-07-28,2026-07-29,1,22.5,Order Processing,1.25,0.06,1.31
16828091,IF4041476846,33623049,B3J3Z2JAN - Jane MacLellan,#CA986373,2026-07-28,2026-07-29,1,58.8,Order NonMasterPack,0.65,0.03,0.68
16828091,IF4041476846,33623049,B3J3Z2JAN - Jane MacLellan,#CA986373,2026-07-28,2026-07-29,1,58.8,Order Processing,1.25,0.06,1.31
16828166,IF4041476856,33623361,V8S5H2ELA - Elaine Perry,#CA986377,2026-07-28,2026-07-29,1,64.8,Order Processing,1.25,0.06,1.31
16828166,IF4041476856,33623361,V8S5H2ELA - Elaine Perry,#CA986377,2026-07-28,2026-07-29,1,64.8,Order NonMasterPack,0.65,0.03,0.68
16828473,IF4041476874,33623671,V2N6J2KRI - Kristi Dasilva,#CA986391,2026-07-28,2026-07-29,1,70.4,Order NonMasterPack,0.65,0.03,0.68
16828473,IF4041476874,33623671,V2N6J2KRI - Kristi Dasilva,#CA986391,2026-07-28,2026-07-29,1,70.4,Order Processing,1.25,0.06,1.31
16828837,IF4041476890,33624291,H9C3A9MAR - Marie-Claude Guay,#CA986404,2026-07-28,2026-07-29,1,87.99,Order Processing,1.25,0.06,1.31
16828837,IF4041476890,33624291,H9C3A9MAR - Marie-Claude Guay,#CA986404,2026-07-28,2026-07-29,1,87.99,Order NonMasterPack,0.65,0.03,0.68
16829004,IF4041476901,33625097,V9S2P9ING - Inge Nummela,#CA986411,2026-07-28,2026-07-29,1,40.8,Order NonMasterPack,0.65,0.03,0.68
16829004,IF4041476901,33625097,V9S2P9ING - Inge Nummela,#CA986411,2026-07-28,2026-07-29,1,40.8,Order Processing,1.25,0.06,1.31
16829034,IF4041476902,33624999,N0J1P0AMY - Amy Treur,#CA986412,2026-07-28,2026-07-29,1,108,Order Processing,1.25,0.06,1.31
16829034,IF4041476902,33624999,N0J1P0AMY - Amy Treur,#CA986412,2026-07-28,2026-07-29,1,108,Order NonMasterPack,0.65,0.03,0.68
16829035,IF4041476904,33625003,M4Y0A9TAY - Taylor Harper,#CA986413,2026-07-28,2026-07-29,1,98,Order NonMasterPack,0.65,0.03,0.68
16829035,IF4041476904,33625003,M4Y0A9TAY - Taylor Harper,#CA986413,2026-07-28,2026-07-29,1,98,Order Processing,1.25,0.06,1.31
16829479,IF4041476941,33626901,V6Z0G7MIR - Miranda Tsang,#CA986440,2026-07-28,2026-07-29,1,198,Order NonMasterPack,0.65,0.03,0.68
16829479,IF4041476941,33626901,V6Z0G7MIR - Miranda Tsang,#CA986440,2026-07-28,2026-07-29,1,198,Order Processing,1.25,0.06,1.31
16829644,IF4041476952,33628398,R2J0X7STE - Stephen Baril,#CA986450,2026-07-29,2026-07-29,1,61.6,Order Processing,1.25,0.06,1.31
16829644,IF4041476952,33628398,R2J0X7STE - Stephen Baril,#CA986450,2026-07-29,2026-07-29,1,61.6,Order NonMasterPack,0.65,0.03,0.68
16829918,IF4041476974,33629634,N1E7L6KEN - Kendra Anthony,#CA986469,2026-07-29,2026-07-29,1,45,Order Processing,1.25,0.06,1.31
16829918,IF4041476974,33629634,N1E7L6KEN - Kendra Anthony,#CA986469,2026-07-29,2026-07-29,1,45,Order NonMasterPack,0.65,0.03,0.68
16829964,IF4041476980,33629645,V2K4H4SAR - Sara Swanson,#CA986472,2026-07-29,2026-07-29,1,118.8,Order NonMasterPack,0.65,0.03,0.68
16829964,IF4041476980,33629645,V2K4H4SAR - Sara Swanson,#CA986472,2026-07-29,2026-07-29,1,118.8,Order Processing,1.25,0.06,1.31
16827746,IF4041476744,33619881,K4K1R7CHA - Chantal Singh,#CA986307,2026-07-28,2026-07-29,3,113.1,Order NonMasterPack,1.95,0.1,2.05
16827746,IF4041476744,33619881,K4K1R7CHA - Chantal Singh,#CA986307,2026-07-28,2026-07-29,1,113.1,Order Processing,1.25,0.06,1.31
16827829,IF4041476832,33622170,R3G1Y2ERI - Erin Thorleifson,#CA986363,2026-07-28,2026-07-29,3,159.8,Order NonMasterPack,1.95,0.1,2.05
16827829,IF4041476832,33622170,R3G1Y2ERI - Erin Thorleifson,#CA986363,2026-07-28,2026-07-29,1,159.8,Order Processing,1.25,0.06,1.31
16828058,IF4041476836,33622856,L4C4P9NAN - Nancy McKerroll,#CA986366,2026-07-28,2026-07-29,3,112.5,Order NonMasterPack,1.95,0.1,2.05
16828058,IF4041476836,33622856,L4C4P9NAN - Nancy McKerroll,#CA986366,2026-07-28,2026-07-29,1,112.5,Order Processing,1.25,0.06,1.31
16831475,IF4041477045,33632069,L1G6H2T K - T K,#CA985282,2026-07-29,2026-07-29,1,14,Order Processing,1.25,0.06,1.31
16831475,IF4041477045,33632069,L1G6H2T K - T K,#CA985282,2026-07-29,2026-07-29,1,14,Order NonMasterPack,0.65,0.03,0.68
16827561,IF4041476820,33622144,E1G0B6BRY - Bryan Thurtell,#CA985478,2026-07-28,2026-07-29,1,36,Order Processing,1.25,0.06,1.31
16827561,IF4041476820,33622144,E1G0B6BRY - Bryan Thurtell,#CA985478,2026-07-28,2026-07-29,1,36,Order NonMasterPack,0.65,0.03,0.68
16828212,IF4041476860,33623371,V8R6E6HEL - Helen Currey,#CA986380,2026-07-28,2026-07-29,5,162.1,Order NonMasterPack,3.25,0.16,3.41
16828212,IF4041476860,33623371,V8R6E6HEL - Helen Currey,#CA986380,2026-07-28,2026-07-29,1,162.1,Order Processing,1.25,0.06,1.31
16828062,IF4041476842,33622869,T9M0A9DIA - Diana Lecky,#CA986370,2026-07-28,2026-07-29,1,31.5,Order NonMasterPack,0.65,0.03,0.68
16828062,IF4041476842,33622869,T9M0A9DIA - Diana Lecky,#CA986370,2026-07-28,2026-07-29,1,31.5,Order Processing,1.25,0.06,1.31
16828092,IF4041476847,33623250,V6H2K1JUL - Julie De Sousa,#CA986151,2026-07-28,2026-07-29,1,49,Order Processing,1.25,0.06,1.31
16828092,IF4041476847,33623250,V6H2K1JUL - Julie De Sousa,#CA986151,2026-07-28,2026-07-29,1,49,Order NonMasterPack,0.65,0.03,0.68
16829120,IF4041476910,33625399,M2J2V3HEA - Heather Wong,#CA986418,2026-07-28,2026-07-29,1,39.2,Order Processing,1.25,0.06,1.31
16829120,IF4041476910,33625399,M2J2V3HEA - Heather Wong,#CA986418,2026-07-28,2026-07-29,1,39.2,Order NonMasterPack,0.65,0.03,0.68
16829197,IF4041476918,33626099,N2M3B6JAM - James Coughlin,#CA986422,2026-07-28,2026-07-29,1,23.2,Order NonMasterPack,0.65,0.03,0.68
16829197,IF4041476918,33626099,N2M3B6JAM - James Coughlin,#CA986422,2026-07-28,2026-07-29,1,23.2,Order Processing,1.25,0.06,1.31
16830596,IF4041476994,33630139,V4W3K8ASH - Ashley Springett,#CA986486,2026-07-29,2026-07-29,1,78,Order Processing,1.25,0.06,1.31
16830596,IF4041476994,33630139,V4W3K8ASH - Ashley Springett,#CA986486,2026-07-29,2026-07-29,1,78,Order NonMasterPack,0.65,0.03,0.68
16830936,IF4041477004,33630543,X0E0P0DEB - Deborah Price,#CA986492,2026-07-29,2026-07-29,1,100.8,Order NonMasterPack,0.65,0.03,0.68
16830936,IF4041477004,33630543,X0E0P0DEB - Deborah Price,#CA986492,2026-07-29,2026-07-29,1,100.8,Order Processing,1.25,0.06,1.31
16830938,IF4041477006,33630545,V2P0G5SAR - Sarabjit Mann,#CA986494,2026-07-29,2026-07-29,1,82.6,Order Processing,1.25,0.06,1.31
16830938,IF4041477006,33630545,V2P0G5SAR - Sarabjit Mann,#CA986494,2026-07-29,2026-07-29,1,82.6,Order NonMasterPack,0.65,0.03,0.68
16831349,IF4041477030,33631548,V6E0A4KAT - Katherine Moore,#CA986511,2026-07-29,2026-07-29,1,46.8,Order Processing,1.25,0.06,1.31
16831349,IF4041477030,33631548,V6E0A4KAT - Katherine Moore,#CA986511,2026-07-29,2026-07-29,1,46.8,Order NonMasterPack,0.65,0.03,0.68
16831352,IF4041477034,33631646,L9T3G4CLA - Claire Wheatley,#CA985558,2026-07-29,2026-07-29,1,45,Order Processing,1.25,0.06,1.31
16831352,IF4041477034,33631646,L9T3G4CLA - Claire Wheatley,#CA985558,2026-07-29,2026-07-29,1,45,Order NonMasterPack,0.65,0.03,0.68
16831409,IF4041477038,33631747,P7B6L4TOM - Tom Kleinboeck,#CA985565,2026-07-29,2026-07-29,1,88,Order NonMasterPack,0.65,0.03,0.68
16831409,IF4041477038,33631747,P7B6L4TOM - Tom Kleinboeck,#CA985565,2026-07-29,2026-07-29,1,88,Order Processing,1.25,0.06,1.31
16831447,IF4041477044,33631954,G4V1Y7EVE - Eve-Marie Lessard,#CA986521,2026-07-29,2026-07-29,1,44.99,Order Processing,1.25,0.06,1.31
16831447,IF4041477044,33631954,G4V1Y7EVE - Eve-Marie Lessard,#CA986521,2026-07-29,2026-07-29,1,44.99,Order NonMasterPack,0.65,0.03,0.68
16830937,IF4041477005,33630651,L7K2M4TER - Teri Baker,#CA986493,2026-07-29,2026-07-29,1,142.4,Order Processing,1.25,0.06,1.31
16830937,IF4041477005,33630651,L7K2M4TER - Teri Baker,#CA986493,2026-07-29,2026-07-29,1,142.4,Order NonMasterPack,0.65,0.03,0.68
16831028,IF4041477011,33630550,T0H1L0MON - Monique Bondaruk,#CA986498,2026-07-29,2026-07-29,1,108,Order Processing,1.25,0.06,1.31
16831028,IF4041477011,33630550,T0H1L0MON - Monique Bondaruk,#CA986498,2026-07-29,2026-07-29,1,108,Order NonMasterPack,0.65,0.03,0.68
16831444,IF4041477040,33631951,T2Z2X5TRI - Trista de Both,#CA986519,2026-07-29,2026-07-29,1,64.8,Order Processing,1.25,0.06,1.31
16831444,IF4041477040,33631951,T2Z2X5TRI - Trista de Both,#CA986519,2026-07-29,2026-07-29,1,64.8,Order NonMasterPack,0.65,0.03,0.68
16828825,IF4041476888,33623807,J2X4H9MAR - Marie-Eve Lestage,#CA986402,2026-07-28,2026-07-29,1,116,Order Processing,1.25,0.06,1.31
16828825,IF4041476888,33623807,J2X4H9MAR - Marie-Eve Lestage,#CA986402,2026-07-28,2026-07-29,3,116,Order NonMasterPack,1.95,0.1,2.05
16831639,IF4041477055,33632095,J0E1Z0CAT - Catherine Prevost,#CA986527,2026-07-29,2026-07-29,4,216.7,Order NonMasterPack,2.6,0.13,2.73
16831639,IF4041477055,33632095,J0E1Z0CAT - Catherine Prevost,#CA986527,2026-07-29,2026-07-29,1,216.7,Order Processing,1.25,0.06,1.31
16828665,IF4041476878,33623888,L0R2A0JOA - Joan Culp,#CA986395,2026-07-28,2026-07-29,1,34,Order Restocking,0.25,0.01,0.26
16828665,IF4041476878,33623888,L0R2A0JOA - Joan Culp,#CA986395,2026-07-28,2026-07-29,1,34,Order Processing,1.25,0.06,1.31
16828665,IF4041476878,33623888,L0R2A0JOA - Joan Culp,#CA986395,2026-07-28,2026-07-29,1,34,Order NonMasterPack,0.65,0.03,0.68
16824394,IF4041476632,33612766,T3H4M5PAU - Paul Beke,#CA986229,2026-07-27,2026-07-30,1,182,Order Processing,1.25,0.06,1.31
16824394,IF4041476632,33612766,T3H4M5PAU - Paul Beke,#CA986229,2026-07-27,2026-07-30,3,182,Order NonMasterPack,1.95,0.1,2.05
16825557,IF4041476682,33614320,K1K0H7NAT - Natalie Sachrajda,#CA986250,2026-07-27,2026-07-30,1,129.2,Order Processing,1.25,0.06,1.31
16825557,IF4041476682,33614320,K1K0H7NAT - Natalie Sachrajda,#CA986250,2026-07-27,2026-07-30,3,129.2,Order NonMasterPack,1.95,0.1,2.05
16825710,IF4041476696,33615321,K1T0X1ZOE - Zoe Martos,#CA986262,2026-07-27,2026-07-30,1,279.6,Order Processing,1.25,0.06,1.31
16825710,IF4041476696,33615321,K1T0X1ZOE - Zoe Martos,#CA986262,2026-07-27,2026-07-30,5,279.6,Order NonMasterPack,3.25,0.16,3.41
16825906,IF4041476711,33616417,R3E1E9THE - Theresa Markowski,#CA986274,2026-07-27,2026-07-30,1,113.1,Order Processing,1.25,0.06,1.31
16825906,IF4041476711,33616417,R3E1E9THE - Theresa Markowski,#CA986274,2026-07-27,2026-07-30,3,113.1,Order NonMasterPack,1.95,0.1,2.05
16827099,IF4041476776,33621213,V9V1B5JOR - Jordan Wright,#CA986337,2026-07-28,2026-07-30,1,107,Order Processing,1.25,0.06,1.31
16827099,IF4041476776,33621213,V9V1B5JOR - Jordan Wright,#CA986337,2026-07-28,2026-07-30,3,107,Order NonMasterPack,1.95,0.1,2.05
16828123,IF4041476854,33622877,V9B4L9CAL - Cal Roberts,#CA986375,2026-07-28,2026-07-30,2,71,Order NonMasterPack,1.3,0.07,1.37
16828123,IF4041476854,33622877,V9B4L9CAL - Cal Roberts,#CA986375,2026-07-28,2026-07-30,1,71,Order Processing,1.25,0.06,1.31
16828585,IF4041476877,33623581,T2Z4V8TER - Terin Schrader,#CA986394,2026-07-28,2026-07-30,1,44.5,Order Processing,1.25,0.06,1.31
16828585,IF4041476877,33623581,T2Z4V8TER - Terin Schrader,#CA986394,2026-07-28,2026-07-30,2,44.5,Order NonMasterPack,1.3,0.07,1.37
16828668,IF4041476882,33623890,V5N5J3DEF - DEFNE EZGI,#CA986398,2026-07-28,2026-07-30,3,133.6,Order NonMasterPack,1.95,0.1,2.05
16828668,IF4041476882,33623890,V5N5J3DEF - DEFNE EZGI,#CA986398,2026-07-28,2026-07-30,1,133.6,Order Processing,1.25,0.06,1.31
16828838,IF4041476891,33624391,J6E1Y7CAR - Carolane Villiard,#CA986405,2026-07-28,2026-07-30,4,128.5,Order NonMasterPack,2.6,0.13,2.73
16828838,IF4041476891,33624391,J6E1Y7CAR - Carolane Villiard,#CA986405,2026-07-28,2026-07-30,1,128.5,Order Processing,1.25,0.06,1.31
16829054,IF4041476908,33624692,V3J3E4EDI - Edie Kernighan,#CA986416,2026-07-28,2026-07-30,1,60,Order Processing,1.25,0.06,1.31
16829054,IF4041476908,33624692,V3J3E4EDI - Edie Kernighan,#CA986416,2026-07-28,2026-07-30,2,60,Order NonMasterPack,1.3,0.07,1.37
16829308,IF4041476931,33626698,C1A3N3ERI - Erin MacQuarrie,#CA986433,2026-07-28,2026-07-30,3,94.5,Order NonMasterPack,1.95,0.1,2.05
16829308,IF4041476931,33626698,C1A3N3ERI - Erin MacQuarrie,#CA986433,2026-07-28,2026-07-30,1,94.5,Order Processing,1.25,0.06,1.31
16829327,IF4041476933,33626797,J9Y1E2GEN - Genevieve St-Hilaire,#CA986434,2026-07-28,2026-07-30,1,78.5,Order Processing,1.25,0.06,1.31
16829327,IF4041476933,33626797,J9Y1E2GEN - Genevieve St-Hilaire,#CA986434,2026-07-28,2026-07-30,4,78.5,Order NonMasterPack,2.6,0.13,2.73
16829372,IF4041476937,33627197,T6J7A7SHE - Sherry Roy,#CA986437,2026-07-28,2026-07-30,4,130,Order NonMasterPack,2.6,0.13,2.73
16829372,IF4041476937,33627197,T6J7A7SHE - Sherry Roy,#CA986437,2026-07-28,2026-07-30,1,130,Order Processing,1.25,0.06,1.31
16829546,IF4041476948,33627399,T0M0V0ASH - ashley niziol,#CA986445,2026-07-28,2026-07-30,11,622.9,Order NonMasterPack,7.15,0.36,7.51
16829546,IF4041476948,33627399,T0M0V0ASH - ashley niziol,#CA986445,2026-07-28,2026-07-30,1,622.9,Order Processing,1.25,0.06,1.31
16829701,IF4041476954,33628699,L0G1B0NIC - Nicole Allison,#CA986451,2026-07-29,2026-07-30,2,105.6,Order NonMasterPack,1.3,0.07,1.37
16829701,IF4041476954,33628699,L0G1B0NIC - Nicole Allison,#CA986451,2026-07-29,2026-07-30,1,105.6,Order Processing,1.25,0.06,1.31
16829702,IF4041476955,33628702,M8V1X8MAR - Martin-Andre Young,#CA986452,2026-07-29,2026-07-30,4,117,Order NonMasterPack,2.6,0.13,2.73
16829702,IF4041476955,33628702,M8V1X8MAR - Martin-Andre Young,#CA986452,2026-07-29,2026-07-30,1,117,Order Processing,1.25,0.06,1.31
16829781,IF4041476959,33628899,G0M1R0JEN - Jenny Dumont Blais,#CA986456,2026-07-29,2026-07-30,1,127.4,Order Processing,1.25,0.06,1.31
16829781,IF4041476959,33628899,G0M1R0JEN - Jenny Dumont Blais,#CA986456,2026-07-29,2026-07-30,2,127.4,Order NonMasterPack,1.3,0.07,1.37
16829866,IF4041476967,33629010,K1T0J1ARK - Arkadiusz Tchorzewski,#CA986463,2026-07-29,2026-07-30,1,104,Order Processing,1.25,0.06,1.31
16829866,IF4041476967,33629010,K1T0J1ARK - Arkadiusz Tchorzewski,#CA986463,2026-07-29,2026-07-30,3,104,Order NonMasterPack,1.95,0.1,2.05
16829919,IF4041476975,33629727,R2H2Z1DAN - Danielle Kososki,#CA986470,2026-07-29,2026-07-30,1,101.8,Order Processing,1.25,0.06,1.31
16829919,IF4041476975,33629727,R2H2Z1DAN - Danielle Kososki,#CA986470,2026-07-29,2026-07-30,2,101.8,Order NonMasterPack,1.3,0.07,1.37
16830109,IF4041476981,33629933,N1S5B5JOE - Joey LaPierre,#CA986473,2026-07-29,2026-07-30,4,182.9,Order NonMasterPack,2.6,0.13,2.73
16830109,IF4041476981,33629933,N1S5B5JOE - Joey LaPierre,#CA986473,2026-07-29,2026-07-30,1,182.9,Order Processing,1.25,0.06,1.31
16830687,IF4041476997,33630238,J1H0H9JEA - Jean-Philippe Tremblay,#CA986488,2026-07-29,2026-07-30,1,147.4,Order Processing,1.25,0.06,1.31
16830687,IF4041476997,33630238,J1H0H9JEA - Jean-Philippe Tremblay,#CA986488,2026-07-29,2026-07-30,3,147.4,Order NonMasterPack,1.95,0.1,2.05
16830933,IF4041476999,33630336,B2W0G3SUS - Susan Gillis,#CA986489,2026-07-29,2026-07-30,1,139.8,Order Processing,1.25,0.06,1.31
16830933,IF4041476999,33630336,B2W0G3SUS - Susan Gillis,#CA986489,2026-07-29,2026-07-30,3,139.8,Order NonMasterPack,1.95,0.1,2.05
16830934,IF4041477000,33630541,M4R2E9TIF - Tiffany Jack,#CA986490,2026-07-29,2026-07-30,4,187,Order NonMasterPack,2.6,0.13,2.73
16830934,IF4041477000,33630541,M4R2E9TIF - Tiffany Jack,#CA986490,2026-07-29,2026-07-30,1,187,Order Processing,1.25,0.06,1.31
16830935,IF4041477003,33630647,T4V5H2MIK - Mike Forre,#CA986491,2026-07-29,2026-07-30,1,180,Order Processing,1.25,0.06,1.31
16830935,IF4041477003,33630647,T4V5H2MIK - Mike Forre,#CA986491,2026-07-29,2026-07-30,4,180,Order NonMasterPack,2.6,0.13,2.73
16830995,IF4041477007,33630547,J0T2N0STÉ - Stéphane Rochon,#CA986495,2026-07-29,2026-07-30,1,208,Order Processing,1.25,0.06,1.31
16830995,IF4041477007,33630547,J0T2N0STÉ - Stéphane Rochon,#CA986495,2026-07-29,2026-07-30,5,208,Order NonMasterPack,3.25,0.16,3.41
16830996,IF4041477008,33630658,J6Y1G2LIE - liem Nguyen,#CA986496,2026-07-29,2026-07-30,1,166.2,Order Processing,1.25,0.06,1.31
16830996,IF4041477008,33630658,J6Y1G2LIE - liem Nguyen,#CA986496,2026-07-29,2026-07-30,3,166.2,Order NonMasterPack,1.95,0.1,2.05
16830997,IF4041477009,33630660,V3H5J5SAS - Sasha Chih,#CA986497,2026-07-29,2026-07-30,4,152,Order NonMasterPack,2.6,0.13,2.73
16830997,IF4041477009,33630660,V3H5J5SAS - Sasha Chih,#CA986497,2026-07-29,2026-07-30,1,152,Order Processing,1.25,0.06,1.31
16831029,IF4041477012,33630552,M5T1J7DIN - Dinushi Munasinghe,#CA986499,2026-07-29,2026-07-30,3,128.8,Order NonMasterPack,1.95,0.1,2.05
16831029,IF4041477012,33630552,M5T1J7DIN - Dinushi Munasinghe,#CA986499,2026-07-29,2026-07-30,1,128.8,Order Processing,1.25,0.06,1.31
16831073,IF4041477013,33630555,K2G5P5JUS - Justine Smye,#CA986500,2026-07-29,2026-07-30,1,75.4,Order Processing,1.25,0.06,1.31
16831073,IF4041477013,33630555,K2G5P5JUS - Justine Smye,#CA986500,2026-07-29,2026-07-30,2,75.4,Order NonMasterPack,1.3,0.07,1.37
16831095,IF4041477014,33630742,L5G1M3J. - J. Brook Fletcher,#CA986503,2026-07-29,2026-07-30,3,81,Order NonMasterPack,1.95,0.1,2.05
16831095,IF4041477014,33630742,L5G1M3J. - J. Brook Fletcher,#CA986503,2026-07-29,2026-07-30,1,81,Order Processing,1.25,0.06,1.31
16831096,IF4041477015,33630843,V5L4Y7JAN - Jane Lau,#CA986501,2026-07-29,2026-07-30,1,132.3,Order Processing,1.25,0.06,1.31
16831096,IF4041477015,33630843,V5L4Y7JAN - Jane Lau,#CA986501,2026-07-29,2026-07-30,3,132.3,Order NonMasterPack,1.95,0.1,2.05
16831247,IF4041477022,33631066,T8A4X5MEL - Melissa Astle,#CA986507,2026-07-29,2026-07-30,1,151.2,Order Processing,1.25,0.06,1.31
16831247,IF4041477022,33631066,T8A4X5MEL - Melissa Astle,#CA986507,2026-07-29,2026-07-30,2,151.2,Order NonMasterPack,1.3,0.07,1.37
16831249,IF4041477025,33631072,L1C1B9SAR - Sara Marsh,#CA986509,2026-07-29,2026-07-30,2,133,Order NonMasterPack,1.3,0.07,1.37
16831249,IF4041477025,33631072,L1C1B9SAR - Sara Marsh,#CA986509,2026-07-29,2026-07-30,1,133,Order Processing,1.25,0.06,1.31
16831348,IF4041477029,33631348,V3X3M7RAC - Rachel Soucie,#CA986513,2026-07-29,2026-07-30,2,91.8,Order NonMasterPack,1.3,0.07,1.37
16831348,IF4041477029,33631348,V3X3M7RAC - Rachel Soucie,#CA986513,2026-07-29,2026-07-30,1,91.8,Order Processing,1.25,0.06,1.31
16831350,IF4041477031,33631549,T4S2L1DAN - Dana Rook,#CA986512,2026-07-29,2026-07-30,1,166.6,Order Processing,1.25,0.06,1.31
16831350,IF4041477031,33631549,T4S2L1DAN - Dana Rook,#CA986512,2026-07-29,2026-07-30,2,166.6,Order NonMasterPack,1.3,0.07,1.37
16831351,IF4041477032,33631550,V2C1B7SHA - Shauna Clarke,#CA986514,2026-07-29,2026-07-30,3,118.4,Order NonMasterPack,1.95,0.1,2.05
16831351,IF4041477032,33631550,V2C1B7SHA - Shauna Clarke,#CA986514,2026-07-29,2026-07-30,1,118.4,Order Processing,1.25,0.06,1.31
16831354,IF4041477036,33631557,J0B1L0JER - Jeremy Rouleau,#CA986516,2026-07-29,2026-07-30,3,151.4,Order NonMasterPack,1.95,0.1,2.05
16831354,IF4041477036,33631557,J0B1L0JER - Jeremy Rouleau,#CA986516,2026-07-29,2026-07-30,1,151.4,Order Processing,1.25,0.06,1.31
16831446,IF4041477043,33631851,V8V2G6NAT - Natalie Swick,#CA986520,2026-07-29,2026-07-30,1,118,Order Processing,1.25,0.06,1.31
16831446,IF4041477043,33631851,V8V2G6NAT - Natalie Swick,#CA986520,2026-07-29,2026-07-30,2,118,Order NonMasterPack,1.3,0.07,1.37
16831518,IF4041477047,33632071,S9A3X8HEA - Heath Cooper,#CA986522,2026-07-29,2026-07-30,1,112.5,Order Processing,1.25,0.06,1.31
16831518,IF4041477047,33632071,S9A3X8HEA - Heath Cooper,#CA986522,2026-07-29,2026-07-30,3,112.5,Order NonMasterPack,1.95,0.1,2.05
16831636,IF4041477052,33632089,T2Z2B1JAN - Jana Moore,#CA986524,2026-07-29,2026-07-30,2,102.4,Order NonMasterPack,1.3,0.07,1.37
16831636,IF4041477052,33632089,T2Z2B1JAN - Jana Moore,#CA986524,2026-07-29,2026-07-30,1,102.4,Order Processing,1.25,0.06,1.31
16831769,IF4041477069,33632512,T8H2L9DUS - Dustin DeMarre,#CA986530,2026-07-29,2026-07-30,1,171,Order Processing,1.25,0.06,1.31
16831769,IF4041477069,33632512,T8H2L9DUS - Dustin DeMarre,#CA986530,2026-07-29,2026-07-30,3,171,Order NonMasterPack,1.95,0.1,2.05
16832122,IF4041477094,33632957,J9X5K8FRA - France Pilote,#CA986539,2026-07-29,2026-07-30,6,270,Order NonMasterPack,3.9,0.2,4.1
16832122,IF4041477094,33632957,J9X5K8FRA - France Pilote,#CA986539,2026-07-29,2026-07-30,1,270,Order Processing,1.25,0.06,1.31
16832189,IF4041477095,33632839,V2R3V3JO- - Jo-Ann Klassen,#CA986540,2026-07-29,2026-07-30,2,113.6,Order NonMasterPack,1.3,0.07,1.37
16832189,IF4041477095,33632839,V2R3V3JO- - Jo-Ann Klassen,#CA986540,2026-07-29,2026-07-30,1,113.6,Order Processing,1.25,0.06,1.31
16832192,IF4041477098,33633151,N2J1T9PAU - Paul Geesaman,#CA985321,2026-07-29,2026-07-30,2,346.6,Order NonMasterPack,1.3,0.07,1.37
16832192,IF4041477098,33633151,N2J1T9PAU - Paul Geesaman,#CA985321,2026-07-29,2026-07-30,1,346.6,Order Processing,1.25,0.06,1.31
16832195,IF4041477101,33632961,H2S2C9MEL - Melanie Lebrun,#CA986541,2026-07-29,2026-07-30,2,176.4,Order NonMasterPack,1.3,0.07,1.37
16832195,IF4041477101,33632961,H2S2C9MEL - Melanie Lebrun,#CA986541,2026-07-29,2026-07-30,1,176.4,Order Processing,1.25,0.06,1.31
16832219,IF4041477106,33633052,R3K0W2COR - Cory Brill,#CA986542,2026-07-29,2026-07-30,1,135,Order Processing,1.25,0.06,1.31
16832219,IF4041477106,33633052,R3K0W2COR - Cory Brill,#CA986542,2026-07-29,2026-07-30,3,135,Order NonMasterPack,1.95,0.1,2.05
16831162,IF4041477021,33631056,R2N1V4MAR - Marie Poirier,#CA986506,2026-07-29,2026-07-30,1,70.8,Order NonMasterPack,0.65,0.03,0.68
16831162,IF4041477021,33631056,R2N1V4MAR - Marie Poirier,#CA986506,2026-07-29,2026-07-30,1,70.8,Order Processing,1.25,0.06,1.31
16831771,IF4041477071,33632515,N0A1N4KER - Kerri Benvenuti,#CA986532,2026-07-29,2026-07-30,1,22,Order Processing,1.25,0.06,1.31
16831771,IF4041477071,33632515,N0A1N4KER - Kerri Benvenuti,#CA986532,2026-07-29,2026-07-30,1,22,Order NonMasterPack,0.65,0.03,0.68
16831815,IF4041477077,33632725,T6R2W2SHE - Shelley McDermott-Hipkin,#CA985333,2026-07-29,2026-07-30,1,69,Order Processing,1.25,0.06,1.31
16831815,IF4041477077,33632725,T6R2W2SHE - Shelley McDermott-Hipkin,#CA985333,2026-07-29,2026-07-30,1,69,Order NonMasterPack,0.65,0.03,0.68
16832217,IF4041477103,33633156,T3L2Y8BRI - Brittany Mathison,#CA985888,2026-07-29,2026-07-30,1,98,Order Processing,1.25,0.06,1.31
16832217,IF4041477103,33633156,T3L2Y8BRI - Brittany Mathison,#CA985888,2026-07-29,2026-07-30,1,98,Order NonMasterPack,0.65,0.03,0.68
16827748,IF4041476766,33620995,R2C1X1JAM - JAMES COLLETTE,#CA986330,2026-07-28,2026-07-30,1,61.6,Order Processing,1.25,0.06,1.31
16827748,IF4041476766,33620995,R2C1X1JAM - JAMES COLLETTE,#CA986330,2026-07-28,2026-07-30,1,61.6,Order NonMasterPack,0.65,0.03,0.68
16829122,IF4041476913,33625597,V6K4M2BRY - Bryan Neyedli,#CA986420,2026-07-28,2026-07-30,1,27,Order NonMasterPack,0.65,0.03,0.68
16829122,IF4041476913,33625597,V6K4M2BRY - Bryan Neyedli,#CA986420,2026-07-28,2026-07-30,1,27,Order Processing,1.25,0.06,1.31
16829782,IF4041476960,33629001,T1W1S8MEG - Meg Szamosfalvi,#CA986457,2026-07-29,2026-07-30,1,70.8,Order Processing,1.25,0.06,1.31
16829782,IF4041476960,33629001,T1W1S8MEG - Meg Szamosfalvi,#CA986457,2026-07-29,2026-07-30,1,70.8,Order NonMasterPack,0.65,0.03,0.68
16829806,IF4041476962,33629107,P2B1A3COL - Collin Beaucage,#CA986459,2026-07-29,2026-07-30,1,64,Order NonMasterPack,0.65,0.03,0.68
16829806,IF4041476962,33629107,P2B1A3COL - Collin Beaucage,#CA986459,2026-07-29,2026-07-30,1,64,Order Processing,1.25,0.06,1.31
16829900,IF4041476970,33629306,N5A0K2SAM - Sammie Akins,#CA986466,2026-07-29,2026-07-30,1,58.8,Order Processing,1.25,0.06,1.31
16829900,IF4041476970,33629306,N5A0K2SAM - Sammie Akins,#CA986466,2026-07-29,2026-07-30,1,58.8,Order NonMasterPack,0.65,0.03,0.68
16831098,IF4041477019,33631045,H1Y3G8BAP - Baptiste Menard,#CA986505,2026-07-29,2026-07-30,1,61.6,Order Processing,1.25,0.06,1.31
16831098,IF4041477019,33631045,H1Y3G8BAP - Baptiste Menard,#CA986505,2026-07-29,2026-07-30,1,61.6,Order NonMasterPack,0.65,0.03,0.68
16831355,IF4041477037,33631561,V1M2L2GAB - GABRIELLE ROBERGE,#CA986517,2026-07-29,2026-07-30,1,82.6,Order NonMasterPack,0.65,0.03,0.68
16831355,IF4041477037,33631561,V1M2L2GAB - GABRIELLE ROBERGE,#CA986517,2026-07-29,2026-07-30,1,82.6,Order Processing,1.25,0.06,1.31
16831685,IF4041477059,33632490,R3Y0M6MEL - Melissa Zaurrini,#CA985763,2026-07-29,2026-07-30,1,44,Order NonMasterPack,0.65,0.03,0.68
16831685,IF4041477059,33632490,R3Y0M6MEL - Melissa Zaurrini,#CA985763,2026-07-29,2026-07-30,1,44,Order Processing,1.25,0.06,1.31
16831725,IF4041477065,33632503,K0L3A0MCK - Mckenzie Hill,#CA986169,2026-07-29,2026-07-30,1,45,Order NonMasterPack,0.65,0.03,0.68
16831725,IF4041477065,33632503,K0L3A0MCK - Mckenzie Hill,#CA986169,2026-07-29,2026-07-30,1,45,Order Processing,1.25,0.06,1.31
16831770,IF4041477070,33632394,H3Y1B3PET - Peter Hall,#CA986531,2026-07-29,2026-07-30,1,62.4,Order NonMasterPack,0.65,0.03,0.68
16831770,IF4041477070,33632394,H3Y1B3PET - Peter Hall,#CA986531,2026-07-29,2026-07-30,1,62.4,Order Processing,1.25,0.06,1.31
16831812,IF4041477072,33632720,G9C0K4CAR - Carl Fillion,#CA985283,2026-07-29,2026-07-30,1,69,Order NonMasterPack,0.65,0.03,0.68
16831812,IF4041477072,33632720,G9C0K4CAR - Carl Fillion,#CA985283,2026-07-29,2026-07-30,1,69,Order Processing,1.25,0.06,1.31
16831925,IF4041477079,33632730,B4E3K7SEL - Selma Billard,#CA985357,2026-07-29,2026-07-30,1,78,Order Processing,1.25,0.06,1.31
16831925,IF4041477079,33632730,B4E3K7SEL - Selma Billard,#CA985357,2026-07-29,2026-07-30,1,78,Order NonMasterPack,0.65,0.03,0.68
16831984,IF4041477020,33631342,G7H6B6ALE - Alexandre Dube,#CA985390,2026-07-29,2026-07-30,1,68.6,Order NonMasterPack,0.65,0.03,0.68
16831984,IF4041477020,33631342,G7H6B6ALE - Alexandre Dube,#CA985390,2026-07-29,2026-07-30,1,68.6,Order Processing,1.25,0.06,1.31
16832193,IF4041477099,33633152,Y1A7A1EWA - Ewa Dembek,#CA985501,2026-07-29,2026-07-30,1,78,Order NonMasterPack,0.65,0.03,0.68
16832193,IF4041477099,33633152,Y1A7A1EWA - Ewa Dembek,#CA985501,2026-07-29,2026-07-30,1,78,Order Processing,1.25,0.06,1.31
16828363,IF4041476865,33623461,T3M1Z8YEO - Yeo Woon Yoo,#CA986384,2026-07-28,2026-07-30,1,67.5,Order Processing,1.25,0.06,1.31
16828363,IF4041476865,33623461,T3M1Z8YEO - Yeo Woon Yoo,#CA986384,2026-07-28,2026-07-30,3,67.5,Order NonMasterPack,1.95,0.1,2.05
16829615,IF4041476951,33627600,V5K2Z7MAY - May Minh,#CA986447,2026-07-29,2026-07-30,7,288,Order NonMasterPack,4.55,0.23,4.78
16829615,IF4041476951,33627600,V5K2Z7MAY - May Minh,#CA986447,2026-07-29,2026-07-30,1,288,Order Processing,1.25,0.06,1.31
16831302,IF4041477027,33631079,V9W3A9HOL - Holly Sandford,#CA986510,2026-07-29,2026-07-30,1,78.4,Order Processing,1.25,0.06,1.31
16831302,IF4041477027,33631079,V9W3A9HOL - Holly Sandford,#CA986510,2026-07-29,2026-07-30,1,78.4,Order NonMasterPack,0.65,0.03,0.68
16831768,IF4041477068,33632391,S7H3N5LIS - Lisa Leaper,#CA986529,2026-07-29,2026-07-30,1,31.5,Order Processing,1.25,0.06,1.31
16831768,IF4041477068,33632391,S7H3N5LIS - Lisa Leaper,#CA986529,2026-07-29,2026-07-30,1,31.5,Order NonMasterPack,0.65,0.03,0.68
16831988,IF4041477080,33632731,R2E0P3KIM - Kimberley Kirton,#CA985417,2026-07-29,2026-07-30,1,278,Order NonMasterPack,0.65,0.03,0.68
16831988,IF4041477080,33632731,R2E0P3KIM - Kimberley Kirton,#CA985417,2026-07-29,2026-07-30,1,278,Order Processing,1.25,0.06,1.31
16831991,IF4041477084,33632734,L6L2L4JEN - Jennifer Yan Wilson,#CA985624,2026-07-29,2026-07-30,1,278,Order Processing,1.25,0.06,1.31
16831991,IF4041477084,33632734,L6L2L4JEN - Jennifer Yan Wilson,#CA985624,2026-07-29,2026-07-30,1,278,Order NonMasterPack,0.65,0.03,0.68
16831985,IF4041477057,33632385,V9C2P4KRI - Krista Lavoie,#CA985577,2026-07-29,2026-07-30,1,45,Order Processing,1.25,0.06,1.31
16831985,IF4041477057,33632385,V9C2P4KRI - Krista Lavoie,#CA985577,2026-07-29,2026-07-30,1,45,Order NonMasterPack,0.65,0.03,0.68
16832121,IF4041477093,33633050,V7A1G2JAM - Jamil Karim,#CA986538,2026-07-29,2026-07-30,1,68,Order Processing,1.25,0.06,1.31
16832121,IF4041477093,33633050,V7A1G2JAM - Jamil Karim,#CA986538,2026-07-29,2026-07-30,1,68,Order NonMasterPack,0.65,0.03,0.68
16832334,IF4041477109,33633359,V8C1S9DOM - dominique belanger-gagne,#CA986070,2026-07-29,2026-07-30,1,78,Order NonMasterPack,0.65,0.03,0.68
16832334,IF4041477109,33633359,V8C1S9DOM - dominique belanger-gagne,#CA986070,2026-07-29,2026-07-30,1,78,Order Processing,1.25,0.06,1.31
16832335,IF4041477110,33633360,T3A6E3ARL - Arlene Nijjar,#CA986084,2026-07-29,2026-07-30,1,45,Order Processing,1.25,0.06,1.31
16832335,IF4041477110,33633360,T3A6E3ARL - Arlene Nijjar,#CA986084,2026-07-29,2026-07-30,1,45,Order NonMasterPack,0.65,0.03,0.68
16832359,IF4041477115,33633464,T5Z0C3LAC - Lacey Thompson,#CA985485,2026-07-29,2026-07-30,1,54.6,Order NonMasterPack,0.65,0.03,0.68
16832359,IF4041477115,33633464,T5Z0C3LAC - Lacey Thompson,#CA985485,2026-07-29,2026-07-30,1,54.6,Order Processing,1.25,0.06,1.31
16833220,IF4041477164,33637533,J0P1H0FRA - Frances McTeigue,#CA986579,2026-07-30,2026-07-30,1,22,Order Processing,1.25,0.06,1.31
16833220,IF4041477164,33637533,J0P1H0FRA - Frances McTeigue,#CA986579,2026-07-30,2026-07-30,1,22,Order NonMasterPack,0.65,0.03,0.68
16830567,IF4041476992,33629955,V9A5Y3JUL - Julien Forgeois,#CA986484,2026-07-29,2026-07-30,1,422.8,Order Processing,1.25,0.06,1.31
16830567,IF4041476992,33629955,V9A5Y3JUL - Julien Forgeois,#CA986484,2026-07-29,2026-07-30,7,422.8,Order NonMasterPack,4.55,0.23,4.78
16831635,IF4041477051,33632085,J2W1H3STE - stephanie fardeau,#CA986525,2026-07-29,2026-07-30,1,100.8,Order Processing,1.25,0.06,1.31
16831635,IF4041477051,33632085,J2W1H3STE - stephanie fardeau,#CA986525,2026-07-29,2026-07-30,1,100.8,Order NonMasterPack,0.65,0.03,0.68
16831686,IF4041477061,33632494,V0N2L3VER - Veronica Reid,#CA985906,2026-07-29,2026-07-30,1,39,Order Processing,1.25,0.06,1.31
16831686,IF4041477061,33632494,V0N2L3VER - Veronica Reid,#CA985906,2026-07-29,2026-07-30,1,39,Order NonMasterPack,0.65,0.03,0.68
16831724,IF4041477064,33632501,G0L1G0BEN - BENOIT BELLONCLE,#CA986054,2026-07-29,2026-07-30,1,88,Order NonMasterPack,0.65,0.03,0.68
16831724,IF4041477064,33632501,G0L1G0BEN - BENOIT BELLONCLE,#CA986054,2026-07-29,2026-07-30,1,88,Order Processing,1.25,0.06,1.31
16831989,IF4041477081,33632732,T6H4A8CAR - Carl Kovithavongs,#CA985407,2026-07-29,2026-07-30,1,78,Order Processing,1.25,0.06,1.31
16831989,IF4041477081,33632732,T6H4A8CAR - Carl Kovithavongs,#CA985407,2026-07-29,2026-07-30,1,78,Order NonMasterPack,0.65,0.03,0.68
16832119,IF4041477091,33632951,T2C5T3GAI - Gail Reinhart,#CA986536,2026-07-29,2026-07-30,1,28,Order NonMasterPack,0.65,0.03,0.68
16832119,IF4041477091,33632951,T2C5T3GAI - Gail Reinhart,#CA986536,2026-07-29,2026-07-30,1,28,Order Processing,1.25,0.06,1.31
16832218,IF4041477105,33633257,V7P1T1TRA - Tracey Baxter,#CA985910,2026-07-29,2026-07-30,1,31.5,Order NonMasterPack,0.65,0.03,0.68
16832218,IF4041477105,33633257,V7P1T1TRA - Tracey Baxter,#CA985910,2026-07-29,2026-07-30,1,31.5,Order Processing,1.25,0.06,1.31
16832333,IF4041477108,33633358,L2N6K3JEN - Jennifer McKenna,#CA985960,2026-07-29,2026-07-30,1,44,Order Processing,1.25,0.06,1.31
16832333,IF4041477108,33633358,L2N6K3JEN - Jennifer McKenna,#CA985960,2026-07-29,2026-07-30,1,44,Order NonMasterPack,0.65,0.03,0.68
16832358,IF4041477114,33633365,H2G2J9NIC - Nicolas Lee,#CA986544,2026-07-29,2026-07-30,1,36,Order Processing,1.25,0.06,1.31
16832358,IF4041477114,33633365,H2G2J9NIC - Nicolas Lee,#CA986544,2026-07-29,2026-07-30,1,36,Order NonMasterPack,0.65,0.03,0.68
16832942,IF4041477147,33635922,S7V0W3ALI - Alisa Peace,#CA986568,2026-07-29,2026-07-30,7,102.5,Order NonMasterPack,4.55,0.23,4.78
16832942,IF4041477147,33635922,S7V0W3ALI - Alisa Peace,#CA986568,2026-07-29,2026-07-30,1,102.5,Order Processing,1.25,0.06,1.31
16832964,IF4041477151,33635823,H7P4V7CAT - Catherine Lalonge,#CA986571,2026-07-29,2026-07-30,1,61.6,Order NonMasterPack,0.65,0.03,0.68
16832964,IF4041477151,33635823,H7P4V7CAT - Catherine Lalonge,#CA986571,2026-07-29,2026-07-30,1,61.6,Order Processing,1.25,0.06,1.31
16832979,IF4041477152,33635825,V2E0B4CHR - Christina Clarke,#CA986572,2026-07-29,2026-07-30,1,108,Order Processing,1.25,0.06,1.31
16832979,IF4041477152,33635825,V2E0B4CHR - Christina Clarke,#CA986572,2026-07-29,2026-07-30,1,108,Order NonMasterPack,0.65,0.03,0.68
16832980,IF4041477153,33636223,V3S2A9SHE - sheena singh,#CA986573,2026-07-29,2026-07-30,1,100.8,Order Processing,1.25,0.06,1.31
16832980,IF4041477153,33636223,V3S2A9SHE - sheena singh,#CA986573,2026-07-29,2026-07-30,1,100.8,Order NonMasterPack,0.65,0.03,0.68
16833125,IF4041477124,33634180,M4C4K4LAU - Laura Bennett,#CA986551,2026-07-30,2026-07-30,1,128,Order NonMasterPack,0.65,0.03,0.68
16833125,IF4041477124,33634180,M4C4K4LAU - Laura Bennett,#CA986551,2026-07-30,2026-07-30,1,128,Order Processing,1.25,0.06,1.31
16833269,IF4041477169,33638053,M6P2M8PEG - Peggy Mcgill,#CA986584,2026-07-30,2026-07-30,1,118.8,Order NonMasterPack,0.65,0.03,0.68
16833269,IF4041477169,33638053,M6P2M8PEG - Peggy Mcgill,#CA986584,2026-07-30,2026-07-30,1,118.8,Order Processing,1.25,0.06,1.31
16833371,IF4041477171,33638057,L9H5K4JAN - Janine Klyn-Hesselink,#CA986586,2026-07-30,2026-07-30,1,291.4,Order Processing,1.25,0.06,1.31
16833371,IF4041477171,33638057,L9H5K4JAN - Janine Klyn-Hesselink,#CA986586,2026-07-30,2026-07-30,7,291.4,Order NonMasterPack,4.55,0.23,4.78
16833817,IF4041477218,33638784,S7R1E1NAT - Nathan Holmes,#CA986604,2026-07-30,2026-07-30,3,140.4,Order NonMasterPack,1.95,0.1,2.05
16833817,IF4041477218,33638784,S7R1E1NAT - Nathan Holmes,#CA986604,2026-07-30,2026-07-30,1,140.4,Order Processing,1.25,0.06,1.31
16833818,IF4041477220,33638787,R2H1S5ELL - Ellen Cobb-Friesen,#CA986605,2026-07-30,2026-07-30,2,176,Order NonMasterPack,1.3,0.07,1.37
16833818,IF4041477220,33638787,R2H1S5ELL - Ellen Cobb-Friesen,#CA986605,2026-07-30,2026-07-30,1,176,Order Processing,1.25,0.06,1.31
16833847,IF4041477221,33638790,V3M0A1ROO - Roop Khangura,#CA986606,2026-07-30,2026-07-30,2,117.6,Order NonMasterPack,1.3,0.07,1.37
16833847,IF4041477221,33638790,V3M0A1ROO - Roop Khangura,#CA986606,2026-07-30,2026-07-30,1,117.6,Order Processing,1.25,0.06,1.31
16831634,IF4041477050,33632083,M5N2W4NIC - Nicholas Gill,#CA986523,2026-07-29,2026-07-30,1,45,Order NonMasterPack,0.65,0.03,0.68
16831634,IF4041477050,33632083,M5N2W4NIC - Nicholas Gill,#CA986523,2026-07-29,2026-07-30,1,45,Order Processing,1.25,0.06,1.31
16831637,IF4041477053,33632278,M8X1G6WIL - William Mounstephen,#CA985424,2026-07-29,2026-07-30,1,36,Order NonMasterPack,0.65,0.03,0.68
16831637,IF4041477053,33632278,M8X1G6WIL - William Mounstephen,#CA985424,2026-07-29,2026-07-30,1,36,Order Processing,1.25,0.06,1.31
16831640,IF4041477056,33632279,H4B2R8CEC - Cecilia Rosa,#CA985526,2026-07-29,2026-07-30,1,64.8,Order Processing,1.25,0.06,1.31
16831640,IF4041477056,33632279,H4B2R8CEC - Cecilia Rosa,#CA985526,2026-07-29,2026-07-30,1,64.8,Order NonMasterPack,0.65,0.03,0.68
16831641,IF4041477058,33632486,K7N0A2BRE - Brent Aubin,#CA985684,2026-07-29,2026-07-30,1,36,Order Processing,1.25,0.06,1.31
16831641,IF4041477058,33632486,K7N0A2BRE - Brent Aubin,#CA985684,2026-07-29,2026-07-30,1,36,Order NonMasterPack,0.65,0.03,0.68
16831688,IF4041477063,33632500,T6W2M4ERI - Erin Vincent,#CA986027,2026-07-29,2026-07-30,1,40,Order NonMasterPack,0.65,0.03,0.68
16831688,IF4041477063,33632500,T6W2M4ERI - Erin Vincent,#CA986027,2026-07-29,2026-07-30,1,40,Order Processing,1.25,0.06,1.31
16831813,IF4041477073,33632721,P7A4Z5HUN - Hunter Brandie,#CA985294,2026-07-29,2026-07-30,1,45,Order Processing,1.25,0.06,1.31
16831813,IF4041477073,33632721,P7A4Z5HUN - Hunter Brandie,#CA985294,2026-07-29,2026-07-30,1,45,Order NonMasterPack,0.65,0.03,0.68
16831990,IF4041477082,33632733,G7S6B3JUL - Julie Pelletier,#CA985429,2026-07-29,2026-07-30,1,45,Order NonMasterPack,0.65,0.03,0.68
16831990,IF4041477082,33632733,G7S6B3JUL - Julie Pelletier,#CA985429,2026-07-29,2026-07-30,1,45,Order Processing,1.25,0.06,1.31
16832098,IF4041477087,33632943,T2T0L1SAN - Sandra Hoenle,#CA986535,2026-07-29,2026-07-30,1,64.8,Order NonMasterPack,0.65,0.03,0.68
16832098,IF4041477087,33632943,T2T0L1SAN - Sandra Hoenle,#CA986535,2026-07-29,2026-07-30,1,64.8,Order Processing,1.25,0.06,1.31
16830597,IF4041476996,33630434,M6H0B6AME - Amelia Clarkson,#CA986487,2026-07-29,2026-07-30,1,45,Order NonMasterPack,0.65,0.03,0.68
16830597,IF4041476996,33630434,M6H0B6AME - Amelia Clarkson,#CA986487,2026-07-29,2026-07-30,1,45,Order Processing,1.25,0.06,1.31
16832191,IF4041477097,33633150,V8P1N9JAY - JAYE PELTON,#CA985310,2026-07-29,2026-07-30,1,75.6,Order Processing,1.25,0.06,1.31
16832191,IF4041477097,33633150,V8P1N9JAY - JAYE PELTON,#CA985310,2026-07-29,2026-07-30,1,75.6,Order NonMasterPack,0.65,0.03,0.68
16832336,IF4041477111,33633361,K2P1E1PAT - Patrick Dibb,#CA986092,2026-07-29,2026-07-30,1,61.6,Order Processing,1.25,0.06,1.31
16832336,IF4041477111,33633361,K2P1E1PAT - Patrick Dibb,#CA986092,2026-07-29,2026-07-30,1,61.6,Order NonMasterPack,0.65,0.03,0.68
16832337,IF4041477112,33633362,V7E5X8KAR - Karen Teoh,#CA986120,2026-07-29,2026-07-30,1,84,Order Processing,1.25,0.06,1.31
16832337,IF4041477112,33633362,V7E5X8KAR - Karen Teoh,#CA986120,2026-07-29,2026-07-30,1,84,Order NonMasterPack,0.65,0.03,0.68
16832382,IF4041477116,33633465,L6R2Z9UJA - Ujala Saleem,#CA985671,2026-07-29,2026-07-30,1,31.5,Order NonMasterPack,0.65,0.03,0.68
16832382,IF4041477116,33633465,L6R2Z9UJA - Ujala Saleem,#CA985671,2026-07-29,2026-07-30,1,31.5,Order Processing,1.25,0.06,1.31
16832941,IF4041477146,33635821,T6A2S1DEV - Devon MacInnis,#CA986567,2026-07-29,2026-07-30,1,22,Order Processing,1.25,0.06,1.31
16832941,IF4041477146,33635821,T6A2S1DEV - Devon MacInnis,#CA986567,2026-07-29,2026-07-30,1,22,Order NonMasterPack,0.65,0.03,0.68
16833093,IF4041477156,33636626,V4K2J3ELI - Elizabeth Krampitz,#CA986575,2026-07-30,2026-07-30,1,118.8,Order NonMasterPack,0.65,0.03,0.68
16833093,IF4041477156,33636626,V4K2J3ELI - Elizabeth Krampitz,#CA986575,2026-07-30,2026-07-30,1,118.8,Order Processing,1.25,0.06,1.31
16833433,IF4041477187,33638360,V3K6N6SUZ - Suzanne Morin-Mackenzie,#CA985230,2026-07-30,2026-07-30,1,75.6,Order Processing,1.25,0.06,1.31
16833433,IF4041477187,33638360,V3K6N6SUZ - Suzanne Morin-Mackenzie,#CA985230,2026-07-30,2026-07-30,1,75.6,Order NonMasterPack,0.65,0.03,0.68
16833500,IF4041477189,33638364,N9E2B5HEA - Heather Zaleski,#CA986590,2026-07-30,2026-07-30,1,22,Order Processing,1.25,0.06,1.31
16833500,IF4041477189,33638364,N9E2B5HEA - Heather Zaleski,#CA986590,2026-07-30,2026-07-30,1,22,Order NonMasterPack,0.65,0.03,0.68
16833545,IF4041477194,33638663,K0H1W0KRI - Kristen Outwater,#CA985074,2026-07-30,2026-07-30,1,61.6,Order NonMasterPack,0.65,0.03,0.68
16833545,IF4041477194,33638663,K0H1W0KRI - Kristen Outwater,#CA985074,2026-07-30,2026-07-30,1,61.6,Order Processing,1.25,0.06,1.31
16833590,IF4041477202,33638667,B3M0G9PAU - Paul Rockwell,#CA986029,2026-07-30,2026-07-30,1,98,Order NonMasterPack,0.65,0.03,0.68
16833590,IF4041477202,33638667,B3M0G9PAU - Paul Rockwell,#CA986029,2026-07-30,2026-07-30,1,98,Order Processing,1.25,0.06,1.31
16833591,IF4041477203,33638668,J7B1Y7MAH - Maher Bitar,#CA986037,2026-07-30,2026-07-30,1,98,Order NonMasterPack,0.65,0.03,0.68
16833591,IF4041477203,33638668,J7B1Y7MAH - Maher Bitar,#CA986037,2026-07-30,2026-07-30,1,98,Order Processing,1.25,0.06,1.31
16833592,IF4041477204,33638669,L1V3T7CHR - Christopher Hoeller,#CA986053,2026-07-30,2026-07-30,1,70.8,Order NonMasterPack,0.65,0.03,0.68
16833592,IF4041477204,33638669,L1V3T7CHR - Christopher Hoeller,#CA986053,2026-07-30,2026-07-30,1,70.8,Order Processing,1.25,0.06,1.31
16833594,IF4041477206,33638671,P0H1H0JAK - Jake Cote,#CA986121,2026-07-30,2026-07-30,1,64.8,Order Processing,1.25,0.06,1.31
16833594,IF4041477206,33638671,P0H1H0JAK - Jake Cote,#CA986121,2026-07-30,2026-07-30,1,64.8,Order NonMasterPack,0.65,0.03,0.68
16833403,IF4041477172,33638245,H9S4M5BEN - Benoit Dumais,#CA984403,2026-07-30,2026-07-30,1,88,Order Processing,1.25,0.06,1.31
16833403,IF4041477172,33638245,H9S4M5BEN - Benoit Dumais,#CA984403,2026-07-30,2026-07-30,1,88,Order NonMasterPack,0.65,0.03,0.68
16833404,IF4041477173,33638061,P7K0N6LIS - Lisa Caccamo,#CA986588,2026-07-30,2026-07-30,1,70.4,Order NonMasterPack,0.65,0.03,0.68
16833404,IF4041477173,33638061,P7K0N6LIS - Lisa Caccamo,#CA986588,2026-07-30,2026-07-30,1,70.4,Order Processing,1.25,0.06,1.31
16833413,IF4041477176,33638350,H8R1J4PAT - Patricia Matchett,#CA985700,2026-07-30,2026-07-30,1,55,Order Processing,1.25,0.06,1.31
16833413,IF4041477176,33638350,H8R1J4PAT - Patricia Matchett,#CA985700,2026-07-30,2026-07-30,1,55,Order NonMasterPack,0.65,0.03,0.68
16833414,IF4041477177,33638351,V5V3W8BRE - Brenda De Vera,#CA985834,2026-07-30,2026-07-30,1,36,Order Processing,1.25,0.06,1.31
16833414,IF4041477177,33638351,V5V3W8BRE - Brenda De Vera,#CA985834,2026-07-30,2026-07-30,1,36,Order NonMasterPack,0.65,0.03,0.68
16833426,IF4041477179,33638353,V8V0C3KEL - Kelly Troche,#CA985328,2026-07-30,2026-07-30,1,55,Order NonMasterPack,0.65,0.03,0.68
16833426,IF4041477179,33638353,V8V0C3KEL - Kelly Troche,#CA985328,2026-07-30,2026-07-30,1,55,Order Processing,1.25,0.06,1.31
16833428,IF4041477182,33638355,V3H3L4VEL - Velko Vetchev,#CA984272,2026-07-30,2026-07-30,1,36,Order Processing,1.25,0.06,1.31
16833428,IF4041477182,33638355,V3H3L4VEL - Velko Vetchev,#CA984272,2026-07-30,2026-07-30,1,36,Order NonMasterPack,0.65,0.03,0.68
16833430,IF4041477184,33638357,V6K4T4CHR - Christina Summerfield,#CA985030,2026-07-30,2026-07-30,1,40.6,Order Processing,1.25,0.06,1.31
16833430,IF4041477184,33638357,V6K4T4CHR - Christina Summerfield,#CA985030,2026-07-30,2026-07-30,1,40.6,Order NonMasterPack,0.65,0.03,0.68
16833505,IF4041477192,33638661,N2V2S6COL - Colleen Maxwell,#CA985042,2026-07-30,2026-07-30,1,34,Order Processing,1.25,0.06,1.31
16833505,IF4041477192,33638661,N2V2S6COL - Colleen Maxwell,#CA985042,2026-07-30,2026-07-30,1,34,Order NonMasterPack,0.65,0.03,0.68
16833544,IF4041477193,33638662,G5B1J5VIN - Vincent Desrosiers,#CA985140,2026-07-30,2026-07-30,1,40.6,Order NonMasterPack,0.65,0.03,0.68
16833544,IF4041477193,33638662,G5B1J5VIN - Vincent Desrosiers,#CA985140,2026-07-30,2026-07-30,1,40.6,Order Processing,1.25,0.06,1.31
16833548,IF4041477198,33638664,N5V4E5KRI - Kristen Warner,#CA985517,2026-07-30,2026-07-30,1,52.8,Order Processing,1.25,0.06,1.31
16833548,IF4041477198,33638664,N5V4E5KRI - Kristen Warner,#CA985517,2026-07-30,2026-07-30,1,52.8,Order NonMasterPack,0.65,0.03,0.68
16833549,IF4041477199,33638665,T6T1Z9GAR - Garrett Crowe,#CA985274,2026-07-30,2026-07-30,1,108,Order Processing,1.25,0.06,1.31
16833549,IF4041477199,33638665,T6T1Z9GAR - Garrett Crowe,#CA985274,2026-07-30,2026-07-30,1,108,Order NonMasterPack,0.65,0.03,0.68
16833593,IF4041477205,33638670,V2J4V6KAY - Kayla Stege,#CA986093,2026-07-30,2026-07-30,1,88,Order NonMasterPack,0.65,0.03,0.68
16833593,IF4041477205,33638670,V2J4V6KAY - Kayla Stege,#CA986093,2026-07-30,2026-07-30,1,88,Order Processing,1.25,0.06,1.31
16833431,IF4041477185,33638358,V2J5Y1JUS - Justin Rasmussen,#CA985049,2026-07-30,2026-07-30,1,31.5,Order Processing,1.25,0.06,1.31
16833431,IF4041477185,33638358,V2J5Y1JUS - Justin Rasmussen,#CA985049,2026-07-30,2026-07-30,1,31.5,Order NonMasterPack,0.65,0.03,0.68
16833588,IF4041477200,33638666,T1L1H5CES - Cesar Barrientos,#CA985778,2026-07-30,2026-07-30,1,31.5,Order Processing,1.25,0.06,1.31
16833588,IF4041477200,33638666,T1L1H5CES - Cesar Barrientos,#CA985778,2026-07-30,2026-07-30,1,31.5,Order NonMasterPack,0.65,0.03,0.68
16833761,IF4041477214,33638687,K0K1S0JAM - James Lloyd,#CA986600,2026-07-30,2026-07-30,1,36,Order NonMasterPack,0.65,0.03,0.68
16833761,IF4041477214,33638687,K0K1S0JAM - James Lloyd,#CA986600,2026-07-30,2026-07-30,1,36,Order Processing,1.25,0.06,1.31
16833547,IF4041477197,33638467,T3E1Z3DAN - Danielle Simonot,#CA986594,2026-07-30,2026-07-30,3,107.2,Order NonMasterPack,1.95,0.1,2.05
16833547,IF4041477197,33638467,T3E1Z3DAN - Danielle Simonot,#CA986594,2026-07-30,2026-07-30,1,107.2,Order Processing,1.25,0.06,1.31
16833666,IF4041477209,33638375,K7K6L6ANI - Ania Kraszewska,#CA986597,2026-07-30,2026-07-30,3,201.2,Order NonMasterPack,1.95,0.1,2.05
16833666,IF4041477209,33638375,K7K6L6ANI - Ania Kraszewska,#CA986597,2026-07-30,2026-07-30,1,201.2,Order Processing,1.25,0.06,1.31
16832782,IF4041477140,33635128,L8H4Y6LIS - Lisa Gordon,#CA986563,2026-07-29,2026-07-30,5,273.3,Order NonMasterPack,3.25,0.16,3.41
16832782,IF4041477140,33635128,L8H4Y6LIS - Lisa Gordon,#CA986563,2026-07-29,2026-07-30,1,273.3,Order Processing,1.25,0.06,1.31
16832944,IF4041477150,33635928,M1R2X7KAT - Kathleen Korynkiewicz,#CA986570,2026-07-29,2026-07-30,4,96,Order NonMasterPack,2.6,0.13,2.73
16832944,IF4041477150,33635928,M1R2X7KAT - Kathleen Korynkiewicz,#CA986570,2026-07-29,2026-07-30,1,96,Order Processing,1.25,0.06,1.31
16833546,IF4041477196,33638464,G1X4T7ANT - Antoine Roussin,#CA986593,2026-07-30,2026-07-30,1,117.6,Order Processing,1.25,0.06,1.31
16833546,IF4041477196,33638464,G1X4T7ANT - Antoine Roussin,#CA986593,2026-07-30,2026-07-30,2,117.6,Order NonMasterPack,1.3,0.07,1.37
16827451,IF4041476800,33621421,T5K0B7GIS - Gisela Ries,#CA986346,2026-07-28,2026-07-30,1,130.8,Order Processing,1.25,0.06,1.31
16827451,IF4041476800,33621421,T5K0B7GIS - Gisela Ries,#CA986346,2026-07-28,2026-07-30,2,130.8,Order NonMasterPack,1.3,0.07,1.37
16828667,IF4041476881,33623795,K7L0A5COU - Courtney Black,#CA986397,2026-07-28,2026-07-30,1,97.8,Order Processing,1.25,0.06,1.31
16828667,IF4041476881,33623795,K7L0A5COU - Courtney Black,#CA986397,2026-07-28,2026-07-30,2,97.8,Order NonMasterPack,1.3,0.07,1.37
16829480,IF4041476943,33627002,V4P1G1MON - Monica Muldoon,#CA986441,2026-07-28,2026-07-30,2,26.5,Order NonMasterPack,1.3,0.07,1.37
16829480,IF4041476943,33627002,V4P1G1MON - Monica Muldoon,#CA986441,2026-07-28,2026-07-30,1,26.5,Order Processing,1.25,0.06,1.31
16829547,IF4041476949,33627301,S0H0Z0TAN - Tanner Rettman,#CA986446,2026-07-28,2026-07-30,3,158.6,Order NonMasterPack,1.95,0.1,2.05
16829547,IF4041476949,33627301,S0H0Z0TAN - Tanner Rettman,#CA986446,2026-07-28,2026-07-30,1,158.6,Order Processing,1.25,0.06,1.31
16829737,IF4041476958,33628708,K1V7E6MIR - Miriam Cusson,#CA986455,2026-07-29,2026-07-30,2,106.2,Order NonMasterPack,1.3,0.07,1.37
16829737,IF4041476958,33628708,K1V7E6MIR - Miriam Cusson,#CA986455,2026-07-29,2026-07-30,1,106.2,Order Processing,1.25,0.06,1.31
16829899,IF4041476969,33629525,B3N0A9STE - Stephanie Houghton,#CA986465,2026-07-29,2026-07-30,4,155.1,Order NonMasterPack,2.6,0.13,2.73
16829899,IF4041476969,33629525,B3N0A9STE - Stephanie Houghton,#CA986465,2026-07-29,2026-07-30,1,155.1,Order Processing,1.25,0.06,1.31
16830535,IF4041476987,33629945,T4R0G6ERI - Erin Galbraith,#CA986478,2026-07-29,2026-07-30,1,181,Order Processing,1.25,0.06,1.31
16830535,IF4041476987,33629945,T4R0G6ERI - Erin Galbraith,#CA986478,2026-07-29,2026-07-30,4,181,Order NonMasterPack,2.6,0.13,2.73
16831353,IF4041477035,33631554,K7G1L9COD - Cody Vanderscheer,#CA986515,2026-07-29,2026-07-30,2,123.2,Order NonMasterPack,1.3,0.07,1.37
16831353,IF4041477035,33631554,K7G1L9COD - Cody Vanderscheer,#CA986515,2026-07-29,2026-07-30,1,123.2,Order Processing,1.25,0.06,1.31
16831443,IF4041477039,33631948,K0G1J0HEA - Heather Springer,#CA985748,2026-07-29,2026-07-30,3,448,Order NonMasterPack,1.95,0.1,2.05
16831443,IF4041477039,33631948,K0G1J0HEA - Heather Springer,#CA985748,2026-07-29,2026-07-30,1,448,Order Processing,1.25,0.06,1.31
16831445,IF4041477041,33631952,V9N3N5KAT - Katrina Bray,#CA986518,2026-07-29,2026-07-30,1,181,Order Processing,1.25,0.06,1.31
16831445,IF4041477041,33631952,V9N3N5KAT - Katrina Bray,#CA986518,2026-07-29,2026-07-30,4,181,Order NonMasterPack,2.6,0.13,2.73
16831638,IF4041477054,33632092,S0K2A0NAS - Naseeba Moosa,#CA986526,2026-07-29,2026-07-30,1,194.8,Order Processing,1.25,0.06,1.31
16831638,IF4041477054,33632092,S0K2A0NAS - Naseeba Moosa,#CA986526,2026-07-29,2026-07-30,3,194.8,Order NonMasterPack,1.95,0.1,2.05
16828264,IF4041476864,33623459,P1C1A1CHA - Charmaine Bibby,#CA986383,2026-07-28,2026-07-30,1,177.6,Order Processing,1.25,0.06,1.31
16828264,IF4041476864,33623459,P1C1A1CHA - Charmaine Bibby,#CA986383,2026-07-28,2026-07-30,5,177.6,Order NonMasterPack,3.25,0.16,3.41
16830688,IF4041476998,33630533,J0G1T0KAR - Karine Ringuet,#CA986102,2026-07-29,2026-07-30,5,477,Order NonMasterPack,3.25,0.16,3.41
16830688,IF4041476998,33630533,J0G1T0KAR - Karine Ringuet,#CA986102,2026-07-29,2026-07-30,1,477,Order Processing,1.25,0.06,1.31
16831097,IF4041477016,33630844,V9K2P1REG - Regan Grill,#CA986502,2026-07-29,2026-07-30,1,157,Order Processing,1.25,0.06,1.31
16831097,IF4041477016,33630844,V9K2P1REG - Regan Grill,#CA986502,2026-07-29,2026-07-30,3,157,Order NonMasterPack,1.95,0.1,2.05
16831687,IF4041477062,33632499,N2P0C5JEN - Jennifer Nicholls,#CA985998,2026-07-29,2026-07-30,1,213,Order Processing,1.25,0.06,1.31
16831687,IF4041477062,33632499,N2P0C5JEN - Jennifer Nicholls,#CA985998,2026-07-29,2026-07-30,2,213,Order NonMasterPack,1.3,0.07,1.37
16831726,IF4041477066,33632606,N1E0K2ALA - Alannah McGregor,#CA986208,2026-07-29,2026-07-30,1,258,Order Processing,1.25,0.06,1.31
16831726,IF4041477066,33632606,N1E0K2ALA - Alannah McGregor,#CA986208,2026-07-29,2026-07-30,3,258,Order NonMasterPack,1.95,0.1,2.05
16831727,IF4041477067,33632509,B4A3R5MIC - Michael Gilkie,#CA986528,2026-07-29,2026-07-30,1,145.1,Order Processing,1.25,0.06,1.31
16831727,IF4041477067,33632509,B4A3R5MIC - Michael Gilkie,#CA986528,2026-07-29,2026-07-30,3,145.1,Order NonMasterPack,1.95,0.1,2.05
16831814,IF4041477076,33632724,V0H1H2REN - Renee Young,#CA985323,2026-07-29,2026-07-30,2,100,Order NonMasterPack,1.3,0.07,1.37
16831814,IF4041477076,33632724,V0H1H2REN - Renee Young,#CA985323,2026-07-29,2026-07-30,1,100,Order Processing,1.25,0.06,1.31
16831992,IF4041477085,33632610,J2X4A7NAT - Nathalie Guimond,#CA986533,2026-07-29,2026-07-30,1,113,Order Processing,1.25,0.06,1.31
16831992,IF4041477085,33632610,J2X4A7NAT - Nathalie Guimond,#CA986533,2026-07-29,2026-07-30,4,113,Order NonMasterPack,2.6,0.13,2.73
16831983,IF4041477017,33630848,L9N1A6MAT - Matthew Pearce,#CA986504,2026-07-29,2026-07-30,1,135,Order Processing,1.25,0.06,1.31
16831983,IF4041477017,33630848,L9N1A6MAT - Matthew Pearce,#CA986504,2026-07-29,2026-07-30,3,135,Order NonMasterPack,1.95,0.1,2.05
16827455,IF4041476806,33621528,V8T2T8MAX - Maxie Southern,#CA986350,2026-07-28,2026-07-30,2,92.8,Order NonMasterPack,1.3,0.07,1.37
16827455,IF4041476806,33621528,V8T2T8MAX - Maxie Southern,#CA986350,2026-07-28,2026-07-30,1,92.8,Order Processing,1.25,0.06,1.31
16831981,IF4041476912,33625299,K0A1A0KEL - Kelly Eydt,#CA986419,2026-07-29,2026-07-30,2,71.2,Order NonMasterPack,1.3,0.07,1.37
16831981,IF4041476912,33625299,K0A1A0KEL - Kelly Eydt,#CA986419,2026-07-29,2026-07-30,1,71.2,Order Processing,1.25,0.06,1.31
16832120,IF4041477092,33632952,V0H1T5JAC - Jacqueline Atkinson,#CA986537,2026-07-29,2026-07-30,2,123.6,Order NonMasterPack,1.3,0.07,1.37
16832120,IF4041477092,33632952,V0H1T5JAC - Jacqueline Atkinson,#CA986537,2026-07-29,2026-07-30,1,123.6,Order Processing,1.25,0.06,1.31
16832332,IF4041477107,33633259,L0L1K0KAI - Kaitlin MacIntyre,#CA986543,2026-07-29,2026-07-30,2,196,Order NonMasterPack,1.3,0.07,1.37
16832332,IF4041477107,33633259,L0L1K0KAI - Kaitlin MacIntyre,#CA986543,2026-07-29,2026-07-30,1,196,Order Processing,1.25,0.06,1.31
16832525,IF4041477121,33633569,K0H2W0ROB - Robert Drouin,#CA986548,2026-07-29,2026-07-30,1,152,Order Processing,1.25,0.06,1.31
16832525,IF4041477121,33633569,K0H2W0ROB - Robert Drouin,#CA986548,2026-07-29,2026-07-30,5,152,Order NonMasterPack,3.25,0.16,3.41
16832546,IF4041477122,33633572,T3K2Y2ERI - Eric Cameron,#CA986549,2026-07-29,2026-07-30,2,115.4,Order NonMasterPack,1.3,0.07,1.37
16832546,IF4041477122,33633572,T3K2Y2ERI - Eric Cameron,#CA986549,2026-07-29,2026-07-30,1,115.4,Order Processing,1.25,0.06,1.31
16832596,IF4041477131,33634401,J5K1A4JON - Jonathan Guay,#CA986556,2026-07-29,2026-07-30,1,135,Order Processing,1.25,0.06,1.31
16832596,IF4041477131,33634401,J5K1A4JON - Jonathan Guay,#CA986556,2026-07-29,2026-07-30,3,135,Order NonMasterPack,1.95,0.1,2.05
16832675,IF4041477134,33634815,N0H2R0LIS - Lisa Shewayhat,#CA986559,2026-07-29,2026-07-30,1,135,Order Processing,1.25,0.06,1.31
16832675,IF4041477134,33634815,N0H2R0LIS - Lisa Shewayhat,#CA986559,2026-07-29,2026-07-30,3,135,Order NonMasterPack,1.95,0.1,2.05
16832712,IF4041477135,33635021,T5H0L9LIS - Lisa Widdifield,#CA986560,2026-07-29,2026-07-30,1,131,Order Processing,1.25,0.06,1.31
16832712,IF4041477135,33635021,T5H0L9LIS - Lisa Widdifield,#CA986560,2026-07-29,2026-07-30,2,131,Order NonMasterPack,1.3,0.07,1.37
16832801,IF4041477142,33635422,S0E1T0GLE - Glenda Svenson,#CA986565,2026-07-29,2026-07-30,2,104.8,Order NonMasterPack,1.3,0.07,1.37
16832801,IF4041477142,33635422,S0E1T0GLE - Glenda Svenson,#CA986565,2026-07-29,2026-07-30,1,104.8,Order Processing,1.25,0.06,1.31
16832943,IF4041477148,33635925,J4L4S7ALA - Alain Tremblay,#CA986569,2026-07-29,2026-07-30,1,90,Order Processing,1.25,0.06,1.31
16832943,IF4041477148,33635925,J4L4S7ALA - Alain Tremblay,#CA986569,2026-07-29,2026-07-30,2,90,Order NonMasterPack,1.3,0.07,1.37
16833011,IF4041477154,33636225,V6H3R3JES - Jessica Hua,#CA986574,2026-07-29,2026-07-30,1,100.4,Order Processing,1.25,0.06,1.31
16833011,IF4041477154,33636225,V6H3R3JES - Jessica Hua,#CA986574,2026-07-29,2026-07-30,3,100.4,Order NonMasterPack,1.95,0.1,2.05
16833124,IF4041476957,33628706,B3K3B5TWY - Twyla Heuvel-Bernier,#CA986454,2026-07-30,2026-07-30,3,127.8,Order NonMasterPack,1.95,0.1,2.05
16833124,IF4041476957,33628706,B3K3B5TWY - Twyla Heuvel-Bernier,#CA986454,2026-07-30,2026-07-30,1,127.8,Order Processing,1.25,0.06,1.31
16833266,IF4041477166,33638048,L4C9C2DAN - Dana Revai,#CA986581,2026-07-30,2026-07-30,2,140.4,Order NonMasterPack,1.3,0.07,1.37
16833266,IF4041477166,33638048,L4C9C2DAN - Dana Revai,#CA986581,2026-07-30,2026-07-30,1,140.4,Order Processing,1.25,0.06,1.31
16833267,IF4041477167,33638049,N4G2Z7DEB - Debbie Clarkson,#CA986582,2026-07-30,2026-07-30,2,113,Order NonMasterPack,1.3,0.07,1.37
16833267,IF4041477167,33638049,N4G2Z7DEB - Debbie Clarkson,#CA986582,2026-07-30,2026-07-30,1,113,Order Processing,1.25,0.06,1.31
16833270,IF4041477170,33638055,P1C1M8MIC - Michelle Travers,#CA986585,2026-07-30,2026-07-30,1,144.4,Order Processing,1.25,0.06,1.31
16833270,IF4041477170,33638055,P1C1M8MIC - Michelle Travers,#CA986585,2026-07-30,2026-07-30,2,144.4,Order NonMasterPack,1.3,0.07,1.37
16833415,IF4041477178,33638352,E8T1L5JAN - JANIE FAUTEUX,#CA985953,2026-07-30,2026-07-30,1,168,Order Processing,1.25,0.06,1.31
16833415,IF4041477178,33638352,E8T1L5JAN - JANIE FAUTEUX,#CA985953,2026-07-30,2026-07-30,3,168,Order NonMasterPack,1.95,0.1,2.05
16833429,IF4041477183,33638356,L6L2K9MIK - Mike Cindric,#CA983470,2026-07-30,2026-07-30,1,180,Order Processing,1.25,0.06,1.31
16833429,IF4041477183,33638356,L6L2K9MIK - Mike Cindric,#CA983470,2026-07-30,2026-07-30,4,180,Order NonMasterPack,2.6,0.13,2.73
16832194,IF4041477100,33633153,N6H4M8RAC - Rachel Thatcher,#CA985694,2026-07-29,2026-07-30,1,388,Order Processing,1.25,0.06,1.31
16832194,IF4041477100,33633153,N6H4M8RAC - Rachel Thatcher,#CA985694,2026-07-29,2026-07-30,3,388,Order NonMasterPack,1.95,0.1,2.05
16832405,IF4041477118,33633467,H2G3A3MIC - Michel Heon-Bertrand,#CA986546,2026-07-29,2026-07-30,4,122.5,Order NonMasterPack,2.6,0.13,2.73
16832405,IF4041477118,33633467,H2G3A3MIC - Michel Heon-Bertrand,#CA986546,2026-07-29,2026-07-30,1,122.5,Order Processing,1.25,0.06,1.31
16832567,IF4041477126,33633579,M8Z0C6KEV - Kevin Ferreira,#CA986553,2026-07-29,2026-07-30,4,117,Order NonMasterPack,2.6,0.13,2.73
16832567,IF4041477126,33633579,M8Z0C6KEV - Kevin Ferreira,#CA986553,2026-07-29,2026-07-30,1,117,Order Processing,1.25,0.06,1.31
16830566,IF4041476991,33629953,L0A1C0KEL - Kelly Hoggart,#CA986483,2026-07-29,2026-07-30,1,138.8,Order Processing,1.25,0.06,1.31
16830566,IF4041476991,33629953,L0A1C0KEL - Kelly Hoggart,#CA986483,2026-07-29,2026-07-30,3,138.8,Order NonMasterPack,1.95,0.1,2.05
16832099,IF4041477088,33633047,V3H3N2SEA - Sean McIntosh,#CA985764,2026-07-29,2026-07-30,1,168,Order Processing,1.25,0.06,1.31
16832099,IF4041477088,33633047,V3H3N2SEA - Sean McIntosh,#CA985764,2026-07-29,2026-07-30,3,168,Order NonMasterPack,1.95,0.1,2.05
16833427,IF4041477180,33638148,J9X4E3ETH - Ethan Leclerc,#CA986589,2026-07-30,2026-07-30,2,114,Order NonMasterPack,1.3,0.07,1.37
16833427,IF4041477180,33638148,J9X4E3ETH - Ethan Leclerc,#CA986589,2026-07-30,2026-07-30,1,114,Order Processing,1.25,0.06,1.31
16828474,IF4041476875,33623470,L9K0A5CYN - Cynthia Horner,#CA986392,2026-07-28,2026-07-30,5,208.5,Order NonMasterPack,3.25,0.16,3.41
16828474,IF4041476875,33623470,L9K0A5CYN - Cynthia Horner,#CA986392,2026-07-28,2026-07-30,1,208.5,Order Processing,1.25,0.06,1.31
16774080,IF4041471281,33428165,K0M1A0BUC - BUCKEYE SURF AND SNOW,WMN Fall 26,2026-07-10,2026-07-30,1,2003,Order Processing,2,0.1,2.1
16774080,IF4041471281,33428165,K0M1A0BUC - BUCKEYE SURF AND SNOW,WMN Fall 26,2026-07-10,2026-07-30,39,2003,Order NonMasterPack,19.5,0.98,20.48
16832190,IF4041477096,33633149,V5L2V2KAR - Karen Kranz,#CA985297,2026-07-29,2026-07-30,1,66.5,Order Processing,1.25,0.06,1.31
16832190,IF4041477096,33633149,V5L2V2KAR - Karen Kranz,#CA985297,2026-07-29,2026-07-30,2,66.5,Order NonMasterPack,1.3,0.07,1.37
16831982,IF4041476988,33629946,J7Z6V3LIS - Lisiane Chaumard,#CA986479,2026-07-29,2026-07-30,3,119.6,Order NonMasterPack,1.95,0.1,2.05
16831982,IF4041476988,33629946,J7Z6V3LIS - Lisiane Chaumard,#CA986479,2026-07-29,2026-07-30,1,119.6,Order Processing,1.25,0.06,1.31
16832216,IF4041477102,33633155,K1B4A4SHA - Shawn Pigeon,#CA985708,2026-07-29,2026-07-30,1,436,Order Processing,1.25,0.06,1.31
16832216,IF4041477102,33633155,K1B4A4SHA - Shawn Pigeon,#CA985708,2026-07-29,2026-07-30,3,436,Order NonMasterPack,1.95,0.1,2.05
16832338,IF4041477113,33633363,N0B1T0ELI - Elizabeth Derouin,#CA986198,2026-07-29,2026-07-30,3,258,Order NonMasterPack,1.95,0.1,2.05
16832338,IF4041477113,33633363,N0B1T0ELI - Elizabeth Derouin,#CA986198,2026-07-29,2026-07-30,1,258,Order Processing,1.25,0.06,1.31
16832404,IF4041477117,33633161,M1J2M3NIC - Nicholas Hebert,#CA986545,2026-07-29,2026-07-30,3,139.6,Order NonMasterPack,1.95,0.1,2.05
16832404,IF4041477117,33633161,M1J2M3NIC - Nicholas Hebert,#CA986545,2026-07-29,2026-07-30,1,139.6,Order Processing,1.25,0.06,1.31
16832100,IF4041477089,33633048,V1B2Z5STE - Stephanie Kemp,#CA986126,2026-07-29,2026-07-30,1,64.8,Order NonMasterPack,0.65,0.03,0.68
16832100,IF4041477089,33633048,V1B2Z5STE - Stephanie Kemp,#CA986126,2026-07-29,2026-07-30,1,64.8,Order Processing,1.25,0.06,1.31
16834379,IF4041477232,33639677,M4C1J4MAR - Mark Beniusis,#CA986613,2026-07-30,2026-07-30,1,45,Order NonMasterPack,0.65,0.03,0.68
16834379,IF4041477232,33639677,M4C1J4MAR - Mark Beniusis,#CA986613,2026-07-30,2026-07-30,1,45,Order Processing,1.25,0.06,1.31
16834766,IF4041477259,33640380,N6E2T3PHI - Phil Poulin,#CA986637,2026-07-30,2026-07-30,1,138,Order Processing,1.25,0.06,1.31
16834766,IF4041477259,33640380,N6E2T3PHI - Phil Poulin,#CA986637,2026-07-30,2026-07-30,1,138,Order NonMasterPack,0.65,0.03,0.68
16834913,IF4041477267,33640811,G0A2K0SON - sonia naurais,#CA986643,2026-07-30,2026-07-30,1,54.6,Order NonMasterPack,0.65,0.03,0.68
16834913,IF4041477267,33640811,G0A2K0SON - sonia naurais,#CA986643,2026-07-30,2026-07-30,1,54.6,Order Processing,1.25,0.06,1.31
16834973,IF4041477268,33640912,V4A9T4ARL - Arlene Allen,#CA986644,2026-07-30,2026-07-30,1,59.2,Order NonMasterPack,0.65,0.03,0.68
16834973,IF4041477268,33640912,V4A9T4ARL - Arlene Allen,#CA986644,2026-07-30,2026-07-30,1,59.2,Order Processing,1.25,0.06,1.31
16759443,IF4041470040,33384822,K0M1A0BUC - BUCKEYE SURF AND SNOW,WMN Fall 26,2026-07-06,2026-07-30,1,1683.5,Order Processing,2,0.1,2.1
16759443,IF4041470040,33384822,K0M1A0BUC - BUCKEYE SURF AND SNOW,WMN Fall 26,2026-07-06,2026-07-30,59,1683.5,Order NonMasterPack,29.5,1.48,30.98
16833815,IF4041477216,33638779,J3H6J8VAL - Valérie Archambault,#CA986603,2026-07-30,2026-07-30,1,78,Order Restocking,0.25,0.01,0.26
16833815,IF4041477216,33638779,J3H6J8VAL - Valérie Archambault,#CA986603,2026-07-30,2026-07-30,1,78,Order Processing,1.25,0.06,1.31
16833815,IF4041477216,33638779,J3H6J8VAL - Valérie Archambault,#CA986603,2026-07-30,2026-07-30,1,78,Order NonMasterPack,0.65,0.03,0.68
16832674,IF4041477133,33634713,V0K1T0CAN - Candace Copley,#CA986558,2026-07-29,2026-07-30,2,107.4,Order NonMasterPack,1.3,0.07,1.37
16832674,IF4041477133,33634713,V0K1T0CAN - Candace Copley,#CA986558,2026-07-29,2026-07-30,2,107.4,Order Restocking,0.5,0.03,0.53
16832674,IF4041477133,33634713,V0K1T0CAN - Candace Copley,#CA986558,2026-07-29,2026-07-30,1,107.4,Order Processing,1.25,0.06,1.31
16832595,IF4041477130,33634398,V5L2E3CAT - Cathleen OConnor,#CA986555,2026-07-29,2026-07-30,2,123.2,Order Restocking,0.5,0.03,0.53
16832595,IF4041477130,33634398,V5L2E3CAT - Cathleen OConnor,#CA986555,2026-07-29,2026-07-30,1,123.2,Order Processing,1.25,0.06,1.31
16832595,IF4041477130,33634398,V5L2E3CAT - Cathleen OConnor,#CA986555,2026-07-29,2026-07-30,2,123.2,Order NonMasterPack,1.3,0.07,1.37
16832097,IF4041477086,33632941,V0E1E0EMI - emily kirby,#CA986534,2026-07-29,2026-07-31,2,40,Order NonMasterPack,1.3,0.07,1.37
16832097,IF4041477086,33632941,V0E1E0EMI - emily kirby,#CA986534,2026-07-29,2026-07-31,1,40,Order Processing,1.25,0.06,1.31
16832547,IF4041477123,33633573,T1S2J1KAR - Karla Bailey,#CA986550,2026-07-29,2026-07-31,1,108,Order Processing,1.25,0.06,1.31
16832547,IF4041477123,33633573,T1S2J1KAR - Karla Bailey,#CA986550,2026-07-29,2026-07-31,3,108,Order NonMasterPack,1.95,0.1,2.05
16832566,IF4041477125,33633576,L5J3J7ALE - Alexandra Chambers,#CA986552,2026-07-29,2026-07-31,1,141.3,Order Processing,1.25,0.06,1.31
16832566,IF4041477125,33633576,L5J3J7ALE - Alexandra Chambers,#CA986552,2026-07-29,2026-07-31,4,141.3,Order NonMasterPack,2.6,0.13,2.73
16833664,IF4041477208,33638674,J9Y1L6SAR - Sarah Roy,#CA986596,2026-07-30,2026-07-31,7,232.3,Order NonMasterPack,4.55,0.23,4.78
16833664,IF4041477208,33638674,J9Y1L6SAR - Sarah Roy,#CA986596,2026-07-30,2026-07-31,1,232.3,Order Processing,1.25,0.06,1.31
16834548,IF4041477250,33639803,V1C5H6AMA - Amanda Sopko,#CA986627,2026-07-30,2026-07-31,1,36,Order Processing,1.25,0.06,1.31
16834548,IF4041477250,33639803,V1C5H6AMA - Amanda Sopko,#CA986627,2026-07-30,2026-07-31,1,36,Order NonMasterPack,0.65,0.03,0.68
16835437,IF4041477269,33640917,B3J2L2JUL - Julia Chavy-Waddy,#CA986646,2026-07-30,2026-07-31,1,108,Order Processing,1.25,0.06,1.31
16835437,IF4041477269,33640917,B3J2L2JUL - Julia Chavy-Waddy,#CA986646,2026-07-30,2026-07-31,1,108,Order NonMasterPack,0.65,0.03,0.68
16835438,IF4041477270,33640918,B3J2L2JUL - Julia Chavy-Waddy,#CA986645,2026-07-30,2026-07-31,1,58.8,Order Processing,1.25,0.06,1.31
16835438,IF4041477270,33640918,B3J2L2JUL - Julia Chavy-Waddy,#CA986645,2026-07-30,2026-07-31,1,58.8,Order NonMasterPack,0.65,0.03,0.68
16835589,IF4041477290,33642194,J0L2L0ETI - Etienne Lamarche,#CA986664,2026-07-30,2026-07-31,1,124,Order Processing,1.25,0.06,1.31
16835589,IF4041477290,33642194,J0L2L0ETI - Etienne Lamarche,#CA986664,2026-07-30,2026-07-31,1,124,Order NonMasterPack,0.65,0.03,0.68
16835660,IF4041477296,33642295,T3B4Y5YUK - Yuka Ota,#CA986669,2026-07-30,2026-07-31,1,143.4,Order Processing,1.25,0.06,1.31
16835660,IF4041477296,33642295,T3B4Y5YUK - Yuka Ota,#CA986669,2026-07-30,2026-07-31,3,143.4,Order NonMasterPack,1.95,0.1,2.05
16835661,IF4041477297,33642003,A1A2V5PET - Peter Booth,#CA986670,2026-07-30,2026-07-31,2,90,Order NonMasterPack,1.3,0.07,1.37
16835661,IF4041477297,33642003,A1A2V5PET - Peter Booth,#CA986670,2026-07-30,2026-07-31,1,90,Order Processing,1.25,0.06,1.31
16835662,IF4041477298,33642200,G5L1X5YOU - Youri Element,#CA986671,2026-07-30,2026-07-31,2,127.6,Order NonMasterPack,1.3,0.07,1.37
16835662,IF4041477298,33642200,G5L1X5YOU - Youri Element,#CA986671,2026-07-30,2026-07-31,1,127.6,Order Processing,1.25,0.06,1.31
16835783,IF4041477302,33642794,L3M1P2ANN - Anne Tripp,#CA986673,2026-07-30,2026-07-31,1,40.6,Order Processing,1.25,0.06,1.31
16835783,IF4041477302,33642794,L3M1P2ANN - Anne Tripp,#CA986673,2026-07-30,2026-07-31,1,40.6,Order NonMasterPack,0.65,0.03,0.68
16835812,IF4041477304,33642995,J2C8S1HEL - Helene Jean,#CA986674,2026-07-30,2026-07-31,1,87.99,Order NonMasterPack,0.65,0.03,0.68
16835812,IF4041477304,33642995,J2C8S1HEL - Helene Jean,#CA986674,2026-07-30,2026-07-31,1,87.99,Order Processing,1.25,0.06,1.31
16835935,IF4041477330,33643913,H8R1J4PAT - Patricia Matchett,#CA985700,2026-07-30,2026-07-31,1,298,Order Processing,1.25,0.06,1.31
16835935,IF4041477330,33643913,H8R1J4PAT - Patricia Matchett,#CA985700,2026-07-30,2026-07-31,1,298,Order NonMasterPack,0.65,0.03,0.68
16836090,IF4041477342,33645019,V5R2Z2KAT - Katherine MacPhee,#CA986686,2026-07-30,2026-07-31,1,128,Order Processing,1.25,0.06,1.31
16836090,IF4041477342,33645019,V5R2Z2KAT - Katherine MacPhee,#CA986686,2026-07-30,2026-07-31,1,128,Order NonMasterPack,0.65,0.03,0.68
16836160,IF4041477350,33645123,V9M3Y5SCO - Scott McGregor,#CA986691,2026-07-30,2026-07-31,1,31.5,Order Processing,1.25,0.06,1.31
16836160,IF4041477350,33645123,V9M3Y5SCO - Scott McGregor,#CA986691,2026-07-30,2026-07-31,1,31.5,Order NonMasterPack,0.65,0.03,0.68
16769235,IF4041470706,33406949,L5W1Y6NLS - NLS-SPORTING LIFE,SLI-085812,2026-07-08,2026-07-31,1,507.5,Order Processing,2,0.1,2.1
16769235,IF4041470706,33406949,L5W1Y6NLS - NLS-SPORTING LIFE,SLI-085812,2026-07-08,2026-07-31,28,507.5,Order NonMasterPack,14,0.7,14.7
16769222,IF4041470693,33406936,L5W1Y6NLS - NLS-SPORTING LIFE,SLI-085835,2026-07-08,2026-07-31,1,315,Order Processing,2,0.1,2.1
16769222,IF4041470693,33406936,L5W1Y6NLS - NLS-SPORTING LIFE,SLI-085835,2026-07-08,2026-07-31,14,315,Order NonMasterPack,7,0.35,7.35
16769214,IF4041470685,33406928,L5W1Y6NLS - NLS-SPORTING LIFE,SLI-085849,2026-07-08,2026-07-31,18,162,Order NonMasterPack,9,0.45,9.45
16769214,IF4041470685,33406928,L5W1Y6NLS - NLS-SPORTING LIFE,SLI-085849,2026-07-08,2026-07-31,1,162,Order Processing,2,0.1,2.1
16769242,IF4041470713,33406956,L5W1Y6NLS - NLS-SPORTING LIFE,SLI-085827,2026-07-08,2026-07-31,14,315,Order NonMasterPack,7,0.35,7.35
16769242,IF4041470713,33406956,L5W1Y6NLS - NLS-SPORTING LIFE,SLI-085827,2026-07-08,2026-07-31,1,315,Order Processing,2,0.1,2.1
16769215,IF4041470686,33406929,L5W1Y6NLS - NLS-SPORTING LIFE,SLI-085806,2026-07-08,2026-07-31,28,507.5,Order NonMasterPack,14,0.7,14.7
16769215,IF4041470686,33406929,L5W1Y6NLS - NLS-SPORTING LIFE,SLI-085806,2026-07-08,2026-07-31,1,507.5,Order Processing,2,0.1,2.1
16769236,IF4041470707,33406950,L5W1Y6NLS - NLS-SPORTING LIFE,SLI-085796,2026-07-08,2026-07-31,1,507.5,Order Processing,2,0.1,2.1
16769236,IF4041470707,33406950,L5W1Y6NLS - NLS-SPORTING LIFE,SLI-085796,2026-07-08,2026-07-31,28,507.5,Order NonMasterPack,14,0.7,14.7
16769201,IF4041470672,33406914,L5W1Y6NLS - NLS-SPORTING LIFE,SLI-085793,2026-07-08,2026-07-31,20,362.5,Order NonMasterPack,10,0.5,10.5
16769201,IF4041470672,33406914,L5W1Y6NLS - NLS-SPORTING LIFE,SLI-085793,2026-07-08,2026-07-31,1,362.5,Order Processing,2,0.1,2.1
16769207,IF4041470678,33406921,L5W1Y6NLS - NLS-SPORTING LIFE,SLI-085833,2026-07-08,2026-07-31,1,315,Order Processing,2,0.1,2.1
16769207,IF4041470678,33406921,L5W1Y6NLS - NLS-SPORTING LIFE,SLI-085833,2026-07-08,2026-07-31,14,315,Order NonMasterPack,7,0.35,7.35
16769217,IF4041470688,33406931,L5W1Y6NLS - NLS-SPORTING LIFE,SLI-085826,2026-07-08,2026-07-31,1,225,Order Processing,2,0.1,2.1
16769217,IF4041470688,33406931,L5W1Y6NLS - NLS-SPORTING LIFE,SLI-085826,2026-07-08,2026-07-31,10,225,Order NonMasterPack,5,0.25,5.25
16769218,IF4041470689,33406932,L5W1Y6NLS - NLS-SPORTING LIFE,SLI-085813,2026-07-08,2026-07-31,28,507.5,Order NonMasterPack,14,0.7,14.7
16769218,IF4041470689,33406932,L5W1Y6NLS - NLS-SPORTING LIFE,SLI-085813,2026-07-08,2026-07-31,1,507.5,Order Processing,2,0.1,2.1
16769230,IF4041470701,33406944,L5W1Y6NLS - NLS-SPORTING LIFE,SLI-085788,2026-07-08,2026-07-31,28,507.5,Order NonMasterPack,14,0.7,14.7
16769230,IF4041470701,33406944,L5W1Y6NLS - NLS-SPORTING LIFE,SLI-085788,2026-07-08,2026-07-31,1,507.5,Order Processing,2,0.1,2.1
16769204,IF4041470675,33406918,L5W1Y6NLS - NLS-SPORTING LIFE,SLI-085802,2026-07-08,2026-07-31,28,507.5,Order NonMasterPack,14,0.7,14.7
16769204,IF4041470675,33406918,L5W1Y6NLS - NLS-SPORTING LIFE,SLI-085802,2026-07-08,2026-07-31,1,507.5,Order Processing,2,0.1,2.1
16769213,IF4041470684,33406927,L5W1Y6NLS - NLS-SPORTING LIFE,SLI-085817,2026-07-08,2026-07-31,20,362.5,Order NonMasterPack,10,0.5,10.5
16769213,IF4041470684,33406927,L5W1Y6NLS - NLS-SPORTING LIFE,SLI-085817,2026-07-08,2026-07-31,1,362.5,Order Processing,2,0.1,2.1
16769238,IF4041470709,33406952,L5W1Y6NLS - NLS-SPORTING LIFE,SLI-085801,2026-07-08,2026-07-31,28,507.5,Order NonMasterPack,14,0.7,14.7
16769238,IF4041470709,33406952,L5W1Y6NLS - NLS-SPORTING LIFE,SLI-085801,2026-07-08,2026-07-31,1,507.5,Order Processing,2,0.1,2.1
16769219,IF4041470690,33406933,L5W1Y6NLS - NLS-SPORTING LIFE,SLI-085791,2026-07-08,2026-07-31,1,507.5,Order Processing,2,0.1,2.1
16769219,IF4041470690,33406933,L5W1Y6NLS - NLS-SPORTING LIFE,SLI-085791,2026-07-08,2026-07-31,28,507.5,Order NonMasterPack,14,0.7,14.7
16769225,IF4041470696,33406939,L5W1Y6NLS - NLS-SPORTING LIFE,SLI-085836,2026-07-08,2026-07-31,1,225,Order Processing,2,0.1,2.1
16769225,IF4041470696,33406939,L5W1Y6NLS - NLS-SPORTING LIFE,SLI-085836,2026-07-08,2026-07-31,10,225,Order NonMasterPack,5,0.25,5.25
16769208,IF4041470679,33406922,L5W1Y6NLS - NLS-SPORTING LIFE,SLI-085829,2026-07-08,2026-07-31,1,315,Order Processing,2,0.1,2.1
16769208,IF4041470679,33406922,L5W1Y6NLS - NLS-SPORTING LIFE,SLI-085829,2026-07-08,2026-07-31,14,315,Order NonMasterPack,7,0.35,7.35
16769240,IF4041470711,33406954,L5W1Y6NLS - NLS-SPORTING LIFE,SLI-085794,2026-07-08,2026-07-31,1,507.5,Order Processing,2,0.1,2.1
16769240,IF4041470711,33406954,L5W1Y6NLS - NLS-SPORTING LIFE,SLI-085794,2026-07-08,2026-07-31,28,507.5,Order NonMasterPack,14,0.7,14.7
16769232,IF4041470703,33406946,L5W1Y6NLS - NLS-SPORTING LIFE,SLI-085834,2026-07-08,2026-07-31,1,315,Order Processing,2,0.1,2.1
16769232,IF4041470703,33406946,L5W1Y6NLS - NLS-SPORTING LIFE,SLI-085834,2026-07-08,2026-07-31,14,315,Order NonMasterPack,7,0.35,7.35
16769203,IF4041470674,33406917,L5W1Y6NLS - NLS-SPORTING LIFE,SLI-085842,2026-07-08,2026-07-31,1,162,Order Processing,2,0.1,2.1
16769203,IF4041470674,33406917,L5W1Y6NLS - NLS-SPORTING LIFE,SLI-085842,2026-07-08,2026-07-31,18,162,Order NonMasterPack,9,0.45,9.45
16769200,IF4041470670,33406913,L5W1Y6NLS - NLS-SPORTING LIFE,SLI-085847,2026-07-08,2026-07-31,1,162,Order Processing,2,0.1,2.1
16769200,IF4041470670,33406913,L5W1Y6NLS - NLS-SPORTING LIFE,SLI-085847,2026-07-08,2026-07-31,18,162,Order NonMasterPack,9,0.45,9.45
16769241,IF4041470712,33406955,L5W1Y6NLS - NLS-SPORTING LIFE,SLI-085824,2026-07-08,2026-07-31,14,315,Order NonMasterPack,7,0.35,7.35
16769241,IF4041470712,33406955,L5W1Y6NLS - NLS-SPORTING LIFE,SLI-085824,2026-07-08,2026-07-31,1,315,Order Processing,2,0.1,2.1
16769226,IF4041470697,33406940,L5W1Y6NLS - NLS-SPORTING LIFE,SLI-085776,2026-07-08,2026-07-31,1,720,Order Processing,2,0.1,2.1
16769226,IF4041470697,33406940,L5W1Y6NLS - NLS-SPORTING LIFE,SLI-085776,2026-07-08,2026-07-31,80,720,Order NonMasterPack,40,2,42
16769221,IF4041470692,33406935,L5W1Y6NLS - NLS-SPORTING LIFE,SLI-085832,2026-07-08,2026-07-31,14,315,Order NonMasterPack,7,0.35,7.35
16769221,IF4041470692,33406935,L5W1Y6NLS - NLS-SPORTING LIFE,SLI-085832,2026-07-08,2026-07-31,1,315,Order Processing,2,0.1,2.1
16769210,IF4041470681,33406924,L5W1Y6NLS - NLS-SPORTING LIFE,SLI-085828,2026-07-08,2026-07-31,14,315,Order NonMasterPack,7,0.35,7.35
16769210,IF4041470681,33406924,L5W1Y6NLS - NLS-SPORTING LIFE,SLI-085828,2026-07-08,2026-07-31,1,315,Order Processing,2,0.1,2.1
16769223,IF4041470694,33406937,L5W1Y6NLS - NLS-SPORTING LIFE,SLI-085844,2026-07-08,2026-07-31,1,162,Order Processing,2,0.1,2.1
16769223,IF4041470694,33406937,L5W1Y6NLS - NLS-SPORTING LIFE,SLI-085844,2026-07-08,2026-07-31,18,162,Order NonMasterPack,9,0.45,9.45
16769199,IF4041470669,33406912,L5W1Y6NLS - NLS-SPORTING LIFE,SLI-085825,2026-07-08,2026-07-31,1,315,Order Processing,2,0.1,2.1
16769199,IF4041470669,33406912,L5W1Y6NLS - NLS-SPORTING LIFE,SLI-085825,2026-07-08,2026-07-31,14,315,Order NonMasterPack,7,0.35,7.35
16769224,IF4041470695,33406938,L5W1Y6NLS - NLS-SPORTING LIFE,SLI-085837,2026-07-08,2026-07-31,14,315,Order NonMasterPack,7,0.35,7.35
16769224,IF4041470695,33406938,L5W1Y6NLS - NLS-SPORTING LIFE,SLI-085837,2026-07-08,2026-07-31,1,315,Order Processing,2,0.1,2.1
16769234,IF4041470705,33406948,L5W1Y6NLS - NLS-SPORTING LIFE,SLI-085800,2026-07-08,2026-07-31,28,507.5,Order NonMasterPack,14,0.7,14.7
16769234,IF4041470705,33406948,L5W1Y6NLS - NLS-SPORTING LIFE,SLI-085800,2026-07-08,2026-07-31,1,507.5,Order Processing,2,0.1,2.1
16769209,IF4041470680,33406923,L5W1Y6NLS - NLS-SPORTING LIFE,SLI-085819,2026-07-08,2026-07-31,1,507.5,Order Processing,2,0.1,2.1
16769209,IF4041470680,33406923,L5W1Y6NLS - NLS-SPORTING LIFE,SLI-085819,2026-07-08,2026-07-31,28,507.5,Order NonMasterPack,14,0.7,14.7
16769202,IF4041470673,33406916,L5W1Y6NLS - NLS-SPORTING LIFE,SLI-085770,2026-07-08,2026-07-31,1,2537.5,Order Processing,2,0.1,2.1
16769202,IF4041470673,33406916,L5W1Y6NLS - NLS-SPORTING LIFE,SLI-085770,2026-07-08,2026-07-31,140,2537.5,Order NonMasterPack,70,3.5,73.5
16769211,IF4041470682,33406925,L5W1Y6NLS - NLS-SPORTING LIFE,SLI-085848,2026-07-08,2026-07-31,1,162,Order Processing,2,0.1,2.1
16769211,IF4041470682,33406925,L5W1Y6NLS - NLS-SPORTING LIFE,SLI-085848,2026-07-08,2026-07-31,18,162,Order NonMasterPack,9,0.45,9.45
16769212,IF4041470683,33406926,L5W1Y6NLS - NLS-SPORTING LIFE,SLI-085839,2026-07-08,2026-07-31,1,162,Order Processing,2,0.1,2.1
16769212,IF4041470683,33406926,L5W1Y6NLS - NLS-SPORTING LIFE,SLI-085839,2026-07-08,2026-07-31,18,162,Order NonMasterPack,9,0.45,9.45
16769205,IF4041470676,33406919,L5W1Y6NLS - NLS-SPORTING LIFE,SLI-085831,2026-07-08,2026-07-31,1,315,Order Processing,2,0.1,2.1
16769205,IF4041470676,33406919,L5W1Y6NLS - NLS-SPORTING LIFE,SLI-085831,2026-07-08,2026-07-31,14,315,Order NonMasterPack,7,0.35,7.35
16769233,IF4041470704,33406947,L5W1Y6NLS - NLS-SPORTING LIFE,SLI-085841,2026-07-08,2026-07-31,1,162,Order Processing,2,0.1,2.1
16769233,IF4041470704,33406947,L5W1Y6NLS - NLS-SPORTING LIFE,SLI-085841,2026-07-08,2026-07-31,18,162,Order NonMasterPack,9,0.45,9.45
16769237,IF4041470708,33406951,L5W1Y6NLS - NLS-SPORTING LIFE,SLI-085843,2026-07-08,2026-07-31,18,162,Order NonMasterPack,9,0.45,9.45
16769237,IF4041470708,33406951,L5W1Y6NLS - NLS-SPORTING LIFE,SLI-085843,2026-07-08,2026-07-31,1,162,Order Processing,2,0.1,2.1
16769229,IF4041470700,33406943,L5W1Y6NLS - NLS-SPORTING LIFE,SLI-085850,2026-07-08,2026-07-31,18,162,Order NonMasterPack,9,0.45,9.45
16769229,IF4041470700,33406943,L5W1Y6NLS - NLS-SPORTING LIFE,SLI-085850,2026-07-08,2026-07-31,1,162,Order Processing,2,0.1,2.1
16769220,IF4041470691,33406934,L5W1Y6NLS - NLS-SPORTING LIFE,SLI-085846,2026-07-08,2026-07-31,18,162,Order NonMasterPack,9,0.45,9.45
16769220,IF4041470691,33406934,L5W1Y6NLS - NLS-SPORTING LIFE,SLI-085846,2026-07-08,2026-07-31,1,162,Order Processing,2,0.1,2.1
16769231,IF4041470702,33406945,L5W1Y6NLS - NLS-SPORTING LIFE,SLI-085830,2026-07-08,2026-07-31,14,315,Order NonMasterPack,7,0.35,7.35
16769231,IF4041470702,33406945,L5W1Y6NLS - NLS-SPORTING LIFE,SLI-085830,2026-07-08,2026-07-31,1,315,Order Processing,2,0.1,2.1
16770895,IF4041470886,33415026,L5W1Y6NLS - NLS-SPORTING LIFE,SLI-085845,2026-07-09,2026-07-31,1,162,Order Processing,2,0.1,2.1
16770895,IF4041470886,33415026,L5W1Y6NLS - NLS-SPORTING LIFE,SLI-085845,2026-07-09,2026-07-31,18,162,Order NonMasterPack,9,0.45,9.45
16769228,IF4041470699,33406942,L5W1Y6NLS - NLS-SPORTING LIFE,SLI-085838,2026-07-08,2026-07-31,1,162,Order Processing,2,0.1,2.1
16769228,IF4041470699,33406942,L5W1Y6NLS - NLS-SPORTING LIFE,SLI-085838,2026-07-08,2026-07-31,18,162,Order NonMasterPack,9,0.45,9.45
16769227,IF4041470698,33406941,L5W1Y6NLS - NLS-SPORTING LIFE,SLI-085799,2026-07-08,2026-07-31,1,507.5,Order Processing,2,0.1,2.1
16769227,IF4041470698,33406941,L5W1Y6NLS - NLS-SPORTING LIFE,SLI-085799,2026-07-08,2026-07-31,28,507.5,Order NonMasterPack,14,0.7,14.7
16769206,IF4041470677,33406920,L5W1Y6NLS - NLS-SPORTING LIFE,SLI-085840,2026-07-08,2026-07-31,18,162,Order NonMasterPack,9,0.45,9.45
16769206,IF4041470677,33406920,L5W1Y6NLS - NLS-SPORTING LIFE,SLI-085840,2026-07-08,2026-07-31,1,162,Order Processing,2,0.1,2.1
16769216,IF4041470687,33406930,L5W1Y6NLS - NLS-SPORTING LIFE,SLI-085773,2026-07-08,2026-07-31,70,1575,Order NonMasterPack,35,1.75,36.75
16769216,IF4041470687,33406930,L5W1Y6NLS - NLS-SPORTING LIFE,SLI-085773,2026-07-08,2026-07-31,1,1575,Order Processing,2,0.1,2.1
16769239,IF4041470710,33406953,L5W1Y6NLS - NLS-SPORTING LIFE,SLI-085851,2026-07-08,2026-07-31,18,162,Order NonMasterPack,9,0.45,9.45
16769239,IF4041470710,33406953,L5W1Y6NLS - NLS-SPORTING LIFE,SLI-085851,2026-07-08,2026-07-31,1,162,Order Processing,2,0.1,2.1
16834378,IF4041477231,33639188,N3A3A4MAR - Martha Mahlstedt,#CA986614,2026-07-30,2026-07-31,1,715.8,Order Processing,1.25,0.06,1.31
16834378,IF4041477231,33639188,N3A3A4MAR - Martha Mahlstedt,#CA986614,2026-07-30,2026-07-31,8,715.8,Order NonMasterPack,5.2,0.26,5.46
16836587,IF4041477372,33647425,J0N1M0KAT - kathleen griffin,#CA986708,2026-07-31,2026-07-31,1,98,Order Processing,1.25,0.06,1.31
16836587,IF4041477372,33647425,J0N1M0KAT - kathleen griffin,#CA986708,2026-07-31,2026-07-31,1,98,Order NonMasterPack,0.65,0.03,0.68
16836724,IF4041477377,33647730,V5Z1T1BIL - Bill LYSAGHT,#CA986712,2026-07-31,2026-07-31,1,176,Order Processing,1.25,0.06,1.31
16836724,IF4041477377,33647730,V5Z1T1BIL - Bill LYSAGHT,#CA986712,2026-07-31,2026-07-31,2,176,Order NonMasterPack,1.3,0.07,1.37
16836726,IF4041477374,33647723,V4K4Z6BRA - Brad Prak,#CA986710,2026-07-31,2026-07-31,1,145,Order Processing,1.25,0.06,1.31
16836726,IF4041477374,33647723,V4K4Z6BRA - Brad Prak,#CA986710,2026-07-31,2026-07-31,2,145,Order NonMasterPack,1.3,0.07,1.37
16836304,IF4041477356,33645720,V1L4A2AND - Andrew Jupp,#CA986695,2026-07-30,2026-07-31,1,31.5,Order NonMasterPack,0.65,0.03,0.68
16836304,IF4041477356,33645720,V1L4A2AND - Andrew Jupp,#CA986695,2026-07-30,2026-07-31,1,31.5,Order Processing,1.25,0.06,1.31
16835439,IF4041477280,33641423,V4T0A4PHI - Phia Zacour,#CA986654,2026-07-30,2026-07-31,1,31.5,Order Processing,1.25,0.06,1.31
16835439,IF4041477280,33641423,V4T0A4PHI - Phia Zacour,#CA986654,2026-07-30,2026-07-31,1,31.5,Order NonMasterPack,0.65,0.03,0.68
16835509,IF4041477282,33641895,K1S2H5KAI - Kaitriona MacTavish,#CA986656,2026-07-30,2026-07-31,1,62.4,Order Processing,1.25,0.06,1.31
16835509,IF4041477282,33641895,K1S2H5KAI - Kaitriona MacTavish,#CA986656,2026-07-30,2026-07-31,1,62.4,Order NonMasterPack,0.65,0.03,0.68
16835510,IF4041477283,33641896,Y1A3B4TAN - Tandi Brown,#CA986655,2026-07-30,2026-07-31,1,45,Order NonMasterPack,0.65,0.03,0.68
16835510,IF4041477283,33641896,Y1A3B4TAN - Tandi Brown,#CA986655,2026-07-30,2026-07-31,1,45,Order Processing,1.25,0.06,1.31
16835938,IF4041477333,33643007,R3N1B7MAR - Mario D Gordon,#CA986680,2026-07-30,2026-07-31,1,31.5,Order NonMasterPack,0.65,0.03,0.68
16835938,IF4041477333,33643007,R3N1B7MAR - Mario D Gordon,#CA986680,2026-07-30,2026-07-31,1,31.5,Order Processing,1.25,0.06,1.31
16836135,IF4041477347,33645419,V9B3X7KIM - Kim Hamblin,#CA986689,2026-07-30,2026-07-31,1,45,Order Processing,1.25,0.06,1.31
16836135,IF4041477347,33645419,V9B3X7KIM - Kim Hamblin,#CA986689,2026-07-30,2026-07-31,1,45,Order NonMasterPack,0.65,0.03,0.68
16836194,IF4041477353,33645522,H1Y0C9STE - Steven Chwerenko,#CA986694,2026-07-30,2026-07-31,1,44.99,Order NonMasterPack,0.65,0.03,0.68
16836194,IF4041477353,33645522,H1Y0C9STE - Steven Chwerenko,#CA986694,2026-07-30,2026-07-31,1,44.99,Order Processing,1.25,0.06,1.31
16835434,IF4041477181,33638354,J3V4H2ALE - Alex Brien-Henniaux,#CA986010,2026-07-30,2026-07-31,2,123.2,Order NonMasterPack,1.3,0.07,1.37
16835434,IF4041477181,33638354,J3V4H2ALE - Alex Brien-Henniaux,#CA986010,2026-07-30,2026-07-31,1,123.2,Order Processing,1.25,0.06,1.31
16835432,IF4041477162,33637433,K0L1C0NIK - Nikki Honour,#CA986578,2026-07-30,2026-07-31,2,131.4,Order NonMasterPack,1.3,0.07,1.37
16835432,IF4041477162,33637433,K0L1C0NIK - Nikki Honour,#CA986578,2026-07-30,2026-07-31,1,131.4,Order Processing,1.25,0.06,1.31
16835811,IF4041477303,33643094,G0V1G0MAR - Marie-Michel Pedneault,#CA986676,2026-07-30,2026-07-31,2,117.6,Order NonMasterPack,1.3,0.07,1.37
16835811,IF4041477303,33643094,G0V1G0MAR - Marie-Michel Pedneault,#CA986676,2026-07-30,2026-07-31,1,117.6,Order Processing,1.25,0.06,1.31
16835878,IF4041477307,33643702,G3A2H5AND - Andréanne Brochu,#CA986677,2026-07-30,2026-07-31,1,200,Order Processing,1.25,0.06,1.31
16835878,IF4041477307,33643702,G3A2H5AND - Andréanne Brochu,#CA986677,2026-07-30,2026-07-31,3,200,Order NonMasterPack,1.95,0.1,2.05
16836933,IF4041477386,33648265,V8Z4Y9ANN - Annalise Barber,#CA986718,2026-07-31,2026-07-31,1,34,Order Processing,1.25,0.06,1.31
16836933,IF4041477386,33648265,V8Z4Y9ANN - Annalise Barber,#CA986718,2026-07-31,2026-07-31,1,34,Order NonMasterPack,0.65,0.03,0.68
16837164,IF4041477393,33648565,L0R1W0MIC - michael newport,#CA986723,2026-07-31,2026-07-31,1,76.5,Order Processing,1.25,0.06,1.31
16837164,IF4041477393,33648565,L0R1W0MIC - michael newport,#CA986723,2026-07-31,2026-07-31,3,76.5,Order NonMasterPack,1.95,0.1,2.05
16837318,IF4041477500,33648984,M1C1R9STE - Stephanie Fadous,#CA986728,2026-07-31,2026-07-31,1,185,Order Processing,1.25,0.06,1.31
16837318,IF4041477500,33648984,M1C1R9STE - Stephanie Fadous,#CA986728,2026-07-31,2026-07-31,4,185,Order NonMasterPack,2.6,0.13,2.73
16837481,IF4041477627,33649510,K0J1X0JAM - Jamie Hill,#CA986740,2026-07-31,2026-07-31,4,130.5,Order NonMasterPack,2.6,0.13,2.73
16837481,IF4041477627,33649510,K0J1X0JAM - Jamie Hill,#CA986740,2026-07-31,2026-07-31,1,130.5,Order Processing,1.25,0.06,1.31
16837458,IF4041477622,33648996,K9H0G8KAR - Karen Gagnon,#CA986735,2026-07-31,2026-07-31,2,132,Order NonMasterPack,1.3,0.07,1.37
16837458,IF4041477622,33648996,K9H0G8KAR - Karen Gagnon,#CA986735,2026-07-31,2026-07-31,1,132,Order Processing,1.25,0.06,1.31
16837459,IF4041477624,33649001,H2G2L8GEN - Genevieve D'Avignon,#CA986737,2026-07-31,2026-07-31,2,176.4,Order NonMasterPack,1.3,0.07,1.37
16837459,IF4041477624,33649001,H2G2L8GEN - Genevieve D'Avignon,#CA986737,2026-07-31,2026-07-31,1,176.4,Order Processing,1.25,0.06,1.31
16837460,IF4041477623,33648997,K1M2J4DAN - Daniel Francoeur,#CA986736,2026-07-31,2026-07-31,2,76.5,Order NonMasterPack,1.3,0.07,1.37
16837460,IF4041477623,33648997,K1M2J4DAN - Daniel Francoeur,#CA986736,2026-07-31,2026-07-31,1,76.5,Order Processing,1.25,0.06,1.31
16837479,IF4041477626,33649508,R0J1H0CHR - Christi Hiller,#CA986738,2026-07-31,2026-07-31,3,121.5,Order NonMasterPack,1.95,0.1,2.05
16837479,IF4041477626,33649508,R0J1H0CHR - Christi Hiller,#CA986738,2026-07-31,2026-07-31,1,121.5,Order Processing,1.25,0.06,1.31
16837480,IF4041477625,33649408,K0A2M0ERI - Erin O'Rourke,#CA986739,2026-07-31,2026-07-31,3,304.8,Order NonMasterPack,1.95,0.1,2.05
16837480,IF4041477625,33649408,K0A2M0ERI - Erin O'Rourke,#CA986739,2026-07-31,2026-07-31,1,304.8,Order Processing,1.25,0.06,1.31
16837547,IF4041477629,33649610,X0E0N0LIA - Liam Hardisty,#CA986741,2026-07-31,2026-07-31,1,223,Order Processing,1.25,0.06,1.31
16837547,IF4041477629,33649610,X0E0N0LIA - Liam Hardisty,#CA986741,2026-07-31,2026-07-31,4,223,Order NonMasterPack,2.6,0.13,2.73
16837599,IF4041477633,33649520,V8N4C8LEA - Leanne Stokes,#CA986744,2026-07-31,2026-07-31,1,68,Order Processing,1.25,0.06,1.31
16837599,IF4041477633,33649520,V8N4C8LEA - Leanne Stokes,#CA986744,2026-07-31,2026-07-31,1,68,Order NonMasterPack,0.65,0.03,0.68
16837989,IF4041477676,33649848,V0R3A0SAM - Samuel Sanderson-Dick,#CA986750,2026-07-31,2026-07-31,1,82.6,Order NonMasterPack,0.65,0.03,0.68
16837989,IF4041477676,33649848,V0R3A0SAM - Samuel Sanderson-Dick,#CA986750,2026-07-31,2026-07-31,1,82.6,Order Processing,1.25,0.06,1.31
16837990,IF4041477678,33649728,L5N1Y2LEA - Leanne Dawkins,#CA986751,2026-07-31,2026-07-31,1,78.4,Order Processing,1.25,0.06,1.31
16837990,IF4041477678,33649728,L5N1Y2LEA - Leanne Dawkins,#CA986751,2026-07-31,2026-07-31,1,78.4,Order NonMasterPack,0.65,0.03,0.68
16837992,IF4041477645,33649718,V3C4T9TES - Tessa MacLeod,#CA986748,2026-07-31,2026-07-31,1,82.8,Order Processing,1.25,0.06,1.31
16837992,IF4041477645,33649718,V3C4T9TES - Tessa MacLeod,#CA986748,2026-07-31,2026-07-31,1,82.8,Order NonMasterPack,0.65,0.03,0.68
16835433,IF4041477163,33637634,K1G0Y5VIC - Victoria Jeffrey,#CA986580,2026-07-30,2026-07-31,1,250.6,Order Processing,1.25,0.06,1.31
16835433,IF4041477163,33637634,K1G0Y5VIC - Victoria Jeffrey,#CA986580,2026-07-30,2026-07-31,2,250.6,Order NonMasterPack,1.3,0.07,1.37
16835937,IF4041477332,33643003,B0P1G0DON - donald flanagan,#CA986678,2026-07-30,2026-07-31,1,163,Order Processing,1.25,0.06,1.31
16835937,IF4041477332,33643003,B0P1G0DON - donald flanagan,#CA986678,2026-07-30,2026-07-31,3,163,Order NonMasterPack,1.95,0.1,2.05
16836044,IF4041477338,33644519,V5Z4B2ADA - Adam Jermakow,#CA986683,2026-07-30,2026-07-31,3,113,Order NonMasterPack,1.95,0.1,2.05
16836044,IF4041477338,33644519,V5Z4B2ADA - Adam Jermakow,#CA986683,2026-07-30,2026-07-31,1,113,Order Processing,1.25,0.06,1.31
16828364,IF4041476866,33623381,T6J3S9LET - Leticia Li,#CA986385,2026-07-28,2026-07-31,1,145.8,Order Processing,1.25,0.06,1.31
16828364,IF4041476866,33623381,T6J3S9LET - Leticia Li,#CA986385,2026-07-28,2026-07-31,3,145.8,Order NonMasterPack,1.95,0.1,2.05
16834725,IF4041477257,33639978,C1B1L2MEL - Melissa Deelstra,#CA986633,2026-07-30,2026-07-31,4,171,Order NonMasterPack,2.6,0.13,2.73
16834725,IF4041477257,33639978,C1B1L2MEL - Melissa Deelstra,#CA986633,2026-07-30,2026-07-31,1,171,Order Processing,1.25,0.06,1.31
16834726,IF4041477258,33640378,K7H3C6AMA - Amanda Lewis,#CA986634,2026-07-30,2026-07-31,2,123,Order NonMasterPack,1.3,0.07,1.37
16834726,IF4041477258,33640378,K7H3C6AMA - Amanda Lewis,#CA986634,2026-07-30,2026-07-31,1,123,Order Processing,1.25,0.06,1.31
16834767,IF4041477262,33640189,V3J4A2DAV - David McKay,#CA986638,2026-07-30,2026-07-31,3,144.6,Order NonMasterPack,1.95,0.1,2.05
16834767,IF4041477262,33640189,V3J4A2DAV - David McKay,#CA986638,2026-07-30,2026-07-31,1,144.6,Order Processing,1.25,0.06,1.31
16834820,IF4041477264,33640192,T1B4W7TER - Terri Kellough,#CA986640,2026-07-30,2026-07-31,2,117,Order NonMasterPack,1.3,0.07,1.37
16834820,IF4041477264,33640192,T1B4W7TER - Terri Kellough,#CA986640,2026-07-30,2026-07-31,1,117,Order Processing,1.25,0.06,1.31
16834822,IF4041477266,33640195,T6J1X1LEN - Len Bapty,#CA986642,2026-07-30,2026-07-31,2,143,Order NonMasterPack,1.3,0.07,1.37
16834822,IF4041477266,33640195,T6J1X1LEN - Len Bapty,#CA986642,2026-07-30,2026-07-31,1,143,Order Processing,1.25,0.06,1.31
16835109,IF4041477271,33640919,L6V3H4STA - Stacey Léonard,#CA986647,2026-07-30,2026-07-31,1,104.8,Order Processing,1.25,0.06,1.31
16835109,IF4041477271,33640919,L6V3H4STA - Stacey Léonard,#CA986647,2026-07-30,2026-07-31,2,104.8,Order NonMasterPack,1.3,0.07,1.37
16835733,IF4041477299,33642394,J9X6E1STÉ - Stéphanie Dupont-Bélanger,#CA986672,2026-07-30,2026-07-31,3,112.7,Order NonMasterPack,1.95,0.1,2.05
16835733,IF4041477299,33642394,J9X6E1STÉ - Stéphanie Dupont-Bélanger,#CA986672,2026-07-30,2026-07-31,1,112.7,Order Processing,1.25,0.06,1.31
16835813,IF4041477305,33642996,V5T2P3CHR - Christy Cline,#CA986675,2026-07-30,2026-07-31,1,128,Order Processing,1.25,0.06,1.31
16835813,IF4041477305,33642996,V5T2P3CHR - Christy Cline,#CA986675,2026-07-30,2026-07-31,2,128,Order NonMasterPack,1.3,0.07,1.37
16835936,IF4041477331,33643002,S7W0T6JAD - Jaden Hofmann,#CA986679,2026-07-30,2026-07-31,1,171,Order Processing,1.25,0.06,1.31
16835936,IF4041477331,33643002,S7W0T6JAD - Jaden Hofmann,#CA986679,2026-07-30,2026-07-31,4,171,Order NonMasterPack,2.6,0.13,2.73
16835168,IF4041477273,33641122,V1A3L8ERI - Erin Hawkridge,#CA986649,2026-07-30,2026-07-31,1,162.8,Order Processing,1.25,0.06,1.31
16835168,IF4041477273,33641122,V1A3L8ERI - Erin Hawkridge,#CA986649,2026-07-30,2026-07-31,2,162.8,Order NonMasterPack,1.3,0.07,1.37
16835197,IF4041477274,33641522,J6R2N8LIA - Lianne Copeman,#CA986650,2026-07-30,2026-07-31,2,196,Order NonMasterPack,1.3,0.07,1.37
16835197,IF4041477274,33641522,J6R2N8LIA - Lianne Copeman,#CA986650,2026-07-30,2026-07-31,1,196,Order Processing,1.25,0.06,1.31
16835317,IF4041477277,33641325,J8B2V8ELY - Elyse Simard pelletier,#CA986652,2026-07-30,2026-07-31,2,152.6,Order NonMasterPack,1.3,0.07,1.37
16835317,IF4041477277,33641325,J8B2V8ELY - Elyse Simard pelletier,#CA986652,2026-07-30,2026-07-31,1,152.6,Order Processing,1.25,0.06,1.31
16835318,IF4041477278,33641756,H1A5P6MAT - Mathieu Rozon,#CA986653,2026-07-30,2026-07-31,1,135,Order Processing,1.25,0.06,1.31
16835318,IF4041477278,33641756,H1A5P6MAT - Mathieu Rozon,#CA986653,2026-07-30,2026-07-31,3,135,Order NonMasterPack,1.95,0.1,2.05
16835558,IF4041477286,33641994,V0P2A0JEN - Jennifer Mackay,#CA986661,2026-07-30,2026-07-31,2,90,Order NonMasterPack,1.3,0.07,1.37
16835558,IF4041477286,33641994,V0P2A0JEN - Jennifer Mackay,#CA986661,2026-07-30,2026-07-31,1,90,Order Processing,1.25,0.06,1.31
16835559,IF4041477287,33642094,V9R6T4ROS - Rosie White,#CA986660,2026-07-30,2026-07-31,2,90,Order NonMasterPack,1.3,0.07,1.37
16835559,IF4041477287,33642094,V9R6T4ROS - Rosie White,#CA986660,2026-07-30,2026-07-31,1,90,Order Processing,1.25,0.06,1.31
16835588,IF4041477289,33641909,J2G1J3AND - Andrea Lamontagne,#CA986663,2026-07-30,2026-07-31,2,114,Order NonMasterPack,1.3,0.07,1.37
16835588,IF4041477289,33641909,J2G1J3AND - Andrea Lamontagne,#CA986663,2026-07-30,2026-07-31,1,114,Order Processing,1.25,0.06,1.31
16835590,IF4041477291,33641912,L4G2A6NEI - Neil Bender,#CA986665,2026-07-30,2026-07-31,1,193,Order Processing,1.25,0.06,1.31
16835590,IF4041477291,33641912,L4G2A6NEI - Neil Bender,#CA986665,2026-07-30,2026-07-31,4,193,Order NonMasterPack,2.6,0.13,2.73
16836007,IF4041477336,33643921,J2W1L6ERI - Eric Loiselle,#CA986682,2026-07-30,2026-07-31,1,139,Order Processing,1.25,0.06,1.31
16836007,IF4041477336,33643921,J2W1L6ERI - Eric Loiselle,#CA986682,2026-07-30,2026-07-31,3,139,Order NonMasterPack,1.95,0.1,2.05
16832594,IF4041477128,33634396,T5Y2Z4SAP - Sapna Thomas,#CA986554,2026-07-29,2026-07-31,6,184.5,Order NonMasterPack,3.9,0.2,4.1
16832594,IF4041477128,33634396,T5Y2Z4SAP - Sapna Thomas,#CA986554,2026-07-29,2026-07-31,1,184.5,Order Processing,1.25,0.06,1.31
16832627,IF4041477132,33634506,G0X2L0MAN - Manon Vincent,#CA986557,2026-07-29,2026-07-31,4,126,Order NonMasterPack,2.6,0.13,2.73
16832627,IF4041477132,33634506,G0X2L0MAN - Manon Vincent,#CA986557,2026-07-29,2026-07-31,1,126,Order Processing,1.25,0.06,1.31
16832713,IF4041477136,33635121,T2X0C2SAN - Sandra Lee,#CA986561,2026-07-29,2026-07-31,1,110.6,Order Processing,1.25,0.06,1.31
16832713,IF4041477136,33635121,T2X0C2SAN - Sandra Lee,#CA986561,2026-07-29,2026-07-31,3,110.6,Order NonMasterPack,1.95,0.1,2.05
16832800,IF4041477141,33635321,V7K1K6CAR - Caroline Allan,#CA986564,2026-07-29,2026-07-31,1,263,Order Processing,1.25,0.06,1.31
16832800,IF4041477141,33635321,V7K1K6CAR - Caroline Allan,#CA986564,2026-07-29,2026-07-31,6,263,Order NonMasterPack,3.9,0.2,4.1
16832853,IF4041477145,33635721,V9X1K3SYB - Sybil Quesnel,#CA986566,2026-07-29,2026-07-31,1,102.5,Order Processing,1.25,0.06,1.31
16832853,IF4041477145,33635721,V9X1K3SYB - Sybil Quesnel,#CA986566,2026-07-29,2026-07-31,3,102.5,Order NonMasterPack,1.95,0.1,2.05
16835508,IF4041477281,33641759,T4H0B5KAR - Karin Verquin,#CA986657,2026-07-30,2026-07-31,1,108,Order Processing,1.25,0.06,1.31
16835508,IF4041477281,33641759,T4H0B5KAR - Karin Verquin,#CA986657,2026-07-30,2026-07-31,3,108,Order NonMasterPack,1.95,0.1,2.05
16835659,IF4041477295,33642293,V3Y1L8DIA - Diane Kiss,#CA986668,2026-07-30,2026-07-31,4,133.5,Order NonMasterPack,2.6,0.13,2.73
16835659,IF4041477295,33642293,V3Y1L8DIA - Diane Kiss,#CA986668,2026-07-30,2026-07-31,1,133.5,Order Processing,1.25,0.06,1.31
16836045,IF4041477340,33644819,V2H1R1COU - Courtenay Campbell,#CA986684,2026-07-30,2026-07-31,1,71.5,Order Processing,1.25,0.06,1.31
16836045,IF4041477340,33644819,V2H1R1COU - Courtenay Campbell,#CA986684,2026-07-30,2026-07-31,2,71.5,Order NonMasterPack,1.3,0.07,1.37
16836792,IF4041477381,33647931,L1T4B7ANN - Anne-Marie Messinis,#CA986714,2026-07-31,2026-07-31,4,110,Order NonMasterPack,2.6,0.13,2.73
16836792,IF4041477381,33647931,L1T4B7ANN - Anne-Marie Messinis,#CA986714,2026-07-31,2026-07-31,1,110,Order Processing,1.25,0.06,1.31
16836793,IF4041477382,33648158,G5L1S2MAT - mathieu michaud,#CA986715,2026-07-31,2026-07-31,1,135,Order Processing,1.25,0.06,1.31
16836793,IF4041477382,33648158,G5L1S2MAT - mathieu michaud,#CA986715,2026-07-31,2026-07-31,3,135,Order NonMasterPack,1.95,0.1,2.05
16836861,IF4041477383,33648258,H3X3R2SOP - Sophia Faria,#CA986716,2026-07-31,2026-07-31,2,102,Order NonMasterPack,1.3,0.07,1.37
16836861,IF4041477383,33648258,H3X3R2SOP - Sophia Faria,#CA986716,2026-07-31,2026-07-31,1,102,Order Processing,1.25,0.06,1.31
16836932,IF4041477384,33648260,N0H2C4KAT - Katie Hoytema,#CA986717,2026-07-31,2026-07-31,3,140,Order NonMasterPack,1.95,0.1,2.05
16836932,IF4041477384,33648260,N0H2C4KAT - Katie Hoytema,#CA986717,2026-07-31,2026-07-31,1,140,Order Processing,1.25,0.06,1.31
16837165,IF4041477395,33648570,R9A1S3MEA - meaghan dunnigan,#CA986724,2026-07-31,2026-07-31,1,149.9,Order Processing,1.25,0.06,1.31
16837165,IF4041477395,33648570,R9A1S3MEA - meaghan dunnigan,#CA986724,2026-07-31,2026-07-31,3,149.9,Order NonMasterPack,1.95,0.1,2.05
16838050,IF4041477682,33649741,R0L1Z0JOR - Jordan Wurtz,#CA986754,2026-07-31,2026-07-31,1,106.5,Order Processing,1.25,0.06,1.31
16838050,IF4041477682,33649741,R0L1Z0JOR - Jordan Wurtz,#CA986754,2026-07-31,2026-07-31,3,106.5,Order NonMasterPack,1.95,0.1,2.05
16833268,IF4041477168,33638050,G0C1H0KAR - Karine Guevremont,#CA986583,2026-07-30,2026-07-31,1,101.5,Order Processing,1.25,0.06,1.31
16833268,IF4041477168,33638050,G0C1H0KAR - Karine Guevremont,#CA986583,2026-07-30,2026-07-31,4,101.5,Order NonMasterPack,2.6,0.13,2.73
16833405,IF4041477174,33638062,G1C7E9DOM - Dominique Chiasson,#CA986587,2026-07-30,2026-07-31,5,231.6,Order NonMasterPack,3.25,0.16,3.41
16833405,IF4041477174,33638062,G1C7E9DOM - Dominique Chiasson,#CA986587,2026-07-30,2026-07-31,1,231.6,Order Processing,1.25,0.06,1.31
16833503,IF4041477190,33638367,S4A2P4SHA - Shane Weiss,#CA986591,2026-07-30,2026-07-31,1,172.2,Order Processing,1.25,0.06,1.31
16833503,IF4041477190,33638367,S4A2P4SHA - Shane Weiss,#CA986591,2026-07-30,2026-07-31,3,172.2,Order NonMasterPack,1.95,0.1,2.05
16833760,IF4041477212,33638682,G8H0B7JES - Jessica Larouche,#CA986599,2026-07-30,2026-07-31,1,22.5,Order NonMasterPack,0.65,0.03,0.68
16833760,IF4041477212,33638682,G8H0B7JES - Jessica Larouche,#CA986599,2026-07-30,2026-07-31,1,22.5,Order Processing,1.25,0.06,1.31
16833762,IF4041477215,33638775,T4L1V2TAN - Tanya Stanley,#CA986601,2026-07-30,2026-07-31,5,324.8,Order NonMasterPack,3.25,0.16,3.41
16833762,IF4041477215,33638775,T4L1V2TAN - Tanya Stanley,#CA986601,2026-07-30,2026-07-31,1,324.8,Order Processing,1.25,0.06,1.31
16834128,IF4041477225,33639176,T9M0A9DIA - Diana Lecky,#CA986609,2026-07-30,2026-07-31,1,132,Order Processing,1.25,0.06,1.31
16834128,IF4041477225,33639176,T9M0A9DIA - Diana Lecky,#CA986609,2026-07-30,2026-07-31,2,132,Order NonMasterPack,1.3,0.07,1.37
16834129,IF4041477226,33639177,V4B4T2SHI - Shirley Epp,#CA986608,2026-07-30,2026-07-31,6,135,Order NonMasterPack,3.9,0.2,4.1
16834129,IF4041477226,33639177,V4B4T2SHI - Shirley Epp,#CA986608,2026-07-30,2026-07-31,1,135,Order Processing,1.25,0.06,1.31
16834343,IF4041477228,33639182,L1R1S7BRI - Brian Lepoidevin,#CA986611,2026-07-30,2026-07-31,1,113,Order Processing,1.25,0.06,1.31
16834343,IF4041477228,33639182,L1R1S7BRI - Brian Lepoidevin,#CA986611,2026-07-30,2026-07-31,2,113,Order NonMasterPack,1.3,0.07,1.37
16834344,IF4041477229,33639478,V1C6Z2TER - Teri Wynn,#CA986612,2026-07-30,2026-07-31,5,121,Order NonMasterPack,3.25,0.16,3.41
16834344,IF4041477229,33639478,V1C6Z2TER - Teri Wynn,#CA986612,2026-07-30,2026-07-31,1,121,Order Processing,1.25,0.06,1.31
16834380,IF4041477233,33639777,L0R2A0JOA - Joan Culp,#CA986615,2026-07-30,2026-07-31,1,34,Order Processing,1.25,0.06,1.31
16834380,IF4041477233,33639777,L0R2A0JOA - Joan Culp,#CA986615,2026-07-30,2026-07-31,1,34,Order NonMasterPack,0.65,0.03,0.68
16834381,IF4041477234,33639780,K8A7P7MEL - Melanie Budd,#CA986616,2026-07-30,2026-07-31,5,331.2,Order NonMasterPack,3.25,0.16,3.41
16834381,IF4041477234,33639780,K8A7P7MEL - Melanie Budd,#CA986616,2026-07-30,2026-07-31,1,331.2,Order Processing,1.25,0.06,1.31
16834440,IF4041477239,33639480,L6E0L9RIC - Ricky Leung,#CA986619,2026-07-30,2026-07-31,2,123,Order NonMasterPack,1.3,0.07,1.37
16834440,IF4041477239,33639480,L6E0L9RIC - Ricky Leung,#CA986619,2026-07-30,2026-07-31,1,123,Order Processing,1.25,0.06,1.31
16837099,IF4041477392,33648465,N6A3A7ALE - Alex Biro,#CA986722,2026-07-31,2026-07-31,1,23.2,Order Processing,1.25,0.06,1.31
16837099,IF4041477392,33648465,N6A3A7ALE - Alex Biro,#CA986722,2026-07-31,2026-07-31,1,23.2,Order NonMasterPack,0.65,0.03,0.68
16837546,IF4041477630,33649612,P7E5A8CAR - Caroline Keewasin,#CA986742,2026-07-31,2026-07-31,1,52.8,Order Processing,1.25,0.06,1.31
16837546,IF4041477630,33649612,P7E5A8CAR - Caroline Keewasin,#CA986742,2026-07-31,2026-07-31,1,52.8,Order NonMasterPack,0.65,0.03,0.68
16837991,IF4041477673,33649846,V2A3L7STE - Stephanie Ikeda,#CA986749,2026-07-31,2026-07-31,1,103.6,Order Processing,1.25,0.06,1.31
16837991,IF4041477673,33649846,V2A3L7STE - Stephanie Ikeda,#CA986749,2026-07-31,2026-07-31,3,103.6,Order NonMasterPack,1.95,0.1,2.05
16838170,IF4041477690,33649853,P5A2N3DEB - Debra. Bedard,#CA986760,2026-07-31,2026-07-31,1,86.4,Order Processing,1.25,0.06,1.31
16838170,IF4041477690,33649853,P5A2N3DEB - Debra. Bedard,#CA986760,2026-07-31,2026-07-31,1,86.4,Order NonMasterPack,0.65,0.03,0.68
16838287,IF4041477696,33650259,S7L2R5CIN - Cindy Perlinger,#CA986764,2026-07-31,2026-07-31,1,35.2,Order Processing,1.25,0.06,1.31
16838287,IF4041477696,33650259,S7L2R5CIN - Cindy Perlinger,#CA986764,2026-07-31,2026-07-31,1,35.2,Order NonMasterPack,0.65,0.03,0.68
16838291,IF4041477693,33650255,H2J1E4CON - Connor Johnston,#CA986761,2026-07-31,2026-07-31,1,117.99,Order NonMasterPack,0.65,0.03,0.68
16838291,IF4041477693,33650255,H2J1E4CON - Connor Johnston,#CA986761,2026-07-31,2026-07-31,1,117.99,Order Processing,1.25,0.06,1.31
16834441,IF4041477242,33639796,V2X6E4SHA - Shan Yan,#CA986621,2026-07-30,2026-07-31,1,104.7,Order Processing,1.25,0.06,1.31
16834441,IF4041477242,33639796,V2X6E4SHA - Shan Yan,#CA986621,2026-07-30,2026-07-31,3,104.7,Order NonMasterPack,1.95,0.1,2.05
16834470,IF4041477244,33639582,V3L5R3CHR - Christopher Hughes,#CA986622,2026-07-30,2026-07-31,1,90,Order Processing,1.25,0.06,1.31
16834470,IF4041477244,33639582,V3L5R3CHR - Christopher Hughes,#CA986622,2026-07-30,2026-07-31,2,90,Order NonMasterPack,1.3,0.07,1.37
16834471,IF4041477245,33639798,L3Y8T8ATT - ATT: RYAN DONNAN tentree samples,#CA986623,2026-07-30,2026-07-31,4,352,Order NonMasterPack,2.6,0.13,2.73
16834471,IF4041477245,33639798,L3Y8T8ATT - ATT: RYAN DONNAN tentree samples,#CA986623,2026-07-30,2026-07-31,1,352,Order Processing,1.25,0.06,1.31
16834472,IF4041477247,33639877,R2J2X6SHA - Shaunda Shaunda nickart,#CA986624,2026-07-30,2026-07-31,1,143,Order Processing,1.25,0.06,1.31
16834472,IF4041477247,33639877,R2J2X6SHA - Shaunda Shaunda nickart,#CA986624,2026-07-30,2026-07-31,2,143,Order NonMasterPack,1.3,0.07,1.37
16834546,IF4041477248,33639801,N0M2N0RIC - Richard popyuk,#CA986625,2026-07-30,2026-07-31,4,177.8,Order NonMasterPack,2.6,0.13,2.73
16834546,IF4041477248,33639801,N0M2N0RIC - Richard popyuk,#CA986625,2026-07-30,2026-07-31,1,177.8,Order Processing,1.25,0.06,1.31
16834547,IF4041477249,33639879,T3R0C4AMA - AMANDA SMITH,#CA986626,2026-07-30,2026-07-31,2,123.6,Order NonMasterPack,1.3,0.07,1.37
16834547,IF4041477249,33639879,T3R0C4AMA - AMANDA SMITH,#CA986626,2026-07-30,2026-07-31,1,123.6,Order Processing,1.25,0.06,1.31
16834634,IF4041477251,33639883,T9X1S5LES - Leslie Urvanova,#CA986629,2026-07-30,2026-07-31,1,110,Order Processing,1.25,0.06,1.31
16834634,IF4041477251,33639883,T9X1S5LES - Leslie Urvanova,#CA986629,2026-07-30,2026-07-31,3,110,Order NonMasterPack,1.95,0.1,2.05
16834675,IF4041477253,33640177,T3K3B1CLI - Clinton Loo,#CA986630,2026-07-30,2026-07-31,3,118.8,Order NonMasterPack,1.95,0.1,2.05
16834675,IF4041477253,33640177,T3K3B1CLI - Clinton Loo,#CA986630,2026-07-30,2026-07-31,1,118.8,Order Processing,1.25,0.06,1.31
16834724,IF4041477256,33640185,V1S1Z8AND - Andrew Hannestad,#CA986632,2026-07-30,2026-07-31,1,135,Order Processing,1.25,0.06,1.31
16834724,IF4041477256,33640185,V1S1Z8AND - Andrew Hannestad,#CA986632,2026-07-30,2026-07-31,3,135,Order NonMasterPack,1.95,0.1,2.05
16836072,IF4041477341,33644919,L4C2W5STE - Steve Capobianco,#CA986685,2026-07-30,2026-07-31,1,168,Order Processing,1.25,0.06,1.31
16836072,IF4041477341,33644919,L4C2W5STE - Steve Capobianco,#CA986685,2026-07-30,2026-07-31,3,168,Order NonMasterPack,1.95,0.1,2.05
16836134,IF4041477349,33645226,H2M1E4CAR - Carl Cloutier,#CA986690,2026-07-30,2026-07-31,2,100,Order NonMasterPack,1.3,0.07,1.37
16836134,IF4041477349,33645226,H2M1E4CAR - Carl Cloutier,#CA986690,2026-07-30,2026-07-31,1,100,Order Processing,1.25,0.06,1.31
16836195,IF4041477352,33645519,H3Y2V9BRO - Bronwyn Krohn,#CA986693,2026-07-30,2026-07-31,1,117.6,Order Processing,1.25,0.06,1.31
16836195,IF4041477352,33645519,H3Y2V9BRO - Bronwyn Krohn,#CA986693,2026-07-30,2026-07-31,2,117.6,Order NonMasterPack,1.3,0.07,1.37
16836329,IF4041477359,33645622,T5X0E6FEL - Felicia Penny,#CA986698,2026-07-30,2026-07-31,2,120.6,Order NonMasterPack,1.3,0.07,1.37
16836329,IF4041477359,33645622,T5X0E6FEL - Felicia Penny,#CA986698,2026-07-30,2026-07-31,1,120.6,Order Processing,1.25,0.06,1.31
16836474,IF4041477158,33637131,G0L2J0VÉR - Véronique Lebel,#CA986576,2026-07-31,2026-07-31,1,203.2,Order Processing,1.25,0.06,1.31
16836474,IF4041477158,33637131,G0L2J0VÉR - Véronique Lebel,#CA986576,2026-07-31,2026-07-31,3,203.2,Order NonMasterPack,1.95,0.1,2.05
16836518,IF4041477368,33647221,M8W1G4KAT - Katie Dumais,#CA986704,2026-07-31,2026-07-31,1,254.8,Order Processing,1.25,0.06,1.31
16836518,IF4041477368,33647221,M8W1G4KAT - Katie Dumais,#CA986704,2026-07-31,2026-07-31,4,254.8,Order NonMasterPack,2.6,0.13,2.73
16836536,IF4041477370,33647422,N0G1S0LYN - Lyndsey Knoll,#CA986706,2026-07-31,2026-07-31,1,135,Order Processing,1.25,0.06,1.31
16836536,IF4041477370,33647422,N0G1S0LYN - Lyndsey Knoll,#CA986706,2026-07-31,2026-07-31,3,135,Order NonMasterPack,1.95,0.1,2.05
16788110,IF4041472972,33487220,V9Y8E9LAC - LACE IT UP aka JAYS MENS WEAR,TTWmnsFall1,2026-07-15,2026-07-31,1,921,Order Processing,2,0.1,2.1
16788110,IF4041472972,33487220,V9Y8E9LAC - LACE IT UP aka JAYS MENS WEAR,TTWmnsFall1,2026-07-15,2026-07-31,19,921,Order NonMasterPack,9.5,0.48,9.98
16774077,IF4041471278,33428162,T0L1E0WIL - WILSON MOUNTAIN SPORTS LTD.,10T826Access,2026-07-10,2026-07-31,1,180,Order Processing,2,0.1,2.1
16774077,IF4041471278,33428162,T0L1E0WIL - WILSON MOUNTAIN SPORTS LTD.,10T826Access,2026-07-10,2026-07-31,9,180,Order NonMasterPack,4.5,0.23,4.73
16785044,IF4041472750,33477928,A1N1G5ART - ARTHUR JAMES CLOTHING COMPANY,MP F26,2026-07-14,2026-07-31,1,5676.5,Order Processing,2,0.1,2.1
16785044,IF4041472750,33477928,A1N1G5ART - ARTHUR JAMES CLOTHING COMPANY,MP F26,2026-07-14,2026-07-31,133,5676.5,Order NonMasterPack,66.5,3.33,69.83
16793540,IF4041473617,33508413,K7S1S1OTT - OTTAWA VALLEY AIR PADDLE,PO311,2026-07-17,2026-07-31,33,891,Order NonMasterPack,16.5,0.83,17.33
16793540,IF4041473617,33508413,K7S1S1OTT - OTTAWA VALLEY AIR PADDLE,PO311,2026-07-17,2026-07-31,1,891,Order Processing,2,0.1,2.1
16795007,IF4041473784,33511795,R2M3V7MUS - MUST HAVE POCKETS APPAREL,MHPAFW26_1,2026-07-17,2026-07-31,37,1633,Order NonMasterPack,18.5,0.93,19.43
16795007,IF4041473784,33511795,R2M3V7MUS - MUST HAVE POCKETS APPAREL,MHPAFW26_1,2026-07-17,2026-07-31,1,1633,Order Processing,2,0.1,2.1
16824285,IF4041476588,33612516,V0J3A0CAL - CALIFORNIA DREAMIN,del 1,2026-07-27,2026-07-31,1,84,Order Processing,2,0.1,2.1
16824285,IF4041476588,33612516,V0J3A0CAL - CALIFORNIA DREAMIN,del 1,2026-07-27,2026-07-31,12,84,Order NonMasterPack,6,0.3,6.3
16827744,IF4041475551,33570934,B2G2C4WIL - WILFRED AND PARKER BOUTIQUE,TENTREE FW26 #1 - JULY,2026-07-28,2026-07-31,1,1572,Order Processing,2,0.1,2.1
16827744,IF4041475551,33570934,B2G2C4WIL - WILFRED AND PARKER BOUTIQUE,TENTREE FW26 #1 - JULY,2026-07-28,2026-07-31,28,1572,Order NonMasterPack,14,0.7,14.7
16827745,IF4041476670,33614212,B2H2P6PIC - PICTOU MANAGEMENT LTD dba MINERS APPAREL,TENTREE FW26,2026-07-28,2026-07-31,1,158,Order Processing,2,0.1,2.1
16827745,IF4041476670,33614212,B2H2P6PIC - PICTOU MANAGEMENT LTD dba MINERS APPAREL,TENTREE FW26,2026-07-28,2026-07-31,2,158,Order NonMasterPack,1,0.05,1.05
16827750,IF4041476793,33621925,V8J1P2HOM - HOMEWORK,colville fills-july27,2026-07-28,2026-07-31,17,918,Order NonMasterPack,8.5,0.43,8.93
16827750,IF4041476793,33621925,V8J1P2HOM - HOMEWORK,colville fills-july27,2026-07-28,2026-07-31,1,918,Order Processing,2,0.1,2.1
16827752,IF4041476795,33621927,V8G2N1TRI - TRIGOS LIFESTYLE,bts2026,2026-07-28,2026-07-31,45,1820,Order NonMasterPack,22.5,1.13,23.63
16827752,IF4041476795,33621927,V8G2N1TRI - TRIGOS LIFESTYLE,bts2026,2026-07-28,2026-07-31,1,1820,Order Processing,2,0.1,2.1
16827754,IF4041476797,33621929,T4L2L1DER - DEROWIN HOLDINGS LTD,FW26,2026-07-28,2026-07-31,1,336,Order Processing,2,0.1,2.1
16827754,IF4041476797,33621929,T4L2L1DER - DEROWIN HOLDINGS LTD,FW26,2026-07-28,2026-07-31,4,336,Order NonMasterPack,2,0.1,2.1
16827757,IF4041476807,33621933,V0R3A0BLA - BLACK ROCK OCEANFRONT RESORT,Tentree Order,2026-07-28,2026-07-31,8,357,Order NonMasterPack,4,0.2,4.2
16827757,IF4041476807,33621933,V0R3A0BLA - BLACK ROCK OCEANFRONT RESORT,Tentree Order,2026-07-28,2026-07-31,1,357,Order Processing,2,0.1,2.1
16836113,IF4041477344,33645119,N6C2C7HAY - Hayley Kaufman,#CA986687,2026-07-30,2026-07-31,2,81,Order NonMasterPack,1.3,0.07,1.37
16836113,IF4041477344,33645119,N6C2C7HAY - Hayley Kaufman,#CA986687,2026-07-30,2026-07-31,1,81,Order Processing,1.25,0.06,1.31
16836303,IF4041477357,33645919,V6H3X7SPE - Spencer Treffry,#CA986696,2026-07-30,2026-07-31,1,184.5,Order Processing,1.25,0.06,1.31
16836303,IF4041477357,33645919,V6H3X7SPE - Spencer Treffry,#CA986696,2026-07-30,2026-07-31,3,184.5,Order NonMasterPack,1.95,0.1,2.05
16836346,IF4041477362,33646219,V5V3L9PAU - Paula Baclawska,#CA986699,2026-07-30,2026-07-31,1,417,Order Processing,1.25,0.06,1.31
16836346,IF4041477362,33646219,V5V3L9PAU - Paula Baclawska,#CA986699,2026-07-30,2026-07-31,5,417,Order NonMasterPack,3.25,0.16,3.41
16836478,IF4041477366,33647021,T7Y0A6WIL - William Auger,#CA986702,2026-07-31,2026-07-31,4,166.5,Order NonMasterPack,2.6,0.13,2.73
16836478,IF4041477366,33647021,T7Y0A6WIL - William Auger,#CA986702,2026-07-31,2026-07-31,1,166.5,Order Processing,1.25,0.06,1.31
16836517,IF4041477369,33647223,J3X0A7NIC - Nicolas Tountas,#CA986705,2026-07-31,2026-07-31,3,108,Order NonMasterPack,1.95,0.1,2.05
16836517,IF4041477369,33647223,J3X0A7NIC - Nicolas Tountas,#CA986705,2026-07-31,2026-07-31,1,108,Order Processing,1.25,0.06,1.31
16837261,IF4041477427,33648575,V8B0J8MAT - Matthew Hanger,#CA986726,2026-07-31,2026-07-31,1,52.8,Order NonMasterPack,0.65,0.03,0.68
16837261,IF4041477427,33648575,V8B0J8MAT - Matthew Hanger,#CA986726,2026-07-31,2026-07-31,1,52.8,Order Processing,1.25,0.06,1.31
16837262,IF4041477488,33648982,K2H8W2CLA - Claudio Wensel,#CA986727,2026-07-31,2026-07-31,1,22,Order Processing,1.25,0.06,1.31
16837262,IF4041477488,33648982,K2H8W2CLA - Claudio Wensel,#CA986727,2026-07-31,2026-07-31,1,22,Order NonMasterPack,0.65,0.03,0.68
16837317,IF4041477555,33649194,K2A2E4NOA - Noah Davidson,#CA986730,2026-07-31,2026-07-31,1,70.8,Order Processing,1.25,0.06,1.31
16837317,IF4041477555,33649194,K2A2E4NOA - Noah Davidson,#CA986730,2026-07-31,2026-07-31,1,70.8,Order NonMasterPack,0.65,0.03,0.68
16831248,IF4041477024,33631068,V1X1R3JOA - Joanna Lige,#CA986508,2026-07-29,2026-07-31,1,228.8,Order Processing,1.25,0.06,1.31
16831248,IF4041477024,33631068,V1X1R3JOA - Joanna Lige,#CA986508,2026-07-29,2026-07-31,5,228.8,Order NonMasterPack,3.25,0.16,3.41
16832714,IF4041477137,33635123,L5H2K9JAC - Jacqueline Li,#CA986562,2026-07-29,2026-07-31,2,103,Order NonMasterPack,1.3,0.07,1.37
16832714,IF4041477137,33635123,L5H2K9JAC - Jacqueline Li,#CA986562,2026-07-29,2026-07-31,1,103,Order Processing,1.25,0.06,1.31
16835511,IF4041477284,33641900,P0R1L0SAM - Samantha Giguere,#CA986658,2026-07-30,2026-07-31,3,55.5,Order NonMasterPack,1.95,0.1,2.05
16835511,IF4041477284,33641900,P0R1L0SAM - Samantha Giguere,#CA986658,2026-07-30,2026-07-31,1,55.5,Order Processing,1.25,0.06,1.31
16837392,IF4041477620,33649196,J6T2X7MIC - Michel Payeur,#CA986733,2026-07-31,2026-07-31,2,133,Order NonMasterPack,1.3,0.07,1.37
16837392,IF4041477620,33649196,J6T2X7MIC - Michel Payeur,#CA986733,2026-07-31,2026-07-31,1,133,Order Processing,1.25,0.06,1.31
16837393,IF4041477621,33649198,K2J0C3GAB - Gabrielle Pilon,#CA986734,2026-07-31,2026-07-31,1,78,Order NonMasterPack,0.65,0.03,0.68
16837393,IF4041477621,33649198,K2J0C3GAB - Gabrielle Pilon,#CA986734,2026-07-31,2026-07-31,1,78,Order Processing,1.25,0.06,1.31
16759447,IF4041470044,33384926,P4N3W3DUM - Dumoulin's/ D&L Docks and Recreation ltd,FW26 tentree Aug 1st ship,2026-07-06,2026-07-31,1,2282.5,Order Processing,2,0.1,2.1
16759447,IF4041470044,33384926,P4N3W3DUM - Dumoulin's/ D&L Docks and Recreation ltd,FW26 tentree Aug 1st ship,2026-07-06,2026-07-31,70,2282.5,Order NonMasterPack,35,1.75,36.75
16785043,IF4041472749,33477929,A1A4A2ART - ARTHUR JAMES CLOTHING COMPANY,SJ F26,2026-07-14,2026-07-31,1,5979,Order Processing,2,0.1,2.1
16785043,IF4041472749,33477929,A1A4A2ART - ARTHUR JAMES CLOTHING COMPANY,SJ F26,2026-07-14,2026-07-31,139,5979,Order NonMasterPack,69.5,3.48,72.98
16793541,IF4041473620,33508417,A2H6E8ART - ARTHUR JAMES CLOTHING COMPANY,Swap - CB F26,2026-07-17,2026-07-31,1,132,Order Processing,2,0.1,2.1
16793541,IF4041473620,33508417,A2H6E8ART - ARTHUR JAMES CLOTHING COMPANY,Swap - CB F26,2026-07-17,2026-07-31,3,132,Order NonMasterPack,1.5,0.08,1.58
16793544,IF4041473623,33508420,G0X3B0RIE - Rien Ne Se Perd Tout Se Crée Inc,Fall 2026,2026-07-17,2026-07-31,65,2385.5,Order NonMasterPack,32.5,1.63,34.13
16793544,IF4041473623,33508420,G0X3B0RIE - Rien Ne Se Perd Tout Se Crée Inc,Fall 2026,2026-07-17,2026-07-31,1,2385.5,Order Processing,2,0.1,2.1
16824275,IF4041476577,33612505,G0C2B0RHE - RHEAL PITRE A FILS LTEE,VN-150726,2026-07-27,2026-07-31,1,196,Order Processing,2,0.1,2.1
16824275,IF4041476577,33612505,G0C2B0RHE - RHEAL PITRE A FILS LTEE,VN-150726,2026-07-27,2026-07-31,4,196,Order NonMasterPack,2,0.1,2.1
16824277,IF4041476578,33612506,A2H2N2GEO - GEORGES MOUNTAIN VILLAGE,FW-26/27,2026-07-27,2026-07-31,1,128,Order Processing,2,0.1,2.1
16824277,IF4041476578,33612506,A2H2N2GEO - GEORGES MOUNTAIN VILLAGE,FW-26/27,2026-07-27,2026-07-31,13,128,Order NonMasterPack,6.5,0.33,6.83
16828565,IF4041476802,33621931,NLA0EOUT - OUTPORT BOUTIQUE,1,2026-07-28,2026-07-31,1,42,Order Processing,2,0.1,2.1
16828565,IF4041476802,33621931,NLA0EOUT - OUTPORT BOUTIQUE,1,2026-07-28,2026-07-31,6,42,Order NonMasterPack,3,0.15,3.15
16833432,IF4041477186,33638359,L0S1M0BRE - brenda belair,#CA985231,2026-07-30,2026-07-31,1,64,Order Processing,1.25,0.06,1.31
16833432,IF4041477186,33638359,L0S1M0BRE - brenda belair,#CA985231,2026-07-30,2026-07-31,1,64,Order NonMasterPack,0.65,0.03,0.68
16833589,IF4041477201,33638372,K1S5W1LYN - Lynda Cassidy,#CA986595,2026-07-30,2026-07-31,1,108.8,Order Processing,1.25,0.06,1.31
16833589,IF4041477201,33638372,K1S5W1LYN - Lynda Cassidy,#CA986595,2026-07-30,2026-07-31,3,108.8,Order NonMasterPack,1.95,0.1,2.05
16833595,IF4041477207,33638672,H2V2P6JAM - James King,#CA986129,2026-07-30,2026-07-31,1,52.8,Order Processing,1.25,0.06,1.31
16833595,IF4041477207,33638672,H2V2P6JAM - James King,#CA986129,2026-07-30,2026-07-31,1,52.8,Order NonMasterPack,0.65,0.03,0.68
16833816,IF4041477217,33638780,T3B0X1CAR - Carolyn McMannis,#CA986602,2026-07-30,2026-07-31,5,177.9,Order NonMasterPack,3.25,0.16,3.41
16833816,IF4041477217,33638780,T3B0X1CAR - Carolyn McMannis,#CA986602,2026-07-30,2026-07-31,1,177.9,Order Processing,1.25,0.06,1.31
16834276,IF4041477227,33639275,V9L6E6JAN - Janelle Longchamps,#CA986610,2026-07-30,2026-07-31,1,20,Order NonMasterPack,0.65,0.03,0.68
16834276,IF4041477227,33639275,V9L6E6JAN - Janelle Longchamps,#CA986610,2026-07-30,2026-07-31,1,20,Order Processing,1.25,0.06,1.31
16834383,IF4041477238,33639790,M2N3Y6SAR - Sarah Hui,#CA986618,2026-07-30,2026-07-31,1,52.8,Order Processing,1.25,0.06,1.31
16834383,IF4041477238,33639790,M2N3Y6SAR - Sarah Hui,#CA986618,2026-07-30,2026-07-31,1,52.8,Order NonMasterPack,0.65,0.03,0.68
16837600,IF4041477635,33649524,T3L2L1MIT - Mitchell Donst,#CA986745,2026-07-31,2026-07-31,1,135,Order Processing,1.25,0.06,1.31
16837600,IF4041477635,33649524,T3L2L1MIT - Mitchell Donst,#CA986745,2026-07-31,2026-07-31,3,135,Order NonMasterPack,1.95,0.1,2.05
16838568,IF4041477706,33650767,S7H0J6ANN - Anna Waciakowski,#CA986772,2026-07-31,2026-07-31,1,44,Order Processing,1.25,0.06,1.31
16838568,IF4041477706,33650767,S7H0J6ANN - Anna Waciakowski,#CA986772,2026-07-31,2026-07-31,1,44,Order NonMasterPack,0.65,0.03,0.68
16838668,IF4041477711,33650676,V8G2X2LIZ - Lizelle Sears,#CA986777,2026-07-31,2026-07-31,1,22,Order Processing,1.25,0.06,1.31
16838668,IF4041477711,33650676,V8G2X2LIZ - Lizelle Sears,#CA986777,2026-07-31,2026-07-31,1,22,Order NonMasterPack,0.65,0.03,0.68
16838669,IF4041477712,33650870,L7L2Z4ANN - Ann Killin,#CA986778,2026-07-31,2026-07-31,1,139.2,Order Processing,1.25,0.06,1.31
16838669,IF4041477712,33650870,L7L2Z4ANN - Ann Killin,#CA986778,2026-07-31,2026-07-31,3,139.2,Order NonMasterPack,1.95,0.1,2.05
16833759,IF4041477211,33638681,T0B1K0SUS - Susan Miller,#CA986598,2026-07-30,2026-07-31,5,100,Order NonMasterPack,3.25,0.16,3.41
16833759,IF4041477211,33638681,T0B1K0SUS - Susan Miller,#CA986598,2026-07-30,2026-07-31,1,100,Order Processing,1.25,0.06,1.31
16834382,IF4041477235,33639782,V8K1K6ANN - Anne Millerd,#CA986617,2026-07-30,2026-07-31,1,46.8,Order NonMasterPack,0.65,0.03,0.68
16834382,IF4041477235,33639782,V8K1K6ANN - Anne Millerd,#CA986617,2026-07-30,2026-07-31,1,46.8,Order Processing,1.25,0.06,1.31
16837263,IF4041477421,33648573,T2N1W3COL - Cole Birkett,#CA986725,2026-07-31,2026-07-31,1,270.2,Order Processing,1.25,0.06,1.31
16837263,IF4041477421,33648573,T2N1W3COL - Cole Birkett,#CA986725,2026-07-31,2026-07-31,5,270.2,Order NonMasterPack,3.25,0.16,3.41
16838051,IF4041477681,33649738,V0G1Y0KAR - Karen Weller,#CA986753,2026-07-31,2026-07-31,1,216,Order Processing,1.25,0.06,1.31
16838051,IF4041477681,33649738,V0G1Y0KAR - Karen Weller,#CA986753,2026-07-31,2026-07-31,5,216,Order NonMasterPack,3.25,0.16,3.41
16838122,IF4041477686,33649751,V8A0S5SAN - Sandra Stoddart,#CA986756,2026-07-31,2026-07-31,3,110,Order NonMasterPack,1.95,0.1,2.05
16838122,IF4041477686,33649751,V8A0S5SAN - Sandra Stoddart,#CA986756,2026-07-31,2026-07-31,1,110,Order Processing,1.25,0.06,1.31
16838124,IF4041477684,33649746,V9B2T1SUJ - Sujith Pisharody,#CA986755,2026-07-31,2026-07-31,2,90,Order NonMasterPack,1.3,0.07,1.37
16838124,IF4041477684,33649746,V9B2T1SUJ - Sujith Pisharody,#CA986755,2026-07-31,2026-07-31,1,90,Order Processing,1.25,0.06,1.31
16838670,IF4041477713,33650871,V8V2R5JOA - Joanne Kipp,#CA986776,2026-07-31,2026-07-31,4,224,Order NonMasterPack,2.6,0.13,2.73
16838670,IF4041477713,33650871,V8V2R5JOA - Joanne Kipp,#CA986776,2026-07-31,2026-07-31,1,224,Order Processing,1.25,0.06,1.31
16759442,IF4041470038,33384820,V0N3A0TRA - TRAIL BAY SOURCE FOR SPORTS,BF26012-1,2026-07-06,2026-07-31,1,2271,Order Processing,2,0.1,2.1
16759442,IF4041470038,33384820,V0N3A0TRA - TRAIL BAY SOURCE FOR SPORTS,BF26012-1,2026-07-06,2026-07-31,73,2271,Order NonMasterPack,36.5,1.83,38.33
16759448,IF4041470046,33384927,L4N8X1SOJ - SOJOURN A SEASONAL EXPERIENCE,B 080126 TTREE,2026-07-06,2026-07-31,1,1003.5,Order Processing,2,0.1,2.1
16759448,IF4041470046,33384927,L4N8X1SOJ - SOJOURN A SEASONAL EXPERIENCE,B 080126 TTREE,2026-07-06,2026-07-31,39,1003.5,Order NonMasterPack,19.5,0.98,20.48
16759451,IF4041470052,33384933,S0C0R0KIN - KINGS DEPARTMENT STORE,fall26mens,2026-07-06,2026-07-31,44,1401,Order NonMasterPack,22,1.1,23.1
16759451,IF4041470052,33384933,S0C0R0KIN - KINGS DEPARTMENT STORE,fall26mens,2026-07-06,2026-07-31,1,1401,Order Processing,2,0.1,2.1
16759449,IF4041470050,33384931,S0C0R0KIN - KINGS DEPARTMENT STORE,fall26access,2026-07-06,2026-07-31,1,837.5,Order Processing,2,0.1,2.1
16759449,IF4041470050,33384931,S0C0R0KIN - KINGS DEPARTMENT STORE,fall26access,2026-07-06,2026-07-31,39,837.5,Order NonMasterPack,19.5,0.98,20.48
16759456,IF4041470060,33384940,V1N2M9MAL - MALLARDS SOURCE FOR SPORTS,Tentree FW Access,2026-07-06,2026-07-31,1,2420,Order Processing,2,0.1,2.1
16759456,IF4041470060,33384940,V1N2M9MAL - MALLARDS SOURCE FOR SPORTS,Tentree FW Access,2026-07-06,2026-07-31,112,2420,Order NonMasterPack,56,2.8,58.8
16774074,IF4041471272,33428159,V0R2G0SWO - SWORDFERN BOUTIQUE,fall 2026 #1 late summer delivery,2026-07-10,2026-07-31,1,3501,Order Processing,2,0.1,2.1
16774074,IF4041471272,33428159,V0R2G0SWO - SWORDFERN BOUTIQUE,fall 2026 #1 late summer delivery,2026-07-10,2026-07-31,99,3501,Order NonMasterPack,49.5,2.48,51.98
16774078,IF4041471279,33428163,S0C0R0KIN - KINGS DEPARTMENT STORE,fall26access,2026-07-10,2026-07-31,1,80,Order Processing,2,0.1,2.1
16774078,IF4041471279,33428163,S0C0R0KIN - KINGS DEPARTMENT STORE,fall26access,2026-07-10,2026-07-31,4,80,Order NonMasterPack,2,0.1,2.1
16784009,IF4041472519,33466796,V0J2N0LOC - LOCAL SUPPLY CO,FW26-1,2026-07-14,2026-07-31,53,1838,Order NonMasterPack,26.5,1.33,27.83
16784009,IF4041472519,33466796,V0J2N0LOC - LOCAL SUPPLY CO,FW26-1,2026-07-14,2026-07-31,1,1838,Order Processing,2,0.1,2.1
16784017,IF4041472520,33466797,V0R1M0WAB - WABISABI BOARDWEAR,TenTree W F26 - Aug - subs,2026-07-14,2026-07-31,10,415,Order NonMasterPack,5,0.25,5.25
16784017,IF4041472520,33466797,V0R1M0WAB - WABISABI BOARDWEAR,TenTree W F26 - Aug - subs,2026-07-14,2026-07-31,1,415,Order Processing,2,0.1,2.1
16784021,IF4041472516,33466793,S0C0R0KIN - KINGS DEPARTMENT STORE,fall26ladies,2026-07-14,2026-07-31,54,3211,Order NonMasterPack,27,1.35,28.35
16784021,IF4041472516,33466793,S0C0R0KIN - KINGS DEPARTMENT STORE,fall26ladies,2026-07-14,2026-07-31,1,3211,Order Processing,2,0.1,2.1
16784248,IF4041472661,33473817,V0R1M0WAB - WABISABI BOARDWEAR,TenTree W F26 - Aug,2026-07-14,2026-07-31,33,1332,Order NonMasterPack,16.5,0.83,17.33
16784248,IF4041472661,33473817,V0R1M0WAB - WABISABI BOARDWEAR,TenTree W F26 - Aug,2026-07-14,2026-07-31,1,1332,Order Processing,2,0.1,2.1
16784250,IF4041472663,33473819,V0R1M0WAB - WABISABI BOARDWEAR,TenTree M F26 - Aug,2026-07-14,2026-07-31,1,1487,Order Processing,2,0.1,2.1
16784250,IF4041472663,33473819,V0R1M0WAB - WABISABI BOARDWEAR,TenTree M F26 - Aug,2026-07-14,2026-07-31,38,1487,Order NonMasterPack,19,0.95,19.95
16787339,IF4041472922,33486771,V8B0G8VAL - VALHALLA PURE SQUAMISH,TTI-FW26-W-Sh1,2026-07-15,2026-07-31,1,1187,Order Processing,2,0.1,2.1
16787339,IF4041472922,33486771,V8B0G8VAL - VALHALLA PURE SQUAMISH,TTI-FW26-W-Sh1,2026-07-15,2026-07-31,31,1187,Order NonMasterPack,15.5,0.78,16.28
16793542,IF4041473621,33508418,A1N1G5ART - ARTHUR JAMES CLOTHING COMPANY,Swap - MP F26,2026-07-17,2026-07-31,1,132,Order Processing,2,0.1,2.1
16793542,IF4041473621,33508418,A1N1G5ART - ARTHUR JAMES CLOTHING COMPANY,Swap - MP F26,2026-07-17,2026-07-31,3,132,Order NonMasterPack,1.5,0.08,1.58
16793543,IF4041473622,33508419,A1A4A2ART - ARTHUR JAMES CLOTHING COMPANY,Swap - SJ F26,2026-07-17,2026-07-31,1,176,Order Processing,2,0.1,2.1
16793543,IF4041473622,33508419,A1A4A2ART - ARTHUR JAMES CLOTHING COMPANY,Swap - SJ F26,2026-07-17,2026-07-31,4,176,Order NonMasterPack,2,0.1,2.1
16809674,IF4041475168,33560929,B0W2Z0LA - LA CACHETTE,TENTREE FW26,2026-07-22,2026-07-31,1,294,Order Processing,2,0.1,2.1
16809674,IF4041475168,33560929,B0W2Z0LA - LA CACHETTE,TENTREE FW26,2026-07-22,2026-07-31,6,294,Order NonMasterPack,3,0.15,3.15
16824269,IF4041476573,33612501,V7M2J5NOR - NORTH SHORE SKI AND BOARD,PBWJULY15,2026-07-27,2026-07-31,1,252,Order Processing,2,0.1,2.1
16824269,IF4041476573,33612501,V7M2J5NOR - NORTH SHORE SKI AND BOARD,PBWJULY15,2026-07-27,2026-07-31,3,252,Order NonMasterPack,1.5,0.08,1.58
16824271,IF4041476574,33612502,V8J1P2HOM - HOMEWORK,fall26-delivery 1,2026-07-27,2026-07-31,1,132,Order Processing,2,0.1,2.1
16824271,IF4041476574,33612502,V8J1P2HOM - HOMEWORK,fall26-delivery 1,2026-07-27,2026-07-31,3,132,Order NonMasterPack,1.5,0.08,1.58
16824272,IF4041476575,33612503,V0K2E0OUT - OUTLAW FASHIONS (FCJ ENTERPRISES LTD),FW/M26,2026-07-27,2026-07-31,4,28,Order NonMasterPack,2,0.1,2.1
16824272,IF4041476575,33612503,V0K2E0OUT - OUTLAW FASHIONS (FCJ ENTERPRISES LTD),FW/M26,2026-07-27,2026-07-31,1,28,Order Processing,2,0.1,2.1
16824273,IF4041476576,33612504,B5A1E7EVE - EVERY BLOOMIN THING,KN112725A,2026-07-27,2026-07-31,4,28,Order NonMasterPack,2,0.1,2.1
16824273,IF4041476576,33612504,B5A1E7EVE - EVERY BLOOMIN THING,KN112725A,2026-07-27,2026-07-31,1,28,Order Processing,2,0.1,2.1
16824278,IF4041476579,33612507,V8A5K9ARM - ARMITAGE MENS WEAR,120325,2026-07-27,2026-07-31,2,40,Order NonMasterPack,1,0.05,1.05
16824278,IF4041476579,33612507,V8A5K9ARM - ARMITAGE MENS WEAR,120325,2026-07-27,2026-07-31,1,40,Order Processing,2,0.1,2.1
16824280,IF4041476582,33612510,G0A4B0BOU - BOUTIQUE POINT DE VUE,Fall 2026,2026-07-27,2026-07-31,3,60,Order NonMasterPack,1.5,0.08,1.58
16824280,IF4041476582,33612510,G0A4B0BOU - BOUTIQUE POINT DE VUE,Fall 2026,2026-07-27,2026-07-31,1,60,Order Processing,2,0.1,2.1
16824281,IF4041476583,33612511,V5J3G6CAN - CANADA GARDENWORKS LTD dba GARDENWORKS,FW26 tentree womens,2026-07-27,2026-07-31,5,245,Order NonMasterPack,2.5,0.13,2.63
16824281,IF4041476583,33612511,V5J3G6CAN - CANADA GARDENWORKS LTD dba GARDENWORKS,FW26 tentree womens,2026-07-27,2026-07-31,1,245,Order Processing,2,0.1,2.1
16824282,IF4041476585,33612513,V1T5H7KAL - KALECO,Fall26,2026-07-27,2026-07-31,4,28,Order NonMasterPack,2,0.1,2.1
16824282,IF4041476585,33612513,V1T5H7KAL - KALECO,Fall26,2026-07-27,2026-07-31,1,28,Order Processing,2,0.1,2.1
16824283,IF4041476586,33612514,V1E1B4HAR - HARTTY CLOTHING,TenF26A,2026-07-27,2026-07-31,3,21,Order NonMasterPack,1.5,0.08,1.58
16824283,IF4041476586,33612514,V1E1B4HAR - HARTTY CLOTHING,TenF26A,2026-07-27,2026-07-31,1,21,Order Processing,2,0.1,2.1
16824286,IF4041476589,33612517,K0J1B0BAR - BARRYS BAY CUSTOM WOODWORKING AND BUILDE,Fall26,2026-07-27,2026-07-31,5,270,Order NonMasterPack,2.5,0.13,2.63
16824286,IF4041476589,33612517,K0J1B0BAR - BARRYS BAY CUSTOM WOODWORKING AND BUILDE,Fall26,2026-07-27,2026-07-31,1,270,Order Processing,2,0.1,2.1
16824287,IF4041476590,33612518,J3P6L9ST - ST PIERRE SPORTS DE SOREL INC.,Tentree FA26,2026-07-27,2026-07-31,1,196,Order Processing,2,0.1,2.1
16824287,IF4041476590,33612518,J3P6L9ST - ST PIERRE SPORTS DE SOREL INC.,Tentree FA26,2026-07-27,2026-07-31,4,196,Order NonMasterPack,2,0.1,2.1
16824906,IF4041476625,33612552,V1T2B6VAL - Valhalla Pure Outfitters Inc,TEN260727,2026-07-27,2026-07-31,1,121.3,Order Processing,2,0.1,2.1
16824906,IF4041476625,33612552,V1T2B6VAL - Valhalla Pure Outfitters Inc,TEN260727,2026-07-27,2026-07-31,4,121.3,Order NonMasterPack,2,0.1,2.1
16827749,IF4041476788,33621719,Y1A2B4COA - COAST MOUNTAIN - Sports Experts #770,3050160,2026-07-28,2026-07-31,3,139.65,Order NonMasterPack,1.5,0.08,1.58
16827749,IF4041476788,33621719,Y1A2B4COA - COAST MOUNTAIN - Sports Experts #770,3050160,2026-07-28,2026-07-31,1,139.65,Order Processing,2,0.1,2.1
16827755,IF4041476798,33621930,L4G3H7ST - ST ANDREW'S COLLEGE,276,2026-07-28,2026-07-31,3,252,Order NonMasterPack,1.5,0.08,1.58
16827755,IF4041476798,33621930,L4G3H7ST - ST ANDREW'S COLLEGE,276,2026-07-28,2026-07-31,1,252,Order Processing,2,0.1,2.1
16827756,IF4041476804,33621932,B4P1E1WIL - WILD LILY,TENTREE FW26-1,2026-07-28,2026-07-31,1,39,Order NonMasterPack,0.5,0.03,0.53
16827756,IF4041476804,33621932,B4P1E1WIL - WILD LILY,TENTREE FW26-1,2026-07-28,2026-07-31,1,39,Order Processing,2,0.1,2.1
16828568,IF4041476871,33623773,V3S9N7PEA - PEACE ARCH DUTY FREE SHOP,tentreehats,2026-07-28,2026-07-31,8,180,Order NonMasterPack,4,0.2,4.2
16828568,IF4041476871,33623773,V3S9N7PEA - PEACE ARCH DUTY FREE SHOP,tentreehats,2026-07-28,2026-07-31,1,180,Order Processing,2,0.1,2.1
16831986,IF4041477074,33632722,V6H3S4MAK - MAKE,12962-JBO,2026-07-29,2026-07-31,96,2859,Order NonMasterPack,48,2.4,50.4
16831986,IF4041477074,33632722,V6H3S4MAK - MAKE,12962-JBO,2026-07-29,2026-07-31,1,2859,Order Processing,2,0.1,2.1
16836328,IF4041477358,33645725,S4H0A3CHA - Chandy Kaip,#CA986697,2026-07-30,2026-07-31,1,195.7,Order Processing,1.25,0.06,1.31
16836328,IF4041477358,33645725,S4H0A3CHA - Chandy Kaip,#CA986697,2026-07-30,2026-07-31,7,195.7,Order NonMasterPack,4.55,0.23,4.78
Receipt,Client Ref 1,Client Ref 2,Shipped From,BOL Number,,,,,Service,,,
1063515,PO04809,32626383,,8.74153E+11,2026-07-16,2026-07-17,20,0,Receiving,1.4,0.07,1.47
1063515,PO04809,32626383,,8.74153E+11,2026-07-16,2026-07-17,20,0,Receipt Mixed Carton Unit,3.6,0.18,3.78
1063515,PO04809,32626383,,8.74153E+11,2026-07-16,2026-07-17,1,0,Receipt Processing,10,0.5,10.5
1063515,PO04809,32626383,,8.74153E+11,2026-07-16,2026-07-17,20,0,Storage,1,0.05,1.05
1063967,PO04790,32623675,,3824594830,2026-07-17,2026-07-20,8,0,Receiving,0.56,0.03,0.59
1063967,PO04790,32623675,,3824594830,2026-07-17,2026-07-20,1,0,Receipt Processing,10,0.5,10.5
1063967,PO04790,32623675,,3824594830,2026-07-17,2026-07-20,8,0,Receipt Mixed Carton Unit,1.44,0.07,1.51
1063967,PO04790,32623675,,3824594830,2026-07-17,2026-07-20,8,0,Storage,0.4,0.02,0.42
1063772,PO04755,32399772,,1668323,2026-07-17,2026-07-20,916,0,Receiving,64.12,3.21,67.33
1063772,PO04755,32399772,,1668323,2026-07-17,2026-07-20,529,0,Receipt Mixed Carton Unit,95.22,4.76,99.98
1063772,PO04755,32399772,,1668323,2026-07-17,2026-07-20,1,0,Receipt Processing,10,0.5,10.5
1063772,PO04755,32399772,,1668323,2026-07-17,2026-07-20,916,0,Storage,45.8,2.29,48.09
1063968,PO04751,32326557,,1668323,2026-07-17,2026-07-20,1000,0,Receiving,70,3.5,73.5
1063968,PO04751,32326557,,1668323,2026-07-17,2026-07-20,1,0,Receipt Processing,10,0.5,10.5
1063968,PO04751,32326557,,1668323,2026-07-17,2026-07-20,1000,0,Storage,50,2.5,52.5
1063773,PO04737,31604625,,1668323,2026-07-17,2026-07-20,1,0,Receipt Processing,10,0.5,10.5
1063773,PO04737,31604625,,1668323,2026-07-17,2026-07-20,3068,0,Receiving,214.76,10.74,225.5
1063773,PO04737,31604625,,1668323,2026-07-17,2026-07-20,286,0,Receipt Mixed Carton Unit,51.48,2.57,54.05
1063773,PO04737,31604625,,1668323,2026-07-17,2026-07-20,3068,0,Storage,153.4,7.67,161.07
1064519,PO04821,32633336,,8.74202E+11,2026-07-21,2026-07-21,12,0,Receipt Mixed Carton Unit,2.16,0.11,2.27
1064519,PO04821,32633336,,8.74202E+11,2026-07-21,2026-07-21,12,0,Receiving,0.84,0.04,0.88
1064519,PO04821,32633336,,8.74202E+11,2026-07-21,2026-07-21,1,0,Receipt Processing,10,0.5,10.5
1064519,PO04821,32633336,,8.74202E+11,2026-07-21,2026-07-21,12,0,Storage,0.6,0.03,0.63
1065456,PO04803,32625427,,8.74288E+11,2026-07-23,2026-07-24,1,0,Receipt Processing,10,0.5,10.5
1065456,PO04803,32625427,,8.74288E+11,2026-07-23,2026-07-24,4,0,Receiving,0.28,0.01,0.29
1065456,PO04803,32625427,,8.74288E+11,2026-07-23,2026-07-24,4,0,Storage,0.2,0.01,0.21
1062920,TO01234,33270036,,86968584,2026-07-15,2026-07-27,1,0,Receipt Processing,10,0.5,10.5
1062920,TO01234,33270036,,86968584,2026-07-15,2026-07-27,219,0,Receipt Mixed Carton Unit,39.42,1.97,41.39
1062920,TO01234,33270036,,86968584,2026-07-15,2026-07-27,219,0,Receiving,15.33,0.77,16.1
1062920,TO01234,33270036,,86968584,2026-07-15,2026-07-27,192,0,Inbound Units Audit,34.56,1.73,36.29
1062920,TO01234,33270036,,86968584,2026-07-15,2026-07-27,219,0,Storage,10.95,0.55,11.5
1062235,TO01207,32808909,,86968584,2026-07-13,2026-07-27,1,0,Receipt Processing,10,0.5,10.5
1062235,TO01207,32808909,,86968584,2026-07-13,2026-07-27,1822,0,Inbound Units Audit,327.96,16.4,344.36
1062235,TO01207,32808909,,86968584,2026-07-13,2026-07-27,1615,0,Receipt Mixed Carton Unit,290.7,14.54,305.24
1062235,TO01207,32808909,,86968584,2026-07-13,2026-07-27,1918,0,Receiving,134.26,6.71,140.97
1062235,TO01207,32808909,,86968584,2026-07-13,2026-07-27,1918,0,Storage,95.9,4.8,100.7
1062314,TO01206,32808908,,86968584,2026-07-13,2026-07-27,1529,0,Receiving,107.03,5.35,112.38
1062314,TO01206,32808908,,86968584,2026-07-13,2026-07-27,1,0,Receipt Processing,10,0.5,10.5
1062314,TO01206,32808908,,86968584,2026-07-13,2026-07-27,1529,0,Receipt Mixed Carton Unit,275.22,13.76,288.98
1062314,TO01206,32808908,,86968584,2026-07-13,2026-07-27,1416,0,Inbound Units Audit,254.88,12.74,267.62
1062314,TO01206,32808908,,86968584,2026-07-13,2026-07-27,1529,0,Storage,76.45,3.82,80.27
1062315,TO01208,32808910,,86968584,2026-07-13,2026-07-27,2155,0,Receipt Mixed Carton Unit,387.9,19.4,407.3
1062315,TO01208,32808910,,86968584,2026-07-13,2026-07-27,2155,0,Receiving,150.85,7.54,158.39
1062315,TO01208,32808910,,86968584,2026-07-13,2026-07-27,2042,0,Inbound Units Audit,367.56,18.38,385.94
1062315,TO01208,32808910,,86968584,2026-07-13,2026-07-27,1,0,Receipt Processing,10,0.5,10.5
1062315,TO01208,32808910,,86968584,2026-07-13,2026-07-27,2155,0,Storage,107.75,5.39,113.14
1062317,TO01209,32808911,,86968584,2026-07-13,2026-07-27,2823,0,Receiving,197.61,9.88,207.49
1062317,TO01209,32808911,,86968584,2026-07-13,2026-07-27,2679,0,Inbound Units Audit,482.22,24.11,506.33
1062317,TO01209,32808911,,86968584,2026-07-13,2026-07-27,1,0,Receipt Processing,10,0.5,10.5
1062317,TO01209,32808911,,86968584,2026-07-13,2026-07-27,2495,0,Receipt Mixed Carton Unit,449.1,22.46,471.56
1062317,TO01209,32808911,,86968584,2026-07-13,2026-07-27,2823,0,Storage,141.15,7.06,148.21
1062320,TO01210,32808912,,86968584,2026-07-13,2026-07-27,4039,0,Receiving,282.73,14.14,296.87
1062320,TO01210,32808912,,86968584,2026-07-13,2026-07-27,3944,0,Receipt Mixed Carton Unit,709.92,35.5,745.42
1062320,TO01210,32808912,,86968584,2026-07-13,2026-07-27,3826,0,Inbound Units Audit,688.68,34.43,723.11
1062320,TO01210,32808912,,86968584,2026-07-13,2026-07-27,1,0,Receipt Processing,10,0.5,10.5
1062320,TO01210,32808912,,86968584,2026-07-13,2026-07-27,4039,0,Storage,201.95,10.1,212.05
1065759,PO04806,32625734,,8.74593E+11,2026-07-24,2026-07-27,84,0,Receipt Mixed Carton Unit,15.12,0.76,15.88
1065759,PO04806,32625734,,8.74593E+11,2026-07-24,2026-07-27,84,0,Receiving,5.88,0.29,6.17
1065759,PO04806,32625734,,8.74593E+11,2026-07-24,2026-07-27,1,0,Receipt Processing,10,0.5,10.5
1065759,PO04806,32625734,,8.74593E+11,2026-07-24,2026-07-27,84,0,Storage,4.2,0.21,4.41
1066090,PO04812,32626386,,8.74656E+11,2026-07-27,2026-07-28,12,0,Receipt Mixed Carton Unit,2.16,0.11,2.27
1066090,PO04812,32626386,,8.74656E+11,2026-07-27,2026-07-28,12,0,Receiving,0.84,0.04,0.88
1066090,PO04812,32626386,,8.74656E+11,2026-07-27,2026-07-28,1,0,Receipt Processing,10,0.5,10.5
1066090,PO04812,32626386,,8.74656E+11,2026-07-27,2026-07-28,12,0,Storage,0.6,0.03,0.63
1066091,PO04797,32625299,,8.74589E+11,2026-07-27,2026-07-28,9,0,Receipt Mixed Carton Unit,1.62,0.08,1.7
1066091,PO04797,32625299,,8.74589E+11,2026-07-27,2026-07-28,1,0,Receipt Processing,10,0.5,10.5
1066091,PO04797,32625299,,8.74589E+11,2026-07-27,2026-07-28,9,0,Receiving,0.63,0.03,0.66
1066091,PO04797,32625299,,8.74589E+11,2026-07-27,2026-07-28,9,0,Storage,0.45,0.02,0.47
1066562,Bol 874589467415,Unexpected,,8.74408E+11,2026-07-28,2026-07-28,1,0,Receipt Processing,10,0.5,10.5
1066562,Bol 874589467415,Unexpected,,8.74408E+11,2026-07-28,2026-07-28,4,0,Receiving,0.28,0.01,0.29
1066562,Bol 874589467415,Unexpected,,8.74408E+11,2026-07-28,2026-07-28,4,0,Storage,0.2,0.01,0.21
1066092,PO04794,32625296,,8.74408E+11,2026-07-27,2026-07-28,84,0,Receipt Mixed Carton Unit,15.12,0.76,15.88
1066092,PO04794,32625296,,8.74408E+11,2026-07-27,2026-07-28,1,0,Receipt Processing,10,0.5,10.5
1066092,PO04794,32625296,,8.74408E+11,2026-07-27,2026-07-28,84,0,Receiving,5.88,0.29,6.17
1066092,PO04794,32625296,,8.74408E+11,2026-07-27,2026-07-28,84,0,Storage,4.2,0.21,4.41
1066034,PO04759,32399776,,1598275,2026-07-27,2026-07-29,42,0,Inbound Units Audit,7.56,0.38,7.94
1066034,PO04759,32399776,,1598275,2026-07-27,2026-07-29,1936,0,Receiving,135.52,6.78,142.3
1066034,PO04759,32399776,,1598275,2026-07-27,2026-07-29,1,0,Receipt Processing,10,0.5,10.5
1066034,PO04759,32399776,,1598275,2026-07-27,2026-07-29,581,0,Receipt Mixed Carton Unit,104.58,5.23,109.81
1066032,PO04731,31604619,,1598275,2026-07-27,2026-07-29,20,0,Inbound Units Audit,3.6,0.18,3.78
1066032,PO04731,31604619,,1598275,2026-07-27,2026-07-29,1,0,Receipt Processing,10,0.5,10.5
1066032,PO04731,31604619,,1598275,2026-07-27,2026-07-29,2958,0,Receiving,207.06,10.35,217.41
1066032,PO04731,31604619,,1598275,2026-07-27,2026-07-29,350,0,Receipt Mixed Carton Unit,63,3.15,66.15
1066551,PO04728,31604616,,1598274,2026-07-28,2026-07-30,214,0,Inbound Units Audit,38.52,1.93,40.45
1066551,PO04728,31604616,,1598274,2026-07-28,2026-07-30,373,0,Receipt Mixed Carton Unit,67.14,3.36,70.5
1066551,PO04728,31604616,,1598274,2026-07-28,2026-07-30,1,0,Receipt Processing,10,0.5,10.5
1066551,PO04728,31604616,,1598274,2026-07-28,2026-07-30,3513,0,Receiving,245.91,12.3,258.21
1066550,PO04756,32399773,,1598274,2026-07-28,2026-07-30,297,0,Receipt Mixed Carton Unit,53.46,2.67,56.13
1066550,PO04756,32399773,,1598274,2026-07-28,2026-07-30,2957,0,Receiving,206.99,10.35,217.34
1066550,PO04756,32399773,,1598274,2026-07-28,2026-07-30,1,0,Receipt Processing,10,0.5,10.5
1066550,PO04756,32399773,,1598274,2026-07-28,2026-07-30,36,0,Inbound Units Audit,6.48,0.32,6.8
1067054,PO04838,33624087,,8.74352E+11,2026-07-29,2026-07-30,620,0,Receiving,111.6,5.58,117.18
1067054,PO04838,33624087,,8.74352E+11,2026-07-29,2026-07-30,1,0,Receipt Processing,10,0.5,10.5
Return,Client Ref 1,Client Ref 2,Shipped From,BOL Number,,,,,Service,,,
1063742,RMA #H3Y2W4CT,33400352,ERIN LUBEK (T6H0N4ERI),6.00664E+15,2026-07-17,2026-07-17,0,0,Service Center Labor,3.78,0.19,3.97
1063742,RMA #H3Y2W4CT,33400352,ERIN LUBEK (T6H0N4ERI),6.00664E+15,2026-07-17,2026-07-17,2,0,Restock,0.5,0.03,0.53
1063742,RMA #H3Y2W4CT,33400352,ERIN LUBEK (T6H0N4ERI),6.00664E+15,2026-07-17,2026-07-17,2,0,Returns,2.74,0.14,2.88
1063742,RMA #H3Y2W4CT,33400352,ERIN LUBEK (T6H0N4ERI),6.00664E+15,2026-07-17,2026-07-17,2,0,Storage,0.1,0.01,0.11
1063745,RMA #JJ1UA6UT,33429370,SAMANTA ISLAM (T6J5R8SAM),6.00664E+15,2026-07-17,2026-07-17,2,0,Restock,0.5,0.03,0.53
1063745,RMA #JJ1UA6UT,33429370,SAMANTA ISLAM (T6J5R8SAM),6.00664E+15,2026-07-17,2026-07-17,0,0,Service Center Labor,3.78,0.19,3.97
1063745,RMA #JJ1UA6UT,33429370,SAMANTA ISLAM (T6J5R8SAM),6.00664E+15,2026-07-17,2026-07-17,2,0,Returns,2.74,0.14,2.88
1063745,RMA #JJ1UA6UT,33429370,SAMANTA ISLAM (T6J5R8SAM),6.00664E+15,2026-07-17,2026-07-17,2,0,Storage,0.1,0.01,0.11
1063747,RMA #O80EKVOF,33444046,KYRA FESHAK (V3J7C5KYR),6.00664E+15,2026-07-17,2026-07-17,4,0,Returns,4.08,0.2,4.28
1063747,RMA #O80EKVOF,33444046,KYRA FESHAK (V3J7C5KYR),6.00664E+15,2026-07-17,2026-07-17,0,0,Service Center Labor,6.14,0.31,6.45
1063747,RMA #O80EKVOF,33444046,KYRA FESHAK (V3J7C5KYR),6.00664E+15,2026-07-17,2026-07-17,4,0,Restock,1,0.05,1.05
1063747,RMA #O80EKVOF,33444046,KYRA FESHAK (V3J7C5KYR),6.00664E+15,2026-07-17,2026-07-17,4,0,Storage,0.2,0.01,0.21
1063748,RMA #6UFU7TCH,33410965,JULIE GOSSELIN (J3Y2H9JUL),6.00664E+15,2026-07-17,2026-07-17,1,0,Returns,2.07,0.1,2.17
1063748,RMA #6UFU7TCH,33410965,JULIE GOSSELIN (J3Y2H9JUL),6.00664E+15,2026-07-17,2026-07-17,0,0,Service Center Labor,1.42,0.07,1.49
1063748,RMA #6UFU7TCH,33410965,JULIE GOSSELIN (J3Y2H9JUL),6.00664E+15,2026-07-17,2026-07-17,1,0,Restock,0.25,0.01,0.26
1063748,RMA #6UFU7TCH,33410965,JULIE GOSSELIN (J3Y2H9JUL),6.00664E+15,2026-07-17,2026-07-17,1,0,Storage,0.05,0,0.05
1063751,RMA #G7TRQ4SM,33429369,SAMANTA ISLAM (T6J5R8SAM),6.00664E+15,2026-07-17,2026-07-17,1,0,Returns,2.07,0.1,2.17
1063751,RMA #G7TRQ4SM,33429369,SAMANTA ISLAM (T6J5R8SAM),6.00664E+15,2026-07-17,2026-07-17,1,0,Restock,0.25,0.01,0.26
1063751,RMA #G7TRQ4SM,33429369,SAMANTA ISLAM (T6J5R8SAM),6.00664E+15,2026-07-17,2026-07-17,0,0,Service Center Labor,3.31,0.17,3.48
1063751,RMA #G7TRQ4SM,33429369,SAMANTA ISLAM (T6J5R8SAM),6.00664E+15,2026-07-17,2026-07-17,1,0,Storage,0.05,0,0.05
1063754,RMA #CB35UDFX,33415443,DEBORAH HARDING (V9K1K7DEB),6.00664E+15,2026-07-17,2026-07-17,1,0,Returns,2.07,0.1,2.17
1063754,RMA #CB35UDFX,33415443,DEBORAH HARDING (V9K1K7DEB),6.00664E+15,2026-07-17,2026-07-17,0,0,Service Center Labor,2.36,0.12,2.48
1063754,RMA #CB35UDFX,33415443,DEBORAH HARDING (V9K1K7DEB),6.00664E+15,2026-07-17,2026-07-17,1,0,Shop Supplies,0.16,0.01,0.17
1063754,RMA #CB35UDFX,33415443,DEBORAH HARDING (V9K1K7DEB),6.00664E+15,2026-07-17,2026-07-17,1,0,Restock,0.25,0.01,0.26
1063754,RMA #CB35UDFX,33415443,DEBORAH HARDING (V9K1K7DEB),6.00664E+15,2026-07-17,2026-07-17,1,0,Storage,0.05,0,0.05
1063758,RMA #C159ODAO,33482354,TAMI JEMSON (V4V2A5TAM),6.00664E+15,2026-07-17,2026-07-17,1,0,Restock,0.25,0.01,0.26
1063758,RMA #C159ODAO,33482354,TAMI JEMSON (V4V2A5TAM),6.00664E+15,2026-07-17,2026-07-17,0,0,Service Center Labor,2.36,0.12,2.48
1063758,RMA #C159ODAO,33482354,TAMI JEMSON (V4V2A5TAM),6.00664E+15,2026-07-17,2026-07-17,1,0,Returns,2.07,0.1,2.17
1063758,RMA #C159ODAO,33482354,TAMI JEMSON (V4V2A5TAM),6.00664E+15,2026-07-17,2026-07-17,1,0,Shop Supplies,0.16,0.01,0.17
1063758,RMA #C159ODAO,33482354,TAMI JEMSON (V4V2A5TAM),6.00664E+15,2026-07-17,2026-07-17,1,0,Storage,0.05,0,0.05
1063762,RMA #LCR1G2TA,33317083,CHRIS FINN (N2L0C5CHR),6.00664E+15,2026-07-17,2026-07-17,1,0,Returns,2.07,0.1,2.17
1063762,RMA #LCR1G2TA,33317083,CHRIS FINN (N2L0C5CHR),6.00664E+15,2026-07-17,2026-07-17,0,0,Service Center Labor,2.36,0.12,2.48
1063762,RMA #LCR1G2TA,33317083,CHRIS FINN (N2L0C5CHR),6.00664E+15,2026-07-17,2026-07-17,1,0,Restock,0.25,0.01,0.26
1063762,RMA #LCR1G2TA,33317083,CHRIS FINN (N2L0C5CHR),6.00664E+15,2026-07-17,2026-07-17,1,0,Storage,0.05,0,0.05
1063766,RMA #2QYQY7CY,33424434,SCOTT TEDFORD (K0E1H0SCO),7.9253E+11,2026-07-17,2026-07-17,0,0,Service Center Labor,4.73,0.24,4.97
1063766,RMA #2QYQY7CY,33424434,SCOTT TEDFORD (K0E1H0SCO),7.9253E+11,2026-07-17,2026-07-17,3,0,Returns,3.41,0.17,3.58
1063766,RMA #2QYQY7CY,33424434,SCOTT TEDFORD (K0E1H0SCO),7.9253E+11,2026-07-17,2026-07-17,3,0,Restock,0.75,0.04,0.79
1063766,RMA #2QYQY7CY,33424434,SCOTT TEDFORD (K0E1H0SCO),7.9253E+11,2026-07-17,2026-07-17,3,0,Storage,0.15,0.01,0.16
1063769,RMA #LAKOM77W,33425548,MICHAEL TOMIZZA (L4M7H1MIC),6.00664E+15,2026-07-17,2026-07-17,0,0,Service Center Labor,4.73,0.24,4.97
1063769,RMA #LAKOM77W,33425548,MICHAEL TOMIZZA (L4M7H1MIC),6.00664E+15,2026-07-17,2026-07-17,3,0,Returns,3.41,0.17,3.58
1063769,RMA #LAKOM77W,33425548,MICHAEL TOMIZZA (L4M7H1MIC),6.00664E+15,2026-07-17,2026-07-17,3,0,Restock,0.75,0.04,0.79
1063769,RMA #LAKOM77W,33425548,MICHAEL TOMIZZA (L4M7H1MIC),6.00664E+15,2026-07-17,2026-07-17,3,0,Storage,0.15,0.01,0.16
1063774,RMA #KWKAKBZC,33399654,BENNY GUTTMAN (K1V9W9BEN),6.00664E+15,2026-07-17,2026-07-17,4,0,Returns,4.08,0.2,4.28
1063774,RMA #KWKAKBZC,33399654,BENNY GUTTMAN (K1V9W9BEN),6.00664E+15,2026-07-17,2026-07-17,4,0,Restock,1,0.05,1.05
1063774,RMA #KWKAKBZC,33399654,BENNY GUTTMAN (K1V9W9BEN),6.00664E+15,2026-07-17,2026-07-17,0,0,Service Center Labor,6.14,0.31,6.45
1063774,RMA #KWKAKBZC,33399654,BENNY GUTTMAN (K1V9W9BEN),6.00664E+15,2026-07-17,2026-07-17,4,0,Storage,0.2,0.01,0.21
1063779,RMA #CMP25CKV,33414316,ERIC TREMBLAY (G3K0W7ERI),6.00664E+15,2026-07-17,2026-07-17,0,0,Service Center Labor,2.36,0.12,2.48
1063779,RMA #CMP25CKV,33414316,ERIC TREMBLAY (G3K0W7ERI),6.00664E+15,2026-07-17,2026-07-17,1,0,Returns,2.07,0.1,2.17
1063779,RMA #CMP25CKV,33414316,ERIC TREMBLAY (G3K0W7ERI),6.00664E+15,2026-07-17,2026-07-17,1,0,Restock,0.25,0.01,0.26
1063779,RMA #CMP25CKV,33414316,ERIC TREMBLAY (G3K0W7ERI),6.00664E+15,2026-07-17,2026-07-17,1,0,Storage,0.05,0,0.05
1063780,RMA #52EF2HOI,33418885,ALEXANDER BECKER (H3E1X5ALE),6.00664E+15,2026-07-17,2026-07-17,1,0,Returns,2.07,0.1,2.17
1063780,RMA #52EF2HOI,33418885,ALEXANDER BECKER (H3E1X5ALE),6.00664E+15,2026-07-17,2026-07-17,1,0,Restock,0.25,0.01,0.26
1063780,RMA #52EF2HOI,33418885,ALEXANDER BECKER (H3E1X5ALE),6.00664E+15,2026-07-17,2026-07-17,0,0,Service Center Labor,2.36,0.12,2.48
1063780,RMA #52EF2HOI,33418885,ALEXANDER BECKER (H3E1X5ALE),6.00664E+15,2026-07-17,2026-07-17,1,0,Storage,0.05,0,0.05
1063783,RMA #GYH3RVWV,33421506,MARLEY HANRAHAN (T0H3N0MAR),6.00664E+15,2026-07-17,2026-07-17,1,0,Returns,2.07,0.1,2.17
1063783,RMA #GYH3RVWV,33421506,MARLEY HANRAHAN (T0H3N0MAR),6.00664E+15,2026-07-17,2026-07-17,0,0,Service Center Labor,2.36,0.12,2.48
1063783,RMA #GYH3RVWV,33421506,MARLEY HANRAHAN (T0H3N0MAR),6.00664E+15,2026-07-17,2026-07-17,1,0,Restock,0.25,0.01,0.26
1063783,RMA #GYH3RVWV,33421506,MARLEY HANRAHAN (T0H3N0MAR),6.00664E+15,2026-07-17,2026-07-17,1,0,Storage,0.05,0,0.05
1063786,RMA #ZBJH3P24,33443549,SUVINA D MAH (V6G1Z2SUV),6.00664E+15,2026-07-17,2026-07-17,2,0,Returns,2.74,0.14,2.88
1063786,RMA #ZBJH3P24,33443549,SUVINA D MAH (V6G1Z2SUV),6.00664E+15,2026-07-17,2026-07-17,2,0,Restock,0.5,0.03,0.53
1063786,RMA #ZBJH3P24,33443549,SUVINA D MAH (V6G1Z2SUV),6.00664E+15,2026-07-17,2026-07-17,0,0,Service Center Labor,3.78,0.19,3.97
1063786,RMA #ZBJH3P24,33443549,SUVINA D MAH (V6G1Z2SUV),6.00664E+15,2026-07-17,2026-07-17,2,0,Storage,0.1,0.01,0.11
1063787,RMA #2MEOGBBT,33420103,GUYLAINE ARBOUR (H2C2H6GUY),6.00664E+15,2026-07-17,2026-07-17,0,0,Service Center Labor,2.36,0.12,2.48
1063787,RMA #2MEOGBBT,33420103,GUYLAINE ARBOUR (H2C2H6GUY),6.00664E+15,2026-07-17,2026-07-17,1,0,Returns,2.07,0.1,2.17
1063787,RMA #2MEOGBBT,33420103,GUYLAINE ARBOUR (H2C2H6GUY),6.00664E+15,2026-07-17,2026-07-17,1,0,Restock,0.25,0.01,0.26
1063787,RMA #2MEOGBBT,33420103,GUYLAINE ARBOUR (H2C2H6GUY),6.00664E+15,2026-07-17,2026-07-17,1,0,Storage,0.05,0,0.05
1063792,RMA #IYKV4UEB,33320407,EDEN SINCLAIR (S0G3N0EDE),6.00664E+15,2026-07-17,2026-07-17,1,0,Returns,2.07,0.1,2.17
1063792,RMA #IYKV4UEB,33320407,EDEN SINCLAIR (S0G3N0EDE),6.00664E+15,2026-07-17,2026-07-17,1,0,Restock,0.25,0.01,0.26
1063792,RMA #IYKV4UEB,33320407,EDEN SINCLAIR (S0G3N0EDE),6.00664E+15,2026-07-17,2026-07-17,0,0,Service Center Labor,2.36,0.12,2.48
1063792,RMA #IYKV4UEB,33320407,EDEN SINCLAIR (S0G3N0EDE),6.00664E+15,2026-07-17,2026-07-17,1,0,Storage,0.05,0,0.05
1063793,RMA #ZFZ0G7NG,33413082,LINDSAY JOLIVET (M5J2V5LIN),7.92527E+11,2026-07-17,2026-07-17,0,0,Service Center Labor,2.36,0.12,2.48
1063793,RMA #ZFZ0G7NG,33413082,LINDSAY JOLIVET (M5J2V5LIN),7.92527E+11,2026-07-17,2026-07-17,1,0,Restock,0.25,0.01,0.26
1063793,RMA #ZFZ0G7NG,33413082,LINDSAY JOLIVET (M5J2V5LIN),7.92527E+11,2026-07-17,2026-07-17,1,0,Returns,2.07,0.1,2.17
1063793,RMA #ZFZ0G7NG,33413082,LINDSAY JOLIVET (M5J2V5LIN),7.92527E+11,2026-07-17,2026-07-17,1,0,Storage,0.05,0,0.05
1063796,RMA #JPE7EL4J,33358948,ALLISON JACOBS (A1N1T6ALL),6.00664E+15,2026-07-17,2026-07-17,1,0,Returns,2.07,0.1,2.17
1063796,RMA #JPE7EL4J,33358948,ALLISON JACOBS (A1N1T6ALL),6.00664E+15,2026-07-17,2026-07-17,1,0,Restock,0.25,0.01,0.26
1063796,RMA #JPE7EL4J,33358948,ALLISON JACOBS (A1N1T6ALL),6.00664E+15,2026-07-17,2026-07-17,0,0,Service Center Labor,1.42,0.07,1.49
1063796,RMA #JPE7EL4J,33358948,ALLISON JACOBS (A1N1T6ALL),6.00664E+15,2026-07-17,2026-07-17,1,0,Storage,0.05,0,0.05
1063799,RMA #S8XEN1PA,33460400,THIERRY DUCHARME (J3V2K4THI),7.92537E+11,2026-07-17,2026-07-17,1,0,Restock,0.25,0.01,0.26
1063799,RMA #S8XEN1PA,33460400,THIERRY DUCHARME (J3V2K4THI),7.92537E+11,2026-07-17,2026-07-17,0,0,Service Center Labor,2.36,0.12,2.48
1063799,RMA #S8XEN1PA,33460400,THIERRY DUCHARME (J3V2K4THI),7.92537E+11,2026-07-17,2026-07-17,1,0,Returns,2.07,0.1,2.17
1063799,RMA #S8XEN1PA,33460400,THIERRY DUCHARME (J3V2K4THI),7.92537E+11,2026-07-17,2026-07-17,1,0,Storage,0.05,0,0.05
1063800,RMA #6XUISOAH,33405993,NICOLE CONNORS (N1E0R9NIC),6.00664E+15,2026-07-17,2026-07-17,0,0,Service Center Labor,4.73,0.24,4.97
1063800,RMA #6XUISOAH,33405993,NICOLE CONNORS (N1E0R9NIC),6.00664E+15,2026-07-17,2026-07-17,3,0,Restock,0.75,0.04,0.79
1063800,RMA #6XUISOAH,33405993,NICOLE CONNORS (N1E0R9NIC),6.00664E+15,2026-07-17,2026-07-17,3,0,Returns,3.41,0.17,3.58
1063800,RMA #6XUISOAH,33405993,NICOLE CONNORS (N1E0R9NIC),6.00664E+15,2026-07-17,2026-07-17,3,0,Storage,0.15,0.01,0.16
1063819,RMA #36MSMUJ2,33406400,BRIGETTE HOFMANN (S7J2T5BRI),6.00664E+15,2026-07-17,2026-07-17,2,0,Returns,2.74,0.14,2.88
1063819,RMA #36MSMUJ2,33406400,BRIGETTE HOFMANN (S7J2T5BRI),6.00664E+15,2026-07-17,2026-07-17,0,0,Service Center Labor,3.31,0.17,3.48
1063819,RMA #36MSMUJ2,33406400,BRIGETTE HOFMANN (S7J2T5BRI),6.00664E+15,2026-07-17,2026-07-17,2,0,Restock,0.5,0.03,0.53
1063819,RMA #36MSMUJ2,33406400,BRIGETTE HOFMANN (S7J2T5BRI),6.00664E+15,2026-07-17,2026-07-17,2,0,Storage,0.1,0.01,0.11
1063824,RMA #OQYBT1W7,33459080,TEAGAN RUSSELL (V9R6H7TEA),6.00664E+15,2026-07-17,2026-07-17,1,0,Returns,2.07,0.1,2.17
1063824,RMA #OQYBT1W7,33459080,TEAGAN RUSSELL (V9R6H7TEA),6.00664E+15,2026-07-17,2026-07-17,0,0,Service Center Labor,2.36,0.12,2.48
1063824,RMA #OQYBT1W7,33459080,TEAGAN RUSSELL (V9R6H7TEA),6.00664E+15,2026-07-17,2026-07-17,1,0,Restock,0.25,0.01,0.26
1063824,RMA #OQYBT1W7,33459080,TEAGAN RUSSELL (V9R6H7TEA),6.00664E+15,2026-07-17,2026-07-17,1,0,Storage,0.05,0,0.05
1063825,RMA #RUZEWX3T,33473505,GERMAIN THEIR (G1Y2J9GER),7.92542E+11,2026-07-17,2026-07-17,1,0,Restock,0.25,0.01,0.26
1063825,RMA #RUZEWX3T,33473505,GERMAIN THEIR (G1Y2J9GER),7.92542E+11,2026-07-17,2026-07-17,1,0,Returns,2.07,0.1,2.17
1063825,RMA #RUZEWX3T,33473505,GERMAIN THEIR (G1Y2J9GER),7.92542E+11,2026-07-17,2026-07-17,0,0,Service Center Labor,2.36,0.12,2.48
1063825,RMA #RUZEWX3T,33473505,GERMAIN THEIR (G1Y2J9GER),7.92542E+11,2026-07-17,2026-07-17,1,0,Storage,0.05,0,0.05
1063826,RMA #KMZ2ZMGS,33257363,KELLY REGER (N3B1L9KEL),7.92479E+11,2026-07-17,2026-07-17,0,0,Service Center Labor,2.36,0.12,2.48
1063826,RMA #KMZ2ZMGS,33257363,KELLY REGER (N3B1L9KEL),7.92479E+11,2026-07-17,2026-07-17,1,0,Returns,2.07,0.1,2.17
1063826,RMA #KMZ2ZMGS,33257363,KELLY REGER (N3B1L9KEL),7.92479E+11,2026-07-17,2026-07-17,1,0,Restock,0.25,0.01,0.26
1063826,RMA #KMZ2ZMGS,33257363,KELLY REGER (N3B1L9KEL),7.92479E+11,2026-07-17,2026-07-17,1,0,Storage,0.05,0,0.05
1063827,RMA #OFSFG73J,33409860,JENNIFER SMOLDERS (M8V2Z4JEN),6.00664E+15,2026-07-17,2026-07-17,1,0,Returns,2.07,0.1,2.17
1063827,RMA #OFSFG73J,33409860,JENNIFER SMOLDERS (M8V2Z4JEN),6.00664E+15,2026-07-17,2026-07-17,1,0,Restock,0.25,0.01,0.26
1063827,RMA #OFSFG73J,33409860,JENNIFER SMOLDERS (M8V2Z4JEN),6.00664E+15,2026-07-17,2026-07-17,0,0,Service Center Labor,1.42,0.07,1.49
1063827,RMA #OFSFG73J,33409860,JENNIFER SMOLDERS (M8V2Z4JEN),6.00664E+15,2026-07-17,2026-07-17,1,0,Storage,0.05,0,0.05
1063828,RMA #NEX9KVQY,33427285,MIKE REDSTON (V5W1C5MIK),7.92532E+11,2026-07-17,2026-07-17,2,0,Restock,0.5,0.03,0.53
1063828,RMA #NEX9KVQY,33427285,MIKE REDSTON (V5W1C5MIK),7.92532E+11,2026-07-17,2026-07-17,0,0,Service Center Labor,3.31,0.17,3.48
1063828,RMA #NEX9KVQY,33427285,MIKE REDSTON (V5W1C5MIK),7.92532E+11,2026-07-17,2026-07-17,2,0,Returns,2.74,0.14,2.88
1063828,RMA #NEX9KVQY,33427285,MIKE REDSTON (V5W1C5MIK),7.92532E+11,2026-07-17,2026-07-17,2,0,Storage,0.1,0.01,0.11
1063829,RMA #Y47J530P,33319508,ANNIK CHEVALLEY (K0C1W0ANN),6.00664E+15,2026-07-17,2026-07-17,0,0,Service Center Labor,4.73,0.24,4.97
1063829,RMA #Y47J530P,33319508,ANNIK CHEVALLEY (K0C1W0ANN),6.00664E+15,2026-07-17,2026-07-17,3,0,Returns,3.41,0.17,3.58
1063829,RMA #Y47J530P,33319508,ANNIK CHEVALLEY (K0C1W0ANN),6.00664E+15,2026-07-17,2026-07-17,1,0,Shop Supplies,0.16,0.01,0.17
1063829,RMA #Y47J530P,33319508,ANNIK CHEVALLEY (K0C1W0ANN),6.00664E+15,2026-07-17,2026-07-17,3,0,Restock,0.75,0.04,0.79
1063829,RMA #Y47J530P,33319508,ANNIK CHEVALLEY (K0C1W0ANN),6.00664E+15,2026-07-17,2026-07-17,3,0,Storage,0.15,0.01,0.16
1063830,RMA #L849AM96,33463698,SUMAN MELVILLE (V7V4J3SUM),7.92539E+11,2026-07-17,2026-07-17,0,0,Service Center Labor,2.36,0.12,2.48
1063830,RMA #L849AM96,33463698,SUMAN MELVILLE (V7V4J3SUM),7.92539E+11,2026-07-17,2026-07-17,1,0,Returns,2.07,0.1,2.17
1063830,RMA #L849AM96,33463698,SUMAN MELVILLE (V7V4J3SUM),7.92539E+11,2026-07-17,2026-07-17,1,0,Restock,0.25,0.01,0.26
1063830,RMA #L849AM96,33463698,SUMAN MELVILLE (V7V4J3SUM),7.92539E+11,2026-07-17,2026-07-17,1,0,Storage,0.05,0,0.05
1063833,RMA #ZV0RRMTE,33312318,JENNIFER SMITH (R2W0G3JEN),7.92494E+11,2026-07-17,2026-07-17,1,0,Restock,0.25,0.01,0.26
1063833,RMA #ZV0RRMTE,33312318,JENNIFER SMITH (R2W0G3JEN),7.92494E+11,2026-07-17,2026-07-17,0,0,Service Center Labor,1.42,0.07,1.49
1063833,RMA #ZV0RRMTE,33312318,JENNIFER SMITH (R2W0G3JEN),7.92494E+11,2026-07-17,2026-07-17,1,0,Returns,2.07,0.1,2.17
1063833,RMA #ZV0RRMTE,33312318,JENNIFER SMITH (R2W0G3JEN),7.92494E+11,2026-07-17,2026-07-17,1,0,Storage,0.05,0,0.05
1063834,RMA #LKKPC4K3,33232367,HEATHER PIERCE (N1L1T4HEA),6.00664E+15,2026-07-17,2026-07-17,0,0,Service Center Labor,2.36,0.12,2.48
1063834,RMA #LKKPC4K3,33232367,HEATHER PIERCE (N1L1T4HEA),6.00664E+15,2026-07-17,2026-07-17,1,0,Restock,0.25,0.01,0.26
1063834,RMA #LKKPC4K3,33232367,HEATHER PIERCE (N1L1T4HEA),6.00664E+15,2026-07-17,2026-07-17,1,0,Returns,2.07,0.1,2.17
1063834,RMA #LKKPC4K3,33232367,HEATHER PIERCE (N1L1T4HEA),6.00664E+15,2026-07-17,2026-07-17,1,0,Storage,0.05,0,0.05
1063835,RMA #NUO5RGWB,32853028,NANCY FONTAINE (G0W1R0NAN),7.92359E+11,2026-07-17,2026-07-17,1,0,Restock,0.25,0.01,0.26
1063835,RMA #NUO5RGWB,32853028,NANCY FONTAINE (G0W1R0NAN),7.92359E+11,2026-07-17,2026-07-17,0,0,Service Center Labor,2.36,0.12,2.48
1063835,RMA #NUO5RGWB,32853028,NANCY FONTAINE (G0W1R0NAN),7.92359E+11,2026-07-17,2026-07-17,1,0,Returns,2.07,0.1,2.17
1063835,RMA #NUO5RGWB,32853028,NANCY FONTAINE (G0W1R0NAN),7.92359E+11,2026-07-17,2026-07-17,1,0,Storage,0.05,0,0.05
1064294,RMA #KZI7CIQJ,,KELLY EDMONDS (T2J5B6KEL),6.00664E+15,2026-07-20,2026-07-20,2,0,Returns,2.74,0.14,2.88
1064294,RMA #KZI7CIQJ,,KELLY EDMONDS (T2J5B6KEL),6.00664E+15,2026-07-20,2026-07-20,2,0,Restock,0.5,0.03,0.53
1064294,RMA #KZI7CIQJ,,KELLY EDMONDS (T2J5B6KEL),6.00664E+15,2026-07-20,2026-07-20,0,0,Service Center Labor,3.31,0.17,3.48
1064294,RMA #KZI7CIQJ,,KELLY EDMONDS (T2J5B6KEL),6.00664E+15,2026-07-20,2026-07-20,2,0,Storage,0.1,0.01,0.11
1064298,RMA #GADRWOR4,,JONI OWEN (V8A5L3JON),7.924E+11,2026-07-20,2026-07-20,1,0,Returns,2.07,0.1,2.17
1064298,RMA #GADRWOR4,,JONI OWEN (V8A5L3JON),7.924E+11,2026-07-20,2026-07-20,0,0,Service Center Labor,2.36,0.12,2.48
1064298,RMA #GADRWOR4,,JONI OWEN (V8A5L3JON),7.924E+11,2026-07-20,2026-07-20,1,0,Restock,0.25,0.01,0.26
1064298,RMA #GADRWOR4,,JONI OWEN (V8A5L3JON),7.924E+11,2026-07-20,2026-07-20,1,0,Storage,0.05,0,0.05
1064299,RMA #5BTK57FA,,NICOLE AND BEN FERRARO (R3P2H2NIC),6.00664E+15,2026-07-20,2026-07-20,2,0,Returns,2.74,0.14,2.88
1064299,RMA #5BTK57FA,,NICOLE AND BEN FERRARO (R3P2H2NIC),6.00664E+15,2026-07-20,2026-07-20,2,0,Restock,0.5,0.03,0.53
1064299,RMA #5BTK57FA,,NICOLE AND BEN FERRARO (R3P2H2NIC),6.00664E+15,2026-07-20,2026-07-20,1,0,Shop Supplies,0.16,0.01,0.17
1064299,RMA #5BTK57FA,,NICOLE AND BEN FERRARO (R3P2H2NIC),6.00664E+15,2026-07-20,2026-07-20,0,0,Service Center Labor,3.78,0.19,3.97
1064299,RMA #5BTK57FA,,NICOLE AND BEN FERRARO (R3P2H2NIC),6.00664E+15,2026-07-20,2026-07-20,2,0,Storage,0.1,0.01,0.11
1064301,RMA #8G602ZHU,,LOUISE PARENT (V0N1V9LOU),6.00664E+15,2026-07-20,2026-07-20,1,0,Restock,0.25,0.01,0.26
1064301,RMA #8G602ZHU,,LOUISE PARENT (V0N1V9LOU),6.00664E+15,2026-07-20,2026-07-20,0,0,Service Center Labor,2.36,0.12,2.48
1064301,RMA #8G602ZHU,,LOUISE PARENT (V0N1V9LOU),6.00664E+15,2026-07-20,2026-07-20,1,0,Returns,2.07,0.1,2.17
1064301,RMA #8G602ZHU,,LOUISE PARENT (V0N1V9LOU),6.00664E+15,2026-07-20,2026-07-20,1,0,Storage,0.05,0,0.05
1064636,RMA #17TQ1GFQ,33329141,ERICA WASSINK (L1B0A9ERI),6.00664E+15,2026-07-21,2026-07-21,0,0,Service Center Labor,2.36,0.12,2.48
1064636,RMA #17TQ1GFQ,33329141,ERICA WASSINK (L1B0A9ERI),6.00664E+15,2026-07-21,2026-07-21,1,0,Returns,2.07,0.1,2.17
1064636,RMA #17TQ1GFQ,33329141,ERICA WASSINK (L1B0A9ERI),6.00664E+15,2026-07-21,2026-07-21,1,0,Restock,0.25,0.01,0.26
1064636,RMA #17TQ1GFQ,33329141,ERICA WASSINK (L1B0A9ERI),6.00664E+15,2026-07-21,2026-07-21,1,0,Storage,0.05,0,0.05
1064641,RMA #7TLXXI4E,33471737,JENNA PARKER (T9M1P5JEN),6.00664E+15,2026-07-21,2026-07-21,2,0,Returns,2.74,0.14,2.88
1064641,RMA #7TLXXI4E,33471737,JENNA PARKER (T9M1P5JEN),6.00664E+15,2026-07-21,2026-07-21,2,0,Restock,0.5,0.03,0.53
1064641,RMA #7TLXXI4E,33471737,JENNA PARKER (T9M1P5JEN),6.00664E+15,2026-07-21,2026-07-21,0,0,Service Center Labor,3.31,0.17,3.48
1064641,RMA #7TLXXI4E,33471737,JENNA PARKER (T9M1P5JEN),6.00664E+15,2026-07-21,2026-07-21,2,0,Storage,0.1,0.01,0.11
1064645,RMA #K105I99R,33486789,CHRISTINE MCKENNA (T1W2C4CHR),6.00664E+15,2026-07-21,2026-07-21,0,0,Service Center Labor,3.78,0.19,3.97
1064645,RMA #K105I99R,33486789,CHRISTINE MCKENNA (T1W2C4CHR),6.00664E+15,2026-07-21,2026-07-21,1,0,Shop Supplies,0.16,0.01,0.17
1064645,RMA #K105I99R,33486789,CHRISTINE MCKENNA (T1W2C4CHR),6.00664E+15,2026-07-21,2026-07-21,2,0,Returns,2.74,0.14,2.88
1064645,RMA #K105I99R,33486789,CHRISTINE MCKENNA (T1W2C4CHR),6.00664E+15,2026-07-21,2026-07-21,2,0,Restock,0.5,0.03,0.53
1064645,RMA #K105I99R,33486789,CHRISTINE MCKENNA (T1W2C4CHR),6.00664E+15,2026-07-21,2026-07-21,2,0,Storage,0.1,0.01,0.11
1064649,RMA #JYZ5TFLG,33493019,NATALIA SILLS (V4A6C7NAT),6.00664E+15,2026-07-21,2026-07-21,2,0,Returns,2.74,0.14,2.88
1064649,RMA #JYZ5TFLG,33493019,NATALIA SILLS (V4A6C7NAT),6.00664E+15,2026-07-21,2026-07-21,2,0,Restock,0.5,0.03,0.53
1064649,RMA #JYZ5TFLG,33493019,NATALIA SILLS (V4A6C7NAT),6.00664E+15,2026-07-21,2026-07-21,0,0,Service Center Labor,4.73,0.24,4.97
1064649,RMA #JYZ5TFLG,33493019,NATALIA SILLS (V4A6C7NAT),6.00664E+15,2026-07-21,2026-07-21,2,0,Storage,0.1,0.01,0.11
1064654,RMA #MAC83ORP,33420403,YVAN BERNIER (G0Y1M0YVA),6.00664E+15,2026-07-21,2026-07-21,2,0,Restock,0.5,0.03,0.53
1064654,RMA #MAC83ORP,33420403,YVAN BERNIER (G0Y1M0YVA),6.00664E+15,2026-07-21,2026-07-21,2,0,Returns,2.74,0.14,2.88
1064654,RMA #MAC83ORP,33420403,YVAN BERNIER (G0Y1M0YVA),6.00664E+15,2026-07-21,2026-07-21,0,0,Service Center Labor,3.31,0.17,3.48
1064654,RMA #MAC83ORP,33420403,YVAN BERNIER (G0Y1M0YVA),6.00664E+15,2026-07-21,2026-07-21,2,0,Storage,0.1,0.01,0.11
1064658,RMA #QFOGI0KK,33501377,MERYN BOWEN (V7P3A7MER),6.00664E+15,2026-07-21,2026-07-21,0,0,Service Center Labor,2.36,0.12,2.48
1064658,RMA #QFOGI0KK,33501377,MERYN BOWEN (V7P3A7MER),6.00664E+15,2026-07-21,2026-07-21,1,0,Returns,2.07,0.1,2.17
1064658,RMA #QFOGI0KK,33501377,MERYN BOWEN (V7P3A7MER),6.00664E+15,2026-07-21,2026-07-21,1,0,Restock,0.25,0.01,0.26
1064658,RMA #QFOGI0KK,33501377,MERYN BOWEN (V7P3A7MER),6.00664E+15,2026-07-21,2026-07-21,1,0,Storage,0.05,0,0.05
1064660,RMA #1VMWBR36,33320607,LARYSA ESSLEMONT (T7X0M2LAR),6.00664E+15,2026-07-21,2026-07-21,0,0,Service Center Labor,2.36,0.12,2.48
1064660,RMA #1VMWBR36,33320607,LARYSA ESSLEMONT (T7X0M2LAR),6.00664E+15,2026-07-21,2026-07-21,1,0,Restock,0.25,0.01,0.26
1064660,RMA #1VMWBR36,33320607,LARYSA ESSLEMONT (T7X0M2LAR),6.00664E+15,2026-07-21,2026-07-21,1,0,Returns,2.07,0.1,2.17
1064660,RMA #1VMWBR36,33320607,LARYSA ESSLEMONT (T7X0M2LAR),6.00664E+15,2026-07-21,2026-07-21,1,0,Storage,0.05,0,0.05
1064664,RMA #XI4VWF8X,33459682,DEBORAH VAN DYK (K2H0A2DEB),6.00664E+15,2026-07-21,2026-07-21,0,0,Service Center Labor,2.36,0.12,2.48
1064664,RMA #XI4VWF8X,33459682,DEBORAH VAN DYK (K2H0A2DEB),6.00664E+15,2026-07-21,2026-07-21,1,0,Returns,2.07,0.1,2.17
1064664,RMA #XI4VWF8X,33459682,DEBORAH VAN DYK (K2H0A2DEB),6.00664E+15,2026-07-21,2026-07-21,1,0,Restock,0.25,0.01,0.26
1064664,RMA #XI4VWF8X,33459682,DEBORAH VAN DYK (K2H0A2DEB),6.00664E+15,2026-07-21,2026-07-21,1,0,Storage,0.05,0,0.05
1064668,RMA #TJI66G3H,33486788,MEAG SOROKA (T4S2M5MEA),7.92546E+11,2026-07-21,2026-07-21,0,0,Service Center Labor,3.31,0.17,3.48
1064668,RMA #TJI66G3H,33486788,MEAG SOROKA (T4S2M5MEA),7.92546E+11,2026-07-21,2026-07-21,1,0,Returns,2.07,0.1,2.17
1064668,RMA #TJI66G3H,33486788,MEAG SOROKA (T4S2M5MEA),7.92546E+11,2026-07-21,2026-07-21,1,0,Restock,0.25,0.01,0.26
1064668,RMA #TJI66G3H,33486788,MEAG SOROKA (T4S2M5MEA),7.92546E+11,2026-07-21,2026-07-21,1,0,Storage,0.05,0,0.05
1064673,RMA #61DYDF8Y,33213860,YVETTE SCHOLING (V2R3W7YVE),6.00664E+15,2026-07-21,2026-07-21,0,0,Service Center Labor,3.31,0.17,3.48
1064673,RMA #61DYDF8Y,33213860,YVETTE SCHOLING (V2R3W7YVE),6.00664E+15,2026-07-21,2026-07-21,1,0,Returns,2.07,0.1,2.17
1064673,RMA #61DYDF8Y,33213860,YVETTE SCHOLING (V2R3W7YVE),6.00664E+15,2026-07-21,2026-07-21,1,0,Restock,0.25,0.01,0.26
1064673,RMA #61DYDF8Y,33213860,YVETTE SCHOLING (V2R3W7YVE),6.00664E+15,2026-07-21,2026-07-21,1,0,Storage,0.05,0,0.05
1064674,RMA #E2OU2XFI,33461548,COLIN AMBROSE (R3M0N9COL),7.92538E+11,2026-07-21,2026-07-21,1,0,Returns,2.07,0.1,2.17
1064674,RMA #E2OU2XFI,33461548,COLIN AMBROSE (R3M0N9COL),7.92538E+11,2026-07-21,2026-07-21,1,0,Restock,0.25,0.01,0.26
1064674,RMA #E2OU2XFI,33461548,COLIN AMBROSE (R3M0N9COL),7.92538E+11,2026-07-21,2026-07-21,0,0,Service Center Labor,2.36,0.12,2.48
1064674,RMA #E2OU2XFI,33461548,COLIN AMBROSE (R3M0N9COL),7.92538E+11,2026-07-21,2026-07-21,1,0,Storage,0.05,0,0.05
1064677,RMA #OQ0RGN4Z,33410864,JENNIFER KEALY (V9J1V3JEN),7.92526E+11,2026-07-21,2026-07-21,3,0,Returns,3.41,0.17,3.58
1064677,RMA #OQ0RGN4Z,33410864,JENNIFER KEALY (V9J1V3JEN),7.92526E+11,2026-07-21,2026-07-21,3,0,Restock,0.75,0.04,0.79
1064677,RMA #OQ0RGN4Z,33410864,JENNIFER KEALY (V9J1V3JEN),7.92526E+11,2026-07-21,2026-07-21,0,0,Service Center Labor,6.14,0.31,6.45
1064677,RMA #OQ0RGN4Z,33410864,JENNIFER KEALY (V9J1V3JEN),7.92526E+11,2026-07-21,2026-07-21,3,0,Storage,0.15,0.01,0.16
1064683,RMA #DTIQG4BS,33367957,JANICE MORALES (T6W3Z5JAN),7.92513E+11,2026-07-21,2026-07-21,1,0,Returns,2.07,0.1,2.17
1064683,RMA #DTIQG4BS,33367957,JANICE MORALES (T6W3Z5JAN),7.92513E+11,2026-07-21,2026-07-21,1,0,Restock,0.25,0.01,0.26
1064683,RMA #DTIQG4BS,33367957,JANICE MORALES (T6W3Z5JAN),7.92513E+11,2026-07-21,2026-07-21,0,0,Service Center Labor,3.31,0.17,3.48
1064683,RMA #DTIQG4BS,33367957,JANICE MORALES (T6W3Z5JAN),7.92513E+11,2026-07-21,2026-07-21,1,0,Storage,0.05,0,0.05
1064684,RMA #H0SNC0KJ,33499336,ALEXANDRINE PROVENCHER (G6P3J2ALE),7.9255E+11,2026-07-21,2026-07-21,1,0,Returns,2.07,0.1,2.17
1064684,RMA #H0SNC0KJ,33499336,ALEXANDRINE PROVENCHER (G6P3J2ALE),7.9255E+11,2026-07-21,2026-07-21,0,0,Service Center Labor,2.36,0.12,2.48
1064684,RMA #H0SNC0KJ,33499336,ALEXANDRINE PROVENCHER (G6P3J2ALE),7.9255E+11,2026-07-21,2026-07-21,1,0,Restock,0.25,0.01,0.26
1064684,RMA #H0SNC0KJ,33499336,ALEXANDRINE PROVENCHER (G6P3J2ALE),7.9255E+11,2026-07-21,2026-07-21,1,0,Storage,0.05,0,0.05
1064687,RMA #PYTHWHOW,33474152,REGAN GRILL (V9K2P1REG),7.92542E+11,2026-07-21,2026-07-21,1,0,Restock,0.25,0.01,0.26
1064687,RMA #PYTHWHOW,33474152,REGAN GRILL (V9K2P1REG),7.92542E+11,2026-07-21,2026-07-21,0,0,Service Center Labor,2.36,0.12,2.48
1064687,RMA #PYTHWHOW,33474152,REGAN GRILL (V9K2P1REG),7.92542E+11,2026-07-21,2026-07-21,1,0,Returns,2.07,0.1,2.17
1064687,RMA #PYTHWHOW,33474152,REGAN GRILL (V9K2P1REG),7.92542E+11,2026-07-21,2026-07-21,1,0,Storage,0.05,0,0.05
1064691,RMA #UYY5IHKR,33505297,BAJI SHAIK (V3T0X2BAJ),7.92551E+11,2026-07-21,2026-07-21,1,0,Restock,0.25,0.01,0.26
1064691,RMA #UYY5IHKR,33505297,BAJI SHAIK (V3T0X2BAJ),7.92551E+11,2026-07-21,2026-07-21,1,0,Returns,2.07,0.1,2.17
1064691,RMA #UYY5IHKR,33505297,BAJI SHAIK (V3T0X2BAJ),7.92551E+11,2026-07-21,2026-07-21,0,0,Service Center Labor,2.36,0.12,2.48
1064691,RMA #UYY5IHKR,33505297,BAJI SHAIK (V3T0X2BAJ),7.92551E+11,2026-07-21,2026-07-21,1,0,Storage,0.05,0,0.05
1064695,RMA #9P2OMQBK,33471634,RENE SAVARD (G1S4E8REN),7.92541E+11,2026-07-21,2026-07-21,0,0,Service Center Labor,3.78,0.19,3.97
1064695,RMA #9P2OMQBK,33471634,RENE SAVARD (G1S4E8REN),7.92541E+11,2026-07-21,2026-07-21,2,0,Restock,0.5,0.03,0.53
1064695,RMA #9P2OMQBK,33471634,RENE SAVARD (G1S4E8REN),7.92541E+11,2026-07-21,2026-07-21,2,0,Returns,2.74,0.14,2.88
1064695,RMA #9P2OMQBK,33471634,RENE SAVARD (G1S4E8REN),7.92541E+11,2026-07-21,2026-07-21,2,0,Storage,0.1,0.01,0.11
1064697,RMA #Q85L6N3B,33413713,MARK LABUDA (L6M0S6MAR),6.00664E+15,2026-07-21,2026-07-21,3,0,Returns,3.41,0.17,3.58
1064697,RMA #Q85L6N3B,33413713,MARK LABUDA (L6M0S6MAR),6.00664E+15,2026-07-21,2026-07-21,0,0,Service Center Labor,6.14,0.31,6.45
1064697,RMA #Q85L6N3B,33413713,MARK LABUDA (L6M0S6MAR),6.00664E+15,2026-07-21,2026-07-21,3,0,Restock,0.75,0.04,0.79
1064697,RMA #Q85L6N3B,33413713,MARK LABUDA (L6M0S6MAR),6.00664E+15,2026-07-21,2026-07-21,3,0,Storage,0.15,0.01,0.16
1064700,RMA #0HMO5RBR,33385655,ALICE THIRION (H1X3K6ALI),6.00664E+15,2026-07-21,2026-07-21,0,0,Service Center Labor,2.36,0.12,2.48
1064700,RMA #0HMO5RBR,33385655,ALICE THIRION (H1X3K6ALI),6.00664E+15,2026-07-21,2026-07-21,1,0,Returns,2.07,0.1,2.17
1064700,RMA #0HMO5RBR,33385655,ALICE THIRION (H1X3K6ALI),6.00664E+15,2026-07-21,2026-07-21,1,0,Restock,0.25,0.01,0.26
1064700,RMA #0HMO5RBR,33385655,ALICE THIRION (H1X3K6ALI),6.00664E+15,2026-07-21,2026-07-21,1,0,Storage,0.05,0,0.05
1064701,RMA #PW7BAO9D,33451025,RYAN FITZGERALD (M8X1P8RYA),6.00664E+15,2026-07-21,2026-07-21,1,0,Restock,0.25,0.01,0.26
1064701,RMA #PW7BAO9D,33451025,RYAN FITZGERALD (M8X1P8RYA),6.00664E+15,2026-07-21,2026-07-21,0,0,Service Center Labor,2.36,0.12,2.48
1064701,RMA #PW7BAO9D,33451025,RYAN FITZGERALD (M8X1P8RYA),6.00664E+15,2026-07-21,2026-07-21,1,0,Returns,2.07,0.1,2.17
1064701,RMA #PW7BAO9D,33451025,RYAN FITZGERALD (M8X1P8RYA),6.00664E+15,2026-07-21,2026-07-21,1,0,Storage,0.05,0,0.05
1065115,RMA #PEICSINT,33427286,FRANCIS TAMEN  (S4T1M3FRA),6.00664E+15,2026-07-22,2026-07-22,1,0,Returns,2.07,0.1,2.17
1065115,RMA #PEICSINT,33427286,FRANCIS TAMEN  (S4T1M3FRA),6.00664E+15,2026-07-22,2026-07-22,0,0,Service Center Labor,2.36,0.12,2.48
1065115,RMA #PEICSINT,33427286,FRANCIS TAMEN  (S4T1M3FRA),6.00664E+15,2026-07-22,2026-07-22,1,0,Restock,0.25,0.01,0.26
1065115,RMA #PEICSINT,33427286,FRANCIS TAMEN  (S4T1M3FRA),6.00664E+15,2026-07-22,2026-07-22,1,0,Storage,0.05,0,0.05
1065120,RMA #6V39R093,33536980,JESSICA OWEN (V4V2B9JES),6.00664E+15,2026-07-22,2026-07-22,0,0,Service Center Labor,6.14,0.31,6.45
1065120,RMA #6V39R093,33536980,JESSICA OWEN (V4V2B9JES),6.00664E+15,2026-07-22,2026-07-22,3,0,Returns,3.41,0.17,3.58
1065120,RMA #6V39R093,33536980,JESSICA OWEN (V4V2B9JES),6.00664E+15,2026-07-22,2026-07-22,3,0,Restock,0.75,0.04,0.79
1065120,RMA #6V39R093,33536980,JESSICA OWEN (V4V2B9JES),6.00664E+15,2026-07-22,2026-07-22,3,0,Storage,0.15,0.01,0.16
1065122,RMA #JKO5SR7U,33459681,AMANDA RICO (K0M1S0AMA),6.00664E+15,2026-07-22,2026-07-22,1,0,Restock,0.25,0.01,0.26
1065122,RMA #JKO5SR7U,33459681,AMANDA RICO (K0M1S0AMA),6.00664E+15,2026-07-22,2026-07-22,1,0,Returns,2.07,0.1,2.17
1065122,RMA #JKO5SR7U,33459681,AMANDA RICO (K0M1S0AMA),6.00664E+15,2026-07-22,2026-07-22,0,0,Service Center Labor,2.36,0.12,2.48
1065122,RMA #JKO5SR7U,33459681,AMANDA RICO (K0M1S0AMA),6.00664E+15,2026-07-22,2026-07-22,1,0,Storage,0.05,0,0.05
1065123,RMA #1VW1H075,33498260,BRENDAN PARSONS (V0G1Z0BRE),6.00664E+15,2026-07-22,2026-07-22,1,0,Restock,0.25,0.01,0.26
1065123,RMA #1VW1H075,33498260,BRENDAN PARSONS (V0G1Z0BRE),6.00664E+15,2026-07-22,2026-07-22,0,0,Service Center Labor,2.36,0.12,2.48
1065123,RMA #1VW1H075,33498260,BRENDAN PARSONS (V0G1Z0BRE),6.00664E+15,2026-07-22,2026-07-22,1,0,Returns,2.07,0.1,2.17
1065123,RMA #1VW1H075,33498260,BRENDAN PARSONS (V0G1Z0BRE),6.00664E+15,2026-07-22,2026-07-22,1,0,Storage,0.05,0,0.05
1065124,RMA #GZHK5JSF,33343300,MARIE-PIER HAINEAULT (J7K3A2MAR),6.00664E+15,2026-07-22,2026-07-22,1,0,Returns,2.07,0.1,2.17
1065124,RMA #GZHK5JSF,33343300,MARIE-PIER HAINEAULT (J7K3A2MAR),6.00664E+15,2026-07-22,2026-07-22,0,0,Service Center Labor,2.36,0.12,2.48
1065124,RMA #GZHK5JSF,33343300,MARIE-PIER HAINEAULT (J7K3A2MAR),6.00664E+15,2026-07-22,2026-07-22,1,0,Restock,0.25,0.01,0.26
1065124,RMA #GZHK5JSF,33343300,MARIE-PIER HAINEAULT (J7K3A2MAR),6.00664E+15,2026-07-22,2026-07-22,1,0,Storage,0.05,0,0.05
1065125,RMA #ZOCEOHM8,33278731,WILLIAM DELMANTO (V3J0L3WIL),6.00664E+15,2026-07-22,2026-07-22,1,0,Returns,2.07,0.1,2.17
1065125,RMA #ZOCEOHM8,33278731,WILLIAM DELMANTO (V3J0L3WIL),6.00664E+15,2026-07-22,2026-07-22,1,0,Restock,0.25,0.01,0.26
1065125,RMA #ZOCEOHM8,33278731,WILLIAM DELMANTO (V3J0L3WIL),6.00664E+15,2026-07-22,2026-07-22,0,0,Service Center Labor,2.36,0.12,2.48
1065125,RMA #ZOCEOHM8,33278731,WILLIAM DELMANTO (V3J0L3WIL),6.00664E+15,2026-07-22,2026-07-22,1,0,Storage,0.05,0,0.05
1065126,RMA #EIQDXG6A,33291770,DIEGO BORJA (V3J2L1DIE),7.92491E+11,2026-07-22,2026-07-22,1,0,Restock,0.25,0.01,0.26
1065126,RMA #EIQDXG6A,33291770,DIEGO BORJA (V3J2L1DIE),7.92491E+11,2026-07-22,2026-07-22,0,0,Service Center Labor,2.36,0.12,2.48
1065126,RMA #EIQDXG6A,33291770,DIEGO BORJA (V3J2L1DIE),7.92491E+11,2026-07-22,2026-07-22,1,0,Returns,2.07,0.1,2.17
1065126,RMA #EIQDXG6A,33291770,DIEGO BORJA (V3J2L1DIE),7.92491E+11,2026-07-22,2026-07-22,1,0,Storage,0.05,0,0.05
1065254,4503911989,,JUBER MUNSHI / AVOLTA (V7B1W2HUD),8.73904E+11,2026-07-23,2026-07-23,0,0,Service Center Labor,8.03,0.4,8.43
1065254,4503911989,,JUBER MUNSHI / AVOLTA (V7B1W2HUD),8.73904E+11,2026-07-23,2026-07-23,10,0,Restock,2.5,0.13,2.63
1065254,4503911989,,JUBER MUNSHI / AVOLTA (V7B1W2HUD),8.73904E+11,2026-07-23,2026-07-23,10,0,Returns,8.1,0.41,8.51
1065254,4503911989,,JUBER MUNSHI / AVOLTA (V7B1W2HUD),8.73904E+11,2026-07-23,2026-07-23,10,0,Storage,0.5,0.03,0.53
1065290,RMA #2M3UIL9T,33489530,MARIE-ANDREE GIGUERE (H4G1H4MAR),6.00664E+15,2026-07-23,2026-07-23,1,0,Returns,2.07,0.1,2.17
1065290,RMA #2M3UIL9T,33489530,MARIE-ANDREE GIGUERE (H4G1H4MAR),6.00664E+15,2026-07-23,2026-07-23,1,0,Restock,0.25,0.01,0.26
1065290,RMA #2M3UIL9T,33489530,MARIE-ANDREE GIGUERE (H4G1H4MAR),6.00664E+15,2026-07-23,2026-07-23,0,0,Service Center Labor,3.31,0.17,3.48
1065290,RMA #2M3UIL9T,33489530,MARIE-ANDREE GIGUERE (H4G1H4MAR),6.00664E+15,2026-07-23,2026-07-23,1,0,Storage,0.05,0,0.05
1065297,RMA #FJJZTF7G,33508849,LAUREN SPRY 1152 (V0N2P0LAU),6.00664E+15,2026-07-23,2026-07-23,2,0,Returns,2.74,0.14,2.88
1065297,RMA #FJJZTF7G,33508849,LAUREN SPRY 1152 (V0N2P0LAU),6.00664E+15,2026-07-23,2026-07-23,2,0,Restock,0.5,0.03,0.53
1065297,RMA #FJJZTF7G,33508849,LAUREN SPRY 1152 (V0N2P0LAU),6.00664E+15,2026-07-23,2026-07-23,0,0,Service Center Labor,3.78,0.19,3.97
1065297,RMA #FJJZTF7G,33508849,LAUREN SPRY 1152 (V0N2P0LAU),6.00664E+15,2026-07-23,2026-07-23,2,0,Storage,0.1,0.01,0.11
1065310,RMA #ZKY8S3YR,33526217,NIKOLIJNE TROUBETZKOY (M5T3K7NIK),6.00664E+15,2026-07-23,2026-07-23,0,0,Service Center Labor,2.36,0.12,2.48
1065310,RMA #ZKY8S3YR,33526217,NIKOLIJNE TROUBETZKOY (M5T3K7NIK),6.00664E+15,2026-07-23,2026-07-23,1,0,Returns,2.07,0.1,2.17
1065310,RMA #ZKY8S3YR,33526217,NIKOLIJNE TROUBETZKOY (M5T3K7NIK),6.00664E+15,2026-07-23,2026-07-23,1,0,Restock,0.25,0.01,0.26
1065310,RMA #ZKY8S3YR,33526217,NIKOLIJNE TROUBETZKOY (M5T3K7NIK),6.00664E+15,2026-07-23,2026-07-23,1,0,Storage,0.05,0,0.05
1065311,RMA #F3FFOVO9,33441250,JILL STOKES (V8N4C8JIL),6.00664E+15,2026-07-23,2026-07-23,0,0,Service Center Labor,2.36,0.12,2.48
1065311,RMA #F3FFOVO9,33441250,JILL STOKES (V8N4C8JIL),6.00664E+15,2026-07-23,2026-07-23,1,0,Restock,0.25,0.01,0.26
1065311,RMA #F3FFOVO9,33441250,JILL STOKES (V8N4C8JIL),6.00664E+15,2026-07-23,2026-07-23,1,0,Returns,2.07,0.1,2.17
1065311,RMA #F3FFOVO9,33441250,JILL STOKES (V8N4C8JIL),6.00664E+15,2026-07-23,2026-07-23,1,0,Storage,0.05,0,0.05
1065314,RMA #HGJQUB4B,33501052,KAJAL MORRIS (V3L3Y2KAJ),6.00664E+15,2026-07-23,2026-07-23,1,0,Returns,2.07,0.1,2.17
1065314,RMA #HGJQUB4B,33501052,KAJAL MORRIS (V3L3Y2KAJ),6.00664E+15,2026-07-23,2026-07-23,0,0,Service Center Labor,2.36,0.12,2.48
1065314,RMA #HGJQUB4B,33501052,KAJAL MORRIS (V3L3Y2KAJ),6.00664E+15,2026-07-23,2026-07-23,1,0,Restock,0.25,0.01,0.26
1065314,RMA #HGJQUB4B,33501052,KAJAL MORRIS (V3L3Y2KAJ),6.00664E+15,2026-07-23,2026-07-23,1,0,Storage,0.05,0,0.05
1065558, RMA91321,,FAIRMONT BANFF SPRINGS (Manual),8.72258E+11,2026-07-24,2026-07-24,3,0,Returns,3.41,0.17,3.58
1065558, RMA91321,,FAIRMONT BANFF SPRINGS (Manual),8.72258E+11,2026-07-24,2026-07-24,3,0,Restock,0.75,0.04,0.79
1065558, RMA91321,,FAIRMONT BANFF SPRINGS (Manual),8.72258E+11,2026-07-24,2026-07-24,3,0,Storage,0.15,0.01,0.16
1065982,RMA #0MC5TL8F,33552722,ADAM COOKE (T8N2E1ADA),7.92565E+11,2026-07-27,2026-07-27,1,0,Returns,2.07,0.1,2.17
1065982,RMA #0MC5TL8F,33552722,ADAM COOKE (T8N2E1ADA),7.92565E+11,2026-07-27,2026-07-27,1,0,Restock,0.25,0.01,0.26
1065982,RMA #0MC5TL8F,33552722,ADAM COOKE (T8N2E1ADA),7.92565E+11,2026-07-27,2026-07-27,0,0,Service Center Labor,2.36,0.12,2.48
1065982,RMA #0MC5TL8F,33552722,ADAM COOKE (T8N2E1ADA),7.92565E+11,2026-07-27,2026-07-27,1,0,Storage,0.05,0,0.05
1052702,RMA #3IYRZREM,32967059,LORI LANDERS (R8N2A7LOR),6.00664E+15,2026-06-08,2026-07-27,1,0,Restock,0.25,0.01,0.26
1052702,RMA #3IYRZREM,32967059,LORI LANDERS (R8N2A7LOR),6.00664E+15,2026-06-08,2026-07-27,1,0,Returns,2.07,0.1,2.17
1052702,RMA #3IYRZREM,32967059,LORI LANDERS (R8N2A7LOR),6.00664E+15,2026-06-08,2026-07-27,1,0,Storage,0.05,0,0.05
1066009,RMA #QXG8QE2F,33503797,BILL WILSON (T1K6P9BIL),7.92551E+11,2026-07-27,2026-07-27,1,0,Restock,0.25,0.01,0.26
1066009,RMA #QXG8QE2F,33503797,BILL WILSON (T1K6P9BIL),7.92551E+11,2026-07-27,2026-07-27,0,0,Service Center Labor,2.36,0.12,2.48
1066009,RMA #QXG8QE2F,33503797,BILL WILSON (T1K6P9BIL),7.92551E+11,2026-07-27,2026-07-27,1,0,Returns,2.07,0.1,2.17
1066009,RMA #QXG8QE2F,33503797,BILL WILSON (T1K6P9BIL),7.92551E+11,2026-07-27,2026-07-27,1,0,Storage,0.05,0,0.05
1066011,RMA #432TSLJ8,33559860,REZZA ROMERO (V3W5R9RIZ),7.92568E+11,2026-07-27,2026-07-27,2,0,Restock,0.5,0.03,0.53
1066011,RMA #432TSLJ8,33559860,REZZA ROMERO (V3W5R9RIZ),7.92568E+11,2026-07-27,2026-07-27,2,0,Shop Supplies,0.32,0.02,0.34
1066011,RMA #432TSLJ8,33559860,REZZA ROMERO (V3W5R9RIZ),7.92568E+11,2026-07-27,2026-07-27,2,0,Returns,2.74,0.14,2.88
1066011,RMA #432TSLJ8,33559860,REZZA ROMERO (V3W5R9RIZ),7.92568E+11,2026-07-27,2026-07-27,0,0,Service Center Labor,3.78,0.19,3.97
1066011,RMA #432TSLJ8,33559860,REZZA ROMERO (V3W5R9RIZ),7.92568E+11,2026-07-27,2026-07-27,2,0,Storage,0.1,0.01,0.11
1066012,RMA #X2YQ6R65,33474983,TERESA MCWILLIAM (V8A3B1TER),7.92542E+11,2026-07-27,2026-07-27,1,0,Returns,2.07,0.1,2.17
1066012,RMA #X2YQ6R65,33474983,TERESA MCWILLIAM (V8A3B1TER),7.92542E+11,2026-07-27,2026-07-27,0,0,Service Center Labor,2.36,0.12,2.48
1066012,RMA #X2YQ6R65,33474983,TERESA MCWILLIAM (V8A3B1TER),7.92542E+11,2026-07-27,2026-07-27,1,0,Restock,0.25,0.01,0.26
1066012,RMA #X2YQ6R65,33474983,TERESA MCWILLIAM (V8A3B1TER),7.92542E+11,2026-07-27,2026-07-27,1,0,Storage,0.05,0,0.05
1066029,RMA #5JH28DOG,33441249,SARAH STEIN (T6E2E2SAR),6.00664E+15,2026-07-27,2026-07-27,1,0,Restock,0.25,0.01,0.26
1066029,RMA #5JH28DOG,33441249,SARAH STEIN (T6E2E2SAR),6.00664E+15,2026-07-27,2026-07-27,0,0,Service Center Labor,2.36,0.12,2.48
1066029,RMA #5JH28DOG,33441249,SARAH STEIN (T6E2E2SAR),6.00664E+15,2026-07-27,2026-07-27,1,0,Returns,2.07,0.1,2.17
1066029,RMA #5JH28DOG,33441249,SARAH STEIN (T6E2E2SAR),6.00664E+15,2026-07-27,2026-07-27,1,0,Storage,0.05,0,0.05
1066035,RMA #F3UZW7GT,33510782,SHERI MUNDRIK (S0E1A0SHE),6.00664E+15,2026-07-27,2026-07-27,0,0,Service Center Labor,2.36,0.12,2.48
1066035,RMA #F3UZW7GT,33510782,SHERI MUNDRIK (S0E1A0SHE),6.00664E+15,2026-07-27,2026-07-27,1,0,Restock,0.25,0.01,0.26
1066035,RMA #F3UZW7GT,33510782,SHERI MUNDRIK (S0E1A0SHE),6.00664E+15,2026-07-27,2026-07-27,1,0,Returns,2.07,0.1,2.17
1066035,RMA #F3UZW7GT,33510782,SHERI MUNDRIK (S0E1A0SHE),6.00664E+15,2026-07-27,2026-07-27,1,0,Storage,0.05,0,0.05
1066036,RMA #3SFNIGVR,33524622,LAURA NATUIK (R1C0C6LAU),6.00664E+15,2026-07-27,2026-07-27,1,0,Restock,0.25,0.01,0.26
1066036,RMA #3SFNIGVR,33524622,LAURA NATUIK (R1C0C6LAU),6.00664E+15,2026-07-27,2026-07-27,0,0,Service Center Labor,2.36,0.12,2.48
1066036,RMA #3SFNIGVR,33524622,LAURA NATUIK (R1C0C6LAU),6.00664E+15,2026-07-27,2026-07-27,1,0,Returns,2.07,0.1,2.17
1066036,RMA #3SFNIGVR,33524622,LAURA NATUIK (R1C0C6LAU),6.00664E+15,2026-07-27,2026-07-27,1,0,Storage,0.05,0,0.05
1066039,RMA #GMD4IVOX,33553214,CINDY HORTON (V7G2T7CIN),6.00664E+15,2026-07-27,2026-07-27,1,0,Restock,0.25,0.01,0.26
1066039,RMA #GMD4IVOX,33553214,CINDY HORTON (V7G2T7CIN),6.00664E+15,2026-07-27,2026-07-27,0,0,Service Center Labor,2.36,0.12,2.48
1066039,RMA #GMD4IVOX,33553214,CINDY HORTON (V7G2T7CIN),6.00664E+15,2026-07-27,2026-07-27,1,0,Returns,2.07,0.1,2.17
1066039,RMA #GMD4IVOX,33553214,CINDY HORTON (V7G2T7CIN),6.00664E+15,2026-07-27,2026-07-27,1,0,Storage,0.05,0,0.05
1066041,RMA #CFET1BXP,33554926,TANYA LOGAN  (V9Z1M8TAN),6.00664E+15,2026-07-27,2026-07-27,1,0,Returns,2.07,0.1,2.17
1066041,RMA #CFET1BXP,33554926,TANYA LOGAN  (V9Z1M8TAN),6.00664E+15,2026-07-27,2026-07-27,1,0,Restock,0.25,0.01,0.26
1066041,RMA #CFET1BXP,33554926,TANYA LOGAN  (V9Z1M8TAN),6.00664E+15,2026-07-27,2026-07-27,0,0,Service Center Labor,3.31,0.17,3.48
1066041,RMA #CFET1BXP,33554926,TANYA LOGAN  (V9Z1M8TAN),6.00664E+15,2026-07-27,2026-07-27,1,0,Storage,0.05,0,0.05
1066053,RMA #NI5NKT9T,33500561,JESSIKA PRASAD (V5B2Y4JES),7.9255E+11,2026-07-27,2026-07-27,1,0,Restock,0.25,0.01,0.26
1066053,RMA #NI5NKT9T,33500561,JESSIKA PRASAD (V5B2Y4JES),7.9255E+11,2026-07-27,2026-07-27,0,0,Service Center Labor,2.36,0.12,2.48
1066053,RMA #NI5NKT9T,33500561,JESSIKA PRASAD (V5B2Y4JES),7.9255E+11,2026-07-27,2026-07-27,1,0,Returns,2.07,0.1,2.17
1066053,RMA #NI5NKT9T,33500561,JESSIKA PRASAD (V5B2Y4JES),7.9255E+11,2026-07-27,2026-07-27,1,0,Storage,0.05,0,0.05
1066054,RMA #GSFIS8DK,33252801,ASHLEY FORBES (N0M1L0ASH),6.00664E+15,2026-07-27,2026-07-27,1,0,Restock,0.25,0.01,0.26
1066054,RMA #GSFIS8DK,33252801,ASHLEY FORBES (N0M1L0ASH),6.00664E+15,2026-07-27,2026-07-27,1,0,Returns,2.07,0.1,2.17
1066054,RMA #GSFIS8DK,33252801,ASHLEY FORBES (N0M1L0ASH),6.00664E+15,2026-07-27,2026-07-27,0,0,Service Center Labor,1.42,0.07,1.49
1066054,RMA #GSFIS8DK,33252801,ASHLEY FORBES (N0M1L0ASH),6.00664E+15,2026-07-27,2026-07-27,1,0,Storage,0.05,0,0.05
1066056,RMA #PMQ2BTHI,33527656,JAMES GILLIS (V3H3V6JAM),7.92557E+11,2026-07-27,2026-07-27,1,0,Restock,0.25,0.01,0.26
1066056,RMA #PMQ2BTHI,33527656,JAMES GILLIS (V3H3V6JAM),7.92557E+11,2026-07-27,2026-07-27,0,0,Service Center Labor,2.36,0.12,2.48
1066056,RMA #PMQ2BTHI,33527656,JAMES GILLIS (V3H3V6JAM),7.92557E+11,2026-07-27,2026-07-27,1,0,Returns,2.07,0.1,2.17
1066056,RMA #PMQ2BTHI,33527656,JAMES GILLIS (V3H3V6JAM),7.92557E+11,2026-07-27,2026-07-27,1,0,Storage,0.05,0,0.05
1066058,RMA #TJ9ICCUD,33514102,ANNA HIGGINS (V0R1S0ANN),6.00664E+15,2026-07-27,2026-07-27,2,0,Restock,0.5,0.03,0.53
1066058,RMA #TJ9ICCUD,33514102,ANNA HIGGINS (V0R1S0ANN),6.00664E+15,2026-07-27,2026-07-27,0,0,Service Center Labor,3.78,0.19,3.97
1066058,RMA #TJ9ICCUD,33514102,ANNA HIGGINS (V0R1S0ANN),6.00664E+15,2026-07-27,2026-07-27,1,0,Shop Supplies,0.16,0.01,0.17
1066058,RMA #TJ9ICCUD,33514102,ANNA HIGGINS (V0R1S0ANN),6.00664E+15,2026-07-27,2026-07-27,2,0,Returns,2.74,0.14,2.88
1066058,RMA #TJ9ICCUD,33514102,ANNA HIGGINS (V0R1S0ANN),6.00664E+15,2026-07-27,2026-07-27,2,0,Storage,0.1,0.01,0.11
1066060,RMA #LKXSMFUG,33392646,JAYDEN POLFUSS (N4N3P8JAY),6.00664E+15,2026-07-27,2026-07-27,1,0,Restock,0.25,0.01,0.26
1066060,RMA #LKXSMFUG,33392646,JAYDEN POLFUSS (N4N3P8JAY),6.00664E+15,2026-07-27,2026-07-27,0,0,Service Center Labor,1.42,0.07,1.49
1066060,RMA #LKXSMFUG,33392646,JAYDEN POLFUSS (N4N3P8JAY),6.00664E+15,2026-07-27,2026-07-27,1,0,Returns,2.07,0.1,2.17
1066060,RMA #LKXSMFUG,33392646,JAYDEN POLFUSS (N4N3P8JAY),6.00664E+15,2026-07-27,2026-07-27,1,0,Storage,0.05,0,0.05
1066064,RMA #2HBBN7OS,33433839,REBECCA SHEERAN (N2H4N9REB),6.00664E+15,2026-07-27,2026-07-27,2,0,Returns,2.74,0.13,2.87
1066064,RMA #2HBBN7OS,33433839,REBECCA SHEERAN (N2H4N9REB),6.00664E+15,2026-07-27,2026-07-27,2,0,Restock,0.5,0.02,0.52
1066064,RMA #2HBBN7OS,33433839,REBECCA SHEERAN (N2H4N9REB),6.00664E+15,2026-07-27,2026-07-27,0,0,Service Center Labor,3.78,0.19,3.97
1066064,RMA #2HBBN7OS,33433839,REBECCA SHEERAN (N2H4N9REB),6.00664E+15,2026-07-27,2026-07-27,2,0,Storage,0.1,0,0.1
1066100,RMA #PWUYSJ08,33511116,KATRINA NASSICHUK (V8Z2G8KAT),6.00664E+15,2026-07-27,2026-07-27,1,0,Returns,2.07,0.1,2.17
1066100,RMA #PWUYSJ08,33511116,KATRINA NASSICHUK (V8Z2G8KAT),6.00664E+15,2026-07-27,2026-07-27,1,0,Restock,0.25,0.01,0.26
1066100,RMA #PWUYSJ08,33511116,KATRINA NASSICHUK (V8Z2G8KAT),6.00664E+15,2026-07-27,2026-07-27,0,0,Service Center Labor,2.36,0.12,2.48
1066100,RMA #PWUYSJ08,33511116,KATRINA NASSICHUK (V8Z2G8KAT),6.00664E+15,2026-07-27,2026-07-27,1,0,Storage,0.05,0,0.05
1066127,RMA #6M051AHU,33516018,BRENDA BOUW (V5T0C1BRE),6.00664E+15,2026-07-27,2026-07-27,3,0,Restock,0.75,0.04,0.79
1066127,RMA #6M051AHU,33516018,BRENDA BOUW (V5T0C1BRE),6.00664E+15,2026-07-27,2026-07-27,0,0,Service Center Labor,6.14,0.31,6.45
1066127,RMA #6M051AHU,33516018,BRENDA BOUW (V5T0C1BRE),6.00664E+15,2026-07-27,2026-07-27,3,0,Returns,3.41,0.17,3.58
1066127,RMA #6M051AHU,33516018,BRENDA BOUW (V5T0C1BRE),6.00664E+15,2026-07-27,2026-07-27,3,0,Storage,0.15,0.01,0.16
1066369,add to FW26 del 1 sub,,COTTONS AND BLUES (V8L1X7COT),4.00747E+15,2026-07-28,2026-07-28,10,0,Restock,2.5,0.13,2.63
1066369,add to FW26 del 1 sub,,COTTONS AND BLUES (V8L1X7COT),4.00747E+15,2026-07-28,2026-07-28,10,0,Returns,8.1,0.41,8.51
1066369,add to FW26 del 1 sub,,COTTONS AND BLUES (V8L1X7COT),4.00747E+15,2026-07-28,2026-07-28,0,0,Service Center Labor,3.78,0.19,3.97
1066369,add to FW26 del 1 sub,,COTTONS AND BLUES (V8L1X7COT),4.00747E+15,2026-07-28,2026-07-28,10,0,Storage,0.5,0.03,0.53
1066932,RMA #YOL4YSVU,33490070,NANCY SEIFERT (L5J3H2NAN),6.00664E+15,2026-07-29,2026-07-29,2,0,Restock,0.5,0.03,0.53
1066932,RMA #YOL4YSVU,33490070,NANCY SEIFERT (L5J3H2NAN),6.00664E+15,2026-07-29,2026-07-29,0,0,Service Center Labor,3.78,0.19,3.97
1066932,RMA #YOL4YSVU,33490070,NANCY SEIFERT (L5J3H2NAN),6.00664E+15,2026-07-29,2026-07-29,2,0,Returns,2.74,0.14,2.88
1066933,RMA #N77167L6,33564830,KATHRYN CHANG (T2Y3J9KAT),6.00664E+15,2026-07-29,2026-07-29,1,0,Returns,2.07,0.1,2.17
1066933,RMA #N77167L6,33564830,KATHRYN CHANG (T2Y3J9KAT),6.00664E+15,2026-07-29,2026-07-29,1,0,Restock,0.25,0.01,0.26
1066933,RMA #N77167L6,33564830,KATHRYN CHANG (T2Y3J9KAT),6.00664E+15,2026-07-29,2026-07-29,0,0,Service Center Labor,2.36,0.12,2.48
1066935,RMA #445AQLTF,33559851,DIANE GELINEAU (J1X2K7DIA),6.00664E+15,2026-07-29,2026-07-29,1,0,Restock,0.25,0.01,0.26
1066935,RMA #445AQLTF,33559851,DIANE GELINEAU (J1X2K7DIA),6.00664E+15,2026-07-29,2026-07-29,1,0,Returns,2.07,0.1,2.17
1066935,RMA #445AQLTF,33559851,DIANE GELINEAU (J1X2K7DIA),6.00664E+15,2026-07-29,2026-07-29,0,0,Service Center Labor,2.36,0.12,2.48
1066938,RMA #DNNSHXEP,33562594,BALKAR SAHOTA (V4X1C3BAL),6.00664E+15,2026-07-29,2026-07-29,1,0,Returns,2.07,0.1,2.17
1066938,RMA #DNNSHXEP,33562594,BALKAR SAHOTA (V4X1C3BAL),6.00664E+15,2026-07-29,2026-07-29,1,0,Restock,0.25,0.01,0.26
1066938,RMA #DNNSHXEP,33562594,BALKAR SAHOTA (V4X1C3BAL),6.00664E+15,2026-07-29,2026-07-29,0,0,Service Center Labor,1.42,0.07,1.49
1066941,RMA #VG33MX1T,33182147,LYUDMILA TUZOVA (V7S1C2LYU),6.00664E+15,2026-07-29,2026-07-29,0,0,Service Center Labor,3.78,0.19,3.97
1066941,RMA #VG33MX1T,33182147,LYUDMILA TUZOVA (V7S1C2LYU),6.00664E+15,2026-07-29,2026-07-29,2,0,Returns,2.74,0.14,2.88
1066941,RMA #VG33MX1T,33182147,LYUDMILA TUZOVA (V7S1C2LYU),6.00664E+15,2026-07-29,2026-07-29,2,0,Restock,0.5,0.03,0.53
1066942,RMA #1XMAHPO5,33492410,KRISTEL PETROPOULOS (L9G3L5KRI),6.00664E+15,2026-07-29,2026-07-29,2,0,Restock,0.5,0.03,0.53
1066942,RMA #1XMAHPO5,33492410,KRISTEL PETROPOULOS (L9G3L5KRI),6.00664E+15,2026-07-29,2026-07-29,0,0,Service Center Labor,2.36,0.12,2.48
1066942,RMA #1XMAHPO5,33492410,KRISTEL PETROPOULOS (L9G3L5KRI),6.00664E+15,2026-07-29,2026-07-29,2,0,Returns,2.74,0.14,2.88
1066943,RMA #BX3QB1O1,33569088,EMILY TRAN (V4N6E1EMI),6.00664E+15,2026-07-29,2026-07-29,1,0,Returns,2.07,0.1,2.17
1066943,RMA #BX3QB1O1,33569088,EMILY TRAN (V4N6E1EMI),6.00664E+15,2026-07-29,2026-07-29,0,0,Service Center Labor,3.31,0.17,3.48
1066943,RMA #BX3QB1O1,33569088,EMILY TRAN (V4N6E1EMI),6.00664E+15,2026-07-29,2026-07-29,1,0,Restock,0.25,0.01,0.26
1066945,RMA #NVILMKER,33517237,DANI ROGERS (V8N2S9DAN),6.00664E+15,2026-07-29,2026-07-29,2,0,Returns,2.74,0.14,2.88
1066945,RMA #NVILMKER,33517237,DANI ROGERS (V8N2S9DAN),6.00664E+15,2026-07-29,2026-07-29,2,0,Restock,0.5,0.03,0.53
1066945,RMA #NVILMKER,33517237,DANI ROGERS (V8N2S9DAN),6.00664E+15,2026-07-29,2026-07-29,0,0,Service Center Labor,3.78,0.19,3.97
1066962,RMA #6E1JR8P4,33517009,LAURA GAWDUN (V2A8K8LAU),6.00664E+15,2026-07-29,2026-07-29,1,0,Restock,0.25,0.01,0.26
1066962,RMA #6E1JR8P4,33517009,LAURA GAWDUN (V2A8K8LAU),6.00664E+15,2026-07-29,2026-07-29,0,0,Service Center Labor,1.42,0.07,1.49
1066962,RMA #6E1JR8P4,33517009,LAURA GAWDUN (V2A8K8LAU),6.00664E+15,2026-07-29,2026-07-29,1,0,Returns,2.07,0.1,2.17
1066963,RMA #HGOUGK5J,33480056,BRUNO DE BONDT (H3J2Z7BRU),6.00664E+15,2026-07-29,2026-07-29,1,0,Returns,2.07,0.1,2.17
1066963,RMA #HGOUGK5J,33480056,BRUNO DE BONDT (H3J2Z7BRU),6.00664E+15,2026-07-29,2026-07-29,0,0,Service Center Labor,1.42,0.07,1.49
1066963,RMA #HGOUGK5J,33480056,BRUNO DE BONDT (H3J2Z7BRU),6.00664E+15,2026-07-29,2026-07-29,1,0,Restock,0.25,0.01,0.26
1066981,RMA #7E4GLZQG,33021489,LINDA BOTTIER (V3L3J4LIN),6.00664E+15,2026-07-29,2026-07-29,2,0,Returns,2.74,0.14,2.88
1066981,RMA #7E4GLZQG,33021489,LINDA BOTTIER (V3L3J4LIN),6.00664E+15,2026-07-29,2026-07-29,0,0,Service Center Labor,3.31,0.17,3.48
1066981,RMA #7E4GLZQG,33021489,LINDA BOTTIER (V3L3J4LIN),6.00664E+15,2026-07-29,2026-07-29,2,0,Restock,0.5,0.03,0.53
1066983,RMA #5786WL4O,33501051,ANNALISE YPMA (T1G0E7ANN),6.00664E+15,2026-07-29,2026-07-29,0,0,Service Center Labor,2.36,0.12,2.48
1066983,RMA #5786WL4O,33501051,ANNALISE YPMA (T1G0E7ANN),6.00664E+15,2026-07-29,2026-07-29,1,0,Returns,2.07,0.1,2.17
1066983,RMA #5786WL4O,33501051,ANNALISE YPMA (T1G0E7ANN),6.00664E+15,2026-07-29,2026-07-29,1,0,Restock,0.25,0.01,0.26
1066984,RMA #5ZSDQU8I,33567232,JESSICA BUSSWOOD (V3B4T2JES),6.00664E+15,2026-07-29,2026-07-29,2,0,Restock,0.5,0.03,0.53
1066984,RMA #5ZSDQU8I,33567232,JESSICA BUSSWOOD (V3B4T2JES),6.00664E+15,2026-07-29,2026-07-29,0,0,Service Center Labor,3.78,0.19,3.97
1066984,RMA #5ZSDQU8I,33567232,JESSICA BUSSWOOD (V3B4T2JES),6.00664E+15,2026-07-29,2026-07-29,2,0,Returns,2.74,0.14,2.88
1066985,RMA #9X2CLM00,33560820,CHIN YING TAN (T3K5M4CHI),6.00664E+15,2026-07-29,2026-07-29,2,0,Returns,2.74,0.14,2.88
1066985,RMA #9X2CLM00,33560820,CHIN YING TAN (T3K5M4CHI),6.00664E+15,2026-07-29,2026-07-29,2,0,Restock,0.5,0.03,0.53
1066985,RMA #9X2CLM00,33560820,CHIN YING TAN (T3K5M4CHI),6.00664E+15,2026-07-29,2026-07-29,0,0,Service Center Labor,3.31,0.17,3.48
1066987,RMA #S9RNSTAS,33429118,MARJORIE GUERTIN (J5X3Y9MAR),6.00664E+15,2026-07-29,2026-07-29,1,0,Returns,2.07,0.1,2.17
1066987,RMA #S9RNSTAS,33429118,MARJORIE GUERTIN (J5X3Y9MAR),6.00664E+15,2026-07-29,2026-07-29,0,0,Service Center Labor,2.36,0.12,2.48
1066987,RMA #S9RNSTAS,33429118,MARJORIE GUERTIN (J5X3Y9MAR),6.00664E+15,2026-07-29,2026-07-29,1,0,Restock,0.25,0.01,0.26
1066988,RMA #EFQ7KL6G,33544796,BALKAR SAHOTA (V4X1C3BAL),6.00664E+15,2026-07-29,2026-07-29,1,0,Returns,2.07,0.1,2.17
1066988,RMA #EFQ7KL6G,33544796,BALKAR SAHOTA (V4X1C3BAL),6.00664E+15,2026-07-29,2026-07-29,1,0,Restock,0.25,0.01,0.26
1066988,RMA #EFQ7KL6G,33544796,BALKAR SAHOTA (V4X1C3BAL),6.00664E+15,2026-07-29,2026-07-29,0,0,Service Center Labor,1.42,0.07,1.49
1066991,RMA #DY4JPFAO,33508854,ALY BOYD (Y1A0E5ALY),6.00664E+15,2026-07-29,2026-07-29,1,0,Restock,0.25,0.01,0.26
1066991,RMA #DY4JPFAO,33508854,ALY BOYD (Y1A0E5ALY),6.00664E+15,2026-07-29,2026-07-29,0,0,Service Center Labor,1.42,0.07,1.49
1066991,RMA #DY4JPFAO,33508854,ALY BOYD (Y1A0E5ALY),6.00664E+15,2026-07-29,2026-07-29,1,0,Returns,2.07,0.1,2.17
1066992,RMA #NZWTRXCE,33569389,ROBIN BAIRD (V8L2N8ROB),6.00664E+15,2026-07-29,2026-07-29,2,0,Restock,0.5,0.03,0.53
1066992,RMA #NZWTRXCE,33569389,ROBIN BAIRD (V8L2N8ROB),6.00664E+15,2026-07-29,2026-07-29,0,0,Service Center Labor,3.78,0.19,3.97
1066992,RMA #NZWTRXCE,33569389,ROBIN BAIRD (V8L2N8ROB),6.00664E+15,2026-07-29,2026-07-29,2,0,Returns,2.74,0.14,2.88
1066999,RMA #Q29CRJP4,33472842,KEVIN MEADOWS (V8X1E1KEV),6.00664E+15,2026-07-29,2026-07-29,1,0,Restock,0.25,0.01,0.26
1066999,RMA #Q29CRJP4,33472842,KEVIN MEADOWS (V8X1E1KEV),6.00664E+15,2026-07-29,2026-07-29,1,0,Returns,2.07,0.1,2.17
1066999,RMA #Q29CRJP4,33472842,KEVIN MEADOWS (V8X1E1KEV),6.00664E+15,2026-07-29,2026-07-29,0,0,Service Center Labor,2.36,0.12,2.48
1067001,RMA #R2H0555Q,33569394,MARGARET MCMANUS (K1G1P4MAR),7.92573E+11,2026-07-29,2026-07-29,1,0,Shop Supplies,0.84,0.04,0.88
1067001,RMA #R2H0555Q,33569394,MARGARET MCMANUS (K1G1P4MAR),7.92573E+11,2026-07-29,2026-07-29,0,0,Service Center Labor,3.78,0.19,3.97
1067001,RMA #R2H0555Q,33569394,MARGARET MCMANUS (K1G1P4MAR),7.92573E+11,2026-07-29,2026-07-29,1,0,Restock,0.25,0.01,0.26
1067001,RMA #R2H0555Q,33569394,MARGARET MCMANUS (K1G1P4MAR),7.92573E+11,2026-07-29,2026-07-29,1,0,Returns,2.07,0.1,2.17
1067003,RMA #0GXSTBHA,33554028,CLAUDINE DOUVILLE (J0R1R1CLA),7.92566E+11,2026-07-29,2026-07-29,0,0,Service Center Labor,2.36,0.12,2.48
1067003,RMA #0GXSTBHA,33554028,CLAUDINE DOUVILLE (J0R1R1CLA),7.92566E+11,2026-07-29,2026-07-29,1,0,Shop Supplies,0.16,0.01,0.17
1067003,RMA #0GXSTBHA,33554028,CLAUDINE DOUVILLE (J0R1R1CLA),7.92566E+11,2026-07-29,2026-07-29,1,0,Restock,0.25,0.01,0.26
1067003,RMA #0GXSTBHA,33554028,CLAUDINE DOUVILLE (J0R1R1CLA),7.92566E+11,2026-07-29,2026-07-29,1,0,Returns,2.07,0.1,2.17
1067004,RMA #5IKBC7D9,33572087,TAYLOR JOHNSON (L9H6A4TAY),7.92573E+11,2026-07-29,2026-07-29,0,0,Service Center Labor,2.36,0.12,2.48
1067004,RMA #5IKBC7D9,33572087,TAYLOR JOHNSON (L9H6A4TAY),7.92573E+11,2026-07-29,2026-07-29,1,0,Returns,2.07,0.1,2.17
1067004,RMA #5IKBC7D9,33572087,TAYLOR JOHNSON (L9H6A4TAY),7.92573E+11,2026-07-29,2026-07-29,1,0,Restock,0.25,0.01,0.26
1067007,RMA #U5BSW95E,33579352,PATRICK LORD (J4B6E6PAT),7.92577E+11,2026-07-29,2026-07-29,1,0,Returns,2.07,0.1,2.17
1067007,RMA #U5BSW95E,33579352,PATRICK LORD (J4B6E6PAT),7.92577E+11,2026-07-29,2026-07-29,1,0,Restock,0.25,0.01,0.26
1067007,RMA #U5BSW95E,33579352,PATRICK LORD (J4B6E6PAT),7.92577E+11,2026-07-29,2026-07-29,0,0,Service Center Labor,1.42,0.07,1.49
1067008,RMA #RF6UVYZI,33586083,SHEILA ARROWSMITH (V6E1E2SHE),7.9258E+11,2026-07-29,2026-07-29,0,0,Service Center Labor,3.31,0.17,3.48
1067008,RMA #RF6UVYZI,33586083,SHEILA ARROWSMITH (V6E1E2SHE),7.9258E+11,2026-07-29,2026-07-29,2,0,Returns,2.74,0.14,2.88
1067008,RMA #RF6UVYZI,33586083,SHEILA ARROWSMITH (V6E1E2SHE),7.9258E+11,2026-07-29,2026-07-29,2,0,Restock,0.5,0.03,0.53
1067012,RMA #FFX7BPO9,33568866,VERO BELLAVANCE (G1B3N3VÉR),7.92572E+11,2026-07-29,2026-07-29,1,0,Returns,2.07,0.1,2.17
1067012,RMA #FFX7BPO9,33568866,VERO BELLAVANCE (G1B3N3VÉR),7.92572E+11,2026-07-29,2026-07-29,1,0,Restock,0.25,0.01,0.26
1067012,RMA #FFX7BPO9,33568866,VERO BELLAVANCE (G1B3N3VÉR),7.92572E+11,2026-07-29,2026-07-29,0,0,Service Center Labor,2.36,0.12,2.48
1067014,RMA #3S0QABIY,33500560,TEQUIERA HOWES (B3Z0A3TEQ),7.92551E+11,2026-07-29,2026-07-29,1,0,Returns,2.07,0.1,2.17
1067014,RMA #3S0QABIY,33500560,TEQUIERA HOWES (B3Z0A3TEQ),7.92551E+11,2026-07-29,2026-07-29,1,0,Restock,0.25,0.01,0.26
1067014,RMA #3S0QABIY,33500560,TEQUIERA HOWES (B3Z0A3TEQ),7.92551E+11,2026-07-29,2026-07-29,0,0,Service Center Labor,2.36,0.12,2.48
1067015,RMA #OUIGOORJ,33560602,CYNTHIA  KWONG WAYE (H1Y1Z2CYN),7.92568E+11,2026-07-29,2026-07-29,3,0,Restock,0.75,0.04,0.79
1067015,RMA #OUIGOORJ,33560602,CYNTHIA  KWONG WAYE (H1Y1Z2CYN),7.92568E+11,2026-07-29,2026-07-29,0,0,Service Center Labor,3.78,0.19,3.97
1067015,RMA #OUIGOORJ,33560602,CYNTHIA  KWONG WAYE (H1Y1Z2CYN),7.92568E+11,2026-07-29,2026-07-29,3,0,Returns,3.41,0.17,3.58
1067353,IF4041477036,15030249,JEREMY ROULEAU (J0B1L0JER),4.00747E+15,2026-07-30,2026-07-30,3,0,Restock,0.75,0.04,0.79
1067353,IF4041477036,15030249,JEREMY ROULEAU (J0B1L0JER),4.00747E+15,2026-07-30,2026-07-30,3,0,Returns,3.41,0.17,3.58
Inbound Shipment,Client Ref 1,Client Ref 2,Shipped From,BOL Number,,,,,Service,,,
1027350,,,,1637541,2026-07-17,2026-07-17,0,0,Inbound Freight,1208.19,60.41,1268.6
1028675,TENTREE MEC Order Re-Labelling Project,,MEC EAST DC,A10665494,2026-07-23,2026-07-23,0,0,Inbound Freight,653.4,32.67,686.07
1028679,TENTREE TRANSFER,,STYLE DEMOCRACY,87105190,2026-07-23,2026-07-23,0,0,Inbound Freight,7287.94,364.4,7652.34
1029063,,,,16724225,2026-07-24,2026-07-24,1,0,Inbound Pallets,15.6,0.78,16.38
Shipment,Client Ref 1,Client Ref 2,Customer,BOL Number,,,,,Service,,,
14984342,IF4041455191,2026_07_16B,S7N1B4NIC - NICAS CLOTHING AND ACCESSORIES,LSHP49035941,2026-07-16,2026-05-22,0,0,Outbound Freight,23.86,1.19,25.05
14998927,IF4041468412,2026_07_20B,T4V1N2THE - THE TRENDY WALRUS,LSHP50248232,2026-07-20,2026-07-10,0,0,Outbound Freight,28.02,1.4,29.42
14999286,IF4041469186,2026_07_20B,J7R4Z3SPO - SPORTS EXPERTS - ATMOSPHERE,LSHP50243863,2026-07-20,2026-07-10,0,0,Outbound Freight,0.62,0.03,0.65
14998377,IF4041465801,2026_07_20B,L6T4H8THE - The Nuance Group (Canada) Inc,1Z2VW7552091781628,2026-07-20,2026-07-11,0,0,Outbound Freight,1.65,0.21,1.86
14913523,IF4041468466,33329874,V8L1X7COT - COTTONS AND BLUES,4.00747E+15,2026-07-02,2026-07-16,3,528,Outbound Shipment Materials,2.93,0.36,3.29
14913523,IF4041468466,33329874,V8L1X7COT - COTTONS AND BLUES,4.00747E+15,2026-07-02,2026-07-16,12,528,Outbound Freight,7.9,0.4,8.3
14946801,IF4041471364,33429249,S9A3W6FF2 - FF2,LSHP50393958,2026-07-10,2026-07-16,5,683,Outbound Shipment Materials,4.9,0.59,5.49
14946801,IF4041471364,33429249,S9A3W6FF2 - FF2,LSHP50393958,2026-07-10,2026-07-16,18,683,Outbound Freight,22.59,1.13,23.72
14952740,IF4041472270,33458953,J2S4Z5SPO - SPORTS EXPERTS,LSHP50394181,2026-07-13,2026-07-16,4,4350,EDI Labels,4,0.2,4.2
14952740,IF4041472270,33458953,J2S4Z5SPO - SPORTS EXPERTS,LSHP50394181,2026-07-13,2026-07-16,19,4350,Outbound Shipment Materials,18.6,2.23,20.83
14952740,IF4041472270,33458953,J2S4Z5SPO - SPORTS EXPERTS,LSHP50394181,2026-07-13,2026-07-16,106,4350,Outbound Freight,62.24,3.11,65.35
14952748,IF4041472269,33458952,J9T4B2SPO - SPORTS EXPERTS,LSHP50394198,2026-07-13,2026-07-16,2,1591,EDI Labels,2,0.1,2.1
14952748,IF4041472269,33458952,J9T4B2SPO - SPORTS EXPERTS,LSHP50394198,2026-07-13,2026-07-16,9,1591,Outbound Shipment Materials,8.71,1.05,9.76
14952748,IF4041472269,33458952,J9T4B2SPO - SPORTS EXPERTS,LSHP50394198,2026-07-13,2026-07-16,29,1591,Outbound Freight,53.11,2.66,55.77
14952753,IF4041472268,33458951,J7R4Z3SPO - SPORTS EXPERTS - ATMOSPHERE,LSHP50394259,2026-07-13,2026-07-16,37,1913,Outbound Freight,34.59,1.73,36.32
14952753,IF4041472268,33458951,J7R4Z3SPO - SPORTS EXPERTS - ATMOSPHERE,LSHP50394259,2026-07-13,2026-07-16,2,1913,EDI Labels,2,0.1,2.1
14952753,IF4041472268,33458951,J7R4Z3SPO - SPORTS EXPERTS - ATMOSPHERE,LSHP50394259,2026-07-13,2026-07-16,9,1913,Outbound Shipment Materials,9.3,1.12,10.42
14952758,IF4041472267,33458950,J9X6H7SPO - SPORTS EXPERTS,LSHP50394206,2026-07-13,2026-07-16,29,1591,Outbound Freight,53.11,2.66,55.77
14952758,IF4041472267,33458950,J9X6H7SPO - SPORTS EXPERTS,LSHP50394206,2026-07-13,2026-07-16,9,1591,Outbound Shipment Materials,8.71,1.05,9.76
14952758,IF4041472267,33458950,J9X6H7SPO - SPORTS EXPERTS,LSHP50394206,2026-07-13,2026-07-16,2,1591,EDI Labels,2,0.1,2.1
14952768,IF4041472263,33458946,J2K3G8SPO - SPORTS EXPERTS 479,LSHP50394288,2026-07-13,2026-07-16,40,1784.5,Outbound Freight,39.05,1.95,41
14952768,IF4041472263,33458946,J2K3G8SPO - SPORTS EXPERTS 479,LSHP50394288,2026-07-13,2026-07-16,9,1784.5,Outbound Shipment Materials,9.3,1.12,10.42
14952768,IF4041472263,33458946,J2K3G8SPO - SPORTS EXPERTS 479,LSHP50394288,2026-07-13,2026-07-16,2,1784.5,EDI Labels,2,0.1,2.1
14952776,IF4041472260,33458943,J7A3T2SPO - SPORTS EXPERTS - ATMOSPHERE,LSHP50394273,2026-07-13,2026-07-16,23,4811,Outbound Shipment Materials,23.25,2.79,26.04
14952776,IF4041472260,33458943,J7A3T2SPO - SPORTS EXPERTS - ATMOSPHERE,LSHP50394273,2026-07-13,2026-07-16,99,4811,Outbound Freight,61.9,3.1,65
14952776,IF4041472260,33458943,J7A3T2SPO - SPORTS EXPERTS - ATMOSPHERE,LSHP50394273,2026-07-13,2026-07-16,5,4811,EDI Labels,5,0.25,5.25
14952780,IF4041472258,33458936,G9A6J2SPO - SPORTS EXPERTS - ATMOSPHERE,LSHP50394412,2026-07-13,2026-07-16,78,3992,Outbound Freight,63.88,3.19,67.07
14952780,IF4041472258,33458936,G9A6J2SPO - SPORTS EXPERTS - ATMOSPHERE,LSHP50394412,2026-07-13,2026-07-16,22,3992,Outbound Shipment Materials,21.53,2.59,24.12
14952780,IF4041472258,33458936,G9A6J2SPO - SPORTS EXPERTS - ATMOSPHERE,LSHP50394412,2026-07-13,2026-07-16,5,3992,EDI Labels,5,0.25,5.25
14952790,IF4041472253,33458877,J9X6H7SPO - SPORTS EXPERTS,LSHP50394218,2026-07-13,2026-07-16,39,1423.5,Outbound Freight,55.05,2.75,57.8
14952790,IF4041472253,33458877,J9X6H7SPO - SPORTS EXPERTS,LSHP50394218,2026-07-13,2026-07-16,2,1423.5,EDI Labels,2,0.1,2.1
14952790,IF4041472253,33458877,J9X6H7SPO - SPORTS EXPERTS,LSHP50394218,2026-07-13,2026-07-16,9,1423.5,Outbound Shipment Materials,8.71,1.05,9.76
14952802,IF4041472249,33458873,T1W1P4SPO - SPORTS EXPERTS,LSHP50394231,2026-07-13,2026-07-16,2,1340,EDI Labels,2,0.1,2.1
14952802,IF4041472249,33458873,T1W1P4SPO - SPORTS EXPERTS,LSHP50394231,2026-07-13,2026-07-16,9,1340,Outbound Shipment Materials,9.3,1.12,10.42
14952802,IF4041472249,33458873,T1W1P4SPO - SPORTS EXPERTS,LSHP50394231,2026-07-13,2026-07-16,25,1340,Outbound Freight,26.95,1.35,28.3
14952805,IF4041472248,33458872,J0R1R6SPO - SPORTS EXPERTS - ATMOSPHERE,LSHP50394426,2026-07-13,2026-07-16,3,2487,EDI Labels,3,0.15,3.15
14952805,IF4041472248,33458872,J0R1R6SPO - SPORTS EXPERTS - ATMOSPHERE,LSHP50394426,2026-07-13,2026-07-16,53,2487,Outbound Freight,42.89,2.14,45.03
14952805,IF4041472248,33458872,J0R1R6SPO - SPORTS EXPERTS - ATMOSPHERE,LSHP50394426,2026-07-13,2026-07-16,13,2487,Outbound Shipment Materials,13.36,1.61,14.97
14952807,IF4041472246,33458870,G7H5N6SPO - SPORTS EXPERTS - ATMOSPHERE,LSHP50394431,2026-07-13,2026-07-16,60,2900,Outbound Freight,50.98,2.55,53.53
14952807,IF4041472246,33458870,G7H5N6SPO - SPORTS EXPERTS - ATMOSPHERE,LSHP50394431,2026-07-13,2026-07-16,14,2900,Outbound Shipment Materials,13.95,1.68,15.63
14952807,IF4041472246,33458870,G7H5N6SPO - SPORTS EXPERTS - ATMOSPHERE,LSHP50394431,2026-07-13,2026-07-16,3,2900,EDI Labels,3,0.15,3.15
14952813,IF4041472244,33458868,J6T1A9SPO - Sports Experts,LSHP50394238,2026-07-13,2026-07-16,58,3142,Outbound Freight,53.04,2.65,55.69
14952813,IF4041472244,33458868,J6T1A9SPO - Sports Experts,LSHP50394238,2026-07-13,2026-07-16,4,3142,EDI Labels,4,0.2,4.2
14952813,IF4041472244,33458868,J6T1A9SPO - Sports Experts,LSHP50394238,2026-07-13,2026-07-16,19,3142,Outbound Shipment Materials,18.6,2.23,20.83
14952815,IF4041472242,33458867,V1J5Z2ERN - Ernies Sports Experts,LSHP50394374,2026-07-13,2026-07-16,9,1074,Outbound Shipment Materials,9.3,1.12,10.42
14952815,IF4041472242,33458867,V1J5Z2ERN - Ernies Sports Experts,LSHP50394374,2026-07-13,2026-07-16,2,1074,EDI Labels,2,0.1,2.1
14952815,IF4041472242,33458867,V1J5Z2ERN - Ernies Sports Experts,LSHP50394374,2026-07-13,2026-07-16,16,1074,Outbound Freight,26.95,1.35,28.3
14952820,IF4041472238,33458863,J3V6A8SPO - SPORTS EXPERTS - ATMOSPHERE 584,LSHP50393969,2026-07-13,2026-07-16,4,390,Outbound Shipment Materials,4.06,0.48,4.54
14952820,IF4041472238,33458863,J3V6A8SPO - SPORTS EXPERTS - ATMOSPHERE 584,LSHP50393969,2026-07-13,2026-07-16,1,390,EDI Labels,1,0.05,1.05
14952820,IF4041472238,33458863,J3V6A8SPO - SPORTS EXPERTS - ATMOSPHERE 584,LSHP50393969,2026-07-13,2026-07-16,10,390,Outbound Freight,17.47,0.87,18.34
14952822,IF4041472239,33458864,"H1R3H7SEF - SEF 414 GALERIE D'ANJOU,",LSHP50394408,2026-07-13,2026-07-16,28,1252,Outbound Freight,26.49,1.32,27.81
14952822,IF4041472239,33458864,"H1R3H7SEF - SEF 414 GALERIE D'ANJOU,",LSHP50394408,2026-07-13,2026-07-16,7,1252,Outbound Shipment Materials,7.44,0.89,8.33
14952822,IF4041472239,33458864,"H1R3H7SEF - SEF 414 GALERIE D'ANJOU,",LSHP50394408,2026-07-13,2026-07-16,2,1252,EDI Labels,2,0.1,2.1
14958360,IF4041472241,33458866,G4X2A9CAR - Carrefour Gaspé,LSHP50393948,2026-07-13,2026-07-16,40,2010,Outbound Freight,53.16,2.66,55.82
14958360,IF4041472241,33458866,G4X2A9CAR - Carrefour Gaspé,LSHP50393948,2026-07-13,2026-07-16,3,2010,EDI Labels,3,0.15,3.15
14958360,IF4041472241,33458866,G4X2A9CAR - Carrefour Gaspé,LSHP50393948,2026-07-13,2026-07-16,13,2010,Outbound Shipment Materials,13.36,1.61,14.97
14977548,IF4041472508,33466786,T8V3B1THE - The Drop Rideshop,LSHP50394566,2026-07-14,2026-07-16,22,923,Outbound Freight,24.25,1.21,25.46
14977548,IF4041472508,33466786,T8V3B1THE - The Drop Rideshop,LSHP50394566,2026-07-14,2026-07-16,8,923,Outbound Shipment Materials,7.58,0.91,8.49
14977553,IF4041472510,33466788,V2A5A4FRE - FREE RIDE PENTICTON,LSHP50411359,2026-07-14,2026-07-16,5,220,Outbound Freight,10,0.5,10.5
14977553,IF4041472510,33466788,V2A5A4FRE - FREE RIDE PENTICTON,LSHP50411359,2026-07-14,2026-07-16,4,220,Outbound Shipment Materials,4.06,0.48,4.54
14977558,IF4041472500,33466001,A5A1L8MER - MERCERS MARINE EQUIPMENT LTD.,LSHP50411247,2026-07-14,2026-07-16,4,176,Outbound Freight,26.51,3.98,30.49
14977558,IF4041472500,33466001,A5A1L8MER - MERCERS MARINE EQUIPMENT LTD.,LSHP50411247,2026-07-14,2026-07-16,4,176,Outbound Shipment Materials,4.06,0.48,4.54
14977559,IF4041472498,33465999,G7X3B5IMM - Immeubles Ultra Violet Inc.,LSHP50394778,2026-07-14,2026-07-16,165,6500,Outbound Freight,88.51,4.43,92.94
14977559,IF4041472498,33465999,G7X3B5IMM - Immeubles Ultra Violet Inc.,LSHP50394778,2026-07-14,2026-07-16,28,6500,Outbound Shipment Materials,27.9,3.35,31.25
14977561,IF4041472690,33474141,V0X1W0WOR - WORK N PLAY CLOTHING CO,LSHP50411405,2026-07-14,2026-07-16,4,336,Outbound Freight,20.94,1.05,21.99
14977561,IF4041472690,33474141,V0X1W0WOR - WORK N PLAY CLOTHING CO,LSHP50411405,2026-07-14,2026-07-16,4,336,Outbound Shipment Materials,4.06,0.48,4.54
14952810,IF4041472245,33458869,G0C1E0SPO - SPORTS EXPERTS 674,1Z2VW7552096220715,2026-07-13,2026-07-16,89,3675.5,Outbound Freight,111.43,5.57,117
14952810,IF4041472245,33458869,G0C1E0SPO - SPORTS EXPERTS 674,1Z2VW7552096220715,2026-07-13,2026-07-16,5,3675.5,EDI Labels,5,0.25,5.25
14952810,IF4041472245,33458869,G0C1E0SPO - SPORTS EXPERTS 674,1Z2VW7552096220715,2026-07-13,2026-07-16,23,3675.5,Outbound Shipment Materials,22.66,2.72,25.38
14958364,IF4041471215,33428105,A2H2N2GEO - GEORGES MOUNTAIN VILLAGE,3.82637E+11,2026-07-13,2026-07-16,5,761,Outbound Shipment Materials,4.65,0.56,5.21
14958364,IF4041471215,33428105,A2H2N2GEO - GEORGES MOUNTAIN VILLAGE,3.82637E+11,2026-07-13,2026-07-16,19,761,Outbound Freight,43.74,6.56,50.3
14946805,IF4041471368,33429253,S9A3W6FF2 - FF2,5.20653E+11,2026-07-10,2026-07-16,13,1188,Outbound Shipment Materials,12.77,1.53,14.3
14946805,IF4041471368,33429253,S9A3W6FF2 - FF2,5.20653E+11,2026-07-10,2026-07-16,27,1188,Outbound Freight,32.53,1.63,34.16
14946809,IF4041471376,33429361,V0R1X0NOR - NORTH ROAD SPORTS,4.00747E+15,2026-07-10,2026-07-16,32,1333,Outbound Freight,79.38,3.97,83.35
14946809,IF4041471376,33429361,V0R1X0NOR - NORTH ROAD SPORTS,4.00747E+15,2026-07-10,2026-07-16,12,1333,Outbound Shipment Materials,11.5,1.39,12.89
14952732,IF4041472274,33458954,Y1A2B4C/O - c/o Coast Mountain Sports / Sports Exper,5.20653E+11,2026-07-13,2026-07-16,6,5729,EDI Labels,6,0.3,6.3
14952732,IF4041472274,33458954,Y1A2B4C/O - c/o Coast Mountain Sports / Sports Exper,5.20653E+11,2026-07-13,2026-07-16,28,5729,Outbound Shipment Materials,27.9,3.35,31.25
14952732,IF4041472274,33458954,Y1A2B4C/O - c/o Coast Mountain Sports / Sports Exper,5.20653E+11,2026-07-13,2026-07-16,6,5729,Outbound Freight,7.5,0.38,7.88
14952763,IF4041472265,33458948,G1V2L1PLA - Place Ste-Foy,5.20653E+11,2026-07-13,2026-07-16,3,2382,EDI Labels,3,0.15,3.15
14952763,IF4041472265,33458948,G1V2L1PLA - Place Ste-Foy,5.20653E+11,2026-07-13,2026-07-16,14,2382,Outbound Shipment Materials,13.95,1.68,15.63
14952763,IF4041472265,33458948,G1V2L1PLA - Place Ste-Foy,5.20653E+11,2026-07-13,2026-07-16,3,2382,Outbound Freight,3.75,0.19,3.94
14952773,IF4041472261,33458944,G6V6Y8SPO - SPORTS EXPERTS,5.20653E+11,2026-07-13,2026-07-16,3,2318,EDI Labels,3,0.15,3.15
14952773,IF4041472261,33458944,G6V6Y8SPO - SPORTS EXPERTS,5.20653E+11,2026-07-13,2026-07-16,14,2318,Outbound Shipment Materials,13.95,1.68,15.63
14952773,IF4041472261,33458944,G6V6Y8SPO - SPORTS EXPERTS,5.20653E+11,2026-07-13,2026-07-16,3,2318,Outbound Freight,3.75,0.19,3.94
14952799,IF4041472250,33458874,"H1R3H7SEF - SEF 414 GALERIE D'ANJOU,",5.20653E+11,2026-07-13,2026-07-16,18,3040,Outbound Shipment Materials,18.01,2.16,20.17
14952799,IF4041472250,33458874,"H1R3H7SEF - SEF 414 GALERIE D'ANJOU,",5.20653E+11,2026-07-13,2026-07-16,84,3040,Outbound Freight,47.81,2.39,50.2
14952799,IF4041472250,33458874,"H1R3H7SEF - SEF 414 GALERIE D'ANJOU,",5.20653E+11,2026-07-13,2026-07-16,4,3040,EDI Labels,4,0.2,4.2
14952818,IF4041472240,33458865,J8T6G3PRO - Promenades Gatineau,5.20653E+11,2026-07-13,2026-07-16,35,1452,Outbound Freight,32.56,1.63,34.19
14952818,IF4041472240,33458865,J8T6G3PRO - Promenades Gatineau,5.20653E+11,2026-07-13,2026-07-16,9,1452,Outbound Shipment Materials,9.3,1.12,10.42
14952818,IF4041472240,33458865,J8T6G3PRO - Promenades Gatineau,5.20653E+11,2026-07-13,2026-07-16,2,1452,EDI Labels,2,0.1,2.1
14952824,IF4041472235,33458662,V1Z4C9FRE - FREE RIDE,4.00747E+15,2026-07-13,2026-07-16,3,117,Outbound Freight,8.1,0.41,8.51
14952824,IF4041472235,33458662,V1Z4C9FRE - FREE RIDE,4.00747E+15,2026-07-13,2026-07-16,2,117,Outbound Shipment Materials,1.78,0.21,1.99
14952828,IF4041472231,33458360,J2S3J1BOU - BOUTIQUE MV dba M&V,4.00747E+15,2026-07-13,2026-07-16,2,78,Outbound Shipment Materials,1.78,0.21,1.99
14952828,IF4041472231,33458360,J2S3J1BOU - BOUTIQUE MV dba M&V,4.00747E+15,2026-07-13,2026-07-16,2,78,Outbound Freight,13.28,0.66,13.94
14977549,IF4041472506,33466785,T0H2H0LA - LA CRETE SOURCE FOR SPORTS,5.20653E+11,2026-07-14,2026-07-16,7,732,Outbound Shipment Materials,7.12,0.86,7.98
14977549,IF4041472506,33466785,T0H2H0LA - LA CRETE SOURCE FOR SPORTS,5.20653E+11,2026-07-14,2026-07-16,1,732,Outbound Freight,1.25,0.06,1.31
14977551,IF4041472504,33466005,P5N2W8MOO - MOONBEAM COUNTRY STORE,4.00747E+15,2026-07-14,2026-07-16,5,420,Outbound Freight,24.84,3.23,28.07
14977551,IF4041472504,33466005,P5N2W8MOO - MOONBEAM COUNTRY STORE,4.00747E+15,2026-07-14,2026-07-16,4,420,Outbound Shipment Materials,4.06,0.48,4.54
14977555,IF4041472511,33466789,V2J2M5PEA - PEARLS FASHION,5.20654E+11,2026-07-14,2026-07-16,3,132,Outbound Shipment Materials,2.93,0.36,3.29
14977555,IF4041472511,33466789,V2J2M5PEA - PEARLS FASHION,5.20654E+11,2026-07-14,2026-07-16,3,132,Outbound Freight,11.02,0.55,11.57
14977562,IF4041472691,33474142,S0J3G0BOU - BOUTIQUE NORTH,4.00747E+15,2026-07-14,2026-07-16,4,415,Outbound Shipment Materials,4.06,0.48,4.54
14977562,IF4041472691,33474142,S0J3G0BOU - BOUTIQUE NORTH,4.00747E+15,2026-07-14,2026-07-16,10,415,Outbound Freight,24.91,1.25,26.16
14981475,IF4041472522,Consolidated Shipment,V1T2B6VAL - Valhalla Pure Outfitters Inc,5.20653E+11,2026-07-15,2026-07-16,5,237.95,Outbound Shipment Materials,4.71,0.57,5.28
14981475,IF4041472522,Consolidated Shipment,V1T2B6VAL - Valhalla Pure Outfitters Inc,5.20653E+11,2026-07-15,2026-07-16,2,237.95,Outbound Freight,2.5,0.13,2.63
14952760,IF4041472266,33458949,G9A6M1SPO - SPORTS EXPERTS - ATMOSPHERE,LSHP50425078,2026-07-13,2026-07-17,21,3811.5,Outbound Shipment Materials,20.62,2.47,23.09
14952760,IF4041472266,33458949,G9A6M1SPO - SPORTS EXPERTS - ATMOSPHERE,LSHP50425078,2026-07-13,2026-07-17,5,3811.5,EDI Labels,5,0.25,5.25
14952760,IF4041472266,33458949,G9A6M1SPO - SPORTS EXPERTS - ATMOSPHERE,LSHP50425078,2026-07-13,2026-07-17,106,3811.5,Outbound Freight,72.96,3.65,76.61
14952766,IF4041472264,33458947,G9A6J2SPO - SPORTS EXPERTS - ATMOSPHERE,LSHP50425095,2026-07-13,2026-07-17,26,4415.5,Outbound Shipment Materials,26.01,3.12,29.13
14952766,IF4041472264,33458947,G9A6J2SPO - SPORTS EXPERTS - ATMOSPHERE,LSHP50425095,2026-07-13,2026-07-17,126,4415.5,Outbound Freight,64.96,3.25,68.21
14952766,IF4041472264,33458947,G9A6J2SPO - SPORTS EXPERTS - ATMOSPHERE,LSHP50425095,2026-07-13,2026-07-17,4,4415.5,EDI Labels,4,0.2,4.2
14952778,IF4041472259,33458942,G2K1N4GAL - Galeries de la Capitale,LSHP50425102,2026-07-13,2026-07-17,46,1207,Outbound Freight,24.7,1.24,25.94
14952778,IF4041472259,33458942,G2K1N4GAL - Galeries de la Capitale,LSHP50425102,2026-07-13,2026-07-17,1,1207,EDI Labels,1,0.05,1.05
14952778,IF4041472259,33458942,G2K1N4GAL - Galeries de la Capitale,LSHP50425102,2026-07-13,2026-07-17,5,1207,Outbound Shipment Materials,4.65,0.56,5.21
14952783,IF4041472257,33458880,J6W3Z5SPO - SPORTS EXPERTS - ATMOSPHERE,LSHP50425108,2026-07-13,2026-07-17,4,3170,EDI Labels,4,0.2,4.2
14952783,IF4041472257,33458880,J6W3Z5SPO - SPORTS EXPERTS - ATMOSPHERE,LSHP50425108,2026-07-13,2026-07-17,65,3170,Outbound Freight,46.7,2.34,49.04
14952783,IF4041472257,33458880,J6W3Z5SPO - SPORTS EXPERTS - ATMOSPHERE,LSHP50425108,2026-07-13,2026-07-17,17,3170,Outbound Shipment Materials,16.74,2.01,18.75
14952786,IF4041472255,33458879,G9A6M1SPO - SPORTS EXPERTS - ATMOSPHERE,LSHP50425114,2026-07-13,2026-07-17,58,2812,Outbound Freight,43.93,2.2,46.13
14952786,IF4041472255,33458879,G9A6M1SPO - SPORTS EXPERTS - ATMOSPHERE,LSHP50425114,2026-07-13,2026-07-17,13,2812,Outbound Shipment Materials,13.36,1.61,14.97
14952786,IF4041472255,33458879,G9A6M1SPO - SPORTS EXPERTS - ATMOSPHERE,LSHP50425114,2026-07-13,2026-07-17,3,2812,EDI Labels,3,0.15,3.15
14952789,IF4041472254,33458878,J7A3T2SPO - SPORTS EXPERTS - ATMOSPHERE,LSHP50425127,2026-07-13,2026-07-17,98,3469,Outbound Freight,49.21,2.46,51.67
14952789,IF4041472254,33458878,J7A3T2SPO - SPORTS EXPERTS - ATMOSPHERE,LSHP50425127,2026-07-13,2026-07-17,18,3469,Outbound Shipment Materials,18.01,2.16,20.17
14952789,IF4041472254,33458878,J7A3T2SPO - SPORTS EXPERTS - ATMOSPHERE,LSHP50425127,2026-07-13,2026-07-17,4,3469,EDI Labels,4,0.2,4.2
14952796,IF4041472251,33458875,J7Y3S7SPO - SPORTS EXPERTS - ATMOSPHERE,LSHP50425188,2026-07-13,2026-07-17,14,3217,Outbound Shipment Materials,13.95,1.68,15.63
14952796,IF4041472251,33458875,J7Y3S7SPO - SPORTS EXPERTS - ATMOSPHERE,LSHP50425188,2026-07-13,2026-07-17,68,3217,Outbound Freight,49.37,2.47,51.84
14952796,IF4041472251,33458875,J7Y3S7SPO - SPORTS EXPERTS - ATMOSPHERE,LSHP50425188,2026-07-13,2026-07-17,3,3217,EDI Labels,3,0.15,3.15
14977550,IF4041472497,33465998,G7X3B5IMM - Immeubles Ultra Violet Inc.,LSHP50424617,2026-07-14,2026-07-17,95,22343,Outbound Shipment Materials,95.2,11.42,106.62
14978209,IF4041472693,33474148,T0E1E0RAN - RANSOM,LSHP50426402,2026-07-14,2026-07-17,35,1960,Outbound Freight,36.49,1.82,38.31
14978209,IF4041472693,33474148,T0E1E0RAN - RANSOM,LSHP50426402,2026-07-14,2026-07-17,14,1960,Outbound Shipment Materials,13.95,1.68,15.63
14978211,IF4041472719,33475608,K0K2T0THE - THE MERCHANT,LSHP50423815,2026-07-14,2026-07-17,3,132,Outbound Freight,17.35,2.26,19.61
14978211,IF4041472719,33475608,K0K2T0THE - THE MERCHANT,LSHP50423815,2026-07-14,2026-07-17,3,132,Outbound Shipment Materials,2.93,0.36,3.29
14978212,IF4041472720,33475709,A2N1H9BYR - BYRNES' SHOES AND SPORTSWEAR LTD.,LSHP50426355,2026-07-14,2026-07-17,26,1069,Outbound Freight,44.09,6.61,50.7
14978212,IF4041472720,33475709,A2N1H9BYR - BYRNES' SHOES AND SPORTSWEAR LTD.,LSHP50426355,2026-07-14,2026-07-17,9,1069,Outbound Shipment Materials,8.71,1.05,9.76
14978297,IF4041472368,33462063,V1G2C1GRI - GRIFFIN SOURCE FOR SPORTS,LSHP50426382,2026-07-14,2026-07-17,5,942,Outbound Shipment Materials,4.65,0.56,5.21
14978297,IF4041472368,33462063,V1G2C1GRI - GRIFFIN SOURCE FOR SPORTS,LSHP50426382,2026-07-14,2026-07-17,24,942,Outbound Freight,18.12,0.91,19.03
14980497,IF4041472792,33479799,V7B1K4VAN - VANCOUVER LP WDFG,LSHP50424994,2026-07-15,2026-07-17,288,6480,Outbound Freight,39.72,1.99,41.71
14980497,IF4041472792,33479799,V7B1K4VAN - VANCOUVER LP WDFG,LSHP50424994,2026-07-15,2026-07-17,18,6480,Outbound Shipment Materials,18.01,2.16,20.17
14952794,IF4041472252,33458876,G1V2L8SPO - Sports Experts,5.20655E+11,2026-07-13,2026-07-17,19,2818,Outbound Shipment Materials,18.89,2.26,21.15
14952794,IF4041472252,33458876,G1V2L8SPO - Sports Experts,5.20655E+11,2026-07-13,2026-07-17,3,2818,EDI Labels,3,0.15,3.15
14952794,IF4041472252,33458876,G1V2L8SPO - Sports Experts,5.20655E+11,2026-07-13,2026-07-17,3,2818,Outbound Freight,3.75,0.19,3.94
14952826,IF4041472232,33458361,V9W8C9SPI - SPINNERS SPORTS CAMPBELL RIVER,5.20655E+11,2026-07-13,2026-07-17,4,264,Outbound Shipment Materials,4.06,0.48,4.54
14952826,IF4041472232,33458361,V9W8C9SPI - SPINNERS SPORTS CAMPBELL RIVER,5.20655E+11,2026-07-13,2026-07-17,1,264,Outbound Freight,1.25,0.06,1.31
14962425,IF4041466666,Consolidated Shipment,T4R1N9EDG - EDGE CLOTHING,5.20655E+11,2026-07-13,2026-07-17,8,1511.5,Outbound Shipment Materials,7.58,0.91,8.49
14962425,IF4041466666,Consolidated Shipment,T4R1N9EDG - EDGE CLOTHING,5.20655E+11,2026-07-13,2026-07-17,61,1511.5,Outbound Freight,31.65,1.58,33.23
14977544,IF4041472521,33466798,V1T2B6VAL - Valhalla Pure Outfitters Inc,5.20655E+11,2026-07-14,2026-07-17,3,163,Outbound Shipment Materials,2.79,0.34,3.13
14977544,IF4041472521,33466798,V1T2B6VAL - Valhalla Pure Outfitters Inc,5.20655E+11,2026-07-14,2026-07-17,1,163,Outbound Freight,1.25,0.06,1.31
14978210,IF4041472694,33474150,E5B1A8MY - MY SPACE GIFT SHOP,8.74513E+11,2026-07-14,2026-07-17,63,2263,Outbound Freight,44.69,6.7,51.39
14978210,IF4041472694,33474150,E5B1A8MY - MY SPACE GIFT SHOP,8.74513E+11,2026-07-14,2026-07-17,9,2263,Outbound Shipment Materials,9.3,1.12,10.42
14980499,IF4041472928,33486778,L6T4H8THE - The Nuance Group (Canada) Inc,5.20655E+11,2026-07-15,2026-07-17,27,5155,Outbound Shipment Materials,27.31,3.28,30.59
14980499,IF4041472928,33486778,L6T4H8THE - The Nuance Group (Canada) Inc,5.20655E+11,2026-07-15,2026-07-17,139,5155,Outbound Freight,73.85,9.6,83.45
14983957,IF4041473358,33499731,V5X3S7PRO - Promosapien,4.00747E+15,2026-07-16,2026-07-17,4,396,Outbound Shipment Materials,4.06,0.48,4.54
14983957,IF4041473358,33499731,V5X3S7PRO - Promosapien,4.00747E+15,2026-07-16,2026-07-17,9,396,Outbound Freight,9.83,0.49,10.32
14917613,IF4041469240,33352753,T6E6H7BEL - BELOW THE BELT LTD.,A11504403,2026-07-03,2026-07-17,2,40837.5,Pallet Prep,21,1.05,22.05
14917613,IF4041469240,33352753,T6E6H7BEL - BELOW THE BELT LTD.,A11504403,2026-07-03,2026-07-17,67,40837.5,Outbound Shipment Materials,67.2,8.06,75.26
14917613,IF4041469240,33352753,T6E6H7BEL - BELOW THE BELT LTD.,A11504403,2026-07-03,2026-07-17,1,40837.5,Outbound Freight,16,0.8,16.8
15033043,IF4041465802,2026_07_30B,V8L1X7COT - COTTONS AND BLUES,4.00747E+15,2026-07-30,2026-07-18,0,0,Outbound Freight,14.26,0.71,14.97
15014371,IF4041469185,2026_07_24C,J2K3G8SPO - SPORTS EXPERTS 479,1Z2VW7552097796085,2026-07-24,2026-07-18,0,0,Outbound Freight,34.19,1.71,35.9
14913537,IF4041468468,33329876,T9W1C5ARM - ARMSTRONGS CLOTHING AND SPORTS,LSHP50185940,2026-07-02,2026-07-20,11,1619.5,Outbound Shipment Materials,11.18,1.34,12.52
14913537,IF4041468468,33329876,T9W1C5ARM - ARMSTRONGS CLOTHING AND SPORTS,LSHP50185940,2026-07-02,2026-07-20,48,1619.5,Outbound Freight,28.39,1.42,29.81
14980498,IF4041472921,33486770,V7B1W2HUD - Hudson Grp VANCOUVER INT'L AIRPORT,LSHP50454231,2026-07-15,2026-07-20,50,19205,Outbound Shipment Materials,49.5,5.95,55.45
14980498,IF4041472921,33486770,V7B1W2HUD - Hudson Grp VANCOUVER INT'L AIRPORT,LSHP50454231,2026-07-15,2026-07-20,655,19205,Outbound Freight,158.28,7.91,166.19
14980500,IF4041472929,33486777,V7B1W2HUD - Hudson Grp VANCOUVER INT'L AIRPORT,LSHP50450831,2026-07-15,2026-07-20,327,9331,Outbound Freight,66.47,3.32,69.79
14980500,IF4041472929,33486777,V7B1W2HUD - Hudson Grp VANCOUVER INT'L AIRPORT,LSHP50450831,2026-07-15,2026-07-20,37,9331,Outbound Shipment Materials,36.61,4.39,41
14980503,IF4041472927,33486776,T4L2L1DER - DEROWIN HOLDINGS LTD,LSHP50467078,2026-07-15,2026-07-20,7,343,Outbound Freight,13.72,0.69,14.41
14980503,IF4041472927,33486776,T4L2L1DER - DEROWIN HOLDINGS LTD,LSHP50467078,2026-07-15,2026-07-20,4,343,Outbound Shipment Materials,4.06,0.48,4.54
14980507,IF4041472948,33486990,J1L1K1SPO - SPORTS EXPERTS 528,LSHP50467332,2026-07-15,2026-07-20,11,484,Outbound Freight,20.1,1.01,21.11
14980507,IF4041472948,33486990,J1L1K1SPO - SPORTS EXPERTS 528,LSHP50467332,2026-07-15,2026-07-20,4,484,Outbound Shipment Materials,4.06,0.48,4.54
14980507,IF4041472948,33486990,J1L1K1SPO - SPORTS EXPERTS 528,LSHP50467332,2026-07-15,2026-07-20,1,484,EDI Labels,1,0.05,1.05
14980508,IF4041472949,33486991,J3V6A8SPO - SPORTS EXPERTS - ATMOSPHERE 584,LSHP50454953,2026-07-15,2026-07-20,5,4356,EDI Labels,5,0.25,5.25
14980508,IF4041472949,33486991,J3V6A8SPO - SPORTS EXPERTS - ATMOSPHERE 584,LSHP50454953,2026-07-15,2026-07-20,130,4356,Outbound Freight,56.7,2.84,59.54
14980508,IF4041472949,33486991,J3V6A8SPO - SPORTS EXPERTS - ATMOSPHERE 584,LSHP50454953,2026-07-15,2026-07-20,22,4356,Outbound Shipment Materials,21.53,2.59,24.12
14980509,IF4041472950,33486992,J6E6X6SPO - SPORTS EXPERTS #492 (Sports 12345 INC),LSHP50455574,2026-07-15,2026-07-20,19,3185,Outbound Shipment Materials,18.6,2.23,20.83
14980509,IF4041472950,33486992,J6E6X6SPO - SPORTS EXPERTS #492 (Sports 12345 INC),LSHP50455574,2026-07-15,2026-07-20,76,3185,Outbound Freight,58.61,2.93,61.54
14980509,IF4041472950,33486992,J6E6X6SPO - SPORTS EXPERTS #492 (Sports 12345 INC),LSHP50455574,2026-07-15,2026-07-20,4,3185,EDI Labels,4,0.2,4.2
14980760,IF4041472515,33466792,E8J1T7DAZ - DAZE SPORTS EXCELLENCE,LSHP50454964,2026-07-15,2026-07-20,126,5006,Outbound Freight,108.03,16.2,124.23
14980760,IF4041472515,33466792,E8J1T7DAZ - DAZE SPORTS EXCELLENCE,LSHP50454964,2026-07-15,2026-07-20,36,5006,Outbound Shipment Materials,35.6,4.27,39.87
14980763,IF4041470600,33405295,G4X2A9CAR - Carrefour Gaspé,LSHP50454484,2026-07-15,2026-07-20,5,1067.5,Outbound Shipment Materials,4.65,0.56,5.21
14980763,IF4041470600,33405295,G4X2A9CAR - Carrefour Gaspé,LSHP50454484,2026-07-15,2026-07-20,1,1067.5,EDI Labels,1,0.05,1.05
14980763,IF4041470600,33405295,G4X2A9CAR - Carrefour Gaspé,LSHP50454484,2026-07-15,2026-07-20,55,1067.5,Outbound Freight,30.83,1.54,32.37
14980768,IF4041470603,33405298,J6T1A9SPO - Sports Experts,LSHP50455206,2026-07-15,2026-07-20,1,705,EDI Labels,1,0.05,1.05
14980768,IF4041470603,33405298,J6T1A9SPO - Sports Experts,LSHP50455206,2026-07-15,2026-07-20,36,705,Outbound Freight,17.83,0.89,18.72
14980768,IF4041470603,33405298,J6T1A9SPO - Sports Experts,LSHP50455206,2026-07-15,2026-07-20,4,705,Outbound Shipment Materials,4.06,0.48,4.54
14980770,IF4041470604,33405299,G4R1Y5PLA - Place de Ville,LSHP50455209,2026-07-15,2026-07-20,5,962.5,Outbound Shipment Materials,4.65,0.56,5.21
14980770,IF4041470604,33405299,G4R1Y5PLA - Place de Ville,LSHP50455209,2026-07-15,2026-07-20,55,962.5,Outbound Freight,30.83,1.54,32.37
14980770,IF4041470604,33405299,G4R1Y5PLA - Place de Ville,LSHP50455209,2026-07-15,2026-07-20,1,962.5,EDI Labels,1,0.05,1.05
14980771,IF4041470605,33405300,G0C1J0SPO - SPORTS EXPERTS 677,LSHP50455250,2026-07-15,2026-07-20,4,877.5,Outbound Shipment Materials,4.06,0.48,4.54
14980771,IF4041470605,33405300,G0C1J0SPO - SPORTS EXPERTS 677,LSHP50455250,2026-07-15,2026-07-20,1,877.5,EDI Labels,1,0.05,1.05
14980771,IF4041470605,33405300,G0C1J0SPO - SPORTS EXPERTS 677,LSHP50455250,2026-07-15,2026-07-20,45,877.5,Outbound Freight,32.88,1.64,34.52
14980772,IF4041472514,33466791,J3P6L9ST - ST PIERRE SPORTS DE SOREL INC.,LSHP50455285,2026-07-15,2026-07-20,18,2628.5,Outbound Shipment Materials,18.3,2.2,20.5
14980772,IF4041472514,33466791,J3P6L9ST - ST PIERRE SPORTS DE SOREL INC.,LSHP50455285,2026-07-15,2026-07-20,68,2628.5,Outbound Freight,48.71,2.44,51.15
14980773,IF4041472513,33466790,K0J1B0BAR - BARRYS BAY CUSTOM WOODWORKING AND BUILDE,LSHP50468273,2026-07-15,2026-07-20,54,1970.5,Outbound Freight,56.67,7.37,64.04
14980773,IF4041472513,33466790,K0J1B0BAR - BARRYS BAY CUSTOM WOODWORKING AND BUILDE,LSHP50468273,2026-07-15,2026-07-20,9,1970.5,Outbound Shipment Materials,9.3,1.12,10.42
14983910,IF4041473015,33489106,V6A3P7PLE - PLENTY STORES INC.,LSHP50472255,2026-07-16,2026-07-20,329,10228.5,Outbound Freight,87.69,4.38,92.07
14983910,IF4041473015,33489106,V6A3P7PLE - PLENTY STORES INC.,LSHP50472255,2026-07-16,2026-07-20,45,10228.5,Outbound Shipment Materials,45.03,5.4,50.43
14983911,IF4041473017,33489110,V0R3A0BLA - BLACK ROCK OCEANFRONT RESORT,LSHP50467737,2026-07-16,2026-07-20,44,819,Outbound Freight,13.72,0.69,14.41
14983911,IF4041473017,33489110,V0R3A0BLA - BLACK ROCK OCEANFRONT RESORT,LSHP50467737,2026-07-16,2026-07-20,4,819,Outbound Shipment Materials,4.06,0.48,4.54
14983912,IF4041473018,33489111,N0B2N0CHA - CHANGE LIFESTYLE & APPAREL,LSHP50468532,2026-07-16,2026-07-20,47,1459.36,Outbound Freight,26.47,3.44,29.91
14983912,IF4041473018,33489111,N0B2N0CHA - CHANGE LIFESTYLE & APPAREL,LSHP50468532,2026-07-16,2026-07-20,5,1459.36,Outbound Shipment Materials,4.65,0.56,5.21
14983916,IF4041473241,33498032,J1X2A9SPO - SPORTS EXPERTS 468 (NORMANDIN),LSHP50468826,2026-07-16,2026-07-20,28,1327,Outbound Freight,34.44,1.72,36.16
14983916,IF4041473241,33498032,J1X2A9SPO - SPORTS EXPERTS 468 (NORMANDIN),LSHP50468826,2026-07-16,2026-07-20,2,1327,EDI Labels,2,0.1,2.1
14983916,IF4041473241,33498032,J1X2A9SPO - SPORTS EXPERTS 468 (NORMANDIN),LSHP50468826,2026-07-16,2026-07-20,4,1327,Outbound Shipment Materials,4.36,0.53,4.89
14983917,IF4041473244,33498033,G0C1J0SPO - SPORTS EXPERTS 677,LSHP50472054,2026-07-16,2026-07-20,12,593,Outbound Freight,35.12,1.76,36.88
14983917,IF4041473244,33498033,G0C1J0SPO - SPORTS EXPERTS 677,LSHP50472054,2026-07-16,2026-07-20,1,593,EDI Labels,1,0.05,1.05
14983917,IF4041473244,33498033,G0C1J0SPO - SPORTS EXPERTS 677,LSHP50472054,2026-07-16,2026-07-20,4,593,Outbound Shipment Materials,4.06,0.48,4.54
14983918,IF4041473245,33498034,J9P1W1SKI - Ski & Vélo Plein Air,LSHP50472520,2026-07-16,2026-07-20,1,934,EDI Labels,1,0.05,1.05
14983918,IF4041473245,33498034,J9P1W1SKI - Ski & Vélo Plein Air,LSHP50472520,2026-07-16,2026-07-20,8,934,Outbound Shipment Materials,7.55,0.91,8.46
14983918,IF4041473245,33498034,J9P1W1SKI - Ski & Vélo Plein Air,LSHP50472520,2026-07-16,2026-07-20,16,934,Outbound Freight,39.45,1.97,41.42
14983919,IF4041473254,33498035,J1X2A9SPO - SPORTS EXPERTS 468 (NORMANDIN),LSHP50471916,2026-07-16,2026-07-20,37,1898,Outbound Freight,41.61,2.08,43.69
14983919,IF4041473254,33498035,J1X2A9SPO - SPORTS EXPERTS 468 (NORMANDIN),LSHP50471916,2026-07-16,2026-07-20,12,1898,Outbound Shipment Materials,12.23,1.47,13.7
14983919,IF4041473254,33498035,J1X2A9SPO - SPORTS EXPERTS 468 (NORMANDIN),LSHP50471916,2026-07-16,2026-07-20,3,1898,EDI Labels,3,0.15,3.15
14977568,IF4041472491,33465996,H7P0B7SAI - SAIL 16,5.2066E+11,2026-07-14,2026-07-20,14,13007,EDI Labels,14,0.7,14.7
14977568,IF4041472491,33465996,H7P0B7SAI - SAIL 16,5.2066E+11,2026-07-14,2026-07-20,65,13007,Outbound Shipment Materials,65.1,7.82,72.92
14977568,IF4041472491,33465996,H7P0B7SAI - SAIL 16,5.2066E+11,2026-07-14,2026-07-20,298,13007,Outbound Freight,156.56,7.83,164.39
14977572,IF4041472484,33465992,N3C1Z4SAI - SAIL 26,5.2066E+11,2026-07-14,2026-07-20,69,13429.5,Outbound Shipment Materials,69.46,8.33,77.79
14977572,IF4041472484,33465992,N3C1Z4SAI - SAIL 26,5.2066E+11,2026-07-14,2026-07-20,16,13429.5,EDI Labels,16,0.8,16.8
14977572,IF4041472484,33465992,N3C1Z4SAI - SAIL 26,5.2066E+11,2026-07-14,2026-07-20,301,13429.5,Outbound Freight,172.8,22.14,194.94
14977575,IF4041472476,33465989,K1G3X8SAI - SAIL 21,5.2066E+11,2026-07-14,2026-07-20,88,17726.5,Outbound Shipment Materials,87.76,10.53,98.29
14977575,IF4041472476,33465989,K1G3X8SAI - SAIL 21,5.2066E+11,2026-07-14,2026-07-20,373,17726.5,Outbound Freight,211.01,27.11,238.12
14977575,IF4041472476,33465989,K1G3X8SAI - SAIL 21,5.2066E+11,2026-07-14,2026-07-20,19,17726.5,EDI Labels,19,0.95,19.95
14977578,IF4041472472,33465986,J3G0S5SAI - SAIL 15,5.2066E+11,2026-07-14,2026-07-20,344,15761,Outbound Freight,235.89,11.79,247.68
14977578,IF4041472472,33465986,J3G0S5SAI - SAIL 15,5.2066E+11,2026-07-14,2026-07-20,91,15761,Outbound Shipment Materials,91.11,10.94,102.05
14977578,IF4041472472,33465986,J3G0S5SAI - SAIL 15,5.2066E+11,2026-07-14,2026-07-20,18,15761,EDI Labels,18,0.9,18.9
14980495,IF4041472790,33479797,A1A4A2ART - ARTHUR JAMES CLOTHING COMPANY,4.00747E+15,2026-07-15,2026-07-20,1,39,Outbound Freight,14.98,2.25,17.23
14980495,IF4041472790,33479797,A1A4A2ART - ARTHUR JAMES CLOTHING COMPANY,4.00747E+15,2026-07-15,2026-07-20,0,39,Outbound Shipment Materials,0.25,0.03,0.28
14980496,IF4041472791,33479798,V1T2B6VAL - Valhalla Pure Outfitters Inc,5.20659E+11,2026-07-15,2026-07-20,3,243.5,Outbound Shipment Materials,2.93,0.36,3.29
14980496,IF4041472791,33479798,V1T2B6VAL - Valhalla Pure Outfitters Inc,5.20659E+11,2026-07-15,2026-07-20,1,243.5,Outbound Freight,1.25,0.06,1.31
14980505,IF4041472946,33486988,J6T1A9SPO - Sports Experts,4.00747E+15,2026-07-15,2026-07-20,1,44,EDI Labels,1,0.05,1.05
14980505,IF4041472946,33486988,J6T1A9SPO - Sports Experts,4.00747E+15,2026-07-15,2026-07-20,0,44,Outbound Shipment Materials,0.25,0.03,0.28
14980505,IF4041472946,33486988,J6T1A9SPO - Sports Experts,4.00747E+15,2026-07-15,2026-07-20,1,44,Outbound Freight,13.1,0.66,13.76
14980764,IF4041470601,33405296,J1X2A9SPO - SPORTS EXPERTS 468 (NORMANDIN),4.00747E+15,2026-07-15,2026-07-20,10,200,Outbound Freight,13.51,0.68,14.19
14980764,IF4041470601,33405296,J1X2A9SPO - SPORTS EXPERTS 468 (NORMANDIN),4.00747E+15,2026-07-15,2026-07-20,1,200,EDI Labels,1,0.05,1.05
14980764,IF4041470601,33405296,J1X2A9SPO - SPORTS EXPERTS 468 (NORMANDIN),4.00747E+15,2026-07-15,2026-07-20,3,200,Outbound Shipment Materials,2.79,0.34,3.13
14980766,IF4041470602,33405297,J2K3G8SPO - SPORTS EXPERTS 479,4.00747E+15,2026-07-15,2026-07-20,10,200,Outbound Freight,13.55,0.68,14.23
14980766,IF4041470602,33405297,J2K3G8SPO - SPORTS EXPERTS 479,4.00747E+15,2026-07-15,2026-07-20,1,200,EDI Labels,1,0.05,1.05
14980766,IF4041470602,33405297,J2K3G8SPO - SPORTS EXPERTS 479,4.00747E+15,2026-07-15,2026-07-20,3,200,Outbound Shipment Materials,2.79,0.34,3.13
14980774,IF4041472687,33474138,B0W2Z0LA - LA CACHETTE,4.00747E+15,2026-07-15,2026-07-20,22,973,Outbound Freight,33.13,4.64,37.77
14980774,IF4041472687,33474138,B0W2Z0LA - LA CACHETTE,4.00747E+15,2026-07-15,2026-07-20,5,973,Outbound Shipment Materials,4.65,0.56,5.21
14983909,IF4041473014,33489103,V6H3S4MAK - MAKE,4.00747E+15,2026-07-16,2026-07-20,5,960.5,Outbound Shipment Materials,4.65,0.56,5.21
14983909,IF4041473014,33489103,V6H3S4MAK - MAKE,4.00747E+15,2026-07-16,2026-07-20,36,960.5,Outbound Freight,13.17,0.66,13.83
14983915,IF4041473240,33498031,E3V1T9SPO - SPORTS EXPERTS,4.00747E+15,2026-07-16,2026-07-20,9,180,Outbound Freight,16.49,2.47,18.96
14983915,IF4041473240,33498031,E3V1T9SPO - SPORTS EXPERTS,4.00747E+15,2026-07-16,2026-07-20,3,180,Outbound Shipment Materials,2.79,0.34,3.13
14983915,IF4041473240,33498031,E3V1T9SPO - SPORTS EXPERTS,4.00747E+15,2026-07-16,2026-07-20,1,180,EDI Labels,1,0.05,1.05
14988409,IF4041473756,33511286,V1T5H7KAL - KALECO,4.00747E+15,2026-07-17,2026-07-20,2,49,Outbound Shipment Materials,1.78,0.21,1.99
14988409,IF4041473756,33511286,V1T5H7KAL - KALECO,4.00747E+15,2026-07-17,2026-07-20,1,49,Outbound Freight,5.98,0.3,6.28
14981301,IF4041472961,33487209,NLA0EOUT - OUTPORT BOUTIQUE,8.74619E+11,2026-07-15,2026-07-20,48,2017,Outbound Freight,68.05,10.21,78.26
14981301,IF4041472961,33487209,NLA0EOUT - OUTPORT BOUTIQUE,8.74619E+11,2026-07-15,2026-07-20,11,2017,Outbound Shipment Materials,11.08,1.33,12.41
14977566,IF4041472470,33465985,G7H5B1SAI - SAIL PLEIN 29,LSHP50492604,2026-07-14,2026-07-21,190,7359.5,Outbound Freight,110.89,5.54,116.43
14977566,IF4041472470,33465985,G7H5B1SAI - SAIL PLEIN 29,LSHP50492604,2026-07-14,2026-07-21,8,7359.5,EDI Labels,8,0.4,8.4
14977566,IF4041472470,33465985,G7H5B1SAI - SAIL PLEIN 29,LSHP50492604,2026-07-14,2026-07-21,37,7359.5,Outbound Shipment Materials,36.61,4.39,41
14977573,IF4041472480,33465991,J6V1N9SAI - SAIL 30,LSHP50492636,2026-07-14,2026-07-21,33,6790,Outbound Shipment Materials,32.55,3.91,36.46
14977573,IF4041472480,33465991,J6V1N9SAI - SAIL 30,LSHP50492636,2026-07-14,2026-07-21,156,6790,Outbound Freight,89.14,4.46,93.6
14977573,IF4041472480,33465991,J6V1N9SAI - SAIL 30,LSHP50492636,2026-07-14,2026-07-21,7,6790,EDI Labels,7,0.35,7.35
14977577,IF4041472474,33465987,J7V0N3SAI - SAIL 27,LSHP50489611,2026-07-14,2026-07-21,264,11567.5,Outbound Freight,136.79,6.84,143.63
14977577,IF4041472474,33465987,J7V0N3SAI - SAIL 27,LSHP50489611,2026-07-14,2026-07-21,53,11567.5,Outbound Shipment Materials,53.33,6.4,59.73
14977577,IF4041472474,33465987,J7V0N3SAI - SAIL 27,LSHP50489611,2026-07-14,2026-07-21,12,11567.5,EDI Labels,12,0.6,12.6
14980502,IF4041472925,33486774,A0G3A0BLU - BLUE RIDGE INC.,LSHP50493021,2026-07-15,2026-07-21,5,270,Outbound Freight,27.07,4.06,31.13
14980502,IF4041472925,33486774,A0G3A0BLU - BLUE RIDGE INC.,LSHP50493021,2026-07-15,2026-07-21,4,270,Outbound Shipment Materials,4.06,0.48,4.54
14983920,IF4041473269,33498464,T2K1J7CAL - CALGARY WINTER CLUB,LSHP50494043,2026-07-16,2026-07-21,5,1001,Outbound Shipment Materials,4.65,0.56,5.21
14983920,IF4041473269,33498464,T2K1J7CAL - CALGARY WINTER CLUB,LSHP50494043,2026-07-16,2026-07-21,19,1001,Outbound Freight,16.45,0.82,17.27
14983923,IF4041473271,33498466,B0T1W0LOC - LOCKE'S SPORTING AND OUTDOOR ADVENTURE,LSHP50493429,2026-07-16,2026-07-21,6,858,Outbound Shipment Materials,6.43,0.77,7.2
14983923,IF4041473271,33498466,B0T1W0LOC - LOCKE'S SPORTING AND OUTDOOR ADVENTURE,LSHP50493429,2026-07-16,2026-07-21,17,858,Outbound Freight,36.93,5.17,42.1
14983924,IF4041473273,33498467,V0K2E0OUT - OUTLAW FASHIONS (FCJ ENTERPRISES LTD),LSHP50493534,2026-07-16,2026-07-21,5,822,Outbound Shipment Materials,4.65,0.56,5.21
14983924,IF4041473273,33498467,V0K2E0OUT - OUTLAW FASHIONS (FCJ ENTERPRISES LTD),LSHP50493534,2026-07-16,2026-07-21,18,822,Outbound Freight,25.37,1.27,26.64
14983926,IF4041473275,33498469,T7N1A2JOH - JOHNS MENS AND BOYS WEAR,LSHP50493629,2026-07-16,2026-07-21,14,1781,Outbound Shipment Materials,13.95,1.68,15.63
14983926,IF4041473275,33498469,T7N1A2JOH - JOHNS MENS AND BOYS WEAR,LSHP50493629,2026-07-16,2026-07-21,29,1781,Outbound Freight,37.26,1.86,39.12
14983927,IF4041473276,33498471,L4G3H7ST - ST ANDREW'S COLLEGE,LSHP50494030,2026-07-16,2026-07-21,12,2158,Outbound Shipment Materials,12.23,1.47,13.7
14983927,IF4041473276,33498471,L4G3H7ST - ST ANDREW'S COLLEGE,LSHP50494030,2026-07-16,2026-07-21,42,2158,Outbound Freight,46.62,6.06,52.68
14983928,IF4041473277,33498473,B3B1S1CLE - CLEVE'S SOURCE FOR SPORTS,LSHP50493879,2026-07-16,2026-07-21,80,4560,Outbound Freight,101.13,14.16,115.29
14983928,IF4041473277,33498473,B3B1S1CLE - CLEVE'S SOURCE FOR SPORTS,LSHP50493879,2026-07-16,2026-07-21,41,4560,Outbound Shipment Materials,40.71,4.89,45.6
14983929,IF4041473278,33498472,T1W2B6VAL - VALHALLA PURE OUTFITTERS - CANMORE,LSHP50493841,2026-07-16,2026-07-21,13,2048,Outbound Shipment Materials,13.36,1.61,14.97
14983929,IF4041473278,33498472,T1W2B6VAL - VALHALLA PURE OUTFITTERS - CANMORE,LSHP50493841,2026-07-16,2026-07-21,42,2048,Outbound Freight,34.32,1.72,36.04
14983930,IF4041473279,33498475,B5A1E7EVE - EVERY BLOOMIN THING,LSHP50493981,2026-07-16,2026-07-21,17,888,Outbound Freight,29.38,4.11,33.49
14983930,IF4041473279,33498475,B5A1E7EVE - EVERY BLOOMIN THING,LSHP50493981,2026-07-16,2026-07-21,5,888,Outbound Shipment Materials,4.65,0.56,5.21
14983931,IF4041473280,33498474,L4G3H7ST - ST ANDREW'S COLLEGE,LSHP50510556,2026-07-16,2026-07-21,52,3198,Outbound Freight,55.92,7.27,63.19
14983931,IF4041473280,33498474,L4G3H7ST - ST ANDREW'S COLLEGE,LSHP50510556,2026-07-16,2026-07-21,20,3198,Outbound Shipment Materials,20.48,2.45,22.93
14983933,IF4041473282,33498477,R0C1B0HP - HP TERGESENS,LSHP50494041,2026-07-16,2026-07-21,5,824,Outbound Shipment Materials,4.65,0.56,5.21
14983933,IF4041473282,33498477,R0C1B0HP - HP TERGESENS,LSHP50494041,2026-07-16,2026-07-21,16,824,Outbound Freight,23.35,1.17,24.52
14983934,IF4041473283,33498478,N4N1N9DEN - DENIM BAR,LSHP50499680,2026-07-16,2026-07-21,22,1083,Outbound Freight,31.15,4.05,35.2
14983934,IF4041473283,33498478,N4N1N9DEN - DENIM BAR,LSHP50499680,2026-07-16,2026-07-21,10,1083,Outbound Shipment Materials,9.91,1.19,11.1
14983937,IF4041473286,33498481,N0A1N0THE - THE SURF SHOP,LSHP50494166,2026-07-16,2026-07-21,5,822,Outbound Shipment Materials,4.65,0.56,5.21
14983937,IF4041473286,33498481,N0A1N0THE - THE SURF SHOP,LSHP50494166,2026-07-16,2026-07-21,18,822,Outbound Freight,26.47,3.44,29.91
14983939,IF4041473288,33498483,T0L1E0WIL - WILSON MOUNTAIN SPORTS LTD.,LSHP50507079,2026-07-16,2026-07-21,44,1956,Outbound Freight,28.35,1.42,29.77
14983939,IF4041473288,33498483,T0L1E0WIL - WILSON MOUNTAIN SPORTS LTD.,LSHP50507079,2026-07-16,2026-07-21,9,1956,Outbound Shipment Materials,9.3,1.12,10.42
14983940,IF4041473289,33498484,J2S3J1BOU - BOUTIQUE MV dba M&V,LSHP50494183,2026-07-16,2026-07-21,9,1523,Outbound Shipment Materials,8.71,1.05,9.76
14983940,IF4041473289,33498484,J2S3J1BOU - BOUTIQUE MV dba M&V,LSHP50494183,2026-07-16,2026-07-21,37,1523,Outbound Freight,33.92,1.7,35.62
14983942,IF4041473291,33498485,S9V0A1BOA - BOARDOM,LSHP50498952,2026-07-16,2026-07-21,18,842,Outbound Freight,21.74,1.09,22.83
14983942,IF4041473291,33498485,S9V0A1BOA - BOARDOM,LSHP50498952,2026-07-16,2026-07-21,7,842,Outbound Shipment Materials,7.12,0.86,7.98
14983944,IF4041473292,33498487,T0C2L0JOH - JOHNS MENSWEAR,LSHP50494191,2026-07-16,2026-07-21,14,2805,Outbound Shipment Materials,13.95,1.68,15.63
14983944,IF4041473292,33498487,T0C2L0JOH - JOHNS MENSWEAR,LSHP50494191,2026-07-16,2026-07-21,50,2805,Outbound Freight,39.29,1.96,41.25
14983946,IF4041473296,33498490,S9X1Y2MAR - MARTODAMS,LSHP50499150,2026-07-16,2026-07-21,5,875,Outbound Shipment Materials,4.65,0.56,5.21
14983946,IF4041473296,33498490,S9X1Y2MAR - MARTODAMS,LSHP50499150,2026-07-16,2026-07-21,1,875,Outbound Freight,1.25,0.06,1.31
14983947,IF4041473294,33498489,T8V3B1THE - The Drop Rideshop,LSHP50499215,2026-07-16,2026-07-21,18,702,Outbound Freight,15.26,0.76,16.02
14983947,IF4041473294,33498489,T8V3B1THE - The Drop Rideshop,LSHP50499215,2026-07-16,2026-07-21,4,702,Outbound Shipment Materials,4.06,0.48,4.54
14983949,IF4041473298,33498495,V0B1M0EDG - EDGE OF THE WORLD BOARD SHOP,LSHP50498797,2026-07-16,2026-07-21,40,1965,Outbound Freight,42.51,2.13,44.64
14983949,IF4041473298,33498495,V0B1M0EDG - EDGE OF THE WORLD BOARD SHOP,LSHP50498797,2026-07-16,2026-07-21,12,1965,Outbound Shipment Materials,11.77,1.41,13.18
14983950,IF4041473300,33498496,S9X1Y2MAR - MARTODAMS,LSHP50511925,2026-07-16,2026-07-21,4,1229,Outbound Shipment Materials,4.36,0.53,4.89
14983950,IF4041473300,33498496,S9X1Y2MAR - MARTODAMS,LSHP50511925,2026-07-16,2026-07-21,2,1229,Outbound Freight,2.5,0.13,2.63
14983952,IF4041473304,33498500,V8L1X8SID - SIDNEY PIER AND PATH,LSHP50511242,2026-07-16,2026-07-21,5,1938,Outbound Shipment Materials,4.95,0.6,5.55
14983952,IF4041473304,33498500,V8L1X8SID - SIDNEY PIER AND PATH,LSHP50511242,2026-07-16,2026-07-21,42,1938,Outbound Freight,25.79,1.29,27.08
14983954,IF4041473308,33498507,G0A4B0BOU - BOUTIQUE POINT DE VUE,LSHP50511404,2026-07-16,2026-07-21,30,1695,Outbound Freight,38.31,1.92,40.23
14983954,IF4041473308,33498507,G0A4B0BOU - BOUTIQUE POINT DE VUE,LSHP50511404,2026-07-16,2026-07-21,5,1695,Outbound Shipment Materials,4.95,0.6,5.55
15001461,IF4041474695,33540277,V3Z1A5MEC - MEC Western Distribution Centre,19898513,2026-07-20,2026-07-21,400,9000,Outbound Freight,152.73,7.64,160.37
15001461,IF4041474695,33540277,V3Z1A5MEC - MEC Western Distribution Centre,19898513,2026-07-20,2026-07-21,1,9000,Manual BOL,12,0.6,12.6
15001461,IF4041474695,33540277,V3Z1A5MEC - MEC Western Distribution Centre,19898513,2026-07-20,2026-07-21,1,9000,Pallet Prep,20.25,1.01,21.26
15001461,IF4041474695,33540277,V3Z1A5MEC - MEC Western Distribution Centre,19898513,2026-07-20,2026-07-21,23,9000,Outbound Shipment Materials,22.77,2.73,25.5
15001461,IF4041474695,33540277,V3Z1A5MEC - MEC Western Distribution Centre,19898513,2026-07-20,2026-07-21,24,9000,EDI Labels,24,1.2,25.2
14983925,IF4041473274,33498468,N0M1T0ARC - ARCHIES SURF SHOP,8.74653E+11,2026-07-16,2026-07-21,17,1530,Outbound Shipment Materials,17.17,2.06,19.23
14983925,IF4041473274,33498468,N0M1T0ARC - ARCHIES SURF SHOP,8.74653E+11,2026-07-16,2026-07-21,30,1530,Outbound Freight,59.44,7.73,67.17
14987015,IF4041473606,33508402,B0E1N0CAP - CAPER GYM AND FITNESS INC dba THE CENTRA,3.82744E+11,2026-07-17,2026-07-21,12,270,Outbound Freight,27.67,3.87,31.54
14987015,IF4041473606,33508402,B0E1N0CAP - CAPER GYM AND FITNESS INC dba THE CENTRA,3.82744E+11,2026-07-17,2026-07-21,3,270,Outbound Shipment Materials,2.93,0.36,3.29
14977567,IF4041472492,33465997,L7P0N6SAI - SAIL 24,5.2066E+11,2026-07-14,2026-07-21,46,9816,Outbound Shipment Materials,46.5,5.59,52.09
14977567,IF4041472492,33465997,L7P0N6SAI - SAIL 24,5.2066E+11,2026-07-14,2026-07-21,225,9816,Outbound Freight,129.82,16.56,146.38
14977567,IF4041472492,33465997,L7P0N6SAI - SAIL 24,5.2066E+11,2026-07-14,2026-07-21,10,9816,EDI Labels,10,0.5,10.5
14977570,IF4041472487,33465994,L1J0B6SAI - SAIL 23,5.2066E+11,2026-07-14,2026-07-21,10,9736,EDI Labels,10,0.5,10.5
14977570,IF4041472487,33465994,L1J0B6SAI - SAIL 23,5.2066E+11,2026-07-14,2026-07-21,42,9736,Outbound Shipment Materials,42.15,5.06,47.21
14977570,IF4041472487,33465994,L1J0B6SAI - SAIL 23,5.2066E+11,2026-07-14,2026-07-21,225,9736,Outbound Freight,127.42,16.24,143.66
14977574,IF4041472478,33465990,J1L3A6SAI - SAIL 31 - SHERBROOKE,5.2066E+11,2026-07-14,2026-07-21,23,5491,Outbound Shipment Materials,23.25,2.79,26.04
14977574,IF4041472478,33465990,J1L3A6SAI - SAIL 31 - SHERBROOKE,5.2066E+11,2026-07-14,2026-07-21,143,5491,Outbound Freight,89.69,4.48,94.17
14977574,IF4041472478,33465990,J1L3A6SAI - SAIL 31 - SHERBROOKE,5.2066E+11,2026-07-14,2026-07-21,5,5491,EDI Labels,5,0.25,5.25
14980501,IF4041472924,33486773,V1C3R3GER - GERICK SPORTS,4.00747E+15,2026-07-15,2026-07-21,3,117,Outbound Freight,10.25,0.51,10.76
14980501,IF4041472924,33486773,V1C3R3GER - GERICK SPORTS,4.00747E+15,2026-07-15,2026-07-21,2,117,Outbound Shipment Materials,1.78,0.21,1.99
14980506,IF4041472947,33486989,J2L0A1LE - Le Carrefour Champêtre Bromont,4.00747E+15,2026-07-15,2026-07-21,3,132,Outbound Freight,13.55,0.68,14.23
14980506,IF4041472947,33486989,J2L0A1LE - Le Carrefour Champêtre Bromont,4.00747E+15,2026-07-15,2026-07-21,3,132,Outbound Shipment Materials,2.79,0.34,3.13
14980506,IF4041472947,33486989,J2L0A1LE - Le Carrefour Champêtre Bromont,4.00747E+15,2026-07-15,2026-07-21,1,132,EDI Labels,1,0.05,1.05
14983228,IF4041472490,33465995,J4Y0G4SAI - SAIL 18,5.20662E+11,2026-07-16,2026-07-21,77,15124.5,Outbound Shipment Materials,77.19,9.26,86.45
14983228,IF4041472490,33465995,J4Y0G4SAI - SAIL 18,5.20662E+11,2026-07-16,2026-07-21,17,15124.5,EDI Labels,17,0.85,17.85
14983228,IF4041472490,33465995,J4Y0G4SAI - SAIL 18,5.20662E+11,2026-07-16,2026-07-21,347,15124.5,Outbound Freight,178.53,8.93,187.46
14983913,IF4041473238,33498029,J1X2A9SPO - SPORTS EXPERTS 468 (NORMANDIN),4.00747E+15,2026-07-16,2026-07-21,3,60,Outbound Freight,13.55,0.68,14.23
14983913,IF4041473238,33498029,J1X2A9SPO - SPORTS EXPERTS 468 (NORMANDIN),4.00747E+15,2026-07-16,2026-07-21,1,60,EDI Labels,1,0.05,1.05
14983913,IF4041473238,33498029,J1X2A9SPO - SPORTS EXPERTS 468 (NORMANDIN),4.00747E+15,2026-07-16,2026-07-21,3,60,Outbound Shipment Materials,2.79,0.34,3.13
14983914,IF4041473239,33498030,J2K3G8SPO - SPORTS EXPERTS 479,4.00747E+15,2026-07-16,2026-07-21,1,60,EDI Labels,1,0.05,1.05
14983914,IF4041473239,33498030,J2K3G8SPO - SPORTS EXPERTS 479,4.00747E+15,2026-07-16,2026-07-21,3,60,Outbound Shipment Materials,2.79,0.34,3.13
14983914,IF4041473239,33498030,J2K3G8SPO - SPORTS EXPERTS 479,4.00747E+15,2026-07-16,2026-07-21,3,60,Outbound Freight,13.55,0.68,14.23
14983921,IF4041473270,33498465,H7L5Z6A/S - A/S Les Boutiques Tremblant,5.2066E+11,2026-07-16,2026-07-21,44,2216,Outbound Freight,44.14,2.21,46.35
14983921,IF4041473270,33498465,H7L5Z6A/S - A/S Les Boutiques Tremblant,5.2066E+11,2026-07-16,2026-07-21,18,2216,Outbound Shipment Materials,18.3,2.2,20.5
14983935,IF4041473284,33498480,P5N2W8MOO - MOONBEAM COUNTRY STORE,4.00747E+15,2026-07-16,2026-07-21,4,558,Outbound Shipment Materials,4.06,0.48,4.54
14983935,IF4041473284,33498480,P5N2W8MOO - MOONBEAM COUNTRY STORE,4.00747E+15,2026-07-16,2026-07-21,12,558,Outbound Freight,24.92,3.24,28.16
14983936,IF4041473285,33498479,P9A1H4MCT - MCTAGGARTS SOURCE FOR SPORTS,5.2066E+11,2026-07-16,2026-07-21,25,2903,Outbound Shipment Materials,24.54,2.95,27.49
14983936,IF4041473285,33498479,P9A1H4MCT - MCTAGGARTS SOURCE FOR SPORTS,5.2066E+11,2026-07-16,2026-07-21,1,2903,Outbound Freight,10.25,0.51,10.76
14983941,IF4041473290,33498486,V0N2J2ALL - ALLISON TAYLOR dba INIS TRADING CO,4.00747E+15,2026-07-16,2026-07-21,5,320,Outbound Freight,17.7,0.89,18.59
14983941,IF4041473290,33498486,V0N2J2ALL - ALLISON TAYLOR dba INIS TRADING CO,4.00747E+15,2026-07-16,2026-07-21,4,320,Outbound Shipment Materials,4.06,0.48,4.54
14983945,IF4041473293,33498488,R7N1J2507 - 5077070 MANITOBA LTD. dba PARKLAND SOURC,5.20661E+11,2026-07-16,2026-07-21,0,820,Outbound Shipment Materials,0.3,0.04,0.34
14983945,IF4041473293,33498488,R7N1J2507 - 5077070 MANITOBA LTD. dba PARKLAND SOURC,5.20661E+11,2026-07-16,2026-07-21,15,820,Outbound Freight,30.96,1.55,32.51
14983948,IF4041473297,33498492,R9A1L3KLE - KLEEN ALL THE PAS,5.20661E+11,2026-07-16,2026-07-21,30,3726,Outbound Shipment Materials,30.07,3.6,33.67
14983948,IF4041473297,33498492,R9A1L3KLE - KLEEN ALL THE PAS,5.20661E+11,2026-07-16,2026-07-21,74,3726,Outbound Freight,74.38,3.72,78.1
14983953,IF4041473305,33498501,P5N2W8MOO - MOONBEAM COUNTRY STORE,5.20661E+11,2026-07-16,2026-07-21,9,1551,Outbound Shipment Materials,9.3,1.12,10.42
14983953,IF4041473305,33498501,P5N2W8MOO - MOONBEAM COUNTRY STORE,5.20661E+11,2026-07-16,2026-07-21,34,1551,Outbound Freight,53.46,6.95,60.41
14987005,IF4041473596,33508392,V1C3R3GER - GERICK SPORTS,4.00747E+15,2026-07-17,2026-07-21,15,765,Outbound Freight,20.86,1.04,21.9
14987005,IF4041473596,33508392,V1C3R3GER - GERICK SPORTS,4.00747E+15,2026-07-17,2026-07-21,5,765,Outbound Shipment Materials,4.65,0.56,5.21
14987006,IF4041473597,33508393,V1C3R3GER - GERICK SPORTS,5.20662E+11,2026-07-17,2026-07-21,13,622,Outbound Freight,20.63,1.03,21.66
14987006,IF4041473597,33508393,V1C3R3GER - GERICK SPORTS,5.20662E+11,2026-07-17,2026-07-21,5,622,Outbound Shipment Materials,4.65,0.56,5.21
14987014,IF4041473605,33508400,P9A1H4MCT - MCTAGGARTS SOURCE FOR SPORTS,5.20662E+11,2026-07-17,2026-07-21,8,793,Outbound Shipment Materials,8.12,0.98,9.1
14987014,IF4041473605,33508400,P9A1H4MCT - MCTAGGARTS SOURCE FOR SPORTS,5.20662E+11,2026-07-17,2026-07-21,2,793,Outbound Freight,6.5,0.33,6.83
14987020,IF4041473611,33508407,V3Z1G6ART - ART KNAPP SURREY,4.00747E+15,2026-07-17,2026-07-21,1,22.5,Outbound Freight,6.47,0.32,6.79
14987020,IF4041473611,33508407,V3Z1G6ART - ART KNAPP SURREY,4.00747E+15,2026-07-17,2026-07-21,0,22.5,Outbound Shipment Materials,0.25,0.03,0.28
15001459,IF4041474659,33539528,V1T2B6VAL - Valhalla Pure Outfitters Inc,5.20662E+11,2026-07-20,2026-07-21,0,49,Outbound Shipment Materials,0.48,0.05,0.53
15001459,IF4041474659,33539528,V1T2B6VAL - Valhalla Pure Outfitters Inc,5.20662E+11,2026-07-20,2026-07-21,1,49,Outbound Freight,1.25,0.06,1.31
15004042,IF4041474844,33549607,V2Z2A2YPO - YPO BC,LSHP50526276,2026-07-21,2026-07-21,16,8974,Outbound Shipment Materials,15.6,1.87,17.47
14946479,IF4041471309,33428196,T4R1N9EDG - EDGE CLOTHING,LSHP50548994,2026-07-10,2026-07-22,4,352,Outbound Shipment Materials,4.06,0.48,4.54
14946479,IF4041471309,33428196,T4R1N9EDG - EDGE CLOTHING,LSHP50548994,2026-07-10,2026-07-22,8,352,Outbound Freight,17.45,0.87,18.32
14983229,IF4041472485,33465993,G2J0B8SAI - SAIL 17,LSHP50529168,2026-07-16,2026-07-22,93,18889,Outbound Shipment Materials,93.3,11.2,104.5
14983229,IF4041472485,33465993,G2J0B8SAI - SAIL 17,LSHP50529168,2026-07-16,2026-07-22,449,18889,Outbound Freight,215.87,10.79,226.66
14983229,IF4041472485,33465993,G2J0B8SAI - SAIL 17,LSHP50529168,2026-07-16,2026-07-22,21,18889,EDI Labels,21,1.05,22.05
14983938,IF4041473287,33498482,S7N4L3UNI - UNIVERSITY OF SASKATCHEWAN - RETAIL SERV,LSHP50529988,2026-07-16,2026-07-22,13,2156,Outbound Shipment Materials,13.36,1.61,14.97
14983938,IF4041473287,33498482,S7N4L3UNI - UNIVERSITY OF SASKATCHEWAN - RETAIL SERV,LSHP50529988,2026-07-16,2026-07-22,44,2156,Outbound Freight,35.15,1.76,36.91
14987001,IF4041473592,33508388,S9A3W6FF2 - FF2,LSHP50529326,2026-07-17,2026-07-22,4,312,Outbound Shipment Materials,4.06,0.48,4.54
14987001,IF4041473592,33508388,S9A3W6FF2 - FF2,LSHP50529326,2026-07-17,2026-07-22,8,312,Outbound Freight,16.56,0.83,17.39
14987002,IF4041473593,33508389,T0A3A2ATH - ATHLETIC ALLEY MAGNET SHOES,LSHP50534744,2026-07-17,2026-07-22,6,294,Outbound Freight,14.63,0.73,15.36
14987002,IF4041473593,33508389,T0A3A2ATH - ATHLETIC ALLEY MAGNET SHOES,LSHP50534744,2026-07-17,2026-07-22,4,294,Outbound Shipment Materials,4.06,0.48,4.54
14987003,IF4041473594,33508390,V0J3A0CAL - CALIFORNIA DREAMIN,LSHP50526245,2026-07-17,2026-07-22,5,603,Outbound Shipment Materials,4.65,0.56,5.21
14987003,IF4041473594,33508390,V0J3A0CAL - CALIFORNIA DREAMIN,LSHP50526245,2026-07-17,2026-07-22,12,603,Outbound Freight,14.47,0.72,15.19
14987004,IF4041473595,33508391,R0C1B0HP - HP TERGESENS,LSHP50526647,2026-07-17,2026-07-22,7,328,Outbound Freight,17.83,0.89,18.72
14987004,IF4041473595,33508391,R0C1B0HP - HP TERGESENS,LSHP50526647,2026-07-17,2026-07-22,4,328,Outbound Shipment Materials,4.06,0.48,4.54
14987007,IF4041473598,33508394,P1H2B8REF - REFLECTIONS OF MUSKOKA,LSHP50527322,2026-07-17,2026-07-22,5,686,Outbound Shipment Materials,4.65,0.56,5.21
14987007,IF4041473598,33508394,P1H2B8REF - REFLECTIONS OF MUSKOKA,LSHP50527322,2026-07-17,2026-07-22,14,686,Outbound Freight,27.26,3.54,30.8
14987008,IF4041473599,33508395,K7V1R3SCO - SCOTT'S SHOE STORE,LSHP50526153,2026-07-17,2026-07-22,5,784,Outbound Shipment Materials,4.65,0.56,5.21
14987008,IF4041473599,33508395,K7V1R3SCO - SCOTT'S SHOE STORE,LSHP50526153,2026-07-17,2026-07-22,16,784,Outbound Freight,25.13,3.27,28.4
14987010,IF4041473601,33508396,T4V1N2THE - THE TRENDY WALRUS,LSHP50526031,2026-07-17,2026-07-22,5,936,Outbound Shipment Materials,4.65,0.56,5.21
14987010,IF4041473601,33508396,T4V1N2THE - THE TRENDY WALRUS,LSHP50526031,2026-07-17,2026-07-22,14,936,Outbound Freight,15.27,0.76,16.03
14987011,IF4041473602,33508398,V5J3G6CAN - CANADA GARDENWORKS LTD dba GARDENWORKS,LSHP50526380,2026-07-17,2026-07-22,7,666,Outbound Shipment Materials,6.99,0.84,7.83
14987011,IF4041473602,33508398,V5J3G6CAN - CANADA GARDENWORKS LTD dba GARDENWORKS,LSHP50526380,2026-07-17,2026-07-22,9,666,Outbound Freight,12.99,0.65,13.64
14987012,IF4041473603,33508399,V0R1K0XS - XS IV CHEMAINUS  BEYOND THE USUAL,LSHP50540842,2026-07-17,2026-07-22,2,100.5,Outbound Shipment Materials,1.78,0.21,1.99
14987012,IF4041473603,33508399,V0R1K0XS - XS IV CHEMAINUS  BEYOND THE USUAL,LSHP50540842,2026-07-17,2026-07-22,3,100.5,Outbound Freight,12.53,0.63,13.16
14987016,IF4041473607,33508403,V8A5K9ARM - ARMITAGE MENS WEAR,LSHP50527668,2026-07-17,2026-07-22,12,568,Outbound Freight,18.5,0.93,19.43
14987016,IF4041473607,33508403,V8A5K9ARM - ARMITAGE MENS WEAR,LSHP50527668,2026-07-17,2026-07-22,5,568,Outbound Shipment Materials,4.65,0.56,5.21
14987018,IF4041473609,33508405,A0G3A0BLU - BLUE RIDGE INC.,LSHP50527592,2026-07-17,2026-07-22,12,778,Outbound Freight,43.45,6.52,49.97
14987018,IF4041473609,33508405,A0G3A0BLU - BLUE RIDGE INC.,LSHP50527592,2026-07-17,2026-07-22,9,778,Outbound Shipment Materials,8.71,1.05,9.76
14987022,IF4041473613,33508409,G6P4A2SIG - SIGNE POUR LUI INC.,LSHP50534805,2026-07-17,2026-07-22,5,445,Outbound Shipment Materials,4.65,0.56,5.21
14987022,IF4041473613,33508409,G6P4A2SIG - SIGNE POUR LUI INC.,LSHP50534805,2026-07-17,2026-07-22,5,445,Outbound Freight,25.32,1.27,26.59
14987023,IF4041473614,33508410,H7L5Z6A/S - A/S Les Boutiques Tremblant,LSHP50526937,2026-07-17,2026-07-22,4,490,Outbound Shipment Materials,4.06,0.48,4.54
14987023,IF4041473614,33508410,H7L5Z6A/S - A/S Les Boutiques Tremblant,LSHP50526937,2026-07-17,2026-07-22,10,490,Outbound Freight,17.83,0.89,18.72
14987024,IF4041473615,33508412,A5A1L8MER - MERCERS MARINE EQUIPMENT LTD.,LSHP50527124,2026-07-17,2026-07-22,13,1421,Outbound Shipment Materials,12.77,1.53,14.3
14987024,IF4041473615,33508412,A5A1L8MER - MERCERS MARINE EQUIPMENT LTD.,LSHP50527124,2026-07-17,2026-07-22,29,1421,Outbound Freight,52.73,7.91,60.64
14987025,IF4041473616,33508414,V0J1Z0CHI - CHIAS DREAM CLOSET,LSHP50535104,2026-07-17,2026-07-22,2,98,Outbound Freight,11.28,0.56,11.84
14987025,IF4041473616,33508414,V0J1Z0CHI - CHIAS DREAM CLOSET,LSHP50535104,2026-07-17,2026-07-22,3,98,Outbound Shipment Materials,2.93,0.36,3.29
14987030,IF4041473572,33508367,V2P0J6THE - THE LOCAL SPACE,LSHP50529886,2026-07-17,2026-07-22,25,1009.5,Outbound Freight,17.03,0.85,17.88
14987030,IF4041473572,33508367,V2P0J6THE - THE LOCAL SPACE,LSHP50529886,2026-07-17,2026-07-22,9,1009.5,Outbound Shipment Materials,8.71,1.05,9.76
14987032,IF4041473574,33508369,V0G1R0TOU - TOUCH OF FASHION,LSHP50529866,2026-07-17,2026-07-22,4,441,Outbound Shipment Materials,4.06,0.48,4.54
14987032,IF4041473574,33508369,V0G1R0TOU - TOUCH OF FASHION,LSHP50529866,2026-07-17,2026-07-22,9,441,Outbound Freight,12.25,0.61,12.86
14987033,IF4041473575,33508370,J7K3B7LIL - LILY VOGUE,LSHP50529944,2026-07-17,2026-07-22,14,966,Outbound Freight,25.83,1.29,27.12
14987033,IF4041473575,33508370,J7K3B7LIL - LILY VOGUE,LSHP50529944,2026-07-17,2026-07-22,7,966,Outbound Shipment Materials,7.12,0.86,7.98
14987036,IF4041473579,33508374,V0A1H0TOP - TOP NOTCH,LSHP50529945,2026-07-17,2026-07-22,20,965,Outbound Freight,35.81,1.79,37.6
14987036,IF4041473579,33508374,V0A1H0TOP - TOP NOTCH,LSHP50529945,2026-07-17,2026-07-22,11,965,Outbound Shipment Materials,11.18,1.34,12.52
14987041,IF4041473584,33508379,S9V0T6HOT - HOT PEPPERS,LSHP50529915,2026-07-17,2026-07-22,14,686,Outbound Freight,21.74,1.09,22.83
14987041,IF4041473584,33508379,S9V0T6HOT - HOT PEPPERS,LSHP50529915,2026-07-17,2026-07-22,7,686,Outbound Shipment Materials,7.12,0.86,7.98
14987045,IF4041473588,33508384,T7E1T7JEN - JENSENS LIFESTYLE CLOTHING,LSHP50529913,2026-07-17,2026-07-22,7,767,Outbound Shipment Materials,7.12,0.86,7.98
14987045,IF4041473588,33508384,T7E1T7JEN - JENSENS LIFESTYLE CLOTHING,LSHP50529913,2026-07-17,2026-07-22,18,767,Outbound Freight,21.74,1.09,22.83
14987477,IF4041473647,33508838,V7B1W2 - Hidson Distribution Center by Avolta,LSHP50529922,2026-07-17,2026-07-22,50,1125,Outbound Freight,15.45,0.77,16.22
14987477,IF4041473647,33508838,V7B1W2 - Hidson Distribution Center by Avolta,LSHP50529922,2026-07-17,2026-07-22,8,1125,Outbound Shipment Materials,7.58,0.91,8.49
14987478,IF4041473665,33508939,G0X3B0RIE - Rien Ne Se Perd Tout Se Crée Inc,LSHP50526800,2026-07-17,2026-07-22,4,0,Outbound Shipment Materials,4.06,0.48,4.54
14987478,IF4041473665,33508939,G0X3B0RIE - Rien Ne Se Perd Tout Se Crée Inc,LSHP50526800,2026-07-17,2026-07-22,1,0,Outbound Freight,28.49,1.42,29.91
14988570,IF4041473781,33511792,V0R3A0BLA - BLACK ROCK OCEANFRONT RESORT,LSHP50529903,2026-07-17,2026-07-22,25,437.5,Outbound Freight,12.52,0.63,13.15
14988570,IF4041473781,33511792,V0R3A0BLA - BLACK ROCK OCEANFRONT RESORT,LSHP50529903,2026-07-17,2026-07-22,3,437.5,Outbound Shipment Materials,2.93,0.36,3.29
14988571,IF4041473782,33511793,V8L1X8SID - SIDNEY PIER AND PATH,LSHP50530025,2026-07-17,2026-07-22,150,4860,Outbound Freight,37.07,1.85,38.92
14988571,IF4041473782,33511793,V8L1X8SID - SIDNEY PIER AND PATH,LSHP50530025,2026-07-17,2026-07-22,16,4860,Outbound Shipment Materials,16.42,1.97,18.39
14994440,IF4041473783,33511794,T7E1T7JEN - JENSENS LIFESTYLE CLOTHING,LSHP50556062,2026-07-20,2026-07-22,3,85.4,Outbound Shipment Materials,2.79,0.34,3.13
14994440,IF4041473783,33511794,T7E1T7JEN - JENSENS LIFESTYLE CLOTHING,LSHP50556062,2026-07-20,2026-07-22,3,85.4,Outbound Freight,13.38,0.67,14.05
15000326,IF4041473576,33508371,A1C1K2ETH - ETHEREAL BOUTIQUE,LSHP50529998,2026-07-20,2026-07-22,48,1957,Outbound Freight,47.37,7.11,54.48
15000326,IF4041473576,33508371,A1C1K2ETH - ETHEREAL BOUTIQUE,LSHP50529998,2026-07-20,2026-07-22,9,1957,Outbound Shipment Materials,8.71,1.05,9.76
15000330,IF4041474454,33530747,E3B1B2THE - THE RADICAL EDGE,LSHP50530000,2026-07-20,2026-07-22,16,1049,Outbound Freight,35.34,5.3,40.64
15000330,IF4041474454,33530747,E3B1B2THE - THE RADICAL EDGE,LSHP50530000,2026-07-20,2026-07-22,9,1049,Outbound Shipment Materials,8.71,1.05,9.76
15000332,IF4041474455,33530748,T1W2B6VAL - VALHALLA PURE OUTFITTERS - CANMORE,LSHP50530005,2026-07-20,2026-07-22,13,662,Outbound Freight,18.5,0.93,19.43
15000332,IF4041474455,33530748,T1W2B6VAL - VALHALLA PURE OUTFITTERS - CANMORE,LSHP50530005,2026-07-20,2026-07-22,5,662,Outbound Shipment Materials,4.65,0.56,5.21
15000333,IF4041474456,33530749,V1R4C2JJS - JJS FASHIONS,LSHP50530004,2026-07-20,2026-07-22,4,332.5,Outbound Shipment Materials,4.06,0.48,4.54
15000333,IF4041474456,33530749,V1R4C2JJS - JJS FASHIONS,LSHP50530004,2026-07-20,2026-07-22,10,332.5,Outbound Freight,11.91,0.6,12.51
15000334,IF4041474457,33530750,V1E1B4HAR - HARTTY CLOTHING,LSHP50530006,2026-07-20,2026-07-22,5,620,Outbound Shipment Materials,4.65,0.56,5.21
15000334,IF4041474457,33530750,V1E1B4HAR - HARTTY CLOTHING,LSHP50530006,2026-07-20,2026-07-22,15,620,Outbound Freight,12.64,0.63,13.27
15000335,IF4041474462,33530752,T8V3B1THE - The Drop Rideshop,LSHP50530010,2026-07-20,2026-07-22,10,440,Outbound Freight,14.63,0.73,15.36
15000335,IF4041474462,33530752,T8V3B1THE - The Drop Rideshop,LSHP50530010,2026-07-20,2026-07-22,4,440,Outbound Shipment Materials,4.06,0.48,4.54
15000336,IF4041474458,33530751,T5V0A1 - LA DEE DAH,LSHP50530011,2026-07-20,2026-07-22,12,588,Outbound Freight,15.27,0.76,16.03
15000336,IF4041474458,33530751,T5V0A1 - LA DEE DAH,LSHP50530011,2026-07-20,2026-07-22,5,588,Outbound Shipment Materials,4.65,0.56,5.21
15001458,IF4041474662,33539530,V6H3S4MAK - MAKE,LSHP50530044,2026-07-20,2026-07-22,13,2971,Outbound Shipment Materials,13.36,1.61,14.97
15001458,IF4041474662,33539530,V6H3S4MAK - MAKE,LSHP50530044,2026-07-20,2026-07-22,102,2971,Outbound Freight,27.37,1.37,28.74
15001460,IF4041474660,33539529,V8J1P2HOM - HOMEWORK,LSHP50530049,2026-07-20,2026-07-22,5,1078,Outbound Shipment Materials,4.65,0.56,5.21
15001460,IF4041474660,33539529,V8J1P2HOM - HOMEWORK,LSHP50530049,2026-07-20,2026-07-22,27,1078,Outbound Freight,17.27,0.86,18.13
14983932,IF4041473281,33498476,A2H2N2GEO - GEORGES MOUNTAIN VILLAGE,8.74706E+11,2026-07-16,2026-07-22,31,1844,Outbound Freight,45.36,6.8,52.16
14983932,IF4041473281,33498476,A2H2N2GEO - GEORGES MOUNTAIN VILLAGE,8.74706E+11,2026-07-16,2026-07-22,9,1844,Outbound Shipment Materials,9.3,1.12,10.42
14987026,IF4041473625,33508422,NLA0EOUT - OUTPORT BOUTIQUE,8.74738E+11,2026-07-17,2026-07-22,6,234,Outbound Freight,34.81,5.22,40.03
14987026,IF4041473625,33508422,NLA0EOUT - OUTPORT BOUTIQUE,8.74738E+11,2026-07-17,2026-07-22,4,234,Outbound Shipment Materials,4.06,0.48,4.54
14977576,IF4041472475,33465988,J4G1R3SAI - SAIL 80,5.20662E+11,2026-07-14,2026-07-22,46,9325,Outbound Shipment Materials,46.5,5.59,52.09
14977576,IF4041472475,33465988,J4G1R3SAI - SAIL 80,5.20662E+11,2026-07-14,2026-07-22,241,9325,Outbound Freight,120.74,6.04,126.78
14977576,IF4041472475,33465988,J4G1R3SAI - SAIL 80,5.20662E+11,2026-07-14,2026-07-22,10,9325,EDI Labels,10,0.5,10.5
14987009,IF4041473600,33508397,E3V3S9JES - JESSOMES SOURCE FOR SPORTS,5.20662E+11,2026-07-17,2026-07-22,5,546,Outbound Shipment Materials,4.65,0.56,5.21
14987009,IF4041473600,33508397,E3V3S9JES - JESSOMES SOURCE FOR SPORTS,5.20662E+11,2026-07-17,2026-07-22,1,546,Outbound Freight,1.25,0.06,1.31
14987013,IF4041473604,33508401,V1T9H2WEA - WEARABOUTS - VERNON,4.00747E+15,2026-07-17,2026-07-22,4,156,Outbound Freight,6.25,0.31,6.56
14987013,IF4041473604,33508401,V1T9H2WEA - WEARABOUTS - VERNON,4.00747E+15,2026-07-17,2026-07-22,3,156,Outbound Shipment Materials,2.93,0.36,3.29
14987017,IF4041473608,33508404,V9Y8E9LAC - LACE IT UP aka JAYS MENS WEAR,4.00747E+15,2026-07-17,2026-07-22,4,245,Outbound Shipment Materials,4.06,0.48,4.54
14987017,IF4041473608,33508404,V9Y8E9LAC - LACE IT UP aka JAYS MENS WEAR,4.00747E+15,2026-07-17,2026-07-22,5,245,Outbound Freight,11.67,0.58,12.25
14987019,IF4041473610,33508406,B0W2Z0LA - LA CACHETTE,4.00747E+15,2026-07-17,2026-07-22,3,196,Outbound Shipment Materials,2.93,0.36,3.29
14987019,IF4041473610,33508406,B0W2Z0LA - LA CACHETTE,4.00747E+15,2026-07-17,2026-07-22,4,196,Outbound Freight,20.63,2.89,23.52
14987021,IF4041473612,33508408,K7G1E8STE - STEEL STYLE GARAGE,4.00747E+15,2026-07-17,2026-07-22,4,196,Outbound Freight,14.91,1.94,16.85
14987021,IF4041473612,33508408,K7G1E8STE - STEEL STYLE GARAGE,4.00747E+15,2026-07-17,2026-07-22,3,196,Outbound Shipment Materials,2.93,0.36,3.29
14987027,IF4041473626,33508423,V8L1X8SID - SIDNEY PIER AND PATH,4.00747E+15,2026-07-17,2026-07-22,8,712,Outbound Shipment Materials,7.55,0.91,8.46
14987027,IF4041473626,33508423,V8L1X8SID - SIDNEY PIER AND PATH,4.00747E+15,2026-07-17,2026-07-22,8,712,Outbound Freight,19.35,0.97,20.32
14987028,IF4041473570,33508365,V5J3G6CAN - CANADA GARDENWORKS LTD dba GARDENWORKS,4.00747E+15,2026-07-17,2026-07-22,5,420,Outbound Freight,13.17,0.66,13.83
14987028,IF4041473570,33508365,V5J3G6CAN - CANADA GARDENWORKS LTD dba GARDENWORKS,4.00747E+15,2026-07-17,2026-07-22,5,420,Outbound Shipment Materials,4.65,0.56,5.21
14987029,IF4041473571,33508366,V0N2J2ALL - ALLISON TAYLOR dba INIS TRADING CO,4.00747E+15,2026-07-17,2026-07-22,11,509,Outbound Freight,17.7,0.89,18.59
14987029,IF4041473571,33508366,V0N2J2ALL - ALLISON TAYLOR dba INIS TRADING CO,4.00747E+15,2026-07-17,2026-07-22,4,509,Outbound Shipment Materials,4.06,0.48,4.54
14987034,IF4041473577,33508372,V2G4T6CAR - CARIBOU SKI SOURCE FOR SPORTS,5.20664E+11,2026-07-17,2026-07-22,3,166,Outbound Shipment Materials,2.93,0.36,3.29
14987034,IF4041473577,33508372,V2G4T6CAR - CARIBOU SKI SOURCE FOR SPORTS,5.20664E+11,2026-07-17,2026-07-22,1,166,Outbound Freight,5.25,0.26,5.51
14987035,IF4041473578,33508373,G4T1E3QUI - QUINCAILLERIE TURBO INC,4.00747E+15,2026-07-17,2026-07-22,3,147,Outbound Freight,39.76,1.99,41.75
14987035,IF4041473578,33508373,G4T1E3QUI - QUINCAILLERIE TURBO INC,4.00747E+15,2026-07-17,2026-07-22,3,147,Outbound Shipment Materials,2.93,0.36,3.29
14987037,IF4041473580,33508375,G4T1E3QUI - QUINCAILLERIE TURBO INC,4.00747E+15,2026-07-17,2026-07-22,3,320,Outbound Shipment Materials,2.68,0.32,3
14987037,IF4041473580,33508375,G4T1E3QUI - QUINCAILLERIE TURBO INC,4.00747E+15,2026-07-17,2026-07-22,5,320,Outbound Freight,49.77,2.49,52.26
14987038,IF4041473581,33508376,V9K1S7COV - COVET BOUTIQUE,4.00747E+15,2026-07-17,2026-07-22,9,360,Outbound Freight,10.39,0.52,10.91
14987038,IF4041473581,33508376,V9K1S7COV - COVET BOUTIQUE,4.00747E+15,2026-07-17,2026-07-22,4,360,Outbound Shipment Materials,4.06,0.48,4.54
14987039,IF4041473582,33508377,V9W8C9SPI - SPINNERS SPORTS CAMPBELL RIVER,5.20662E+11,2026-07-17,2026-07-22,4,492,Outbound Shipment Materials,4.06,0.48,4.54
14987039,IF4041473582,33508377,V9W8C9SPI - SPINNERS SPORTS CAMPBELL RIVER,5.20662E+11,2026-07-17,2026-07-22,1,492,Outbound Freight,1.25,0.06,1.31
14987040,IF4041473583,33508378,V1T5H7KAL - KALECO,4.00747E+15,2026-07-17,2026-07-22,5,631,Outbound Shipment Materials,4.65,0.56,5.21
14987040,IF4041473583,33508378,V1T5H7KAL - KALECO,4.00747E+15,2026-07-17,2026-07-22,14,631,Outbound Freight,11.82,0.59,12.41
14987042,IF4041473585,33508381,V2J2M5PEA - PEARLS FASHION,5.20662E+11,2026-07-17,2026-07-22,3,273,Outbound Shipment Materials,2.93,0.36,3.29
14987042,IF4041473585,33508381,V2J2M5PEA - PEARLS FASHION,5.20662E+11,2026-07-17,2026-07-22,7,273,Outbound Freight,11.37,0.57,11.94
14987043,IF4041473586,33508382,T7P2J8A&M - A&M CLOTHING AND SHOES,4.00747E+15,2026-07-17,2026-07-22,5,177,Outbound Freight,13.1,0.66,13.76
14987043,IF4041473586,33508382,T7P2J8A&M - A&M CLOTHING AND SHOES,4.00747E+15,2026-07-17,2026-07-22,3,177,Outbound Shipment Materials,2.93,0.36,3.29
14987044,IF4041473587,33508383,T0H2H0LA - LA CRETE SOURCE FOR SPORTS,5.20662E+11,2026-07-17,2026-07-22,9,1233,Outbound Shipment Materials,8.71,1.05,9.76
14987044,IF4041473587,33508383,T0H2H0LA - LA CRETE SOURCE FOR SPORTS,5.20662E+11,2026-07-17,2026-07-22,2,1233,Outbound Freight,2.5,0.13,2.63
14987047,IF4041473590,33508386,R1A1V2KEY - KEYSTONE SOURCE FOR SPORTS,5.20662E+11,2026-07-17,2026-07-22,7,378,Outbound Freight,21.25,1.06,22.31
14987047,IF4041473590,33508386,R1A1V2KEY - KEYSTONE SOURCE FOR SPORTS,5.20662E+11,2026-07-17,2026-07-22,5,378,Outbound Shipment Materials,4.65,0.56,5.21
14987048,IF4041473591,33508387,T7P2J8A&M - A&M CLOTHING AND SHOES,4.00747E+15,2026-07-17,2026-07-22,3,147,Outbound Freight,13.1,0.66,13.76
14987048,IF4041473591,33508387,T7P2J8A&M - A&M CLOTHING AND SHOES,4.00747E+15,2026-07-17,2026-07-22,3,147,Outbound Shipment Materials,2.93,0.36,3.29
14987476,IF4041473646,33508837,V7B1K4 - Dufry VANCOUVER LP WDFG,4.00747E+15,2026-07-17,2026-07-22,4,675,Outbound Shipment Materials,4.06,0.48,4.54
14987476,IF4041473646,33508837,V7B1K4 - Dufry VANCOUVER LP WDFG,4.00747E+15,2026-07-17,2026-07-22,30,675,Outbound Freight,9.87,0.49,10.36
14987479,IF4041473624,33508421,L6T4H8THE - The Nuance Group (Canada) Inc,5.20662E+11,2026-07-17,2026-07-22,98,2585.3,Outbound Freight,42.78,5.56,48.34
14987479,IF4041473624,33508421,L6T4H8THE - The Nuance Group (Canada) Inc,5.20662E+11,2026-07-17,2026-07-22,13,2585.3,Outbound Shipment Materials,13.36,1.61,14.97
14988568,IF4041473778,33511789,V1T2B6VAL - Valhalla Pure Outfitters Inc,5.20664E+11,2026-07-17,2026-07-22,3,90.5,Outbound Shipment Materials,2.79,0.34,3.13
14988568,IF4041473778,33511789,V1T2B6VAL - Valhalla Pure Outfitters Inc,5.20664E+11,2026-07-17,2026-07-22,1,90.5,Outbound Freight,1.25,0.06,1.31
14988569,IF4041473779,33511791,B5A1E7EVE - EVERY BLOOMIN THING,4.00747E+15,2026-07-17,2026-07-22,3,66,Outbound Shipment Materials,2.79,0.34,3.13
14988569,IF4041473779,33511791,B5A1E7EVE - EVERY BLOOMIN THING,4.00747E+15,2026-07-17,2026-07-22,2,66,Outbound Freight,16.49,2.31,18.8
14994441,IF4041473780,33511790,K0M1A0BUC - BUCKEYE SURF AND SNOW,4.00747E+15,2026-07-20,2026-07-22,26,937.1,Outbound Freight,23.35,3.04,26.39
14994441,IF4041473780,33511790,K0M1A0BUC - BUCKEYE SURF AND SNOW,4.00747E+15,2026-07-20,2026-07-22,4,937.1,Outbound Shipment Materials,4.06,0.48,4.54
15001462,IF4041474675,33539547,L0S1J0BEA - BEAUCHAPEAU HAT SHOP INC.,4.00747E+15,2026-07-20,2026-07-22,141,3109.5,Outbound Freight,51.57,6.7,58.27
15001462,IF4041474675,33539547,L0S1J0BEA - BEAUCHAPEAU HAT SHOP INC.,4.00747E+15,2026-07-20,2026-07-22,9,3109.5,Outbound Shipment Materials,8.71,1.05,9.76
15005495,IF4041474875,33550548,V1T2B6VAL - Valhalla Pure Outfitters Inc,5.20664E+11,2026-07-21,2026-07-22,3,222.5,Outbound Shipment Materials,2.93,0.36,3.29
15005495,IF4041474875,33550548,V1T2B6VAL - Valhalla Pure Outfitters Inc,5.20664E+11,2026-07-21,2026-07-22,1,222.5,Outbound Freight,1.25,0.06,1.31
15005496,IF4041474880,33550553,V0X1W0WOR - WORK N PLAY CLOTHING CO,4.00747E+15,2026-07-21,2026-07-22,0,22.5,Outbound Shipment Materials,0.25,0.03,0.28
15005496,IF4041474880,33550553,V0X1W0WOR - WORK N PLAY CLOTHING CO,4.00747E+15,2026-07-21,2026-07-22,1,22.5,Outbound Freight,15.28,0.76,16.04
15007610,IF4041474672,Consolidated Shipment,G3A0P5LAT - LATULIPPE DISTRIBUTION CENTER,5.20664E+11,2026-07-22,2026-07-22,13,1698,Outbound Shipment Materials,12.77,1.53,14.3
15007610,IF4041474672,Consolidated Shipment,G3A0P5LAT - LATULIPPE DISTRIBUTION CENTER,5.20664E+11,2026-07-22,2026-07-22,3,1698,Outbound Freight,15.75,0.79,16.54
14987031,IF4041473573,33508368,V2A5A4FRE - FREE RIDE PENTICTON,LSHP50556924,2026-07-17,2026-07-23,3,196,Outbound Shipment Materials,2.93,0.36,3.29
14987031,IF4041473573,33508368,V2A5A4FRE - FREE RIDE PENTICTON,LSHP50556924,2026-07-17,2026-07-23,4,196,Outbound Freight,9.58,0.48,10.06
14987046,IF4041473589,33508385,T0L2H0KAN - KANANASKIS OUTFITTERS LTD,LSHP50556991,2026-07-17,2026-07-23,4,216,Outbound Freight,12.52,0.63,13.15
14987046,IF4041473589,33508385,T0L2H0KAN - KANANASKIS OUTFITTERS LTD,LSHP50556991,2026-07-17,2026-07-23,3,216,Outbound Shipment Materials,2.93,0.36,3.29
14995908,IF4041473071,33490435,V7B1K4VAN - VANCOUVER LP WDFG,LSHP50577355,2026-07-20,2026-07-23,49,12089.5,Outbound Shipment Materials,49.14,5.9,55.04
14995908,IF4041473071,33490435,V7B1K4VAN - VANCOUVER LP WDFG,LSHP50577355,2026-07-20,2026-07-23,415,12089.5,Outbound Freight,93.19,4.66,97.85
15005494,IF4041474878,33550550,V7B1W2HUD - Hudson Grp VANCOUVER INT'L AIRPORT,LSHP50577158,2026-07-21,2026-07-23,23,7066.25,Outbound Shipment Materials,22.66,2.72,25.38
15005494,IF4041474878,33550550,V7B1W2HUD - Hudson Grp VANCOUVER INT'L AIRPORT,LSHP50577158,2026-07-21,2026-07-23,176,7066.25,Outbound Freight,41.59,2.08,43.67
14987475,IF4041473644,33508836,L6T4H8THE - The Nuance Group (Canada) Inc,5.20664E+11,2026-07-17,2026-07-23,30,675,Outbound Freight,18.44,2.4,20.84
14987475,IF4041473644,33508836,L6T4H8THE - The Nuance Group (Canada) Inc,5.20664E+11,2026-07-17,2026-07-23,4,675,Outbound Shipment Materials,4.06,0.48,4.54
14983265,IF4041472945,33486987,L7A0E4CEN - CENTRE DE DISTRIBUTION GT,KEL3257314,2026-07-16,2026-07-23,1,39160,Manual BOL,12,0.6,12.6
14983265,IF4041472945,33486987,L7A0E4CEN - CENTRE DE DISTRIBUTION GT,KEL3257314,2026-07-16,2026-07-23,890,39160,Outbound Freight,553.96,71.69,625.65
14983265,IF4041472945,33486987,L7A0E4CEN - CENTRE DE DISTRIBUTION GT,KEL3257314,2026-07-16,2026-07-23,2,39160,Pallet Prep,21,1.05,22.05
14983265,IF4041472945,33486987,L7A0E4CEN - CENTRE DE DISTRIBUTION GT,KEL3257314,2026-07-16,2026-07-23,58,39160,Outbound Shipment Materials,57.93,6.96,64.89
15027416,ADDRESS CORRECTION,DOC 14946438,V2C6X2NRI - NRI Distribution Inc. Kamloops,LSHP50592016,2026-07-28,2026-07-24,0,0,Outbound Freight,13.55,0.68,14.23
15036802,IF4041473601,2026_07_31C,T4V1N2THE - THE TRENDY WALRUS,LSHP50526031,2026-07-31,2026-07-24,0,0,Outbound Freight,30.69,1.53,32.22
15027529,VOIDED PIN DOC 15004042,,V2C6X2NRI - NRI Distribution Inc. Kamloops,LSHP50526278,2026-07-28,2026-07-24,0,0,Outbound Freight,24.45,1.22,25.67
15027530,VOIDED PIN DOC 15004042,,V2C6X2NRI - NRI Distribution Inc. Kamloops,LSHP50526280,2026-07-28,2026-07-24,0,0,Outbound Freight,38.84,1.94,40.78
15005647,IF4041474925,33552312,V6B1B2MAK - MAKE GASTOWN,LSHP50558378,2026-07-21,2026-07-24,14,2426.5,Outbound Shipment Materials,13.95,1.68,15.63
15005647,IF4041474925,33552312,V6B1B2MAK - MAKE GASTOWN,LSHP50558378,2026-07-21,2026-07-24,75,2426.5,Outbound Freight,26.63,1.33,27.96
15005648,IF4041474926,33552311,V5L1Y9MAK - MAKE VANCOUVER FULFILLMENT CENTRE,LSHP50573742,2026-07-21,2026-07-24,158,5500.5,Outbound Freight,57.29,2.86,60.15
15005648,IF4041474926,33552311,V5L1Y9MAK - MAKE VANCOUVER FULFILLMENT CENTRE,LSHP50573742,2026-07-21,2026-07-24,33,5500.5,Outbound Shipment Materials,32.55,3.91,36.46
14914779,IF4041469110,33349244,T9W1C5ARM - ARMSTRONGS CLOTHING AND SPORTS,LSHP50183566,2026-07-02,2026-07-27,12,429,Outbound Freight,14.33,0.72,15.05
14914779,IF4041469110,33349244,T9W1C5ARM - ARMSTRONGS CLOTHING AND SPORTS,LSHP50183566,2026-07-02,2026-07-27,4,429,Outbound Shipment Materials,4.06,0.48,4.54
14917586,IF4041469164,33351719,V0K2E0OUT - OUTLAW FASHIONS (FCJ ENTERPRISES LTD),LSHP50190105,2026-07-03,2026-07-27,3,540,Outbound Shipment Materials,2.93,0.36,3.29
14917586,IF4041469164,33351719,V0K2E0OUT - OUTLAW FASHIONS (FCJ ENTERPRISES LTD),LSHP50190105,2026-07-03,2026-07-27,24,540,Outbound Freight,16.33,0.82,17.15
14917587,IF4041469165,33351720,V0R3A0BLA - BLACK ROCK OCEANFRONT RESORT,LSHP50190200,2026-07-03,2026-07-27,75,1998,Outbound Freight,29.48,1.47,30.95
14917587,IF4041469165,33351720,V0R3A0BLA - BLACK ROCK OCEANFRONT RESORT,LSHP50190200,2026-07-03,2026-07-27,9,1998,Outbound Shipment Materials,9.3,1.12,10.42
14917588,IF4041469167,33351722,V8G2N1TRI - TRIGOS LIFESTYLE,LSHP50226824,2026-07-03,2026-07-27,106,3658.5,Outbound Freight,45.57,2.28,47.85
14917588,IF4041469167,33351722,V8G2N1TRI - TRIGOS LIFESTYLE,LSHP50226824,2026-07-03,2026-07-27,26,3658.5,Outbound Shipment Materials,26.01,3.12,29.13
14953077,IF4041472294,33459882,T9W1C5ARM - ARMSTRONGS CLOTHING AND SPORTS,LSHP50373588,2026-07-13,2026-07-27,30,1665,Outbound Freight,29.4,1.47,30.87
14953077,IF4041472294,33459882,T9W1C5ARM - ARMSTRONGS CLOTHING AND SPORTS,LSHP50373588,2026-07-13,2026-07-27,9,1665,Outbound Shipment Materials,9.3,1.12,10.42
14971457,IF4041472367,33462064,V1G2C1GRI - GRIFFIN SOURCE FOR SPORTS,LSHP50376431,2026-07-13,2026-07-27,21,828,Outbound Freight,19.87,0.99,20.86
14971457,IF4041472367,33462064,V1G2C1GRI - GRIFFIN SOURCE FOR SPORTS,LSHP50376431,2026-07-13,2026-07-27,5,828,Outbound Shipment Materials,4.65,0.56,5.21
14977565,IF4041472685,33474033,B2G2C4WIL - WILFRED AND PARKER BOUTIQUE,8.74949E+11,2026-07-14,2026-07-27,10,790,Outbound Freight,22.25,3.12,25.37
14977565,IF4041472685,33474033,B2G2C4WIL - WILFRED AND PARKER BOUTIQUE,8.74949E+11,2026-07-14,2026-07-27,4,790,Outbound Shipment Materials,4.06,0.48,4.54
15008420,IF4041475056,33560153,J1L1K1SPO - SPORTS EXPERTS 528,LSHP50616201,2026-07-22,2026-07-27,43,1250,Outbound Freight,30.77,1.54,32.31
15008420,IF4041475056,33560153,J1L1K1SPO - SPORTS EXPERTS 528,LSHP50616201,2026-07-22,2026-07-27,8,1250,Outbound Shipment Materials,7.58,0.91,8.49
15008424,IF4041475063,33560158,J1L1K1SPO - SPORTS EXPERTS 528,LSHP50616227,2026-07-22,2026-07-27,9,1416,Outbound Shipment Materials,8.71,1.05,9.76
15008424,IF4041475063,33560158,J1L1K1SPO - SPORTS EXPERTS 528,LSHP50616227,2026-07-22,2026-07-27,29,1416,Outbound Freight,33.63,1.68,35.31
15008425,IF4041475065,33560160,J8E0P3SPO - SPORTS EXPERTS - ATMOSPHERE,LSHP50617014,2026-07-22,2026-07-27,23,977,Outbound Freight,28.41,1.42,29.83
15008425,IF4041475065,33560160,J8E0P3SPO - SPORTS EXPERTS - ATMOSPHERE,LSHP50617014,2026-07-22,2026-07-27,7,977,Outbound Shipment Materials,7.12,0.86,7.98
15008429,IF4041475074,33560167,G9N7C1SPO - SPORTS EXPERTS - ATMOSPHERE,LSHP50650463,2026-07-22,2026-07-27,12,558,Outbound Freight,20.62,1.03,21.65
15008429,IF4041475074,33560167,G9N7C1SPO - SPORTS EXPERTS - ATMOSPHERE,LSHP50650463,2026-07-22,2026-07-27,6,558,Outbound Shipment Materials,5.72,0.69,6.41
15008431,IF4041475077,33560170,G9N7C1SPO - SPORTS EXPERTS - ATMOSPHERE,LSHP50650354,2026-07-22,2026-07-27,9,1355,Outbound Shipment Materials,9.3,1.12,10.42
15008431,IF4041475077,33560170,G9N7C1SPO - SPORTS EXPERTS - ATMOSPHERE,LSHP50650354,2026-07-22,2026-07-27,31,1355,Outbound Freight,37.57,1.88,39.45
15008479,IF4041475064,33560159,J9A0C7PLA - Plateau des Grives,LSHP50617188,2026-07-22,2026-07-27,4,436.5,Outbound Shipment Materials,4.06,0.48,4.54
15008479,IF4041475064,33560159,J9A0C7PLA - Plateau des Grives,LSHP50617188,2026-07-22,2026-07-27,11,436.5,Outbound Freight,18.28,0.91,19.19
15008480,IF4041475068,33560162,J2C6Y7PRO - Promenades Drummondville,LSHP50617247,2026-07-22,2026-07-27,9,1327,Outbound Shipment Materials,9.3,1.12,10.42
15008480,IF4041475068,33560162,J2C6Y7PRO - Promenades Drummondville,LSHP50617247,2026-07-22,2026-07-27,28,1327,Outbound Freight,37.57,1.88,39.45
15008482,IF4041475073,33560166,J2L0A1LE - Le Carrefour Champêtre Bromont,LSHP50617195,2026-07-22,2026-07-27,23,938,Outbound Freight,30.2,1.51,31.71
15008482,IF4041475073,33560166,J2L0A1LE - Le Carrefour Champêtre Bromont,LSHP50617195,2026-07-22,2026-07-27,8,938,Outbound Shipment Materials,7.58,0.91,8.49
15008493,IF4041475139,33560803,T0A2C0FOU - FOUR SEASONS,LSHP50617232,2026-07-22,2026-07-27,3,132,Outbound Shipment Materials,2.93,0.36,3.29
15008493,IF4041475139,33560803,T0A2C0FOU - FOUR SEASONS,LSHP50617232,2026-07-22,2026-07-27,17,132,Outbound Freight,13.72,0.69,14.41
15008494,IF4041475144,33560808,E5B1A8MY - MY SPACE GIFT SHOP,LSHP50617264,2026-07-22,2026-07-27,8,818,Outbound Shipment Materials,8.12,0.98,9.1
15008494,IF4041475144,33560808,E5B1A8MY - MY SPACE GIFT SHOP,LSHP50617264,2026-07-22,2026-07-27,17,818,Outbound Freight,52.81,7.92,60.73
15008497,IF4041475165,33560923,V0X1W0WOR - WORK N PLAY CLOTHING CO,LSHP50637199,2026-07-22,2026-07-27,13,385,Outbound Freight,21.92,1.1,23.02
15008497,IF4041475165,33560923,V0X1W0WOR - WORK N PLAY CLOTHING CO,LSHP50637199,2026-07-22,2026-07-27,4,385,Outbound Shipment Materials,4.06,0.48,4.54
15008498,IF4041475171,33560932,T9W1C5ARM - ARMSTRONGS CLOTHING AND SPORTS,LSHP50642959,2026-07-22,2026-07-27,18,822,Outbound Freight,22.29,1.11,23.4
15008498,IF4041475171,33560932,T9W1C5ARM - ARMSTRONGS CLOTHING AND SPORTS,LSHP50642959,2026-07-22,2026-07-27,7,822,Outbound Shipment Materials,7.12,0.86,7.98
15008955,IF4041475243,33562283,T1W2W4BIG - BIG BEAR TRADING CO dba COASTAL CULTURE,LSHP50651852,2026-07-22,2026-07-27,20,8838,Outbound Shipment Materials,20.39,2.45,22.84
15008955,IF4041475243,33562283,T1W2W4BIG - BIG BEAR TRADING CO dba COASTAL CULTURE,LSHP50651852,2026-07-22,2026-07-27,324,8838,Outbound Freight,96.19,4.81,101
14913543,IF4041468467,33329875,N0E1L0MAC - MACKENZIE CREEK TRADING COMPANY,1Z2VW7552093419310,2026-07-02,2026-07-27,8,198,Outbound Freight,15.15,1.97,17.12
14913543,IF4041468467,33329875,N0E1L0MAC - MACKENZIE CREEK TRADING COMPANY,1Z2VW7552093419310,2026-07-02,2026-07-27,3,198,Outbound Shipment Materials,2.79,0.34,3.13
14917589,IF4041469172,33351825,B2G2C4WIL - WILFRED AND PARKER BOUTIQUE,8.7495E+11,2026-07-03,2026-07-27,62,2310,Outbound Freight,40.78,5.71,46.49
14917589,IF4041469172,33351825,B2G2C4WIL - WILFRED AND PARKER BOUTIQUE,8.7495E+11,2026-07-03,2026-07-27,9,2310,Outbound Shipment Materials,9.3,1.12,10.42
15022980,IF4041476572,33610981,G3C1C9EVE - Eveline Tremblay,4.00747E+15,2026-07-27,2026-07-27,2,119.2,Outbound Freight,12,0.6,12.6
15022980,IF4041476572,33610981,G3C1C9EVE - Eveline Tremblay,4.00747E+15,2026-07-27,2026-07-27,0,119.2,Outbound Shipment Materials,0.15,0.02,0.17
15023126,IF4041476629,33611088,T4C3K4JOS - Josephine Smith,4.00747E+15,2026-07-27,2026-07-27,0,68,Outbound Shipment Materials,0.15,0.02,0.17
15023126,IF4041476629,33611088,T4C3K4JOS - Josephine Smith,4.00747E+15,2026-07-27,2026-07-27,2,68,Outbound Freight,7.93,0.4,8.33
15023312,IF4041476636,33612869,G0C1H0KAR - Karine Guevremont,8.74951E+11,2026-07-27,2026-07-27,0,126.6,Outbound Shipment Materials,0.15,0.02,0.17
15023312,IF4041476636,33612869,G0C1H0KAR - Karine Guevremont,8.74951E+11,2026-07-27,2026-07-27,3,126.6,Outbound Freight,26.09,1.3,27.39
15023345,IF4041476642,33612770,V2E2P3AMA - Amanda Bain,4.00747E+15,2026-07-27,2026-07-27,0,116.2,Outbound Shipment Materials,0.15,0.02,0.17
15023345,IF4041476642,33612770,V2E2P3AMA - Amanda Bain,4.00747E+15,2026-07-27,2026-07-27,2,116.2,Outbound Freight,6.17,0.31,6.48
15023455,IF4041476644,33613171,E8K1B7NAT - Natalie Duguay,4.00747E+15,2026-07-27,2026-07-27,3,104,Outbound Freight,16.3,2.45,18.75
15023455,IF4041476644,33613171,E8K1B7NAT - Natalie Duguay,4.00747E+15,2026-07-27,2026-07-27,0,104,Outbound Shipment Materials,0.15,0.02,0.17
14857450,IF4041465641,33206073,S7N4L3UNI - UNIVERSITY OF SASKATCHEWAN - RETAIL SERV,5.20671E+11,2026-06-17,2026-07-27,42,2688,Outbound Freight,75.93,3.8,79.73
14857450,IF4041465641,33206073,S7N4L3UNI - UNIVERSITY OF SASKATCHEWAN - RETAIL SERV,5.20671E+11,2026-06-17,2026-07-27,10,2688,Outbound Shipment Materials,10.2,1.22,11.42
15008421,IF4041475058,33560154,G5L7Y5SPO - SPORTS EXPERTS,5.20668E+11,2026-07-22,2026-07-27,9,1376,Outbound Shipment Materials,8.71,1.05,9.76
15008421,IF4041475058,33560154,G5L7Y5SPO - SPORTS EXPERTS,5.20668E+11,2026-07-22,2026-07-27,2,1376,Outbound Freight,2.5,0.13,2.63
15008422,IF4041475060,33560155,G6V6Y8SPO - SPORTS EXPERTS,5.20668E+11,2026-07-22,2026-07-27,9,1338.5,Outbound Shipment Materials,8.71,1.05,9.76
15008422,IF4041475060,33560155,G6V6Y8SPO - SPORTS EXPERTS,5.20668E+11,2026-07-22,2026-07-27,2,1338.5,Outbound Freight,2.5,0.13,2.63
15008423,IF4041475062,33560157,E3V1T9SPO - SPORTS EXPERTS,4.00747E+15,2026-07-22,2026-07-27,4,336,Outbound Shipment Materials,4.06,0.48,4.54
15008423,IF4041475062,33560157,E3V1T9SPO - SPORTS EXPERTS,4.00747E+15,2026-07-22,2026-07-27,4,336,Outbound Freight,24.99,3.75,28.74
15008426,IF4041475066,33560161,G1V2L8SPO - Sports Experts,5.20668E+11,2026-07-22,2026-07-27,26,3382,Outbound Shipment Materials,26.01,3.12,29.13
15008426,IF4041475066,33560161,G1V2L8SPO - Sports Experts,5.20668E+11,2026-07-22,2026-07-27,4,3382,Outbound Freight,5,0.25,5.25
15008428,IF4041475072,33560165,H3B1E2SPO - SPORTS EXPERTS 534,5.20668E+11,2026-07-22,2026-07-27,82,3197,Outbound Freight,54.21,2.71,56.92
15008428,IF4041475072,33560165,H3B1E2SPO - SPORTS EXPERTS 534,5.20668E+11,2026-07-22,2026-07-27,26,3197,Outbound Shipment Materials,25.54,3.07,28.61
15008430,IF4041475076,33560169,H7P6C8SPO - SPORTS EXPERTS 3398,4.00747E+15,2026-07-22,2026-07-27,2,76.5,Outbound Shipment Materials,1.78,0.21,1.99
15008430,IF4041475076,33560169,H7P6C8SPO - SPORTS EXPERTS 3398,4.00747E+15,2026-07-22,2026-07-27,2,76.5,Outbound Freight,13.6,0.68,14.28
15008478,IF4041475061,33560156,J8T6G3PRO - Promenades Gatineau,5.20668E+11,2026-07-22,2026-07-27,11,1725,Outbound Shipment Materials,11.05,1.32,12.37
15008478,IF4041475061,33560156,J8T6G3PRO - Promenades Gatineau,5.20668E+11,2026-07-22,2026-07-27,35,1725,Outbound Freight,30.54,1.53,32.07
15008483,IF4041475075,33560168,G1V2L1PLA - Place Ste-Foy,5.20668E+11,2026-07-22,2026-07-27,9,1570.5,Outbound Shipment Materials,9.3,1.12,10.42
15008483,IF4041475075,33560168,G1V2L1PLA - Place Ste-Foy,5.20668E+11,2026-07-22,2026-07-27,2,1570.5,Outbound Freight,2.5,0.13,2.63
15008484,IF4041475088,33560560,V8B0H2THE - THE SQUAMISH STORE,4.00747E+15,2026-07-22,2026-07-27,2,90,Outbound Shipment Materials,1.78,0.21,1.99
15008484,IF4041475088,33560560,V8B0H2THE - THE SQUAMISH STORE,4.00747E+15,2026-07-22,2026-07-27,4,90,Outbound Freight,7.69,0.38,8.07
15008485,IF4041475089,33560561,V1T2B6VAL - Valhalla Pure Outfitters Inc,5.2067E+11,2026-07-22,2026-07-27,2,49.8,Outbound Shipment Materials,1.78,0.21,1.99
15008485,IF4041475089,33560561,V1T2B6VAL - Valhalla Pure Outfitters Inc,5.2067E+11,2026-07-22,2026-07-27,1,49.8,Outbound Freight,1.25,0.06,1.31
15008486,IF4041475090,33560562,S0L2V0GOG - GOGH SPORTS COMPANY LTD. DBA ATHLETE'S H,4.00747E+15,2026-07-22,2026-07-27,3,84.2,Outbound Freight,16.99,0.85,17.84
15008486,IF4041475090,33560562,S0L2V0GOG - GOGH SPORTS COMPANY LTD. DBA ATHLETE'S H,4.00747E+15,2026-07-22,2026-07-27,2,84.2,Outbound Shipment Materials,1.78,0.21,1.99
15008487,IF4041475091,33560563,N0B2N0CHA - CHANGE LIFESTYLE & APPAREL,4.00747E+15,2026-07-22,2026-07-27,3,358.7,Outbound Shipment Materials,2.93,0.36,3.29
15008487,IF4041475091,33560563,N0B2N0CHA - CHANGE LIFESTYLE & APPAREL,4.00747E+15,2026-07-22,2026-07-27,12,358.7,Outbound Freight,14.91,1.94,16.85
15008488,IF4041475094,33560665,V1T2B6VAL - Valhalla Pure Outfitters Inc,5.2067E+11,2026-07-22,2026-07-27,3,95.45,Outbound Shipment Materials,2.79,0.34,3.13
15008488,IF4041475094,33560665,V1T2B6VAL - Valhalla Pure Outfitters Inc,5.2067E+11,2026-07-22,2026-07-27,1,95.45,Outbound Freight,1.25,0.06,1.31
15008495,IF4041475162,33560920,V0N2J2ALL - ALLISON TAYLOR dba INIS TRADING CO,4.00747E+15,2026-07-22,2026-07-27,3,140,Outbound Shipment Materials,2.93,0.36,3.29
15008495,IF4041475162,33560920,V0N2J2ALL - ALLISON TAYLOR dba INIS TRADING CO,4.00747E+15,2026-07-22,2026-07-27,20,140,Outbound Freight,15.07,0.75,15.82
15008496,IF4041475164,33560922,R7N1J2507 - 5077070 MANITOBA LTD. dba PARKLAND SOURC,5.2067E+11,2026-07-22,2026-07-27,6,42,Outbound Freight,16.65,0.83,17.48
15008496,IF4041475164,33560922,R7N1J2507 - 5077070 MANITOBA LTD. dba PARKLAND SOURC,5.2067E+11,2026-07-22,2026-07-27,2,42,Outbound Shipment Materials,1.78,0.21,1.99
15008499,IF4041475170,33560931,V8L1X8SID - SIDNEY PIER AND PATH,4.00747E+15,2026-07-22,2026-07-27,3,168,Outbound Shipment Materials,2.93,0.36,3.29
15008499,IF4041475170,33560931,V8L1X8SID - SIDNEY PIER AND PATH,4.00747E+15,2026-07-22,2026-07-27,24,168,Outbound Freight,8.08,0.4,8.48
15022868,IF4041476566,33611074,T3R1W3JES - Jese Lowry,4.00747E+15,2026-07-27,2026-07-28,1,31.5,Outbound Freight,8.22,0.41,8.63
15022868,IF4041476566,33611074,T3R1W3JES - Jese Lowry,4.00747E+15,2026-07-27,2026-07-28,0,31.5,Outbound Shipment Materials,0.15,0.02,0.17
15022870,IF4041476568,33610876,R3R1A3HAN - Hannah Davis,4.00747E+15,2026-07-27,2026-07-28,1,36,Outbound Freight,9.92,0.5,10.42
15022870,IF4041476568,33610876,R3R1A3HAN - Hannah Davis,4.00747E+15,2026-07-27,2026-07-28,0,36,Outbound Shipment Materials,0.15,0.02,0.17
15023181,IF4041476631,33612669,P7B6R6MYL - Myles Harding,5.20671E+11,2026-07-27,2026-07-28,0,22.5,Outbound Shipment Materials,0.15,0.02,0.17
15023181,IF4041476631,33612669,P7B6R6MYL - Myles Harding,5.20671E+11,2026-07-27,2026-07-28,1,22.5,Outbound Freight,12.47,1.62,14.09
15023235,IF4041476633,33612865,V0N1S1NIC - Nicholas Scapillati,4.00747E+15,2026-07-27,2026-07-28,0,45,Outbound Shipment Materials,0.15,0.02,0.17
15023235,IF4041476633,33612865,V0N1S1NIC - Nicholas Scapillati,4.00747E+15,2026-07-27,2026-07-28,1,45,Outbound Freight,10.38,0.52,10.9
15023346,IF4041476640,33612686,V5V0J3AAR - Aaron Matsuzaki,4.00747E+15,2026-07-27,2026-07-28,1,218,Outbound Freight,6.23,0.31,6.54
15023346,IF4041476640,33612686,V5V0J3AAR - Aaron Matsuzaki,4.00747E+15,2026-07-27,2026-07-28,0,218,Outbound Shipment Materials,0.15,0.02,0.17
15023569,IF4041476649,33613275,K7S2T3BRI - Brittany Defalco,4.00747E+15,2026-07-27,2026-07-28,0,84,Outbound Shipment Materials,0.15,0.02,0.17
15023569,IF4041476649,33613275,K7S2T3BRI - Brittany Defalco,4.00747E+15,2026-07-27,2026-07-28,1,84,Outbound Freight,12.92,1.68,14.6
15023570,IF4041476650,33613278,J0B1B0FRA - Francoeur Josee,4.00747E+15,2026-07-27,2026-07-28,0,35.2,Outbound Shipment Materials,0.15,0.02,0.17
15023570,IF4041476650,33613278,J0B1B0FRA - Francoeur Josee,4.00747E+15,2026-07-27,2026-07-28,1,35.2,Outbound Freight,12.61,0.63,13.24
15024550,IF4041476697,33615324,V9A6X5JEN - Jenna Bordeleau,4.00747E+15,2026-07-27,2026-07-28,0,98,Outbound Shipment Materials,0.15,0.02,0.17
15024550,IF4041476697,33615324,V9A6X5JEN - Jenna Bordeleau,4.00747E+15,2026-07-27,2026-07-28,1,98,Outbound Freight,6.04,0.3,6.34
15024888,IF4041476727,33617317,V0J2E0S M - S M,4.00747E+15,2026-07-27,2026-07-28,1,62.4,Outbound Freight,10.77,0.54,11.31
15024888,IF4041476727,33617317,V0J2E0S M - S M,4.00747E+15,2026-07-27,2026-07-28,0,62.4,Outbound Shipment Materials,0.15,0.02,0.17
15025310,IF4041476753,33620295,G0G2B0CAM - Camille Moreau,LSHP50661872,2026-07-28,2026-07-28,1,278.4,Outbound Freight,29.77,1.49,31.26
15025310,IF4041476753,33620295,G0G2B0CAM - Camille Moreau,LSHP50661872,2026-07-28,2026-07-28,0,278.4,Outbound Shipment Materials,0.15,0.02,0.17
15025379,IF4041476755,33620298,M5A0C9MIC - Michaela De Sousa,4.00747E+15,2026-07-28,2026-07-28,0,128,Outbound Shipment Materials,0.15,0.02,0.17
15025379,IF4041476755,33620298,M5A0C9MIC - Michaela De Sousa,4.00747E+15,2026-07-28,2026-07-28,1,128,Outbound Freight,12.61,1.64,14.25
15023687,IF4041476659,33613692,T1S5L9PAM - Pam Hillestad,4.00747E+15,2026-07-27,2026-07-28,1,62.4,Outbound Freight,7.93,0.4,8.33
15023687,IF4041476659,33613692,T1S5L9PAM - Pam Hillestad,4.00747E+15,2026-07-27,2026-07-28,0,62.4,Outbound Shipment Materials,0.15,0.02,0.17
15023690,IF4041476661,33613693,V8M1E5BRO - Brooke Miller,4.00747E+15,2026-07-27,2026-07-28,0,45,Outbound Shipment Materials,0.15,0.02,0.17
15023690,IF4041476661,33613693,V8M1E5BRO - Brooke Miller,4.00747E+15,2026-07-27,2026-07-28,1,45,Outbound Freight,5.85,0.29,6.14
15024627,IF4041476703,33615718,G4X2A1AGA - Agathe Goussard,4.00747E+15,2026-07-27,2026-07-28,0,98,Outbound Shipment Materials,0.15,0.02,0.17
15024627,IF4041476703,33615718,G4X2A1AGA - Agathe Goussard,4.00747E+15,2026-07-27,2026-07-28,1,98,Outbound Freight,16.23,0.81,17.04
15024645,IF4041476705,33615917,V1B3W1TIF - Tiffany farwick,4.00747E+15,2026-07-27,2026-07-28,0,31.5,Outbound Shipment Materials,0.15,0.02,0.17
15024645,IF4041476705,33615917,V1B3W1TIF - Tiffany farwick,4.00747E+15,2026-07-27,2026-07-28,1,31.5,Outbound Freight,5.98,0.3,6.28
15024815,IF4041476723,33616917,R3X0A8KAR - Kara Bolduc,4.00747E+15,2026-07-27,2026-07-28,1,22.5,Outbound Freight,9.92,0.5,10.42
15024815,IF4041476723,33616917,R3X0A8KAR - Kara Bolduc,4.00747E+15,2026-07-27,2026-07-28,0,22.5,Outbound Shipment Materials,0.15,0.02,0.17
15024938,IF4041476729,33617618,A5A1J1DON - Donna Hiscock,4.00747E+15,2026-07-27,2026-07-28,0,30,Outbound Shipment Materials,0.15,0.02,0.17
15024938,IF4041476729,33617618,A5A1J1DON - Donna Hiscock,4.00747E+15,2026-07-27,2026-07-28,1,30,Outbound Freight,15.39,2.31,17.7
15025182,IF4041476740,33619682,G9X0C3MÉL - Mélanie Villemure,4.00747E+15,2026-07-28,2026-07-28,1,128,Outbound Freight,15.68,0.78,16.46
15025182,IF4041476740,33619682,G9X0C3MÉL - Mélanie Villemure,4.00747E+15,2026-07-28,2026-07-28,0,128,Outbound Shipment Materials,0.15,0.02,0.17
15024494,IF4041476691,33615316,L3Y6S6LAW - Lawrence Harvey,4.00747E+15,2026-07-27,2026-07-28,1,31.5,Outbound Freight,10.46,1.36,11.82
15024494,IF4041476691,33615316,L3Y6S6LAW - Lawrence Harvey,4.00747E+15,2026-07-27,2026-07-28,0,31.5,Outbound Shipment Materials,0.15,0.02,0.17
15026171,IF4041476787,33621615,V8X4G7LYN - Lynn Campbell,4.00747E+15,2026-07-28,2026-07-28,1,68,Outbound Freight,5.85,0.29,6.14
15026171,IF4041476787,33621615,V8X4G7LYN - Lynn Campbell,4.00747E+15,2026-07-28,2026-07-28,0,68,Outbound Shipment Materials,0.15,0.02,0.17
15026228,IF4041476803,33621729,V1W3A8WIL - William de Bosch Kemper,4.00747E+15,2026-07-28,2026-07-28,1,178,Outbound Freight,4.55,0.23,4.78
15026228,IF4041476803,33621729,V1W3A8WIL - William de Bosch Kemper,4.00747E+15,2026-07-28,2026-07-28,0,178,Outbound Shipment Materials,0.15,0.02,0.17
15026229,IF4041476805,33621525,M5J2Y5VIC - Victoria Malloy,4.00747E+15,2026-07-28,2026-07-28,0,70.4,Outbound Shipment Materials,0.15,0.02,0.17
15026229,IF4041476805,33621525,M5J2Y5VIC - Victoria Malloy,4.00747E+15,2026-07-28,2026-07-28,1,70.4,Outbound Freight,11.31,1.47,12.78
15026282,IF4041476812,33621735,V3W7X9CLA - Clayton Campbell,4.00747E+15,2026-07-28,2026-07-28,0,45,Outbound Shipment Materials,0.15,0.02,0.17
15026282,IF4041476812,33621735,V3W7X9CLA - Clayton Campbell,4.00747E+15,2026-07-28,2026-07-28,1,45,Outbound Freight,5.85,0.29,6.14
15026368,IF4041476818,33621749,V1Y6K7ERI - Eric Dahlberg,4.00747E+15,2026-07-28,2026-07-28,0,82.6,Outbound Shipment Materials,0.15,0.02,0.17
15026368,IF4041476818,33621749,V1Y6K7ERI - Eric Dahlberg,4.00747E+15,2026-07-28,2026-07-28,1,82.6,Outbound Freight,4.55,0.23,4.78
15023610,IF4041476651,33613280,V1L7A9MEL - Melanie Meyer,4.00747E+15,2026-07-27,2026-07-28,0,137.6,Outbound Shipment Materials,0.15,0.02,0.17
15023610,IF4041476651,33613280,V1L7A9MEL - Melanie Meyer,4.00747E+15,2026-07-27,2026-07-28,3,137.6,Outbound Freight,7.93,0.4,8.33
15023678,IF4041476653,33613590,N2P1G9HEA - Heather Heineman,4.00747E+15,2026-07-27,2026-07-28,3,106.3,Outbound Freight,11.77,1.53,13.3
15023678,IF4041476653,33613590,N2P1G9HEA - Heather Heineman,4.00747E+15,2026-07-27,2026-07-28,0,106.3,Outbound Shipment Materials,0.15,0.02,0.17
15025453,IF4041476758,33620491,V3A1B5MAT - matthew latham,4.00747E+15,2026-07-28,2026-07-28,3,224,Outbound Freight,6.69,0.33,7.02
15025453,IF4041476758,33620491,V3A1B5MAT - matthew latham,4.00747E+15,2026-07-28,2026-07-28,0,224,Outbound Shipment Materials,0.15,0.02,0.17
15025570,IF4041476760,33620591,T8V0L2JEF - Jeffrey A Robinson,4.00747E+15,2026-07-28,2026-07-28,3,120,Outbound Freight,10.23,0.51,10.74
15025570,IF4041476760,33620591,T8V0L2JEF - Jeffrey A Robinson,4.00747E+15,2026-07-28,2026-07-28,0,120,Outbound Shipment Materials,0.15,0.02,0.17
15025667,IF4041476765,33620894,G0X2J0MYR - Myriam Begin,LSHP50680083,2026-07-28,2026-07-28,1,32,Outbound Freight,24.3,1.22,25.52
15025667,IF4041476765,33620894,G0X2J0MYR - Myriam Begin,LSHP50680083,2026-07-28,2026-07-28,0,32,Outbound Shipment Materials,0.15,0.02,0.17
15025950,IF4041476777,33621412,V9B0Y6MAR - Mary Luco,4.00747E+15,2026-07-28,2026-07-28,0,45,Outbound Shipment Materials,0.15,0.02,0.17
15025950,IF4041476777,33621412,V9B0Y6MAR - Mary Luco,4.00747E+15,2026-07-28,2026-07-28,1,45,Outbound Freight,5.85,0.29,6.14
15023680,IF4041476654,33613383,V2L1Y4SIS - Siske Bos,4.00747E+15,2026-07-27,2026-07-28,4,178.4,Outbound Freight,8.22,0.41,8.63
15023680,IF4041476654,33613383,V2L1Y4SIS - Siske Bos,4.00747E+15,2026-07-27,2026-07-28,0,178.4,Outbound Shipment Materials,0.15,0.02,0.17
15023681,IF4041476656,33613689,K0A2M0LEE - Leeann Holt,4.00747E+15,2026-07-27,2026-07-28,1,45,Outbound Freight,13.46,1.75,15.21
15023681,IF4041476656,33613689,K0A2M0LEE - Leeann Holt,4.00747E+15,2026-07-27,2026-07-28,0,45,Outbound Shipment Materials,0.15,0.02,0.17
15023683,IF4041476657,33613690,L0E1N0CHR - Christie Gray,4.00747E+15,2026-07-27,2026-07-28,1,45,Outbound Freight,12,1.56,13.56
15023683,IF4041476657,33613690,L0E1N0CHR - Christie Gray,4.00747E+15,2026-07-27,2026-07-28,0,45,Outbound Shipment Materials,0.15,0.02,0.17
15023685,IF4041476658,33613691,P5N2H3LES - Lesley Goodall,4.00747E+15,2026-07-27,2026-07-28,0,45,Outbound Shipment Materials,0.15,0.02,0.17
15023685,IF4041476658,33613691,P5N2H3LES - Lesley Goodall,4.00747E+15,2026-07-27,2026-07-28,1,45,Outbound Freight,13.69,1.78,15.47
15023689,IF4041476660,33613386,V8R4C7CYA - Cyan Kregosky,4.00747E+15,2026-07-27,2026-07-28,2,113.6,Outbound Freight,6.62,0.33,6.95
15023689,IF4041476660,33613386,V8R4C7CYA - Cyan Kregosky,4.00747E+15,2026-07-27,2026-07-28,0,113.6,Outbound Shipment Materials,0.15,0.02,0.17
15023692,IF4041476663,33613695,G3E1V8CAR - Carole Morency,4.00747E+15,2026-07-27,2026-07-28,0,36,Outbound Shipment Materials,0.15,0.02,0.17
15023692,IF4041476663,33613695,G3E1V8CAR - Carole Morency,4.00747E+15,2026-07-27,2026-07-28,1,36,Outbound Freight,10.61,0.53,11.14
15024366,IF4041476680,33614516,V9B6E3PAM - Pam/Peter Martin,4.00747E+15,2026-07-27,2026-07-28,0,81.6,Outbound Shipment Materials,0.15,0.02,0.17
15024366,IF4041476680,33614516,V9B6E3PAM - Pam/Peter Martin,4.00747E+15,2026-07-27,2026-07-28,2,81.6,Outbound Freight,6.04,0.3,6.34
15024395,IF4041476681,33614417,V9K2G7KAR - Karen Ahn,4.00747E+15,2026-07-27,2026-07-28,2,135.6,Outbound Freight,8.69,0.43,9.12
15024395,IF4041476681,33614417,V9K2G7KAR - Karen Ahn,4.00747E+15,2026-07-27,2026-07-28,0,135.6,Outbound Shipment Materials,0.15,0.02,0.17
15024770,IF4041476719,33616717,T2L0G2LEE - Lee de Souza,4.00747E+15,2026-07-27,2026-07-28,0,36,Outbound Shipment Materials,0.15,0.02,0.17
15024770,IF4041476719,33616717,T2L0G2LEE - Lee de Souza,4.00747E+15,2026-07-27,2026-07-28,1,36,Outbound Freight,8.22,0.41,8.63
15025309,IF4041476752,33620293,B1A1C2CRA - Craig Lynk,4.00747E+15,2026-07-28,2026-07-28,1,36,Outbound Freight,13.46,1.88,15.34
15025309,IF4041476752,33620293,B1A1C2CRA - Craig Lynk,4.00747E+15,2026-07-28,2026-07-28,0,36,Outbound Shipment Materials,0.15,0.02,0.17
15024427,IF4041476685,33614325,V9R6T8BRA - Brandon Wiebe,4.00747E+15,2026-07-27,2026-07-28,3,140,Outbound Freight,6.17,0.31,6.48
15024427,IF4041476685,33614325,V9R6T8BRA - Brandon Wiebe,4.00747E+15,2026-07-27,2026-07-28,0,140,Outbound Shipment Materials,0.15,0.02,0.17
15024547,IF4041476694,33615320,V1N4K6CHE - Cheryl Morassut,4.00747E+15,2026-07-27,2026-07-28,0,104,Outbound Shipment Materials,0.15,0.02,0.17
15024547,IF4041476694,33615320,V1N4K6CHE - Cheryl Morassut,4.00747E+15,2026-07-27,2026-07-28,2,104,Outbound Freight,7.93,0.4,8.33
15024548,IF4041476695,33615420,V4C4P6JAC - Jack Valkenier,4.00747E+15,2026-07-27,2026-07-28,5,225,Outbound Freight,6.62,0.33,6.95
15024548,IF4041476695,33615420,V4C4P6JAC - Jack Valkenier,4.00747E+15,2026-07-27,2026-07-28,0,225,Outbound Shipment Materials,0.15,0.02,0.17
15024647,IF4041476707,33616019,V8S2X8ANG - Angie Gagne,4.00747E+15,2026-07-27,2026-07-28,3,135,Outbound Freight,6.04,0.3,6.34
15024647,IF4041476707,33616019,V8S2X8ANG - Angie Gagne,4.00747E+15,2026-07-27,2026-07-28,0,135,Outbound Shipment Materials,0.15,0.02,0.17
15024648,IF4041476709,33616022,J9J4A3SYL - Sylvie Mallet,4.00747E+15,2026-07-27,2026-07-28,4,200,Outbound Freight,12.99,0.65,13.64
15024648,IF4041476709,33616022,J9J4A3SYL - Sylvie Mallet,4.00747E+15,2026-07-27,2026-07-28,0,200,Outbound Shipment Materials,0.15,0.02,0.17
15024676,IF4041476710,33616217,L3M2L5MAR - Marc Hubert,4.00747E+15,2026-07-27,2026-07-28,3,163,Outbound Freight,11.31,1.47,12.78
15024676,IF4041476710,33616217,L3M2L5MAR - Marc Hubert,4.00747E+15,2026-07-27,2026-07-28,0,163,Outbound Shipment Materials,0.15,0.02,0.17
15024728,IF4041476714,33616518,L1J5K2TOD - Todd Bidwell,4.00747E+15,2026-07-27,2026-07-28,2,127.8,Outbound Freight,12.53,1.63,14.16
15024728,IF4041476714,33616518,L1J5K2TOD - Todd Bidwell,4.00747E+15,2026-07-27,2026-07-28,0,127.8,Outbound Shipment Materials,0.15,0.02,0.17
15024750,IF4041476717,33616620,G3N0B2NIC - Nicholas Brebner,4.00747E+15,2026-07-27,2026-07-28,0,256.5,Outbound Shipment Materials,0.15,0.02,0.17
15024750,IF4041476717,33616620,G3N0B2NIC - Nicholas Brebner,4.00747E+15,2026-07-27,2026-07-28,6,256.5,Outbound Freight,15.53,0.78,16.31
15024769,IF4041476718,33616623,V5C0H9CZA - Czar Villanueva,4.00747E+15,2026-07-27,2026-07-28,0,135,Outbound Shipment Materials,0.15,0.02,0.17
15024769,IF4041476718,33616623,V5C0H9CZA - Czar Villanueva,4.00747E+15,2026-07-27,2026-07-28,3,135,Outbound Freight,6.04,0.3,6.34
15025569,IF4041476759,33620590,L1C4M5SER - Serena Genge,4.00747E+15,2026-07-28,2026-07-28,4,174.6,Outbound Freight,12.53,1.63,14.16
15025569,IF4041476759,33620590,L1C4M5SER - Serena Genge,4.00747E+15,2026-07-28,2026-07-28,0,174.6,Outbound Shipment Materials,0.15,0.02,0.17
15024179,IF4041476671,33614018,T3K4M6ADA - Adam Goodwin,LSHP50682789,2026-07-27,2026-07-28,0,153.7,Outbound Shipment Materials,0.15,0.02,0.17
15024179,IF4041476671,33614018,T3K4M6ADA - Adam Goodwin,LSHP50682789,2026-07-27,2026-07-28,6,153.7,Outbound Freight,11.46,0.57,12.03
15024800,IF4041476722,33616628,T5Y1M7KRI - Kristina Wowk,4.00747E+15,2026-07-27,2026-07-28,0,137.4,Outbound Shipment Materials,0.15,0.02,0.17
15024800,IF4041476722,33616628,T5Y1M7KRI - Kristina Wowk,4.00747E+15,2026-07-27,2026-07-28,3,137.4,Outbound Freight,8.22,0.41,8.63
15024291,IF4041476678,33614124,G0L1E0JES - Jessica Beaulieu,3.82867E+11,2026-07-27,2026-07-28,0,76,Outbound Shipment Materials,0.15,0.02,0.17
15024291,IF4041476678,33614124,G0L1E0JES - Jessica Beaulieu,3.82867E+11,2026-07-27,2026-07-28,2,76,Outbound Freight,26.09,1.3,27.39
15023691,IF4041476662,33613694,E2J4C7ASH - Ashley Bland,4.00747E+15,2026-07-27,2026-07-28,0,45,Outbound Shipment Materials,0.15,0.02,0.17
15023691,IF4041476662,33613694,E2J4C7ASH - Ashley Bland,4.00747E+15,2026-07-27,2026-07-28,1,45,Outbound Freight,11.53,1.73,13.26
15023827,IF4041476664,33613696,P3B1H3STE - Steve Marier,4.00747E+15,2026-07-27,2026-07-28,0,49,Outbound Shipment Materials,0.15,0.02,0.17
15023827,IF4041476664,33613696,P3B1H3STE - Steve Marier,4.00747E+15,2026-07-27,2026-07-28,1,49,Outbound Freight,11.84,1.54,13.38
15024428,IF4041476686,33614420,R3L2J3GRE - Greg Bullock,4.00747E+15,2026-07-27,2026-07-28,4,103,Outbound Freight,11.77,0.59,12.36
15024428,IF4041476686,33614420,R3L2J3GRE - Greg Bullock,4.00747E+15,2026-07-27,2026-07-28,0,103,Outbound Shipment Materials,0.15,0.02,0.17
15024626,IF4041476702,33615617,R2M1N9KEV - Kevin Whitmore,LSHP50682791,2026-07-27,2026-07-28,2,164,Outbound Freight,13.72,0.69,14.41
15024626,IF4041476702,33615617,R2M1N9KEV - Kevin Whitmore,LSHP50682791,2026-07-27,2026-07-28,0,164,Outbound Shipment Materials,0.15,0.02,0.17
15025342,IF4041476754,33620487,P0M2R0MEL - Melissa Woermke,5.20672E+11,2026-07-28,2026-07-28,0,36,Outbound Shipment Materials,0.15,0.02,0.17
15025342,IF4041476754,33620487,P0M2R0MEL - Melissa Woermke,5.20672E+11,2026-07-28,2026-07-28,1,36,Outbound Freight,19.46,2.53,21.99
15026695,IF4041476834,33622851,S4N4N2MYR - Myrna Crawford,4.00747E+15,2026-07-28,2026-07-28,1,31.5,Outbound Freight,8.53,0.43,8.96
15026695,IF4041476834,33622851,S4N4N2MYR - Myrna Crawford,4.00747E+15,2026-07-28,2026-07-28,0,31.5,Outbound Shipment Materials,0.15,0.02,0.17
15026876,IF4041476848,33623252,T8S1G8MEA - Meagan Cote,4.00747E+15,2026-07-28,2026-07-28,1,22.5,Outbound Freight,9.92,0.5,10.42
15026876,IF4041476848,33623252,T8S1G8MEA - Meagan Cote,4.00747E+15,2026-07-28,2026-07-28,0,22.5,Outbound Shipment Materials,0.15,0.02,0.17
15022869,IF4041476567,33611076,P0T1C0BAR - Barbara Jackson,8.75004E+11,2026-07-27,2026-07-28,0,111,Outbound Shipment Materials,0.15,0.02,0.17
15022869,IF4041476567,33611076,P0T1C0BAR - Barbara Jackson,8.75004E+11,2026-07-27,2026-07-28,4,111,Outbound Freight,26.09,3.39,29.48
15023860,IF4041476666,33613712,K9K2G3CAN - Candice Billen,4.00747E+15,2026-07-27,2026-07-28,0,136.8,Outbound Shipment Materials,0.15,0.02,0.17
15023860,IF4041476666,33613712,K9K2G3CAN - Candice Billen,4.00747E+15,2026-07-27,2026-07-28,3,136.8,Outbound Freight,10.92,1.42,12.34
15024771,IF4041476720,33616719,T0E1E0HEI - Heidi Kongsrud,4.00747E+15,2026-07-27,2026-07-28,1,27,Outbound Freight,14.77,0.74,15.51
15024771,IF4041476720,33616719,T0E1E0HEI - Heidi Kongsrud,4.00747E+15,2026-07-27,2026-07-28,2,27,Outbound Shipment Materials,1.78,0.21,1.99
15024950,IF4041476730,33617717,T2T1C8ROB - Robin Sim,4.00747E+15,2026-07-27,2026-07-28,2,27,Outbound Shipment Materials,1.78,0.21,1.99
15024950,IF4041476730,33617717,T2T1C8ROB - Robin Sim,4.00747E+15,2026-07-27,2026-07-28,1,27,Outbound Freight,10.46,0.52,10.98
15025773,IF4041476768,33620998,H9W1X3JO- - Jo-Annie Fortin,5.20673E+11,2026-07-28,2026-07-28,1,36,Outbound Freight,13.6,0.68,14.28
15025773,IF4041476768,33620998,H9W1X3JO- - Jo-Annie Fortin,5.20673E+11,2026-07-28,2026-07-28,2,36,Outbound Shipment Materials,1.78,0.21,1.99
15023048,IF4041476628,33612566,E3B6J4RAH - Rahil Rashid,4.00747E+15,2026-07-27,2026-07-28,0,122.4,Outbound Shipment Materials,0.15,0.02,0.17
15023048,IF4041476628,33612566,E3B6J4RAH - Rahil Rashid,4.00747E+15,2026-07-27,2026-07-28,2,122.4,Outbound Freight,15.08,2.26,17.34
15023456,IF4041476645,33612772,V4M2A5PAT - Pat Munton,4.00747E+15,2026-07-27,2026-07-28,0,85,Outbound Shipment Materials,0.15,0.02,0.17
15023456,IF4041476645,33612772,V4M2A5PAT - Pat Munton,4.00747E+15,2026-07-27,2026-07-28,2,85,Outbound Freight,6.04,0.3,6.34
15024181,IF4041476674,33614120,T8N2N4ALY - Alyssa Bisson,4.00747E+15,2026-07-27,2026-07-28,0,117.5,Outbound Shipment Materials,0.15,0.02,0.17
15024181,IF4041476674,33614120,T8N2N4ALY - Alyssa Bisson,4.00747E+15,2026-07-27,2026-07-28,3,117.5,Outbound Freight,8.22,0.41,8.63
15024425,IF4041476683,33614519,V1R4N8ADA - Adam Belleperche,4.00747E+15,2026-07-27,2026-07-28,3,22,Outbound Shipment Materials,2.93,0.36,3.29
15024425,IF4041476683,33614519,V1R4N8ADA - Adam Belleperche,4.00747E+15,2026-07-27,2026-07-28,1,22,Outbound Freight,11.46,0.57,12.03
15024426,IF4041476684,33614324,V3M3Y5RIT - Rita Yip-Livesley,4.00747E+15,2026-07-27,2026-07-28,0,128,Outbound Shipment Materials,0.15,0.02,0.17
15024426,IF4041476684,33614324,V3M3Y5RIT - Rita Yip-Livesley,4.00747E+15,2026-07-27,2026-07-28,2,128,Outbound Freight,7.84,0.39,8.23
15024468,IF4041476687,33614617,M5A0M4MIK - Mike Robertson,4.00747E+15,2026-07-27,2026-07-28,2,128,Outbound Freight,12.46,1.62,14.08
15024468,IF4041476687,33614617,M5A0M4MIK - Mike Robertson,4.00747E+15,2026-07-27,2026-07-28,0,128,Outbound Shipment Materials,0.15,0.02,0.17
15024469,IF4041476688,33614422,N0N1G0KAT - Kathleen Spriel,4.00747E+15,2026-07-27,2026-07-28,1,22,Outbound Freight,24.92,3.24,28.16
15024469,IF4041476688,33614422,N0N1G0KAT - Kathleen Spriel,4.00747E+15,2026-07-27,2026-07-28,3,22,Outbound Shipment Materials,2.93,0.36,3.29
15024470,IF4041476689,33614330,V4M0G3LIS - Lisa Kaltenbach,4.00747E+15,2026-07-27,2026-07-28,3,210,Outbound Freight,6.23,0.31,6.54
15024470,IF4041476689,33614330,V4M0G3LIS - Lisa Kaltenbach,4.00747E+15,2026-07-27,2026-07-28,0,210,Outbound Shipment Materials,0.15,0.02,0.17
15023344,IF4041476641,33612688,T2V1T6DAV - David Blanchard,LSHP50688535,2026-07-27,2026-07-28,4,156.4,Outbound Shipment Materials,4.06,0.48,4.54
15023344,IF4041476641,33612688,T2V1T6DAV - David Blanchard,LSHP50688535,2026-07-27,2026-07-28,3,156.4,Outbound Freight,12.3,0.62,12.92
14931822,IF4041470041,33384823,J9L1M8LE - LE COUREUR DES BOIS,LSHP50221116,2026-07-06,2026-07-28,17,3493.5,Outbound Shipment Materials,17.17,2.06,19.23
14931822,IF4041470041,33384823,J9L1M8LE - LE COUREUR DES BOIS,LSHP50221116,2026-07-06,2026-07-28,98,3493.5,Outbound Freight,62.3,3.12,65.42
14931825,IF4041470042,33384824,C1E2L9SPO - SPORTING INTENTIONS,8.75015E+11,2026-07-06,2026-07-28,9,2835,Outbound Shipment Materials,9.3,1.12,10.42
14931825,IF4041470042,33384824,C1E2L9SPO - SPORTING INTENTIONS,8.75015E+11,2026-07-06,2026-07-28,76,2835,Outbound Freight,39.03,5.85,44.88
15008427,IF4041475070,33560163,J3V6A8SPO - SPORTS EXPERTS - ATMOSPHERE 584,LSHP50653284,2026-07-22,2026-07-28,82,4218,Outbound Freight,68.76,3.44,72.2
15008427,IF4041475070,33560163,J3V6A8SPO - SPORTS EXPERTS - ATMOSPHERE 584,LSHP50653284,2026-07-22,2026-07-28,31,4218,Outbound Shipment Materials,30.66,3.68,34.34
15008481,IF4041475071,33560164,J2L0A1LE - Le Carrefour Champêtre Bromont,LSHP50653248,2026-07-22,2026-07-28,9,1912,Outbound Shipment Materials,9.3,1.12,10.42
15008481,IF4041475071,33560164,J2L0A1LE - Le Carrefour Champêtre Bromont,LSHP50653248,2026-07-22,2026-07-28,33,1912,Outbound Freight,37.57,1.88,39.45
15008517,IF4041475138,33560802,V3K6V7BEL - BELOW THE BELT - COQUITLAM,5.20672E+11,2026-07-22,2026-07-28,3,144,Outbound Shipment Materials,2.93,0.36,3.29
15008517,IF4041475138,33560802,V3K6V7BEL - BELOW THE BELT - COQUITLAM,5.20672E+11,2026-07-22,2026-07-28,1,144,Outbound Freight,5.25,0.26,5.51
15010971,IF4041475448,33568644,T9W1C5ARM - ARMSTRONGS CLOTHING AND SPORTS,LSHP50655813,2026-07-23,2026-07-28,6,309,Outbound Freight,15.01,0.75,15.76
15010971,IF4041475448,33568644,T9W1C5ARM - ARMSTRONGS CLOTHING AND SPORTS,LSHP50655813,2026-07-23,2026-07-28,4,309,Outbound Shipment Materials,4.06,0.48,4.54
15011841,IF4041475566,33571262,V6H3S4MAK - MAKE,LSHP50658945,2026-07-23,2026-07-28,44,1054.5,Outbound Freight,14.89,0.74,15.63
15011841,IF4041475566,33571262,V6H3S4MAK - MAKE,LSHP50658945,2026-07-23,2026-07-28,8,1054.5,Outbound Shipment Materials,8.12,0.98,9.1
15010221,IF4041475262,33562685,S9A025ELE - ELEVEN65 CLOTHING CO,5.20671E+11,2026-07-23,2026-07-28,8,805,Outbound Shipment Materials,7.58,0.91,8.49
15010221,IF4041475262,33562685,S9A025ELE - ELEVEN65 CLOTHING CO,5.20671E+11,2026-07-23,2026-07-28,20,805,Outbound Freight,24.49,1.22,25.71
15011752,IF4041475547,33570833,V0N2E0MAT - MATTIE GILDENHUY,5.20671E+11,2026-07-23,2026-07-28,8,392,Outbound Freight,17.49,0.87,18.36
15011752,IF4041475547,33570833,V0N2E0MAT - MATTIE GILDENHUY,5.20671E+11,2026-07-23,2026-07-28,4,392,Outbound Shipment Materials,4.06,0.48,4.54
15014857,IF4041475777,33581313,V1T2B6VAL - Valhalla Pure Outfitters Inc,5.20672E+11,2026-07-24,2026-07-28,2,123.5,Outbound Shipment Materials,1.78,0.21,1.99
15014857,IF4041475777,33581313,V1T2B6VAL - Valhalla Pure Outfitters Inc,5.20672E+11,2026-07-24,2026-07-28,1,123.5,Outbound Freight,1.25,0.06,1.31
15010972,IF4041475450,33568645,V1R4C2JJS - JJS FASHIONS,4.00747E+15,2026-07-23,2026-07-28,3,84,Outbound Shipment Materials,2.79,0.34,3.13
15010972,IF4041475450,33568645,V1R4C2JJS - JJS FASHIONS,4.00747E+15,2026-07-23,2026-07-28,12,84,Outbound Freight,10.77,0.54,11.31
15010973,IF4041475451,33568646,S0J3G0BOU - BOUTIQUE NORTH,4.00747E+15,2026-07-23,2026-07-28,8,341,Outbound Freight,25.54,1.28,26.82
15010973,IF4041475451,33568646,S0J3G0BOU - BOUTIQUE NORTH,4.00747E+15,2026-07-23,2026-07-28,4,341,Outbound Shipment Materials,4.06,0.48,4.54
15010974,IF4041475452,33568647,V0R1X0NOR - NORTH ROAD SPORTS,4.00747E+15,2026-07-23,2026-07-28,4,327,Outbound Shipment Materials,4.06,0.48,4.54
15010974,IF4041475452,33568647,V0R1X0NOR - NORTH ROAD SPORTS,4.00747E+15,2026-07-23,2026-07-28,9,327,Outbound Freight,26.99,1.35,28.34
15023573,IF4041476646,33613369,E3B1B2THE - THE RADICAL EDGE,4.00747E+15,2026-07-27,2026-07-28,0,49,Outbound Shipment Materials,0.15,0.02,0.17
15023573,IF4041476646,33613369,E3B1B2THE - THE RADICAL EDGE,4.00747E+15,2026-07-27,2026-07-28,1,49,Outbound Freight,15.08,2.26,17.34
14977580,IF4041472678,33473928,V3Z1A5MEC - MEC Western Distribution Centre,19898572,2026-07-14,2026-07-28,301,55690,Outbound Shipment Materials,300.61,36.07,336.68
14977580,IF4041472678,33473928,V3Z1A5MEC - MEC Western Distribution Centre,19898572,2026-07-14,2026-07-28,2,55690,Pallet Prep,40.5,2.03,42.53
14977580,IF4041472678,33473928,V3Z1A5MEC - MEC Western Distribution Centre,19898572,2026-07-14,2026-07-28,1439,55690,Outbound Freight,245.67,12.28,257.95
14977580,IF4041472678,33473928,V3Z1A5MEC - MEC Western Distribution Centre,19898572,2026-07-14,2026-07-28,192,55690,EDI Labels,192,9.6,201.6
14977580,IF4041472678,33473928,V3Z1A5MEC - MEC Western Distribution Centre,19898572,2026-07-14,2026-07-28,1,55690,Manual BOL,12,0.6,12.6
15022919,IF4041476569,33610977,E2V4E9JEF - Jeff Trask,8.75011E+11,2026-07-27,2026-07-29,2,54,Outbound Freight,16.03,2.4,18.43
15022919,IF4041476569,33610977,E2V4E9JEF - Jeff Trask,8.75011E+11,2026-07-27,2026-07-29,2,54,Outbound Shipment Materials,1.78,0.21,1.99
15024495,IF4041476692,33615317,H1T3A7BRU - Bruno Feisthauer,4.00747E+15,2026-07-27,2026-07-29,0,135,Outbound Shipment Materials,0.15,0.02,0.17
15024495,IF4041476692,33615317,H1T3A7BRU - Bruno Feisthauer,4.00747E+15,2026-07-27,2026-07-29,3,135,Outbound Freight,10.92,0.55,11.47
15024551,IF4041476698,33615326,H3L2H9SOP - Sophie Charpin,4.00747E+15,2026-07-27,2026-07-29,4,314,Outbound Freight,13.61,0.68,14.29
15024551,IF4041476698,33615326,H3L2H9SOP - Sophie Charpin,4.00747E+15,2026-07-27,2026-07-29,0,314,Outbound Shipment Materials,0.15,0.02,0.17
15024581,IF4041476700,33615328,L4J8X4ASS - Assia Roudaya,4.00747E+15,2026-07-27,2026-07-29,3,80,Outbound Shipment Materials,2.93,0.36,3.29
15024581,IF4041476700,33615328,L4J8X4ASS - Assia Roudaya,4.00747E+15,2026-07-27,2026-07-29,3,80,Outbound Freight,13.92,1.81,15.73
15024582,IF4041476701,33615426,V6X0X5COD - Cody Krajic,4.00747E+15,2026-07-27,2026-07-29,6,243.5,Outbound Freight,6.84,0.34,7.18
15024582,IF4041476701,33615426,V6X0X5COD - Cody Krajic,4.00747E+15,2026-07-27,2026-07-29,0,243.5,Outbound Shipment Materials,0.15,0.02,0.17
15024646,IF4041476706,33616017,V1N0A2JAS - Jason Thompson,4.00747E+15,2026-07-27,2026-07-29,0,128,Outbound Shipment Materials,0.15,0.02,0.17
15024646,IF4041476706,33616017,V1N0A2JAS - Jason Thompson,4.00747E+15,2026-07-27,2026-07-29,2,128,Outbound Freight,8.77,0.44,9.21
15024712,IF4041476712,33615923,J0E1V0MAT - Matthieu Poirier,4.00747E+15,2026-07-27,2026-07-29,2,63,Outbound Freight,18.46,0.92,19.38
15024712,IF4041476712,33615923,J0E1V0MAT - Matthieu Poirier,4.00747E+15,2026-07-27,2026-07-29,2,63,Outbound Shipment Materials,1.78,0.21,1.99
15024729,IF4041476715,33615928,K1Y0Y1BRY - Bryan Flemming,5.20673E+11,2026-07-27,2026-07-29,2,152.1,Outbound Shipment Materials,1.78,0.21,1.99
15024729,IF4041476715,33615928,K1Y0Y1BRY - Bryan Flemming,5.20673E+11,2026-07-27,2026-07-29,4,152.1,Outbound Freight,13.6,1.77,15.37
15024749,IF4041476716,33616618,K1Z5G6BRA - Braden Finnigan,4.00747E+15,2026-07-27,2026-07-29,3,125.5,Outbound Freight,12,1.56,13.56
15024749,IF4041476716,33616618,K1Z5G6BRA - Braden Finnigan,4.00747E+15,2026-07-27,2026-07-29,0,125.5,Outbound Shipment Materials,0.15,0.02,0.17
15024799,IF4041476721,33616721,J2S4Z6YAN - Yannick Brunet,4.00747E+15,2026-07-27,2026-07-29,2,117,Outbound Shipment Materials,1.78,0.21,1.99
15024799,IF4041476721,33616721,J2S4Z6YAN - Yannick Brunet,4.00747E+15,2026-07-27,2026-07-29,3,117,Outbound Freight,13.61,0.68,14.29
15024937,IF4041476728,33617517,V0N1T0MAR - Martina Bell,5.20673E+11,2026-07-27,2026-07-29,2,133,Outbound Freight,12.19,0.61,12.8
15024937,IF4041476728,33617517,V0N1T0MAR - Martina Bell,5.20673E+11,2026-07-27,2026-07-29,0,133,Outbound Shipment Materials,0.15,0.02,0.17
15024998,IF4041476731,33617817,S0N1G0DAV - David Kalliecharan,4.00747E+15,2026-07-27,2026-07-29,2,137.6,Outbound Freight,10.61,0.53,11.14
15024998,IF4041476731,33617817,S0N1G0DAV - David Kalliecharan,4.00747E+15,2026-07-27,2026-07-29,0,137.6,Outbound Shipment Materials,0.15,0.02,0.17
15025006,IF4041476732,33617820,V8P2X4KAM - Kamala Ray,4.00747E+15,2026-07-27,2026-07-29,0,108.4,Outbound Shipment Materials,0.15,0.02,0.17
15025006,IF4041476732,33617820,V8P2X4KAM - Kamala Ray,4.00747E+15,2026-07-27,2026-07-29,2,108.4,Outbound Freight,6.23,0.31,6.54
15025066,IF4041476734,33618881,V9R0L1KEV - Kevin Radu,4.00747E+15,2026-07-28,2026-07-29,3,61,Outbound Shipment Materials,2.93,0.36,3.29
15025066,IF4041476734,33618881,V9R0L1KEV - Kevin Radu,4.00747E+15,2026-07-28,2026-07-29,2,61,Outbound Freight,8.69,0.43,9.12
15025103,IF4041476613,33610879,V7R4X5TIF - Tiffany Goulding,4.00747E+15,2026-07-28,2026-07-29,4,197.4,Outbound Freight,8.08,0.4,8.48
15025103,IF4041476613,33610879,V7R4X5TIF - Tiffany Goulding,4.00747E+15,2026-07-28,2026-07-29,3,197.4,Outbound Shipment Materials,2.93,0.36,3.29
15025104,IF4041476667,33614013,H2M2S1JUL - Julien Richer,5.20673E+11,2026-07-28,2026-07-29,4,153,Outbound Freight,13.6,0.68,14.28
15025104,IF4041476667,33614013,H2M2S1JUL - Julien Richer,5.20673E+11,2026-07-28,2026-07-29,2,153,Outbound Shipment Materials,1.78,0.21,1.99
15025109,IF4041476735,33619181,K0K1L0REB - Rebecca McCurdy,8.75013E+11,2026-07-28,2026-07-29,5,421,Outbound Freight,16.03,2.08,18.11
15025109,IF4041476735,33619181,K0K1L0REB - Rebecca McCurdy,8.75013E+11,2026-07-28,2026-07-29,0,421,Outbound Shipment Materials,0.15,0.02,0.17
15025126,IF4041476736,33619282,L9W2M9EMI - Emily Lane,4.00747E+15,2026-07-28,2026-07-29,2,94.6,Outbound Freight,12.53,1.63,14.16
15025126,IF4041476736,33619282,L9W2M9EMI - Emily Lane,4.00747E+15,2026-07-28,2026-07-29,0,94.6,Outbound Shipment Materials,0.15,0.02,0.17
15025127,IF4041476737,33619284,H4A2M8NAT - Natalie Picot,5.20673E+11,2026-07-28,2026-07-29,0,142.8,Outbound Shipment Materials,0.15,0.02,0.17
15025127,IF4041476737,33619284,H4A2M8NAT - Natalie Picot,5.20673E+11,2026-07-28,2026-07-29,4,142.8,Outbound Freight,12.85,0.64,13.49
15025135,IF4041476739,33619484,L9H3R2KEV - kevin hils,4.00747E+15,2026-07-28,2026-07-29,2,130.8,Outbound Freight,12.53,1.63,14.16
15025135,IF4041476739,33619484,L9H3R2KEV - kevin hils,4.00747E+15,2026-07-28,2026-07-29,0,130.8,Outbound Shipment Materials,0.15,0.02,0.17
15025224,IF4041476742,33619686,N6G5M8PAU - Paul Gribble,4.00747E+15,2026-07-28,2026-07-29,2,90,Outbound Freight,11.31,1.47,12.78
15025224,IF4041476742,33619686,N6G5M8PAU - Paul Gribble,4.00747E+15,2026-07-28,2026-07-29,0,90,Outbound Shipment Materials,0.15,0.02,0.17
15025238,IF4041476745,33619981,G1E3X9ALE - Alexandre Gratton,4.00747E+15,2026-07-28,2026-07-29,0,90,Outbound Shipment Materials,0.15,0.02,0.17
15025238,IF4041476745,33619981,G1E3X9ALE - Alexandre Gratton,4.00747E+15,2026-07-28,2026-07-29,2,90,Outbound Freight,10.92,0.55,11.47
15025251,IF4041476747,33619786,J0E1A0JOH - John Rio Festarini,4.00747E+15,2026-07-28,2026-07-29,4,153,Outbound Freight,18.46,0.92,19.38
15025251,IF4041476747,33619786,J0E1A0JOH - John Rio Festarini,4.00747E+15,2026-07-28,2026-07-29,2,153,Outbound Shipment Materials,1.78,0.21,1.99
15025263,IF4041476748,33620084,B3V1B8ADA - Adam McKerihen,4.00747E+15,2026-07-28,2026-07-29,4,117,Outbound Freight,15.77,2.21,17.98
15025263,IF4041476748,33620084,B3V1B8ADA - Adam McKerihen,4.00747E+15,2026-07-28,2026-07-29,2,117,Outbound Shipment Materials,1.78,0.21,1.99
15025280,IF4041476749,33619884,B1C2A8DAN - Daniel ONeil,4.00747E+15,2026-07-28,2026-07-29,2,67.5,Outbound Freight,16.53,2.31,18.84
15025280,IF4041476749,33619884,B1C2A8DAN - Daniel ONeil,4.00747E+15,2026-07-28,2026-07-29,2,67.5,Outbound Shipment Materials,1.78,0.21,1.99
15025307,IF4041476750,33620288,L8H6W4GEO - George Macri,4.00747E+15,2026-07-28,2026-07-29,2,88,Outbound Freight,11.31,1.47,12.78
15025307,IF4041476750,33620288,L8H6W4GEO - George Macri,4.00747E+15,2026-07-28,2026-07-29,0,88,Outbound Shipment Materials,0.15,0.02,0.17
15025308,IF4041476751,33620291,H1A5P6MAT - Mathieu Rozon,4.00747E+15,2026-07-28,2026-07-29,2,90,Outbound Freight,10.92,0.55,11.47
15025308,IF4041476751,33620291,H1A5P6MAT - Mathieu Rozon,4.00747E+15,2026-07-28,2026-07-29,0,90,Outbound Shipment Materials,0.15,0.02,0.17
15025380,IF4041476756,33620301,L2J2B4AME - amelia mcintyre,4.00747E+15,2026-07-28,2026-07-29,3,112.5,Outbound Freight,11.31,1.47,12.78
15025380,IF4041476756,33620301,L2J2B4AME - amelia mcintyre,4.00747E+15,2026-07-28,2026-07-29,0,112.5,Outbound Shipment Materials,0.15,0.02,0.17
15025418,IF4041476757,33620489,J0J1A0SAN - Sandra Audette,LSHP50691473,2026-07-28,2026-07-29,5,278.2,Outbound Freight,19.31,0.97,20.28
15025418,IF4041476757,33620489,J0J1A0SAN - Sandra Audette,LSHP50691473,2026-07-28,2026-07-29,0,278.2,Outbound Shipment Materials,0.15,0.02,0.17
15025571,IF4041476761,33620594,S4T6N5SHA - Sharon Pratchler,4.00747E+15,2026-07-28,2026-07-29,3,112.5,Outbound Freight,10.69,0.53,11.22
15025571,IF4041476761,33620594,S4T6N5SHA - Sharon Pratchler,4.00747E+15,2026-07-28,2026-07-29,2,112.5,Outbound Shipment Materials,1.78,0.21,1.99
15025572,IF4041476762,33620596,T2Z1A4REB - Rebecca Savill,4.00747E+15,2026-07-28,2026-07-29,2,101.6,Outbound Freight,8.77,0.44,9.21
15025572,IF4041476762,33620596,T2Z1A4REB - Rebecca Savill,4.00747E+15,2026-07-28,2026-07-29,0,101.6,Outbound Shipment Materials,0.15,0.02,0.17
15025614,IF4041476763,33620599,V2R2H1ZOE - Zoey Willix,4.00747E+15,2026-07-28,2026-07-29,0,54,Outbound Shipment Materials,0.15,0.02,0.17
15025614,IF4041476763,33620599,V2R2H1ZOE - Zoey Willix,4.00747E+15,2026-07-28,2026-07-29,3,54,Outbound Freight,6.17,0.31,6.48
15025666,IF4041476764,33620602,V6B0E7BUN - Bunchu Praichit,4.00747E+15,2026-07-28,2026-07-29,3,135,Outbound Freight,6.04,0.3,6.34
15025666,IF4041476764,33620602,V6B0E7BUN - Bunchu Praichit,4.00747E+15,2026-07-28,2026-07-29,0,135,Outbound Shipment Materials,0.15,0.02,0.17
15025736,IF4041476767,33620996,T5Z0J2RUS - Russell Noksana,4.00747E+15,2026-07-28,2026-07-29,2,45.5,Outbound Freight,10.46,0.52,10.98
15025736,IF4041476767,33620996,T5Z0J2RUS - Russell Noksana,4.00747E+15,2026-07-28,2026-07-29,2,45.5,Outbound Shipment Materials,1.78,0.21,1.99
15025774,IF4041476770,33620898,J1L1Z6SUZ - Suzie Lachance,4.00747E+15,2026-07-28,2026-07-29,2,119.5,Outbound Freight,10.92,0.55,11.47
15025774,IF4041476770,33620898,J1L1Z6SUZ - Suzie Lachance,4.00747E+15,2026-07-28,2026-07-29,0,119.5,Outbound Shipment Materials,0.15,0.02,0.17
15025884,IF4041476772,33621003,K2J6T6SHA - Shara Dupuis,4.00747E+15,2026-07-28,2026-07-29,3,135,Outbound Freight,10.92,1.42,12.34
15025884,IF4041476772,33621003,K2J6T6SHA - Shara Dupuis,4.00747E+15,2026-07-28,2026-07-29,0,135,Outbound Shipment Materials,0.15,0.02,0.17
15025885,IF4041476773,33621005,N2A1S2DER - Derek Lachance,4.00747E+15,2026-07-28,2026-07-29,0,196.4,Outbound Shipment Materials,0.15,0.02,0.17
15025885,IF4041476773,33621005,N2A1S2DER - Derek Lachance,4.00747E+15,2026-07-28,2026-07-29,3,196.4,Outbound Freight,11.77,1.53,13.3
15025951,IF4041476778,33621099,S4T6N5SHA - Sharon Pratchler,4.00747E+15,2026-07-28,2026-07-29,0,183,Outbound Shipment Materials,0.15,0.02,0.17
15025951,IF4041476778,33621099,S4T6N5SHA - Sharon Pratchler,4.00747E+15,2026-07-28,2026-07-29,2,183,Outbound Freight,11.61,0.58,12.19
15026064,IF4041476779,33621103,T3Z3G2HEA - HEATHER LAYCOCK,4.00747E+15,2026-07-28,2026-07-29,2,90,Outbound Freight,7.93,0.4,8.33
15026064,IF4041476779,33621103,T3Z3G2HEA - HEATHER LAYCOCK,4.00747E+15,2026-07-28,2026-07-29,0,90,Outbound Shipment Materials,0.15,0.02,0.17
15026065,IF4041476780,33621104,R3P0R8ANN - Ann Poole,4.00747E+15,2026-07-28,2026-07-29,0,211.6,Outbound Shipment Materials,0.15,0.02,0.17
15026065,IF4041476780,33621104,R3P0R8ANN - Ann Poole,4.00747E+15,2026-07-28,2026-07-29,3,211.6,Outbound Freight,11.69,0.58,12.27
15026108,IF4041476785,33621227,L1N9L1ESP - Esperanza Nauffts,4.00747E+15,2026-07-28,2026-07-29,3,139.6,Outbound Freight,12.53,1.63,14.16
15026108,IF4041476785,33621227,L1N9L1ESP - Esperanza Nauffts,4.00747E+15,2026-07-28,2026-07-29,0,139.6,Outbound Shipment Materials,0.15,0.02,0.17
15026170,IF4041476786,33621230,V8R1C3PAU - Paulette Auger,4.00747E+15,2026-07-28,2026-07-29,2,102.8,Outbound Freight,6.04,0.3,6.34
15026170,IF4041476786,33621230,V8R1C3PAU - Paulette Auger,4.00747E+15,2026-07-28,2026-07-29,0,102.8,Outbound Shipment Materials,0.15,0.02,0.17
15026224,IF4041476789,33621722,T9M0A9DIA - Diana Lecky,4.00747E+15,2026-07-28,2026-07-29,3,120.1,Outbound Freight,10.53,0.53,11.06
15026224,IF4041476789,33621722,T9M0A9DIA - Diana Lecky,4.00747E+15,2026-07-28,2026-07-29,0,120.1,Outbound Shipment Materials,0.15,0.02,0.17
15026226,IF4041476801,33621422,S4X0K4CHR - Chris Matt,4.00747E+15,2026-07-28,2026-07-29,0,135,Outbound Shipment Materials,0.15,0.02,0.17
15026226,IF4041476801,33621422,S4X0K4CHR - Chris Matt,4.00747E+15,2026-07-28,2026-07-29,3,135,Outbound Freight,9.92,0.5,10.42
15026280,IF4041476810,33621731,L8E0E7MAT - Matt Strachan,4.00747E+15,2026-07-28,2026-07-29,3,124,Outbound Freight,12.84,1.67,14.51
15026280,IF4041476810,33621731,L8E0E7MAT - Matt Strachan,4.00747E+15,2026-07-28,2026-07-29,0,124,Outbound Shipment Materials,0.15,0.02,0.17
15026283,IF4041476813,33621736,G2A3L2ALE - Alexandre Cote,4.00747E+15,2026-07-28,2026-07-29,6,270,Outbound Freight,12.92,0.65,13.57
15026283,IF4041476813,33621736,G2A3L2ALE - Alexandre Cote,4.00747E+15,2026-07-28,2026-07-29,0,270,Outbound Shipment Materials,0.15,0.02,0.17
15026371,IF4041476821,33621751,V6L1Z9MEL - Melea Burns,4.00747E+15,2026-07-28,2026-07-29,2,162.6,Outbound Freight,6.62,0.33,6.95
15026371,IF4041476821,33621751,V6L1Z9MEL - Melea Burns,4.00747E+15,2026-07-28,2026-07-29,0,162.6,Outbound Shipment Materials,0.15,0.02,0.17
15026454,IF4041476825,33622446,J5K2P3AUD - Audrey-Anne Bastien,4.00747E+15,2026-07-28,2026-07-29,0,135,Outbound Shipment Materials,0.15,0.02,0.17
15026454,IF4041476825,33622446,J5K2P3AUD - Audrey-Anne Bastien,4.00747E+15,2026-07-28,2026-07-29,3,135,Outbound Freight,10.92,0.55,11.47
15026455,IF4041476826,33622155,T3L3A2RHE - Rheya Cuppen,4.00747E+15,2026-07-28,2026-07-29,2,159.6,Outbound Freight,8.22,0.41,8.63
15026455,IF4041476826,33622155,T3L3A2RHE - Rheya Cuppen,4.00747E+15,2026-07-28,2026-07-29,0,159.6,Outbound Shipment Materials,0.15,0.02,0.17
15026694,IF4041476833,33622846,N0G2R0THO - Thomas Lubberts,8.75015E+11,2026-07-28,2026-07-29,3,121.5,Outbound Freight,15.18,1.97,17.15
15026694,IF4041476833,33622846,N0G2R0THO - Thomas Lubberts,8.75015E+11,2026-07-28,2026-07-29,0,121.5,Outbound Shipment Materials,0.15,0.02,0.17
15026807,IF4041476837,33622857,T2R0R7JEF - Jeffery Marr,4.00747E+15,2026-07-28,2026-07-29,3,178,Outbound Freight,8.77,0.44,9.21
15026807,IF4041476837,33622857,T2R0R7JEF - Jeffery Marr,4.00747E+15,2026-07-28,2026-07-29,0,178,Outbound Shipment Materials,0.15,0.02,0.17
15026808,IF4041476838,33622860,L9P0A1BRO - Brooke Cain,4.00747E+15,2026-07-28,2026-07-29,2,84.8,Outbound Freight,11.31,1.47,12.78
15026808,IF4041476838,33622860,L9P0A1BRO - Brooke Cain,4.00747E+15,2026-07-28,2026-07-29,0,84.8,Outbound Shipment Materials,0.15,0.02,0.17
15026809,IF4041476841,33622547,J6S5E8SIM - Simon Bouthillier,4.00747E+15,2026-07-28,2026-07-29,2,100,Outbound Freight,10.92,0.55,11.47
15026809,IF4041476841,33622547,J6S5E8SIM - Simon Bouthillier,4.00747E+15,2026-07-28,2026-07-29,0,100,Outbound Shipment Materials,0.15,0.02,0.17
15026872,IF4041476843,33622872,B3N3C6HAR - Harry Isaac Mathers,4.00747E+15,2026-07-28,2026-07-29,4,209.1,Outbound Freight,14.23,1.99,16.22
15026872,IF4041476843,33622872,B3N3C6HAR - Harry Isaac Mathers,4.00747E+15,2026-07-28,2026-07-29,0,209.1,Outbound Shipment Materials,0.15,0.02,0.17
15026873,IF4041476845,33622555,V9M3Z7JAC - Jacquie Mikalishen,4.00747E+15,2026-07-28,2026-07-29,0,103.5,Outbound Shipment Materials,0.15,0.02,0.17
15026873,IF4041476845,33622555,V9M3Z7JAC - Jacquie Mikalishen,4.00747E+15,2026-07-28,2026-07-29,3,103.5,Outbound Freight,6.17,0.31,6.48
15026914,IF4041476850,33623351,K1B4S9GRE - Greg Bunghardt,4.00747E+15,2026-07-28,2026-07-29,1,50,Outbound Freight,10.61,1.38,11.99
15026914,IF4041476850,33623351,K1B4S9GRE - Greg Bunghardt,4.00747E+15,2026-07-28,2026-07-29,0,50,Outbound Shipment Materials,0.15,0.02,0.17
15026915,IF4041476851,33623352,V9B1B9ALI - Alison Spry,4.00747E+15,2026-07-28,2026-07-29,1,45,Outbound Freight,5.85,0.29,6.14
15026915,IF4041476851,33623352,V9B1B9ALI - Alison Spry,4.00747E+15,2026-07-28,2026-07-29,0,45,Outbound Shipment Materials,0.15,0.02,0.17
15026916,IF4041476852,33623353,V0N1G2ASH - Ashleigh Murray,4.00747E+15,2026-07-28,2026-07-29,0,61.6,Outbound Shipment Materials,0.15,0.02,0.17
15026916,IF4041476852,33623353,V0N1G2ASH - Ashleigh Murray,4.00747E+15,2026-07-28,2026-07-29,1,61.6,Outbound Freight,10.15,0.51,10.66
15026917,IF4041476853,33623354,T0K2R0JEN - Jennifer Peterson,4.00747E+15,2026-07-28,2026-07-29,0,45,Outbound Shipment Materials,0.15,0.02,0.17
15026917,IF4041476853,33623354,T0K2R0JEN - Jennifer Peterson,4.00747E+15,2026-07-28,2026-07-29,1,45,Outbound Freight,10.77,0.54,11.31
15027239,IF4041476869,33623573,R2C5N8BRE - Brent Tyndall,4.00747E+15,2026-07-28,2026-07-29,3,135,Outbound Freight,11.38,0.57,11.95
15027239,IF4041476869,33623573,R2C5N8BRE - Brent Tyndall,4.00747E+15,2026-07-28,2026-07-29,0,135,Outbound Shipment Materials,0.15,0.02,0.17
15027371,IF4041476873,33623467,J8C2Z8MAR - Maryse St-jean,4.00747E+15,2026-07-28,2026-07-29,3,100.9,Outbound Freight,10.92,0.55,11.47
15027371,IF4041476873,33623467,J8C2Z8MAR - Maryse St-jean,4.00747E+15,2026-07-28,2026-07-29,0,100.9,Outbound Shipment Materials,0.15,0.02,0.17
15027374,IF4041476876,33623675,T4B4B1SUK - sukhjit Singh,4.00747E+15,2026-07-28,2026-07-29,0,135,Outbound Shipment Materials,0.15,0.02,0.17
15027374,IF4041476876,33623675,T4B4B1SUK - sukhjit Singh,4.00747E+15,2026-07-28,2026-07-29,3,135,Outbound Freight,8.22,0.41,8.63
15026625,IF4041476746,33620081,G7G0K4RIC - Richard Tougas,4.00747E+15,2026-07-28,2026-07-29,3,135,Outbound Freight,15.08,0.75,15.83
15026625,IF4041476746,33620081,G7G0K4RIC - Richard Tougas,4.00747E+15,2026-07-28,2026-07-29,0,135,Outbound Shipment Materials,0.15,0.02,0.17
15027488,IF4041476862,33623376,V9B5R5ALE - Alexzander Thurlborn,4.00747E+15,2026-07-28,2026-07-29,0,30,Outbound Shipment Materials,0.15,0.02,0.17
15027488,IF4041476862,33623376,V9B5R5ALE - Alexzander Thurlborn,4.00747E+15,2026-07-28,2026-07-29,2,30,Outbound Freight,6.23,0.31,6.54
15029210,IF4041476986,33629944,V2B1E6ALE - Aleasha Kachel,4.00747E+15,2026-07-29,2026-07-29,0,63,Outbound Shipment Materials,0.15,0.02,0.17
15029210,IF4041476986,33629944,V2B1E6ALE - Aleasha Kachel,4.00747E+15,2026-07-29,2026-07-29,2,63,Outbound Freight,6.17,0.31,6.48
15029212,IF4041476989,33629949,L3M2L7PAM - Pam Snell,4.00747E+15,2026-07-29,2026-07-29,0,125.4,Outbound Shipment Materials,0.15,0.02,0.17
15029212,IF4041476989,33629949,L3M2L7PAM - Pam Snell,4.00747E+15,2026-07-29,2026-07-29,3,125.4,Outbound Freight,12.61,1.64,14.25
15029213,IF4041476990,33630136,R0K2G0ASH - Ashley Fry,4.00747E+15,2026-07-29,2026-07-29,0,102,Outbound Shipment Materials,0.15,0.02,0.17
15029213,IF4041476990,33630136,R0K2G0ASH - Ashley Fry,4.00747E+15,2026-07-29,2026-07-29,2,102,Outbound Freight,14.23,0.71,14.94
15029512,IF4041476993,33630234,T9M0A9DIA - Diana Lecky,4.00747E+15,2026-07-29,2026-07-29,2,100.1,Outbound Freight,10.53,0.53,11.06
15029512,IF4041476993,33630234,T9M0A9DIA - Diana Lecky,4.00747E+15,2026-07-29,2026-07-29,0,100.1,Outbound Shipment Materials,0.15,0.02,0.17
15028167,IF4041476932,33626501,V1S0E5KAT - Kate Monahan,LSHP50715933,2026-07-28,2026-07-29,4,183,Outbound Shipment Materials,4.06,0.48,4.54
15028167,IF4041476932,33626501,V1S0E5KAT - Kate Monahan,LSHP50715933,2026-07-28,2026-07-29,2,183,Outbound Freight,10.47,0.52,10.99
15028795,IF4041476976,33629637,R3R1K3JEN - Jennifer Trudel,4.00747E+15,2026-07-29,2026-07-29,0,126.8,Outbound Shipment Materials,0.15,0.02,0.17
15028795,IF4041476976,33629637,R3R1K3JEN - Jennifer Trudel,4.00747E+15,2026-07-29,2026-07-29,3,126.8,Outbound Freight,10.53,0.53,11.06
15029060,IF4041476982,33630033,K0H2T0JEN - Jennifer Choquette,4.00747E+15,2026-07-29,2026-07-29,2,116,Outbound Freight,12.92,1.68,14.6
15029060,IF4041476982,33630033,K0H2T0JEN - Jennifer Choquette,4.00747E+15,2026-07-29,2026-07-29,0,116,Outbound Shipment Materials,0.15,0.02,0.17
15029061,IF4041476983,33629937,N5W3H7EUA - Euan Fraser tait,4.00747E+15,2026-07-29,2026-07-29,3,157.5,Outbound Freight,11.77,1.53,13.3
15029061,IF4041476983,33629937,N5W3H7EUA - Euan Fraser tait,4.00747E+15,2026-07-29,2026-07-29,0,157.5,Outbound Shipment Materials,0.15,0.02,0.17
15029062,IF4041476984,33630035,J8P2T9JEN - Jennifer Conway,4.00747E+15,2026-07-29,2026-07-29,4,191.2,Outbound Freight,13.38,0.67,14.05
15029062,IF4041476984,33630035,J8P2T9JEN - Jennifer Conway,4.00747E+15,2026-07-29,2026-07-29,0,191.2,Outbound Shipment Materials,0.15,0.02,0.17
15029105,IF4041476985,33630133,N3A4L4EMI - Emily O’Brien,4.00747E+15,2026-07-29,2026-07-29,3,110.8,Outbound Freight,11.77,1.53,13.3
15029105,IF4041476985,33630133,N3A4L4EMI - Emily O’Brien,4.00747E+15,2026-07-29,2026-07-29,0,110.8,Outbound Shipment Materials,0.15,0.02,0.17
15028062,IF4041476917,33626097,L1A3P7S F - S F,4.00747E+15,2026-07-28,2026-07-29,3,117,Outbound Freight,11.31,1.47,12.78
15028062,IF4041476917,33626097,L1A3P7S F - S F,4.00747E+15,2026-07-28,2026-07-29,0,117,Outbound Shipment Materials,0.15,0.02,0.17
15028078,IF4041476919,33625901,L2R5Z1JES - Jessie El-Farram,4.00747E+15,2026-07-28,2026-07-29,0,160,Outbound Shipment Materials,0.15,0.02,0.17
15028078,IF4041476919,33625901,L2R5Z1JES - Jessie El-Farram,4.00747E+15,2026-07-28,2026-07-29,2,160,Outbound Freight,11.77,1.53,13.3
15028079,IF4041476920,33626297,M5A2J5FAR - Fariborz Fallah,4.00747E+15,2026-07-28,2026-07-29,3,162.6,Outbound Freight,11.77,1.53,13.3
15028079,IF4041476920,33626297,M5A2J5FAR - Fariborz Fallah,4.00747E+15,2026-07-28,2026-07-29,0,162.6,Outbound Shipment Materials,0.15,0.02,0.17
15028104,IF4041476923,33625905,T0M2A0RUT - Ruth Derksen,5.20674E+11,2026-07-28,2026-07-29,2,109.9,Outbound Freight,11.69,0.58,12.27
15028104,IF4041476923,33625905,T0M2A0RUT - Ruth Derksen,5.20674E+11,2026-07-28,2026-07-29,0,109.9,Outbound Shipment Materials,0.15,0.02,0.17
15028105,IF4041476924,33625906,J8L3X2JUL - Julie Hayes,4.00747E+15,2026-07-28,2026-07-29,0,122.6,Outbound Shipment Materials,0.15,0.02,0.17
15028105,IF4041476924,33625906,J8L3X2JUL - Julie Hayes,4.00747E+15,2026-07-28,2026-07-29,2,122.6,Outbound Freight,12,0.6,12.6
15028142,IF4041476926,33626299,V5V3M8KIM - Kim Wong,4.00747E+15,2026-07-28,2026-07-29,0,350.6,Outbound Shipment Materials,0.15,0.02,0.17
15028142,IF4041476926,33626299,V5V3M8KIM - Kim Wong,4.00747E+15,2026-07-28,2026-07-29,2,350.6,Outbound Freight,6.69,0.33,7.02
15028143,IF4041476927,33626008,N1M3S1COR - Corinne Crichlow,4.00747E+15,2026-07-28,2026-07-29,3,121.4,Outbound Freight,12.53,1.63,14.16
15028143,IF4041476927,33626008,N1M3S1COR - Corinne Crichlow,4.00747E+15,2026-07-28,2026-07-29,0,121.4,Outbound Shipment Materials,0.15,0.02,0.17
15028220,IF4041476935,33627097,V5K1V8THO - Thomas Sanner,4.00747E+15,2026-07-28,2026-07-29,4,286,Outbound Freight,6.84,0.34,7.18
15028220,IF4041476935,33627097,V5K1V8THO - Thomas Sanner,4.00747E+15,2026-07-28,2026-07-29,0,286,Outbound Shipment Materials,0.15,0.02,0.17
15028221,IF4041476936,33626998,J8V4B2MIC - Michael Desjardins,4.00747E+15,2026-07-28,2026-07-29,4,309.8,Outbound Freight,15.23,0.76,15.99
15028221,IF4041476936,33626998,J8V4B2MIC - Michael Desjardins,4.00747E+15,2026-07-28,2026-07-29,3,309.8,Outbound Shipment Materials,2.93,0.36,3.29
15028223,IF4041476938,33627200,H4G1P5CAI - Caitlin Parsons,4.00747E+15,2026-07-28,2026-07-29,2,104.2,Outbound Freight,12.99,0.65,13.64
15028223,IF4041476938,33627200,H4G1P5CAI - Caitlin Parsons,4.00747E+15,2026-07-28,2026-07-29,0,104.2,Outbound Shipment Materials,0.15,0.02,0.17
15028321,IF4041476940,33626899,V8H1H6SHE - Sheri Lewthwaite,8.75044E+11,2026-07-28,2026-07-29,0,113.6,Outbound Shipment Materials,0.15,0.02,0.17
15028321,IF4041476940,33626899,V8H1H6SHE - Sheri Lewthwaite,8.75044E+11,2026-07-28,2026-07-29,2,113.6,Outbound Freight,10.43,0.52,10.95
15028324,IF4041476944,33627004,V2C4X6COL - colin boisselle,4.00747E+15,2026-07-28,2026-07-29,2,101.4,Outbound Freight,6.17,0.31,6.48
15028324,IF4041476944,33627004,V2C4X6COL - colin boisselle,4.00747E+15,2026-07-28,2026-07-29,0,101.4,Outbound Shipment Materials,0.15,0.02,0.17
15028357,IF4041476946,33627296,T8W5C3HEI - Heidi Hennel,4.00747E+15,2026-07-28,2026-07-29,2,140.4,Outbound Freight,10.23,0.51,10.74
15028357,IF4041476946,33627296,T8W5C3HEI - Heidi Hennel,4.00747E+15,2026-07-28,2026-07-29,0,140.4,Outbound Shipment Materials,0.15,0.02,0.17
15028386,IF4041476947,33627397,T5R3C7DEB - Debbie Morin,4.00747E+15,2026-07-28,2026-07-29,3,108,Outbound Freight,8.22,0.41,8.63
15028386,IF4041476947,33627397,T5R3C7DEB - Debbie Morin,4.00747E+15,2026-07-28,2026-07-29,0,108,Outbound Shipment Materials,0.15,0.02,0.17
15028534,IF4041476956,33628704,G9N3P2PAS - Pascal D Roger,4.00747E+15,2026-07-29,2026-07-29,2,140.8,Outbound Freight,12.53,0.63,13.16
15028534,IF4041476956,33628704,G9N3P2PAS - Pascal D Roger,4.00747E+15,2026-07-29,2026-07-29,0,140.8,Outbound Shipment Materials,0.15,0.02,0.17
15028665,IF4041476961,33629105,E3G0G7JOD - Jody Rhodenizer,4.00747E+15,2026-07-29,2026-07-29,0,180.6,Outbound Shipment Materials,0.15,0.02,0.17
15028665,IF4041476961,33629105,E3G0G7JOD - Jody Rhodenizer,4.00747E+15,2026-07-29,2026-07-29,2,180.6,Outbound Freight,13.46,2.02,15.48
15028668,IF4041476964,33629005,G1R0C4ANA - Anabel Arsenault,4.00747E+15,2026-07-29,2026-07-29,2,100,Outbound Freight,10.92,0.55,11.47
15028668,IF4041476964,33629005,G1R0C4ANA - Anabel Arsenault,4.00747E+15,2026-07-29,2026-07-29,0,100,Outbound Shipment Materials,0.15,0.02,0.17
15028699,IF4041476968,33629011,A8A2R8SOP - Sophia Hewitt,8.75044E+11,2026-07-29,2026-07-29,0,218.3,Outbound Shipment Materials,0.15,0.02,0.17
15028699,IF4041476968,33629011,A8A2R8SOP - Sophia Hewitt,8.75044E+11,2026-07-29,2026-07-29,3,218.3,Outbound Freight,26.09,3.91,30
15028751,IF4041476973,33629631,K2H6C2ANN - Annie Lord-Stephens,4.00747E+15,2026-07-29,2026-07-29,0,118.8,Outbound Shipment Materials,0.15,0.02,0.17
15028751,IF4041476973,33629631,K2H6C2ANN - Annie Lord-Stephens,4.00747E+15,2026-07-29,2026-07-29,2,118.8,Outbound Freight,10.92,1.42,12.34
15028103,IF4041476922,33626003,V8G4X5ERI - Erika Barton,4.00747E+15,2026-07-28,2026-07-29,3,102.7,Outbound Freight,10.46,0.52,10.98
15028103,IF4041476922,33626003,V8G4X5ERI - Erika Barton,4.00747E+15,2026-07-28,2026-07-29,2,102.7,Outbound Shipment Materials,1.78,0.21,1.99
15028667,IF4041476963,33629205,A1N3Y2COL - Colin Duffett,4.00747E+15,2026-07-29,2026-07-29,6,200.8,Outbound Freight,16.53,2.48,19.01
15028667,IF4041476963,33629205,A1N3Y2COL - Colin Duffett,4.00747E+15,2026-07-29,2026-07-29,2,200.8,Outbound Shipment Materials,1.78,0.21,1.99
15022979,IF4041476570,33610979,V6J0J1CHA - Chauntelle Walsh,4.00747E+15,2026-07-27,2026-07-29,3,210.6,Outbound Freight,6.69,0.33,7.02
15022979,IF4041476570,33610979,V6J0J1CHA - Chauntelle Walsh,4.00747E+15,2026-07-27,2026-07-29,0,210.6,Outbound Shipment Materials,0.15,0.02,0.17
15025738,IF4041476769,33620690,L1C0S6KAT - Kate Mowat,4.00747E+15,2026-07-28,2026-07-29,2,184.8,Outbound Freight,12.61,1.64,14.25
15025738,IF4041476769,33620690,L1C0S6KAT - Kate Mowat,4.00747E+15,2026-07-28,2026-07-29,0,184.8,Outbound Shipment Materials,0.15,0.02,0.17
15026066,IF4041476782,33621223,V8S4C6CHR - Christian Nielsen,4.00747E+15,2026-07-28,2026-07-29,0,186,Outbound Shipment Materials,0.15,0.02,0.17
15026066,IF4041476782,33621223,V8S4C6CHR - Christian Nielsen,4.00747E+15,2026-07-28,2026-07-29,3,186,Outbound Freight,6.69,0.33,7.02
15026107,IF4041476783,33621416,H9R1A3GLE - Glenn Caron,4.00747E+15,2026-07-28,2026-07-29,0,248.4,Outbound Shipment Materials,0.15,0.02,0.17
15026107,IF4041476783,33621416,H9R1A3GLE - Glenn Caron,4.00747E+15,2026-07-28,2026-07-29,4,248.4,Outbound Freight,13.38,0.67,14.05
15026320,IF4041476816,33621743,K1E3M4CHR - Chris Lendrum,4.00747E+15,2026-07-28,2026-07-29,3,167.2,Outbound Freight,12.99,1.69,14.68
15026320,IF4041476816,33621743,K1E3M4CHR - Chris Lendrum,4.00747E+15,2026-07-28,2026-07-29,0,167.2,Outbound Shipment Materials,0.15,0.02,0.17
15026400,IF4041476823,33622149,G5T1Z1JOS - Josée Landry,4.00747E+15,2026-07-28,2026-07-29,4,144.9,Outbound Freight,13.69,0.68,14.37
15026400,IF4041476823,33622149,G5T1Z1JOS - Josée Landry,4.00747E+15,2026-07-28,2026-07-29,0,144.9,Outbound Shipment Materials,0.15,0.02,0.17
15026576,IF4041476829,33621951,A2N2E6BER - Bertina Young,4.00747E+15,2026-07-28,2026-07-29,0,133.5,Outbound Shipment Materials,0.15,0.02,0.17
15026576,IF4041476829,33621951,A2N2E6BER - Bertina Young,4.00747E+15,2026-07-28,2026-07-29,3,133.5,Outbound Freight,19.92,2.99,22.91
15026577,IF4041476830,33622164,R2M1J3ASH - Ashley Balko,4.00747E+15,2026-07-28,2026-07-29,0,123,Outbound Shipment Materials,0.15,0.02,0.17
15026577,IF4041476830,33622164,R2M1J3ASH - Ashley Balko,4.00747E+15,2026-07-28,2026-07-29,2,123,Outbound Freight,11,0.55,11.55
15027052,IF4041476859,33623368,N0A1N4ANT - Anthony Randall,8.75042E+11,2026-07-28,2026-07-29,0,213.1,Outbound Shipment Materials,0.15,0.02,0.17
15027052,IF4041476859,33623368,N0A1N4ANT - Anthony Randall,8.75042E+11,2026-07-28,2026-07-29,6,213.1,Outbound Freight,15.53,2.02,17.55
15027571,IF4041476880,33623988,J1E3P4ALE - Alexis Pelletier,4.00747E+15,2026-07-28,2026-07-29,4,228.8,Outbound Freight,12.99,0.65,13.64
15027571,IF4041476880,33623988,J1E3P4ALE - Alexis Pelletier,4.00747E+15,2026-07-28,2026-07-29,0,228.8,Outbound Shipment Materials,0.15,0.02,0.17
15027639,IF4041476885,33623895,L2M4B5MIC - Michael Candeloro,4.00747E+15,2026-07-28,2026-07-29,2,133,Outbound Freight,12.46,1.62,14.08
15027639,IF4041476885,33623895,L2M4B5MIC - Michael Candeloro,4.00747E+15,2026-07-28,2026-07-29,0,133,Outbound Shipment Materials,0.15,0.02,0.17
15025928,IF4041476774,33621008,J0L1C0MIC - Michael Handfield,4.00747E+15,2026-07-28,2026-07-29,2,112.5,Outbound Shipment Materials,1.78,0.21,1.99
15025928,IF4041476774,33621008,J0L1C0MIC - Michael Handfield,4.00747E+15,2026-07-28,2026-07-29,3,112.5,Outbound Freight,16.53,0.83,17.36
15027718,IF4041476886,33623802,V5E4H9MAR - Marlen Pina Valdez,4.00747E+15,2026-07-28,2026-07-29,4,197.8,Outbound Freight,7.84,0.39,8.23
15027718,IF4041476886,33623802,V5E4H9MAR - Marlen Pina Valdez,4.00747E+15,2026-07-28,2026-07-29,0,197.8,Outbound Shipment Materials,0.15,0.02,0.17
15027719,IF4041476887,33624189,N0H2N0NIC - Nicole Ruff,5.20674E+11,2026-07-28,2026-07-29,2,100,Outbound Freight,16.65,2.16,18.81
15027719,IF4041476887,33624189,N0H2N0NIC - Nicole Ruff,5.20674E+11,2026-07-28,2026-07-29,0,100,Outbound Shipment Materials,0.15,0.02,0.17
15027731,IF4041476889,33623810,R7N2B5COD - Cody Neault,4.00747E+15,2026-07-28,2026-07-29,0,142.8,Outbound Shipment Materials,0.15,0.02,0.17
15027731,IF4041476889,33623810,R7N2B5COD - Cody Neault,4.00747E+15,2026-07-28,2026-07-29,3,142.8,Outbound Freight,13.61,0.68,14.29
15027771,IF4041476892,33624393,T2V0C3JAM - James Hope,4.00747E+15,2026-07-28,2026-07-29,2,89.98,Outbound Freight,7.93,0.4,8.33
15027771,IF4041476892,33624393,T2V0C3JAM - James Hope,4.00747E+15,2026-07-28,2026-07-29,0,89.98,Outbound Shipment Materials,0.15,0.02,0.17
15027786,IF4041476893,33624395,N7S0C9MAT - Matt Bowen,4.00747E+15,2026-07-28,2026-07-29,0,76.5,Outbound Shipment Materials,0.15,0.02,0.17
15027786,IF4041476893,33624395,N7S0C9MAT - Matt Bowen,4.00747E+15,2026-07-28,2026-07-29,2,76.5,Outbound Freight,11.31,1.47,12.78
15027787,IF4041476896,33624400,R3J0L8CHR - Christie sprague,4.00747E+15,2026-07-28,2026-07-29,5,262,Outbound Freight,11.69,0.58,12.27
15027787,IF4041476896,33624400,R3J0L8CHR - Christie sprague,4.00747E+15,2026-07-28,2026-07-29,0,262,Outbound Shipment Materials,0.15,0.02,0.17
15027889,IF4041476898,33624591,N0P2P0HOU - Houston M,4.00747E+15,2026-07-28,2026-07-29,4,180,Outbound Freight,12,1.56,13.56
15027889,IF4041476898,33624591,N0P2P0HOU - Houston M,4.00747E+15,2026-07-28,2026-07-29,0,180,Outbound Shipment Materials,0.15,0.02,0.17
15027890,IF4041476900,33624997,V8E0G5ALI - Alison Bryant,4.00747E+15,2026-07-28,2026-07-29,2,150.3,Outbound Freight,8,0.4,8.4
15027890,IF4041476900,33624997,V8E0G5ALI - Alison Bryant,4.00747E+15,2026-07-28,2026-07-29,0,150.3,Outbound Shipment Materials,0.15,0.02,0.17
15027934,IF4041476906,33625008,V3N1H3ODE - Odessa Ditson,4.00747E+15,2026-07-28,2026-07-29,0,140,Outbound Shipment Materials,0.15,0.02,0.17
15027934,IF4041476906,33625008,V3N1H3ODE - Odessa Ditson,4.00747E+15,2026-07-28,2026-07-29,2,140,Outbound Freight,6.62,0.33,6.95
15027935,IF4041476907,33625010,M9N1Y3VIK - Viktoria Piatkowski,4.00747E+15,2026-07-28,2026-07-29,3,108,Outbound Freight,12.53,1.63,14.16
15027935,IF4041476907,33625010,M9N1Y3VIK - Viktoria Piatkowski,4.00747E+15,2026-07-28,2026-07-29,0,108,Outbound Shipment Materials,0.15,0.02,0.17
15027990,IF4041476911,33625400,N4S7P7EVA - Eva-Maria Wetzel,4.00747E+15,2026-07-28,2026-07-29,0,128,Outbound Shipment Materials,0.15,0.02,0.17
15027990,IF4041476911,33625400,N4S7P7EVA - Eva-Maria Wetzel,4.00747E+15,2026-07-28,2026-07-29,5,128,Outbound Freight,11.77,1.53,13.3
15026955,IF4041476855,33622879,V4N0P4DON - Donna Rainford-Cayenne,4.00747E+15,2026-07-28,2026-07-29,2,174.6,Outbound Shipment Materials,1.78,0.21,1.99
15026955,IF4041476855,33622879,V4N0P4DON - Donna Rainford-Cayenne,4.00747E+15,2026-07-28,2026-07-29,3,174.6,Outbound Freight,7,0.35,7.35
15011842,IF4041475559,33571158,V6A2E4TEN - tentree,LSHP50693933,2026-07-23,2026-07-29,111,3459.5,Outbound Freight,63.32,3.17,66.49
15011842,IF4041475559,33571158,V6A2E4TEN - tentree,LSHP50693933,2026-07-23,2026-07-29,14,3459.5,Outbound Shipment Materials,14.26,1.71,15.97
15026281,IF4041476811,33621942,V6E1Z3TOM - Tom Pham,4.00747E+15,2026-07-28,2026-07-29,1,45,Outbound Freight,5.85,0.29,6.14
15026281,IF4041476811,33621942,V6E1Z3TOM - Tom Pham,4.00747E+15,2026-07-28,2026-07-29,0,45,Outbound Shipment Materials,0.15,0.02,0.17
15026957,IF4041476858,33623366,V7W2J1LAN - Lance Neale,4.00747E+15,2026-07-28,2026-07-29,0,616,Outbound Shipment Materials,0.15,0.02,0.17
15026957,IF4041476858,33623366,V7W2J1LAN - Lance Neale,4.00747E+15,2026-07-28,2026-07-29,7,616,Outbound Freight,8.22,0.41,8.63
15027121,IF4041476863,33623262,A2H4S2NIC - Nicole Preston,8.75066E+11,2026-07-28,2026-07-29,2,31.5,Outbound Shipment Materials,1.78,0.21,1.99
15027121,IF4041476863,33623262,A2H4S2NIC - Nicole Preston,8.75066E+11,2026-07-28,2026-07-29,1,31.5,Outbound Freight,26.09,3.91,30
15027237,IF4041476867,33623569,V2Y0Z1AND - Andrew Collins,4.00747E+15,2026-07-28,2026-07-29,1,88,Outbound Freight,6.23,0.31,6.54
15027237,IF4041476867,33623569,V2Y0Z1AND - Andrew Collins,4.00747E+15,2026-07-28,2026-07-29,0,88,Outbound Shipment Materials,0.15,0.02,0.17
15027238,IF4041476868,33623669,G5R4W9JES - Jessy April,4.00747E+15,2026-07-28,2026-07-29,0,46.4,Outbound Shipment Materials,0.15,0.02,0.17
15027238,IF4041476868,33623669,G5R4W9JES - Jessy April,4.00747E+15,2026-07-28,2026-07-29,1,46.4,Outbound Freight,12,0.6,12.6
15027331,IF4041476872,33623465,V2R4A8ALV - Alvin Denbok,4.00747E+15,2026-07-28,2026-07-29,1,50,Outbound Freight,8.71,0.44,9.15
15027331,IF4041476872,33623465,V2R4A8ALV - Alvin Denbok,4.00747E+15,2026-07-28,2026-07-29,0,50,Outbound Shipment Materials,0.15,0.02,0.17
15028102,IF4041476921,33626002,N3B3L2SIM - Simon Shantz,4.00747E+15,2026-07-28,2026-07-29,2,31.5,Outbound Shipment Materials,1.78,0.21,1.99
15028102,IF4041476921,33626002,N3B3L2SIM - Simon Shantz,4.00747E+15,2026-07-28,2026-07-29,1,31.5,Outbound Freight,12.84,1.67,14.51
15028144,IF4041476930,33626600,L0K1E0SHE - Sheryl McNiven,4.00747E+15,2026-07-28,2026-07-29,1,32.64,Outbound Freight,12.23,1.59,13.82
15028144,IF4041476930,33626600,L0K1E0SHE - Sheryl McNiven,4.00747E+15,2026-07-28,2026-07-29,0,32.64,Outbound Shipment Materials,0.15,0.02,0.17
15028681,IF4041476965,33629109,N1H2E7RYA - Ryan Vadori,4.00747E+15,2026-07-29,2026-07-29,1,58,Outbound Freight,10.46,1.36,11.82
15028681,IF4041476965,33629109,N1H2E7RYA - Ryan Vadori,4.00747E+15,2026-07-29,2026-07-29,0,58,Outbound Shipment Materials,0.15,0.02,0.17
15028750,IF4041476972,33629630,G1G5H4JUS - Justine Pomerleau,4.00747E+15,2026-07-29,2026-07-29,0,117.99,Outbound Shipment Materials,0.15,0.02,0.17
15028750,IF4041476972,33629630,G1G5H4JUS - Justine Pomerleau,4.00747E+15,2026-07-29,2026-07-29,1,117.99,Outbound Freight,10.92,0.55,11.47
15026369,IF4041476819,33622143,H4A1J8EVG - Evgenia Auslender,4.00747E+15,2026-07-28,2026-07-29,0,22.5,Outbound Shipment Materials,0.15,0.02,0.17
15026369,IF4041476819,33622143,H4A1J8EVG - Evgenia Auslender,4.00747E+15,2026-07-28,2026-07-29,1,22.5,Outbound Freight,10.61,0.53,11.14
15026874,IF4041476846,33623049,B3J3Z2JAN - Jane MacLellan,4.00747E+15,2026-07-28,2026-07-29,1,58.8,Outbound Freight,11.84,1.66,13.5
15026874,IF4041476846,33623049,B3J3Z2JAN - Jane MacLellan,4.00747E+15,2026-07-28,2026-07-29,0,58.8,Outbound Shipment Materials,0.15,0.02,0.17
15026956,IF4041476856,33623361,V8S5H2ELA - Elaine Perry,4.00747E+15,2026-07-28,2026-07-29,1,64.8,Outbound Freight,5.85,0.29,6.14
15026956,IF4041476856,33623361,V8S5H2ELA - Elaine Perry,4.00747E+15,2026-07-28,2026-07-29,0,64.8,Outbound Shipment Materials,0.15,0.02,0.17
15027372,IF4041476874,33623671,V2N6J2KRI - Kristi Dasilva,4.00747E+15,2026-07-28,2026-07-29,0,70.4,Outbound Shipment Materials,0.15,0.02,0.17
15027372,IF4041476874,33623671,V2N6J2KRI - Kristi Dasilva,4.00747E+15,2026-07-28,2026-07-29,1,70.4,Outbound Freight,7.93,0.4,8.33
15027732,IF4041476890,33624291,H9C3A9MAR - Marie-Claude Guay,4.00747E+15,2026-07-28,2026-07-29,0,87.99,Outbound Shipment Materials,0.15,0.02,0.17
15027732,IF4041476890,33624291,H9C3A9MAR - Marie-Claude Guay,4.00747E+15,2026-07-28,2026-07-29,1,87.99,Outbound Freight,10.92,0.55,11.47
15027891,IF4041476901,33625097,V9S2P9ING - Inge Nummela,4.00747E+15,2026-07-28,2026-07-29,0,40.8,Outbound Shipment Materials,0.15,0.02,0.17
15027891,IF4041476901,33625097,V9S2P9ING - Inge Nummela,4.00747E+15,2026-07-28,2026-07-29,1,40.8,Outbound Freight,5.98,0.3,6.28
15027919,IF4041476902,33624999,N0J1P0AMY - Amy Treur,4.00747E+15,2026-07-28,2026-07-29,1,108,Outbound Freight,12.23,1.59,13.82
15027919,IF4041476902,33624999,N0J1P0AMY - Amy Treur,4.00747E+15,2026-07-28,2026-07-29,0,108,Outbound Shipment Materials,0.15,0.02,0.17
15027920,IF4041476904,33625003,M4Y0A9TAY - Taylor Harper,4.00747E+15,2026-07-28,2026-07-29,0,98,Outbound Shipment Materials,0.15,0.02,0.17
15027920,IF4041476904,33625003,M4Y0A9TAY - Taylor Harper,4.00747E+15,2026-07-28,2026-07-29,1,98,Outbound Freight,11.31,1.47,12.78
15028322,IF4041476941,33626901,V6Z0G7MIR - Miranda Tsang,4.00747E+15,2026-07-28,2026-07-29,0,198,Outbound Shipment Materials,0.15,0.02,0.17
15028322,IF4041476941,33626901,V6Z0G7MIR - Miranda Tsang,4.00747E+15,2026-07-28,2026-07-29,1,198,Outbound Freight,6.23,0.31,6.54
15028476,IF4041476952,33628398,R2J0X7STE - Stephen Baril,4.00747E+15,2026-07-29,2026-07-29,1,61.6,Outbound Freight,11,0.55,11.55
15028476,IF4041476952,33628398,R2J0X7STE - Stephen Baril,4.00747E+15,2026-07-29,2026-07-29,0,61.6,Outbound Shipment Materials,0.15,0.02,0.17
15028752,IF4041476974,33629634,N1E7L6KEN - Kendra Anthony,4.00747E+15,2026-07-29,2026-07-29,1,45,Outbound Freight,10.46,1.36,11.82
15028752,IF4041476974,33629634,N1E7L6KEN - Kendra Anthony,4.00747E+15,2026-07-29,2026-07-29,0,45,Outbound Shipment Materials,0.15,0.02,0.17
15028796,IF4041476980,33629645,V2K4H4SAR - Sara Swanson,4.00747E+15,2026-07-29,2026-07-29,1,118.8,Outbound Freight,8.22,0.41,8.63
15028796,IF4041476980,33629645,V2K4H4SAR - Sara Swanson,4.00747E+15,2026-07-29,2026-07-29,0,118.8,Outbound Shipment Materials,0.15,0.02,0.17
15026624,IF4041476744,33619881,K4K1R7CHA - Chantal Singh,4.00747E+15,2026-07-28,2026-07-29,3,113.1,Outbound Freight,12,1.56,13.56
15026624,IF4041476744,33619881,K4K1R7CHA - Chantal Singh,4.00747E+15,2026-07-28,2026-07-29,0,113.1,Outbound Shipment Materials,0.15,0.02,0.17
15026654,IF4041476832,33622170,R3G1Y2ERI - Erin Thorleifson,4.00747E+15,2026-07-28,2026-07-29,3,159.8,Outbound Freight,11.69,0.58,12.27
15026654,IF4041476832,33622170,R3G1Y2ERI - Erin Thorleifson,4.00747E+15,2026-07-28,2026-07-29,0,159.8,Outbound Shipment Materials,0.15,0.02,0.17
15026806,IF4041476836,33622856,L4C4P9NAN - Nancy McKerroll,4.00747E+15,2026-07-28,2026-07-29,3,112.5,Outbound Freight,11.77,1.53,13.3
15026806,IF4041476836,33622856,L4C4P9NAN - Nancy McKerroll,4.00747E+15,2026-07-28,2026-07-29,0,112.5,Outbound Shipment Materials,0.15,0.02,0.17
15030567,IF4041477045,33632069,L1G6H2T K - T K,4.00747E+15,2026-07-29,2026-07-29,1,14,Outbound Freight,9.84,1.28,11.12
15030567,IF4041477045,33632069,L1G6H2T K - T K,4.00747E+15,2026-07-29,2026-07-29,0,14,Outbound Shipment Materials,0.15,0.02,0.17
15026370,IF4041476820,33622144,E1G0B6BRY - Bryan Thurtell,4.00747E+15,2026-07-28,2026-07-29,1,36,Outbound Freight,11.53,1.73,13.26
15026370,IF4041476820,33622144,E1G0B6BRY - Bryan Thurtell,4.00747E+15,2026-07-28,2026-07-29,0,36,Outbound Shipment Materials,0.15,0.02,0.17
15027053,IF4041476860,33623371,V8R6E6HEL - Helen Currey,4.00747E+15,2026-07-28,2026-07-29,5,162.1,Outbound Freight,8.08,0.4,8.48
15027053,IF4041476860,33623371,V8R6E6HEL - Helen Currey,4.00747E+15,2026-07-28,2026-07-29,3,162.1,Outbound Shipment Materials,2.93,0.36,3.29
15026810,IF4041476842,33622869,T9M0A9DIA - Diana Lecky,4.00747E+15,2026-07-28,2026-07-29,1,31.5,Outbound Freight,9.84,0.49,10.33
15026810,IF4041476842,33622869,T9M0A9DIA - Diana Lecky,4.00747E+15,2026-07-28,2026-07-29,0,31.5,Outbound Shipment Materials,0.15,0.02,0.17
15026875,IF4041476847,33623250,V6H2K1JUL - Julie De Sousa,4.00747E+15,2026-07-28,2026-07-29,0,49,Outbound Shipment Materials,0.15,0.02,0.17
15026875,IF4041476847,33623250,V6H2K1JUL - Julie De Sousa,4.00747E+15,2026-07-28,2026-07-29,1,49,Outbound Freight,6.04,0.3,6.34
15027989,IF4041476910,33625399,M2J2V3HEA - Heather Wong,4.00747E+15,2026-07-28,2026-07-29,1,39.2,Outbound Freight,11.31,1.47,12.78
15027989,IF4041476910,33625399,M2J2V3HEA - Heather Wong,4.00747E+15,2026-07-28,2026-07-29,0,39.2,Outbound Shipment Materials,0.15,0.02,0.17
15028063,IF4041476918,33626099,N2M3B6JAM - James Coughlin,4.00747E+15,2026-07-28,2026-07-29,0,23.2,Outbound Shipment Materials,0.15,0.02,0.17
15028063,IF4041476918,33626099,N2M3B6JAM - James Coughlin,4.00747E+15,2026-07-28,2026-07-29,1,23.2,Outbound Freight,10.46,1.36,11.82
15029513,IF4041476994,33630139,V4W3K8ASH - Ashley Springett,4.00747E+15,2026-07-29,2026-07-29,1,78,Outbound Freight,5.85,0.29,6.14
15029513,IF4041476994,33630139,V4W3K8ASH - Ashley Springett,4.00747E+15,2026-07-29,2026-07-29,0,78,Outbound Shipment Materials,0.15,0.02,0.17
15029654,IF4041477004,33630543,X0E0P0DEB - Deborah Price,4.00747E+15,2026-07-29,2026-07-29,0,100.8,Outbound Shipment Materials,0.15,0.02,0.17
15029654,IF4041477004,33630543,X0E0P0DEB - Deborah Price,4.00747E+15,2026-07-29,2026-07-29,1,100.8,Outbound Freight,30.3,1.52,31.82
15029656,IF4041477006,33630545,V2P0G5SAR - Sarabjit Mann,4.00747E+15,2026-07-29,2026-07-29,0,82.6,Outbound Shipment Materials,0.15,0.02,0.17
15029656,IF4041477006,33630545,V2P0G5SAR - Sarabjit Mann,4.00747E+15,2026-07-29,2026-07-29,1,82.6,Outbound Freight,6.17,0.31,6.48
15030244,IF4041477030,33631548,V6E0A4KAT - Katherine Moore,4.00747E+15,2026-07-29,2026-07-29,0,46.8,Outbound Shipment Materials,0.15,0.02,0.17
15030244,IF4041477030,33631548,V6E0A4KAT - Katherine Moore,4.00747E+15,2026-07-29,2026-07-29,1,46.8,Outbound Freight,5.85,0.29,6.14
15030247,IF4041477034,33631646,L9T3G4CLA - Claire Wheatley,4.00747E+15,2026-07-29,2026-07-29,1,45,Outbound Freight,10.46,1.36,11.82
15030247,IF4041477034,33631646,L9T3G4CLA - Claire Wheatley,4.00747E+15,2026-07-29,2026-07-29,0,45,Outbound Shipment Materials,0.15,0.02,0.17
15030489,IF4041477038,33631747,P7B6L4TOM - Tom Kleinboeck,5.20674E+11,2026-07-29,2026-07-29,0,88,Outbound Shipment Materials,0.15,0.02,0.17
15030489,IF4041477038,33631747,P7B6L4TOM - Tom Kleinboeck,5.20674E+11,2026-07-29,2026-07-29,1,88,Outbound Freight,12.85,1.67,14.52
15030524,IF4041477044,33631954,G4V1Y7EVE - Eve-Marie Lessard,4.00747E+15,2026-07-29,2026-07-29,1,44.99,Outbound Freight,15.39,0.77,16.16
15030524,IF4041477044,33631954,G4V1Y7EVE - Eve-Marie Lessard,4.00747E+15,2026-07-29,2026-07-29,0,44.99,Outbound Shipment Materials,0.15,0.02,0.17
15029655,IF4041477005,33630651,L7K2M4TER - Teri Baker,4.00747E+15,2026-07-29,2026-07-29,0,142.4,Outbound Shipment Materials,0.15,0.02,0.17
15029655,IF4041477005,33630651,L7K2M4TER - Teri Baker,4.00747E+15,2026-07-29,2026-07-29,1,142.4,Outbound Freight,11.77,1.53,13.3
15029741,IF4041477011,33630550,T0H1L0MON - Monique Bondaruk,4.00747E+15,2026-07-29,2026-07-29,0,108,Outbound Shipment Materials,0.15,0.02,0.17
15029741,IF4041477011,33630550,T0H1L0MON - Monique Bondaruk,4.00747E+15,2026-07-29,2026-07-29,1,108,Outbound Freight,12.99,0.65,13.64
15030521,IF4041477040,33631951,T2Z2X5TRI - Trista de Both,4.00747E+15,2026-07-29,2026-07-29,1,64.8,Outbound Freight,8.22,0.41,8.63
15030521,IF4041477040,33631951,T2Z2X5TRI - Trista de Both,4.00747E+15,2026-07-29,2026-07-29,0,64.8,Outbound Shipment Materials,0.15,0.02,0.17
15027720,IF4041476888,33623807,J2X4H9MAR - Marie-Eve Lestage,4.00747E+15,2026-07-28,2026-07-29,0,116,Outbound Shipment Materials,0.15,0.02,0.17
15027720,IF4041476888,33623807,J2X4H9MAR - Marie-Eve Lestage,4.00747E+15,2026-07-28,2026-07-29,3,116,Outbound Freight,10.92,0.55,11.47
15030762,IF4041477055,33632095,J0E1Z0CAT - Catherine Prevost,4.00747E+15,2026-07-29,2026-07-29,4,216.7,Outbound Freight,18.77,0.94,19.71
15030762,IF4041477055,33632095,J0E1Z0CAT - Catherine Prevost,4.00747E+15,2026-07-29,2026-07-29,0,216.7,Outbound Shipment Materials,0.15,0.02,0.17
15023182,IF4041476632,33612766,T3H4M5PAU - Paul Beke,4.00747E+15,2026-07-27,2026-07-30,3,182,Outbound Freight,8.77,0.44,9.21
15023182,IF4041476632,33612766,T3H4M5PAU - Paul Beke,4.00747E+15,2026-07-27,2026-07-30,0,182,Outbound Shipment Materials,0.15,0.02,0.17
15024398,IF4041476682,33614320,K1K0H7NAT - Natalie Sachrajda,4.00747E+15,2026-07-27,2026-07-30,0,129.2,Outbound Shipment Materials,0.15,0.02,0.17
15024398,IF4041476682,33614320,K1K0H7NAT - Natalie Sachrajda,4.00747E+15,2026-07-27,2026-07-30,3,129.2,Outbound Freight,12,1.56,13.56
15024549,IF4041476696,33615321,K1T0X1ZOE - Zoe Martos,4.00747E+15,2026-07-27,2026-07-30,5,279.6,Outbound Freight,12.99,1.69,14.68
15024549,IF4041476696,33615321,K1T0X1ZOE - Zoe Martos,4.00747E+15,2026-07-27,2026-07-30,0,279.6,Outbound Shipment Materials,0.15,0.02,0.17
15024711,IF4041476711,33616417,R3E1E9THE - Theresa Markowski,4.00747E+15,2026-07-27,2026-07-30,2,113.1,Outbound Shipment Materials,1.78,0.21,1.99
15024711,IF4041476711,33616417,R3E1E9THE - Theresa Markowski,4.00747E+15,2026-07-27,2026-07-30,3,113.1,Outbound Freight,12.23,0.61,12.84
15025949,IF4041476776,33621213,V9V1B5JOR - Jordan Wright,4.00747E+15,2026-07-28,2026-07-30,3,107,Outbound Freight,6.62,0.33,6.95
15025949,IF4041476776,33621213,V9V1B5JOR - Jordan Wright,4.00747E+15,2026-07-28,2026-07-30,0,107,Outbound Shipment Materials,0.15,0.02,0.17
15026918,IF4041476854,33622877,V9B4L9CAL - Cal Roberts,4.00747E+15,2026-07-28,2026-07-30,2,71,Outbound Shipment Materials,1.78,0.21,1.99
15026918,IF4041476854,33622877,V9B4L9CAL - Cal Roberts,4.00747E+15,2026-07-28,2026-07-30,2,71,Outbound Freight,7,0.35,7.35
15027441,IF4041476877,33623581,T2Z4V8TER - Terin Schrader,4.00747E+15,2026-07-28,2026-07-30,2,44.5,Outbound Shipment Materials,1.78,0.21,1.99
15027441,IF4041476877,33623581,T2Z4V8TER - Terin Schrader,4.00747E+15,2026-07-28,2026-07-30,2,44.5,Outbound Freight,10.46,0.52,10.98
15027573,IF4041476882,33623890,V5N5J3DEF - DEFNE EZGI,4.00747E+15,2026-07-28,2026-07-30,3,133.6,Outbound Freight,6.62,0.33,6.95
15027573,IF4041476882,33623890,V5N5J3DEF - DEFNE EZGI,4.00747E+15,2026-07-28,2026-07-30,0,133.6,Outbound Shipment Materials,0.15,0.02,0.17
15027733,IF4041476891,33624391,J6E1Y7CAR - Carolane Villiard,4.00747E+15,2026-07-28,2026-07-30,3,128.5,Outbound Shipment Materials,2.93,0.36,3.29
15027733,IF4041476891,33624391,J6E1Y7CAR - Carolane Villiard,4.00747E+15,2026-07-28,2026-07-30,4,128.5,Outbound Freight,15.23,0.76,15.99
15027936,IF4041476908,33624692,V3J3E4EDI - Edie Kernighan,4.00747E+15,2026-07-28,2026-07-30,0,60,Outbound Shipment Materials,0.15,0.02,0.17
15027936,IF4041476908,33624692,V3J3E4EDI - Edie Kernighan,4.00747E+15,2026-07-28,2026-07-30,2,60,Outbound Freight,6.04,0.3,6.34
15028166,IF4041476931,33626698,C1A3N3ERI - Erin MacQuarrie,4.00747E+15,2026-07-28,2026-07-30,3,94.5,Outbound Freight,11.84,1.78,13.62
15028166,IF4041476931,33626698,C1A3N3ERI - Erin MacQuarrie,4.00747E+15,2026-07-28,2026-07-30,0,94.5,Outbound Shipment Materials,0.15,0.02,0.17
15028180,IF4041476933,33626797,J9Y1E2GEN - Genevieve St-Hilaire,8.75081E+11,2026-07-28,2026-07-30,4,78.5,Outbound Freight,28.49,1.42,29.91
15028180,IF4041476933,33626797,J9Y1E2GEN - Genevieve St-Hilaire,8.75081E+11,2026-07-28,2026-07-30,3,78.5,Outbound Shipment Materials,2.93,0.36,3.29
15028222,IF4041476937,33627197,T6J7A7SHE - Sherry Roy,4.00747E+15,2026-07-28,2026-07-30,0,130,Outbound Shipment Materials,0.15,0.02,0.17
15028222,IF4041476937,33627197,T6J7A7SHE - Sherry Roy,4.00747E+15,2026-07-28,2026-07-30,4,130,Outbound Freight,9.46,0.47,9.93
15028387,IF4041476948,33627399,T0M0V0ASH - ashley niziol,LSHP50727222,2026-07-28,2026-07-30,0,622.9,Outbound Shipment Materials,0.15,0.02,0.17
15028387,IF4041476948,33627399,T0M0V0ASH - ashley niziol,LSHP50727222,2026-07-28,2026-07-30,11,622.9,Outbound Freight,12.83,0.64,13.47
15028532,IF4041476954,33628699,L0G1B0NIC - Nicole Allison,4.00747E+15,2026-07-29,2026-07-30,0,105.6,Outbound Shipment Materials,0.15,0.02,0.17
15028532,IF4041476954,33628699,L0G1B0NIC - Nicole Allison,4.00747E+15,2026-07-29,2026-07-30,2,105.6,Outbound Freight,12.92,1.68,14.6
15028533,IF4041476955,33628702,M8V1X8MAR - Martin-Andre Young,4.00747E+15,2026-07-29,2026-07-30,2,117,Outbound Shipment Materials,1.78,0.21,1.99
15028533,IF4041476955,33628702,M8V1X8MAR - Martin-Andre Young,4.00747E+15,2026-07-29,2026-07-30,4,117,Outbound Freight,12.84,1.67,14.51
15028633,IF4041476959,33628899,G0M1R0JEN - Jenny Dumont Blais,4.00747E+15,2026-07-29,2026-07-30,2,127.4,Outbound Freight,15.68,0.78,16.46
15028633,IF4041476959,33628899,G0M1R0JEN - Jenny Dumont Blais,4.00747E+15,2026-07-29,2026-07-30,0,127.4,Outbound Shipment Materials,0.15,0.02,0.17
15028698,IF4041476967,33629010,K1T0J1ARK - Arkadiusz Tchorzewski,4.00747E+15,2026-07-29,2026-07-30,3,104,Outbound Freight,13.38,1.74,15.12
15028698,IF4041476967,33629010,K1T0J1ARK - Arkadiusz Tchorzewski,4.00747E+15,2026-07-29,2026-07-30,0,104,Outbound Shipment Materials,0.25,0.03,0.28
15028753,IF4041476975,33629727,R2H2Z1DAN - Danielle Kososki,4.00747E+15,2026-07-29,2026-07-30,2,101.8,Outbound Freight,11.38,0.57,11.95
15028753,IF4041476975,33629727,R2H2Z1DAN - Danielle Kososki,4.00747E+15,2026-07-29,2026-07-30,0,101.8,Outbound Shipment Materials,0.15,0.02,0.17
15029030,IF4041476981,33629933,N1S5B5JOE - Joey LaPierre,4.00747E+15,2026-07-29,2026-07-30,0,182.9,Outbound Shipment Materials,0.15,0.02,0.17
15029030,IF4041476981,33629933,N1S5B5JOE - Joey LaPierre,4.00747E+15,2026-07-29,2026-07-30,4,182.9,Outbound Freight,12.53,1.63,14.16
15029601,IF4041476997,33630238,J1H0H9JEA - Jean-Philippe Tremblay,4.00747E+15,2026-07-29,2026-07-30,0,147.4,Outbound Shipment Materials,0.15,0.02,0.17
15029601,IF4041476997,33630238,J1H0H9JEA - Jean-Philippe Tremblay,4.00747E+15,2026-07-29,2026-07-30,3,147.4,Outbound Freight,12.92,0.65,13.57
15029651,IF4041476999,33630336,B2W0G3SUS - Susan Gillis,4.00747E+15,2026-07-29,2026-07-30,0,139.8,Outbound Shipment Materials,0.15,0.02,0.17
15029651,IF4041476999,33630336,B2W0G3SUS - Susan Gillis,4.00747E+15,2026-07-29,2026-07-30,3,139.8,Outbound Freight,14.23,1.99,16.22
15029652,IF4041477000,33630541,M4R2E9TIF - Tiffany Jack,4.00747E+15,2026-07-29,2026-07-30,4,187,Outbound Freight,12.53,1.63,14.16
15029652,IF4041477000,33630541,M4R2E9TIF - Tiffany Jack,4.00747E+15,2026-07-29,2026-07-30,0,187,Outbound Shipment Materials,0.15,0.02,0.17
15029653,IF4041477003,33630647,T4V5H2MIK - Mike Forre,4.00747E+15,2026-07-29,2026-07-30,0,180,Outbound Shipment Materials,0.15,0.02,0.17
15029653,IF4041477003,33630647,T4V5H2MIK - Mike Forre,4.00747E+15,2026-07-29,2026-07-30,4,180,Outbound Freight,8.22,0.41,8.63
15029708,IF4041477007,33630547,J0T2N0STÉ - Stéphane Rochon,LSHP50735274,2026-07-29,2026-07-30,5,208,Outbound Freight,19.31,0.97,20.28
15029708,IF4041477007,33630547,J0T2N0STÉ - Stéphane Rochon,LSHP50735274,2026-07-29,2026-07-30,0,208,Outbound Shipment Materials,0.48,0.05,0.53
15029709,IF4041477008,33630658,J6Y1G2LIE - liem Nguyen,4.00747E+15,2026-07-29,2026-07-30,3,166.2,Outbound Freight,12,0.6,12.6
15029709,IF4041477008,33630658,J6Y1G2LIE - liem Nguyen,4.00747E+15,2026-07-29,2026-07-30,0,166.2,Outbound Shipment Materials,0.15,0.02,0.17
15029710,IF4041477009,33630660,V3H5J5SAS - Sasha Chih,4.00747E+15,2026-07-29,2026-07-30,2,152,Outbound Shipment Materials,1.78,0.21,1.99
15029710,IF4041477009,33630660,V3H5J5SAS - Sasha Chih,4.00747E+15,2026-07-29,2026-07-30,4,152,Outbound Freight,7,0.35,7.35
15029742,IF4041477012,33630552,M5T1J7DIN - Dinushi Munasinghe,5.20675E+11,2026-07-29,2026-07-30,3,128.8,Outbound Freight,18.92,2.46,21.38
15029742,IF4041477012,33630552,M5T1J7DIN - Dinushi Munasinghe,5.20675E+11,2026-07-29,2026-07-30,1,128.8,Outbound Shipment Materials,0.87,0.1,0.97
15029804,IF4041477013,33630555,K2G5P5JUS - Justine Smye,4.00747E+15,2026-07-29,2026-07-30,2,75.4,Outbound Freight,10.92,1.42,12.34
15029804,IF4041477013,33630555,K2G5P5JUS - Justine Smye,4.00747E+15,2026-07-29,2026-07-30,0,75.4,Outbound Shipment Materials,0.15,0.02,0.17
15029836,IF4041477014,33630742,L5G1M3J. - J. Brook Fletcher,4.00747E+15,2026-07-29,2026-07-30,3,81,Outbound Freight,12.84,1.67,14.51
15029836,IF4041477014,33630742,L5G1M3J. - J. Brook Fletcher,4.00747E+15,2026-07-29,2026-07-30,2,81,Outbound Shipment Materials,1.78,0.21,1.99
15029837,IF4041477015,33630843,V5L4Y7JAN - Jane Lau,4.00747E+15,2026-07-29,2026-07-30,3,132.3,Outbound Freight,6.69,0.33,7.02
15029837,IF4041477015,33630843,V5L4Y7JAN - Jane Lau,4.00747E+15,2026-07-29,2026-07-30,0,132.3,Outbound Shipment Materials,0.15,0.02,0.17
15029954,IF4041477022,33631066,T8A4X5MEL - Melissa Astle,4.00747E+15,2026-07-29,2026-07-30,0,151.2,Outbound Shipment Materials,0.15,0.02,0.17
15029954,IF4041477022,33631066,T8A4X5MEL - Melissa Astle,4.00747E+15,2026-07-29,2026-07-30,2,151.2,Outbound Freight,8.77,0.44,9.21
15029956,IF4041477025,33631072,L1C1B9SAR - Sara Marsh,4.00747E+15,2026-07-29,2026-07-30,0,133,Outbound Shipment Materials,0.15,0.02,0.17
15029956,IF4041477025,33631072,L1C1B9SAR - Sara Marsh,4.00747E+15,2026-07-29,2026-07-30,2,133,Outbound Freight,11.31,1.47,12.78
15030243,IF4041477029,33631348,V3X3M7RAC - Rachel Soucie,4.00747E+15,2026-07-29,2026-07-30,2,91.8,Outbound Freight,6.04,0.3,6.34
15030243,IF4041477029,33631348,V3X3M7RAC - Rachel Soucie,4.00747E+15,2026-07-29,2026-07-30,0,91.8,Outbound Shipment Materials,0.15,0.02,0.17
15030245,IF4041477031,33631549,T4S2L1DAN - Dana Rook,4.00747E+15,2026-07-29,2026-07-30,2,166.6,Outbound Freight,8.22,0.41,8.63
15030245,IF4041477031,33631549,T4S2L1DAN - Dana Rook,4.00747E+15,2026-07-29,2026-07-30,0,166.6,Outbound Shipment Materials,0.15,0.02,0.17
15030246,IF4041477032,33631550,V2C1B7SHA - Shauna Clarke,4.00747E+15,2026-07-29,2026-07-30,0,118.4,Outbound Shipment Materials,0.15,0.02,0.17
15030246,IF4041477032,33631550,V2C1B7SHA - Shauna Clarke,4.00747E+15,2026-07-29,2026-07-30,3,118.4,Outbound Freight,6.84,0.34,7.18
15030249,IF4041477036,33631557,J0B1L0JER - Jeremy Rouleau,,2026-07-29,2026-07-30,2,151.4,Outbound Shipment Materials,1.78,0.21,1.99
15030523,IF4041477043,33631851,V8V2G6NAT - Natalie Swick,4.00747E+15,2026-07-29,2026-07-30,0,118,Outbound Shipment Materials,0.15,0.02,0.17
15030523,IF4041477043,33631851,V8V2G6NAT - Natalie Swick,4.00747E+15,2026-07-29,2026-07-30,2,118,Outbound Freight,6.23,0.31,6.54
15030605,IF4041477047,33632071,S9A3X8HEA - Heath Cooper,4.00747E+15,2026-07-29,2026-07-30,0,112.5,Outbound Shipment Materials,0.15,0.02,0.17
15030605,IF4041477047,33632071,S9A3X8HEA - Heath Cooper,4.00747E+15,2026-07-29,2026-07-30,3,112.5,Outbound Freight,10.23,0.51,10.74
15030759,IF4041477052,33632089,T2Z2B1JAN - Jana Moore,4.00747E+15,2026-07-29,2026-07-30,2,102.4,Outbound Freight,9.46,0.47,9.93
15030759,IF4041477052,33632089,T2Z2B1JAN - Jana Moore,4.00747E+15,2026-07-29,2026-07-30,0,102.4,Outbound Shipment Materials,0.15,0.02,0.17
15030895,IF4041477069,33632512,T8H2L9DUS - Dustin DeMarre,4.00747E+15,2026-07-29,2026-07-30,0,171,Outbound Shipment Materials,0.15,0.02,0.17
15030895,IF4041477069,33632512,T8H2L9DUS - Dustin DeMarre,4.00747E+15,2026-07-29,2026-07-30,3,171,Outbound Freight,8.22,0.41,8.63
15031243,IF4041477094,33632957,J9X5K8FRA - France Pilote,8.75073E+11,2026-07-29,2026-07-30,0,270,Outbound Shipment Materials,0.15,0.02,0.17
15031243,IF4041477094,33632957,J9X5K8FRA - France Pilote,8.75073E+11,2026-07-29,2026-07-30,6,270,Outbound Freight,26.09,1.3,27.39
15031284,IF4041477095,33632839,V2R3V3JO- - Jo-Ann Klassen,4.00747E+15,2026-07-29,2026-07-30,2,113.6,Outbound Freight,6.62,0.33,6.95
15031284,IF4041477095,33632839,V2R3V3JO- - Jo-Ann Klassen,4.00747E+15,2026-07-29,2026-07-30,0,113.6,Outbound Shipment Materials,0.15,0.02,0.17
15031287,IF4041477098,33633151,N2J1T9PAU - Paul Geesaman,4.00747E+15,2026-07-29,2026-07-30,2,346.6,Outbound Freight,13.61,1.77,15.38
15031287,IF4041477098,33633151,N2J1T9PAU - Paul Geesaman,4.00747E+15,2026-07-29,2026-07-30,0,346.6,Outbound Shipment Materials,0.48,0.05,0.53
15031290,IF4041477101,33632961,H2S2C9MEL - Melanie Lebrun,4.00747E+15,2026-07-29,2026-07-30,2,176.4,Outbound Freight,14.92,0.75,15.67
15031290,IF4041477101,33632961,H2S2C9MEL - Melanie Lebrun,4.00747E+15,2026-07-29,2026-07-30,0,176.4,Outbound Shipment Materials,0.48,0.05,0.53
15031342,IF4041477106,33633052,R3K0W2COR - Cory Brill,4.00747E+15,2026-07-29,2026-07-30,0,135,Outbound Shipment Materials,0.15,0.02,0.17
15031342,IF4041477106,33633052,R3K0W2COR - Cory Brill,4.00747E+15,2026-07-29,2026-07-30,3,135,Outbound Freight,10.53,0.53,11.06
15029915,IF4041477021,33631056,R2N1V4MAR - Marie Poirier,4.00747E+15,2026-07-29,2026-07-30,0,70.8,Outbound Shipment Materials,0.15,0.02,0.17
15029915,IF4041477021,33631056,R2N1V4MAR - Marie Poirier,4.00747E+15,2026-07-29,2026-07-30,1,70.8,Outbound Freight,15.3,0.77,16.07
15030897,IF4041477071,33632515,N0A1N4KER - Kerri Benvenuti,8.75107E+11,2026-07-29,2026-07-30,3,22,Outbound Shipment Materials,2.93,0.36,3.29
15030897,IF4041477071,33632515,N0A1N4KER - Kerri Benvenuti,8.75107E+11,2026-07-29,2026-07-30,1,22,Outbound Freight,17.43,2.27,19.7
15030943,IF4041477077,33632725,T6R2W2SHE - Shelley McDermott-Hipkin,4.00747E+15,2026-07-29,2026-07-30,0,69,Outbound Shipment Materials,0.15,0.02,0.17
15030943,IF4041477077,33632725,T6R2W2SHE - Shelley McDermott-Hipkin,4.00747E+15,2026-07-29,2026-07-30,1,69,Outbound Freight,8.22,0.41,8.63
15031340,IF4041477103,33633156,T3L2Y8BRI - Brittany Mathison,4.00747E+15,2026-07-29,2026-07-30,1,98,Outbound Freight,8.22,0.41,8.63
15031340,IF4041477103,33633156,T3L2Y8BRI - Brittany Mathison,4.00747E+15,2026-07-29,2026-07-30,0,98,Outbound Shipment Materials,0.15,0.02,0.17
15026626,IF4041476766,33620995,R2C1X1JAM - JAMES COLLETTE,4.00747E+15,2026-07-28,2026-07-30,1,61.6,Outbound Freight,10.53,0.53,11.06
15026626,IF4041476766,33620995,R2C1X1JAM - JAMES COLLETTE,4.00747E+15,2026-07-28,2026-07-30,0,61.6,Outbound Shipment Materials,0.15,0.02,0.17
15027991,IF4041476913,33625597,V6K4M2BRY - Bryan Neyedli,4.00747E+15,2026-07-28,2026-07-30,1,27,Outbound Freight,7,0.35,7.35
15027991,IF4041476913,33625597,V6K4M2BRY - Bryan Neyedli,4.00747E+15,2026-07-28,2026-07-30,2,27,Outbound Shipment Materials,1.78,0.21,1.99
15028634,IF4041476960,33629001,T1W1S8MEG - Meg Szamosfalvi,4.00747E+15,2026-07-29,2026-07-30,1,70.8,Outbound Freight,7.93,0.4,8.33
15028634,IF4041476960,33629001,T1W1S8MEG - Meg Szamosfalvi,4.00747E+15,2026-07-29,2026-07-30,0,70.8,Outbound Shipment Materials,0.15,0.02,0.17
15028666,IF4041476962,33629107,P2B1A3COL - Collin Beaucage,4.00747E+15,2026-07-29,2026-07-30,0,64,Outbound Shipment Materials,0.15,0.02,0.17
15028666,IF4041476962,33629107,P2B1A3COL - Collin Beaucage,4.00747E+15,2026-07-29,2026-07-30,1,64,Outbound Freight,12.23,1.59,13.82
15028729,IF4041476970,33629306,N5A0K2SAM - Sammie Akins,4.00747E+15,2026-07-29,2026-07-30,0,58.8,Outbound Shipment Materials,0.15,0.02,0.17
15028729,IF4041476970,33629306,N5A0K2SAM - Sammie Akins,4.00747E+15,2026-07-29,2026-07-30,1,58.8,Outbound Freight,11.77,1.53,13.3
15029839,IF4041477019,33631045,H1Y3G8BAP - Baptiste Menard,4.00747E+15,2026-07-29,2026-07-30,1,61.6,Outbound Freight,10.92,0.55,11.47
15029839,IF4041477019,33631045,H1Y3G8BAP - Baptiste Menard,4.00747E+15,2026-07-29,2026-07-30,0,61.6,Outbound Shipment Materials,0.15,0.02,0.17
15030250,IF4041477037,33631561,V1M2L2GAB - GABRIELLE ROBERGE,4.00747E+15,2026-07-29,2026-07-30,1,82.6,Outbound Freight,6.23,0.31,6.54
15030250,IF4041477037,33631561,V1M2L2GAB - GABRIELLE ROBERGE,4.00747E+15,2026-07-29,2026-07-30,0,82.6,Outbound Shipment Materials,0.15,0.02,0.17
15030814,IF4041477059,33632490,R3Y0M6MEL - Melissa Zaurrini,4.00747E+15,2026-07-29,2026-07-30,0,44,Outbound Shipment Materials,0.15,0.02,0.17
15030814,IF4041477059,33632490,R3Y0M6MEL - Melissa Zaurrini,4.00747E+15,2026-07-29,2026-07-30,1,44,Outbound Freight,10.53,0.53,11.06
15030853,IF4041477065,33632503,K0L3A0MCK - Mckenzie Hill,4.00747E+15,2026-07-29,2026-07-30,0,45,Outbound Shipment Materials,0.15,0.02,0.17
15030853,IF4041477065,33632503,K0L3A0MCK - Mckenzie Hill,4.00747E+15,2026-07-29,2026-07-30,1,45,Outbound Freight,12.61,1.64,14.25
15030896,IF4041477070,33632394,H3Y1B3PET - Peter Hall,4.00747E+15,2026-07-29,2026-07-30,1,62.4,Outbound Freight,12,0.6,12.6
15030896,IF4041477070,33632394,H3Y1B3PET - Peter Hall,4.00747E+15,2026-07-29,2026-07-30,0,62.4,Outbound Shipment Materials,0.15,0.02,0.17
15030940,IF4041477072,33632720,G9C0K4CAR - Carl Fillion,4.00747E+15,2026-07-29,2026-07-30,0,69,Outbound Shipment Materials,0.15,0.02,0.17
15030940,IF4041477072,33632720,G9C0K4CAR - Carl Fillion,4.00747E+15,2026-07-29,2026-07-30,1,69,Outbound Freight,12,0.6,12.6
15030970,IF4041477079,33632730,B4E3K7SEL - Selma Billard,4.00747E+15,2026-07-29,2026-07-30,0,78,Outbound Shipment Materials,0.15,0.02,0.17
15030970,IF4041477079,33632730,B4E3K7SEL - Selma Billard,4.00747E+15,2026-07-29,2026-07-30,1,78,Outbound Freight,12.23,1.71,13.94
15031182,IF4041477020,33631342,G7H6B6ALE - Alexandre Dube,4.00747E+15,2026-07-29,2026-07-30,1,68.6,Outbound Freight,12.99,0.65,13.64
15031182,IF4041477020,33631342,G7H6B6ALE - Alexandre Dube,4.00747E+15,2026-07-29,2026-07-30,0,68.6,Outbound Shipment Materials,0.15,0.02,0.17
15031288,IF4041477099,33633152,Y1A7A1EWA - Ewa Dembek,4.00747E+15,2026-07-29,2026-07-30,0,78,Outbound Shipment Materials,0.15,0.02,0.17
15031288,IF4041477099,33633152,Y1A7A1EWA - Ewa Dembek,4.00747E+15,2026-07-29,2026-07-30,1,78,Outbound Freight,17.39,0.87,18.26
15027235,IF4041476865,33623461,T3M1Z8YEO - Yeo Woon Yoo,4.00747E+15,2026-07-28,2026-07-30,3,67.5,Outbound Freight,7.93,0.4,8.33
15027235,IF4041476865,33623461,T3M1Z8YEO - Yeo Woon Yoo,4.00747E+15,2026-07-28,2026-07-30,0,67.5,Outbound Shipment Materials,0.15,0.02,0.17
15028450,IF4041476951,33627600,V5K2Z7MAY - May Minh,4.00747E+15,2026-07-29,2026-07-30,7,288,Outbound Freight,7,0.35,7.35
15028450,IF4041476951,33627600,V5K2Z7MAY - May Minh,4.00747E+15,2026-07-29,2026-07-30,0,288,Outbound Shipment Materials,0.15,0.02,0.17
15030013,IF4041477027,33631079,V9W3A9HOL - Holly Sandford,4.00747E+15,2026-07-29,2026-07-30,0,78.4,Outbound Shipment Materials,0.15,0.02,0.17
15030013,IF4041477027,33631079,V9W3A9HOL - Holly Sandford,4.00747E+15,2026-07-29,2026-07-30,1,78.4,Outbound Freight,6.62,0.33,6.95
15030894,IF4041477068,33632391,S7H3N5LIS - Lisa Leaper,4.00747E+15,2026-07-29,2026-07-30,1,31.5,Outbound Freight,8.53,0.43,8.96
15030894,IF4041477068,33632391,S7H3N5LIS - Lisa Leaper,4.00747E+15,2026-07-29,2026-07-30,0,31.5,Outbound Shipment Materials,0.15,0.02,0.17
15031054,IF4041477080,33632731,R2E0P3KIM - Kimberley Kirton,4.00747E+15,2026-07-29,2026-07-30,0,278,Outbound Shipment Materials,0.15,0.02,0.17
15031054,IF4041477080,33632731,R2E0P3KIM - Kimberley Kirton,4.00747E+15,2026-07-29,2026-07-30,1,278,Outbound Freight,11.69,0.58,12.27
15031057,IF4041477084,33632734,L6L2L4JEN - Jennifer Yan Wilson,4.00747E+15,2026-07-29,2026-07-30,1,278,Outbound Freight,12.53,1.63,14.16
15031057,IF4041477084,33632734,L6L2L4JEN - Jennifer Yan Wilson,4.00747E+15,2026-07-29,2026-07-30,0,278,Outbound Shipment Materials,0.15,0.02,0.17
15031183,IF4041477057,33632385,V9C2P4KRI - Krista Lavoie,4.00747E+15,2026-07-29,2026-07-30,0,45,Outbound Shipment Materials,0.15,0.02,0.17
15031183,IF4041477057,33632385,V9C2P4KRI - Krista Lavoie,4.00747E+15,2026-07-29,2026-07-30,1,45,Outbound Freight,5.85,0.29,6.14
15031242,IF4041477093,33633050,V7A1G2JAM - Jamil Karim,4.00747E+15,2026-07-29,2026-07-30,1,68,Outbound Freight,6.04,0.3,6.34
15031242,IF4041477093,33633050,V7A1G2JAM - Jamil Karim,4.00747E+15,2026-07-29,2026-07-30,0,68,Outbound Shipment Materials,0.15,0.02,0.17
15031436,IF4041477109,33633359,V8C1S9DOM - dominique belanger-gagne,4.00747E+15,2026-07-29,2026-07-30,1,78,Outbound Freight,7.93,0.4,8.33
15031436,IF4041477109,33633359,V8C1S9DOM - dominique belanger-gagne,4.00747E+15,2026-07-29,2026-07-30,0,78,Outbound Shipment Materials,0.15,0.02,0.17
15031437,IF4041477110,33633360,T3A6E3ARL - Arlene Nijjar,4.00747E+15,2026-07-29,2026-07-30,1,45,Outbound Freight,7.77,0.39,8.16
15031437,IF4041477110,33633360,T3A6E3ARL - Arlene Nijjar,4.00747E+15,2026-07-29,2026-07-30,0,45,Outbound Shipment Materials,0.15,0.02,0.17
15031483,IF4041477115,33633464,T5Z0C3LAC - Lacey Thompson,4.00747E+15,2026-07-29,2026-07-30,0,54.6,Outbound Shipment Materials,0.15,0.02,0.17
15031483,IF4041477115,33633464,T5Z0C3LAC - Lacey Thompson,4.00747E+15,2026-07-29,2026-07-30,1,54.6,Outbound Freight,7.77,0.39,8.16
15032312,IF4041477164,33637533,J0P1H0FRA - Frances McTeigue,8.75108E+11,2026-07-30,2026-07-30,3,22,Outbound Shipment Materials,2.93,0.36,3.29
15032312,IF4041477164,33637533,J0P1H0FRA - Frances McTeigue,8.75108E+11,2026-07-30,2026-07-30,1,22,Outbound Freight,17.27,0.86,18.13
15029382,IF4041476992,33629955,V9A5Y3JUL - Julien Forgeois,4.00747E+15,2026-07-29,2026-07-30,7,422.8,Outbound Freight,10.85,0.54,11.39
15029382,IF4041476992,33629955,V9A5Y3JUL - Julien Forgeois,4.00747E+15,2026-07-29,2026-07-30,0,422.8,Outbound Shipment Materials,0.15,0.02,0.17
15030758,IF4041477051,33632085,J2W1H3STE - stephanie fardeau,4.00747E+15,2026-07-29,2026-07-30,0,100.8,Outbound Shipment Materials,0.15,0.02,0.17
15030758,IF4041477051,33632085,J2W1H3STE - stephanie fardeau,4.00747E+15,2026-07-29,2026-07-30,1,100.8,Outbound Freight,12.92,0.65,13.57
15030815,IF4041477061,33632494,V0N2L3VER - Veronica Reid,4.00747E+15,2026-07-29,2026-07-30,0,39,Outbound Shipment Materials,0.15,0.02,0.17
15030815,IF4041477061,33632494,V0N2L3VER - Veronica Reid,4.00747E+15,2026-07-29,2026-07-30,1,39,Outbound Freight,10.38,0.52,10.9
15030852,IF4041477064,33632501,G0L1G0BEN - BENOIT BELLONCLE,8.75072E+11,2026-07-29,2026-07-30,0,88,Outbound Shipment Materials,0.15,0.02,0.17
15030852,IF4041477064,33632501,G0L1G0BEN - BENOIT BELLONCLE,8.75072E+11,2026-07-29,2026-07-30,1,88,Outbound Freight,26.09,1.3,27.39
15031055,IF4041477081,33632732,T6H4A8CAR - Carl Kovithavongs,4.00747E+15,2026-07-29,2026-07-30,1,78,Outbound Freight,8.77,0.44,9.21
15031055,IF4041477081,33632732,T6H4A8CAR - Carl Kovithavongs,4.00747E+15,2026-07-29,2026-07-30,0,78,Outbound Shipment Materials,0.15,0.02,0.17
15031240,IF4041477091,33632951,T2C5T3GAI - Gail Reinhart,4.00747E+15,2026-07-29,2026-07-30,0,28,Outbound Shipment Materials,0.15,0.02,0.17
15031240,IF4041477091,33632951,T2C5T3GAI - Gail Reinhart,4.00747E+15,2026-07-29,2026-07-30,1,28,Outbound Freight,7.77,0.39,8.16
15031341,IF4041477105,33633257,V7P1T1TRA - Tracey Baxter,4.00747E+15,2026-07-29,2026-07-30,1,31.5,Outbound Freight,7,0.35,7.35
15031341,IF4041477105,33633257,V7P1T1TRA - Tracey Baxter,4.00747E+15,2026-07-29,2026-07-30,2,31.5,Outbound Shipment Materials,1.78,0.21,1.99
15031435,IF4041477108,33633358,L2N6K3JEN - Jennifer McKenna,4.00747E+15,2026-07-29,2026-07-30,0,44,Outbound Shipment Materials,0.15,0.02,0.17
15031435,IF4041477108,33633358,L2N6K3JEN - Jennifer McKenna,4.00747E+15,2026-07-29,2026-07-30,1,44,Outbound Freight,10.46,1.36,11.82
15031482,IF4041477114,33633365,H2G2J9NIC - Nicolas Lee,5.20676E+11,2026-07-29,2026-07-30,1,36,Outbound Freight,13.6,0.68,14.28
15031482,IF4041477114,33633365,H2G2J9NIC - Nicolas Lee,5.20676E+11,2026-07-29,2026-07-30,2,36,Outbound Shipment Materials,1.78,0.21,1.99
15032014,IF4041477147,33635922,S7V0W3ALI - Alisa Peace,4.00747E+15,2026-07-29,2026-07-30,0,102.5,Outbound Shipment Materials,0.15,0.02,0.17
15032014,IF4041477147,33635922,S7V0W3ALI - Alisa Peace,4.00747E+15,2026-07-29,2026-07-30,7,102.5,Outbound Freight,8.53,0.43,8.96
15032036,IF4041477151,33635823,H7P4V7CAT - Catherine Lalonge,4.00747E+15,2026-07-29,2026-07-30,0,61.6,Outbound Shipment Materials,0.15,0.02,0.17
15032036,IF4041477151,33635823,H7P4V7CAT - Catherine Lalonge,4.00747E+15,2026-07-29,2026-07-30,1,61.6,Outbound Freight,10.92,0.55,11.47
15032050,IF4041477152,33635825,V2E0B4CHR - Christina Clarke,4.00747E+15,2026-07-29,2026-07-30,0,108,Outbound Shipment Materials,0.15,0.02,0.17
15032050,IF4041477152,33635825,V2E0B4CHR - Christina Clarke,4.00747E+15,2026-07-29,2026-07-30,1,108,Outbound Freight,6.17,0.31,6.48
15032051,IF4041477153,33636223,V3S2A9SHE - sheena singh,4.00747E+15,2026-07-29,2026-07-30,1,100.8,Outbound Freight,6.62,0.33,6.95
15032051,IF4041477153,33636223,V3S2A9SHE - sheena singh,4.00747E+15,2026-07-29,2026-07-30,0,100.8,Outbound Shipment Materials,0.15,0.02,0.17
15032187,IF4041477124,33634180,M4C4K4LAU - Laura Bennett,4.00747E+15,2026-07-30,2026-07-30,0,128,Outbound Shipment Materials,0.15,0.02,0.17
15032187,IF4041477124,33634180,M4C4K4LAU - Laura Bennett,4.00747E+15,2026-07-30,2026-07-30,1,128,Outbound Freight,11.31,1.47,12.78
15032349,IF4041477169,33638053,M6P2M8PEG - Peggy Mcgill,4.00747E+15,2026-07-30,2026-07-30,0,118.8,Outbound Shipment Materials,0.15,0.02,0.17
15032349,IF4041477169,33638053,M6P2M8PEG - Peggy Mcgill,4.00747E+15,2026-07-30,2026-07-30,1,118.8,Outbound Freight,11.77,1.53,13.3
15032409,IF4041477171,33638057,L9H5K4JAN - Janine Klyn-Hesselink,4.00747E+15,2026-07-30,2026-07-30,0,291.4,Outbound Shipment Materials,0.15,0.02,0.17
15032409,IF4041477171,33638057,L9H5K4JAN - Janine Klyn-Hesselink,4.00747E+15,2026-07-30,2026-07-30,7,291.4,Outbound Freight,12.84,1.67,14.51
15032923,IF4041477218,33638784,S7R1E1NAT - Nathan Holmes,4.00747E+15,2026-07-30,2026-07-30,3,140.4,Outbound Freight,9.23,0.46,9.69
15032923,IF4041477218,33638784,S7R1E1NAT - Nathan Holmes,4.00747E+15,2026-07-30,2026-07-30,0,140.4,Outbound Shipment Materials,0.15,0.02,0.17
15032924,IF4041477220,33638787,R2H1S5ELL - Ellen Cobb-Friesen,4.00747E+15,2026-07-30,2026-07-30,0,176,Outbound Shipment Materials,0.15,0.02,0.17
15032924,IF4041477220,33638787,R2H1S5ELL - Ellen Cobb-Friesen,4.00747E+15,2026-07-30,2026-07-30,2,176,Outbound Freight,10.53,0.53,11.06
15033129,IF4041477221,33638790,V3M0A1ROO - Roop Khangura,4.00747E+15,2026-07-30,2026-07-30,0,117.6,Outbound Shipment Materials,0.15,0.02,0.17
15033129,IF4041477221,33638790,V3M0A1ROO - Roop Khangura,4.00747E+15,2026-07-30,2026-07-30,2,117.6,Outbound Freight,6.23,0.31,6.54
15030757,IF4041477050,33632083,M5N2W4NIC - Nicholas Gill,4.00747E+15,2026-07-29,2026-07-30,1,45,Outbound Freight,10.46,1.36,11.82
15030757,IF4041477050,33632083,M5N2W4NIC - Nicholas Gill,4.00747E+15,2026-07-29,2026-07-30,0,45,Outbound Shipment Materials,0.15,0.02,0.17
15030760,IF4041477053,33632278,M8X1G6WIL - William Mounstephen,4.00747E+15,2026-07-29,2026-07-30,1,36,Outbound Freight,10.46,1.36,11.82
15030760,IF4041477053,33632278,M8X1G6WIL - William Mounstephen,4.00747E+15,2026-07-29,2026-07-30,0,36,Outbound Shipment Materials,0.15,0.02,0.17
15030763,IF4041477056,33632279,H4B2R8CEC - Cecilia Rosa,4.00747E+15,2026-07-29,2026-07-30,0,64.8,Outbound Shipment Materials,0.15,0.02,0.17
15030763,IF4041477056,33632279,H4B2R8CEC - Cecilia Rosa,4.00747E+15,2026-07-29,2026-07-30,1,64.8,Outbound Freight,10.61,0.53,11.14
15030764,IF4041477058,33632486,K7N0A2BRE - Brent Aubin,4.00747E+15,2026-07-29,2026-07-30,0,36,Outbound Shipment Materials,0.15,0.02,0.17
15030764,IF4041477058,33632486,K7N0A2BRE - Brent Aubin,4.00747E+15,2026-07-29,2026-07-30,1,36,Outbound Freight,10.61,1.38,11.99
15030817,IF4041477063,33632500,T6W2M4ERI - Erin Vincent,4.00747E+15,2026-07-29,2026-07-30,1,40,Outbound Freight,7.77,0.39,8.16
15030817,IF4041477063,33632500,T6W2M4ERI - Erin Vincent,4.00747E+15,2026-07-29,2026-07-30,0,40,Outbound Shipment Materials,0.15,0.02,0.17
15030941,IF4041477073,33632721,P7A4Z5HUN - Hunter Brandie,4.00747E+15,2026-07-29,2026-07-30,0,45,Outbound Shipment Materials,0.15,0.02,0.17
15030941,IF4041477073,33632721,P7A4Z5HUN - Hunter Brandie,4.00747E+15,2026-07-29,2026-07-30,1,45,Outbound Freight,12,1.56,13.56
15031056,IF4041477082,33632733,G7S6B3JUL - Julie Pelletier,4.00747E+15,2026-07-29,2026-07-30,1,45,Outbound Freight,11.53,0.58,12.11
15031056,IF4041477082,33632733,G7S6B3JUL - Julie Pelletier,4.00747E+15,2026-07-29,2026-07-30,0,45,Outbound Shipment Materials,0.15,0.02,0.17
15031211,IF4041477087,33632943,T2T0L1SAN - Sandra Hoenle,4.00747E+15,2026-07-29,2026-07-30,0,64.8,Outbound Shipment Materials,0.15,0.02,0.17
15031211,IF4041477087,33632943,T2T0L1SAN - Sandra Hoenle,4.00747E+15,2026-07-29,2026-07-30,1,64.8,Outbound Freight,7.93,0.4,8.33
15031235,IF4041476996,33630434,M6H0B6AME - Amelia Clarkson,4.00747E+15,2026-07-29,2026-07-30,1,45,Outbound Freight,10.46,1.36,11.82
15031235,IF4041476996,33630434,M6H0B6AME - Amelia Clarkson,4.00747E+15,2026-07-29,2026-07-30,0,45,Outbound Shipment Materials,0.15,0.02,0.17
15031286,IF4041477097,33633150,V8P1N9JAY - JAYE PELTON,4.00747E+15,2026-07-29,2026-07-30,0,75.6,Outbound Shipment Materials,0.15,0.02,0.17
15031286,IF4041477097,33633150,V8P1N9JAY - JAYE PELTON,4.00747E+15,2026-07-29,2026-07-30,1,75.6,Outbound Freight,6.04,0.3,6.34
15031438,IF4041477111,33633361,K2P1E1PAT - Patrick Dibb,4.00747E+15,2026-07-29,2026-07-30,1,61.6,Outbound Freight,10.92,1.42,12.34
15031438,IF4041477111,33633361,K2P1E1PAT - Patrick Dibb,4.00747E+15,2026-07-29,2026-07-30,0,61.6,Outbound Shipment Materials,0.15,0.02,0.17
15031439,IF4041477112,33633362,V7E5X8KAR - Karen Teoh,4.00747E+15,2026-07-29,2026-07-30,1,84,Outbound Freight,6.62,0.33,6.95
15031439,IF4041477112,33633362,V7E5X8KAR - Karen Teoh,4.00747E+15,2026-07-29,2026-07-30,0,84,Outbound Shipment Materials,0.15,0.02,0.17
15031504,IF4041477116,33633465,L6R2Z9UJA - Ujala Saleem,4.00747E+15,2026-07-29,2026-07-30,1,31.5,Outbound Freight,10.46,1.36,11.82
15031504,IF4041477116,33633465,L6R2Z9UJA - Ujala Saleem,4.00747E+15,2026-07-29,2026-07-30,0,31.5,Outbound Shipment Materials,0.15,0.02,0.17
15032013,IF4041477146,33635821,T6A2S1DEV - Devon MacInnis,LSHP50750619,2026-07-29,2026-07-30,1,22,Outbound Freight,11.46,0.57,12.03
15032013,IF4041477146,33635821,T6A2S1DEV - Devon MacInnis,LSHP50750619,2026-07-29,2026-07-30,3,22,Outbound Shipment Materials,2.93,0.36,3.29
15032158,IF4041477156,33636626,V4K2J3ELI - Elizabeth Krampitz,4.00747E+15,2026-07-30,2026-07-30,1,118.8,Outbound Freight,6.23,0.31,6.54
15032158,IF4041477156,33636626,V4K2J3ELI - Elizabeth Krampitz,4.00747E+15,2026-07-30,2026-07-30,0,118.8,Outbound Shipment Materials,0.15,0.02,0.17
15032518,IF4041477187,33638360,V3K6N6SUZ - Suzanne Morin-Mackenzie,4.00747E+15,2026-07-30,2026-07-30,1,75.6,Outbound Freight,6.04,0.3,6.34
15032518,IF4041477187,33638360,V3K6N6SUZ - Suzanne Morin-Mackenzie,4.00747E+15,2026-07-30,2026-07-30,0,75.6,Outbound Shipment Materials,0.15,0.02,0.17
15032559,IF4041477189,33638364,N9E2B5HEA - Heather Zaleski,4.00747E+15,2026-07-30,2026-07-30,3,22,Outbound Shipment Materials,2.93,0.36,3.29
15032559,IF4041477189,33638364,N9E2B5HEA - Heather Zaleski,4.00747E+15,2026-07-30,2026-07-30,1,22,Outbound Freight,13.92,1.81,15.73
15032641,IF4041477194,33638663,K0H1W0KRI - Kristen Outwater,4.00747E+15,2026-07-30,2026-07-30,0,61.6,Outbound Shipment Materials,0.15,0.02,0.17
15032641,IF4041477194,33638663,K0H1W0KRI - Kristen Outwater,4.00747E+15,2026-07-30,2026-07-30,1,61.6,Outbound Freight,12.92,1.68,14.6
15032686,IF4041477202,33638667,B3M0G9PAU - Paul Rockwell,4.00747E+15,2026-07-30,2026-07-30,0,98,Outbound Shipment Materials,0.15,0.02,0.17
15032686,IF4041477202,33638667,B3M0G9PAU - Paul Rockwell,4.00747E+15,2026-07-30,2026-07-30,1,98,Outbound Freight,12.99,1.82,14.81
15032687,IF4041477203,33638668,J7B1Y7MAH - Maher Bitar,4.00747E+15,2026-07-30,2026-07-30,1,98,Outbound Freight,12,0.6,12.6
15032687,IF4041477203,33638668,J7B1Y7MAH - Maher Bitar,4.00747E+15,2026-07-30,2026-07-30,0,98,Outbound Shipment Materials,0.15,0.02,0.17
15032688,IF4041477204,33638669,L1V3T7CHR - Christopher Hoeller,4.00747E+15,2026-07-30,2026-07-30,0,70.8,Outbound Shipment Materials,0.15,0.02,0.17
15032688,IF4041477204,33638669,L1V3T7CHR - Christopher Hoeller,4.00747E+15,2026-07-30,2026-07-30,1,70.8,Outbound Freight,11.31,1.47,12.78
15032690,IF4041477206,33638671,P0H1H0JAK - Jake Cote,4.00747E+15,2026-07-30,2026-07-30,0,64.8,Outbound Shipment Materials,0.15,0.02,0.17
15032690,IF4041477206,33638671,P0H1H0JAK - Jake Cote,4.00747E+15,2026-07-30,2026-07-30,1,64.8,Outbound Freight,21.07,2.74,23.81
15032493,IF4041477172,33638245,H9S4M5BEN - Benoit Dumais,4.00747E+15,2026-07-30,2026-07-30,0,88,Outbound Shipment Materials,0.15,0.02,0.17
15032493,IF4041477172,33638245,H9S4M5BEN - Benoit Dumais,4.00747E+15,2026-07-30,2026-07-30,1,88,Outbound Freight,10.92,0.55,11.47
15032494,IF4041477173,33638061,P7K0N6LIS - Lisa Caccamo,5.20675E+11,2026-07-30,2026-07-30,0,70.4,Outbound Shipment Materials,0.15,0.02,0.17
15032494,IF4041477173,33638061,P7K0N6LIS - Lisa Caccamo,5.20675E+11,2026-07-30,2026-07-30,1,70.4,Outbound Freight,12.85,1.67,14.52
15032500,IF4041477176,33638350,H8R1J4PAT - Patricia Matchett,4.00747E+15,2026-07-30,2026-07-30,1,55,Outbound Freight,10.61,0.53,11.14
15032500,IF4041477176,33638350,H8R1J4PAT - Patricia Matchett,4.00747E+15,2026-07-30,2026-07-30,0,55,Outbound Shipment Materials,0.15,0.02,0.17
15032501,IF4041477177,33638351,V5V3W8BRE - Brenda De Vera,4.00747E+15,2026-07-30,2026-07-30,1,36,Outbound Freight,5.85,0.29,6.14
15032501,IF4041477177,33638351,V5V3W8BRE - Brenda De Vera,4.00747E+15,2026-07-30,2026-07-30,0,36,Outbound Shipment Materials,0.15,0.02,0.17
15032511,IF4041477179,33638353,V8V0C3KEL - Kelly Troche,4.00747E+15,2026-07-30,2026-07-30,1,55,Outbound Freight,5.85,0.29,6.14
15032511,IF4041477179,33638353,V8V0C3KEL - Kelly Troche,4.00747E+15,2026-07-30,2026-07-30,0,55,Outbound Shipment Materials,0.15,0.02,0.17
15032513,IF4041477182,33638355,V3H3L4VEL - Velko Vetchev,4.00747E+15,2026-07-30,2026-07-30,0,36,Outbound Shipment Materials,0.15,0.02,0.17
15032513,IF4041477182,33638355,V3H3L4VEL - Velko Vetchev,4.00747E+15,2026-07-30,2026-07-30,1,36,Outbound Freight,5.85,0.29,6.14
15032515,IF4041477184,33638357,V6K4T4CHR - Christina Summerfield,4.00747E+15,2026-07-30,2026-07-30,1,40.6,Outbound Freight,6.69,0.33,7.02
15032515,IF4041477184,33638357,V6K4T4CHR - Christina Summerfield,4.00747E+15,2026-07-30,2026-07-30,0,40.6,Outbound Shipment Materials,0.15,0.02,0.17
15032561,IF4041477192,33638661,N2V2S6COL - Colleen Maxwell,4.00747E+15,2026-07-30,2026-07-30,1,34,Outbound Freight,10.46,1.36,11.82
15032561,IF4041477192,33638661,N2V2S6COL - Colleen Maxwell,4.00747E+15,2026-07-30,2026-07-30,0,34,Outbound Shipment Materials,0.15,0.02,0.17
15032640,IF4041477193,33638662,G5B1J5VIN - Vincent Desrosiers,4.00747E+15,2026-07-30,2026-07-30,1,40.6,Outbound Freight,19.92,1,20.92
15032640,IF4041477193,33638662,G5B1J5VIN - Vincent Desrosiers,4.00747E+15,2026-07-30,2026-07-30,0,40.6,Outbound Shipment Materials,0.15,0.02,0.17
15032644,IF4041477198,33638664,N5V4E5KRI - Kristen Warner,4.00747E+15,2026-07-30,2026-07-30,1,52.8,Outbound Freight,11.77,1.53,13.3
15032644,IF4041477198,33638664,N5V4E5KRI - Kristen Warner,4.00747E+15,2026-07-30,2026-07-30,0,52.8,Outbound Shipment Materials,0.15,0.02,0.17
15032645,IF4041477199,33638665,T6T1Z9GAR - Garrett Crowe,4.00747E+15,2026-07-30,2026-07-30,1,108,Outbound Freight,8.22,0.41,8.63
15032645,IF4041477199,33638665,T6T1Z9GAR - Garrett Crowe,4.00747E+15,2026-07-30,2026-07-30,0,108,Outbound Shipment Materials,0.15,0.02,0.17
15032689,IF4041477205,33638670,V2J4V6KAY - Kayla Stege,4.00747E+15,2026-07-30,2026-07-30,1,88,Outbound Freight,9.23,0.46,9.69
15032689,IF4041477205,33638670,V2J4V6KAY - Kayla Stege,4.00747E+15,2026-07-30,2026-07-30,0,88,Outbound Shipment Materials,0.15,0.02,0.17
15032516,IF4041477185,33638358,V2J5Y1JUS - Justin Rasmussen,5.20676E+11,2026-07-30,2026-07-30,1,31.5,Outbound Freight,9.86,0.49,10.35
15032516,IF4041477185,33638358,V2J5Y1JUS - Justin Rasmussen,5.20676E+11,2026-07-30,2026-07-30,2,31.5,Outbound Shipment Materials,1.78,0.21,1.99
15032684,IF4041477200,33638666,T1L1H5CES - Cesar Barrientos,4.00747E+15,2026-07-30,2026-07-30,2,31.5,Outbound Shipment Materials,1.78,0.21,1.99
15032684,IF4041477200,33638666,T1L1H5CES - Cesar Barrientos,4.00747E+15,2026-07-30,2026-07-30,1,31.5,Outbound Freight,10.46,0.52,10.98
15032852,IF4041477214,33638687,K0K1S0JAM - James Lloyd,4.00747E+15,2026-07-30,2026-07-30,2,36,Outbound Shipment Materials,1.78,0.21,1.99
15032852,IF4041477214,33638687,K0K1S0JAM - James Lloyd,4.00747E+15,2026-07-30,2026-07-30,1,36,Outbound Freight,21.54,2.8,24.34
15032643,IF4041477197,33638467,T3E1Z3DAN - Danielle Simonot,4.00747E+15,2026-07-30,2026-07-30,0,107.2,Outbound Shipment Materials,0.15,0.02,0.17
15032643,IF4041477197,33638467,T3E1Z3DAN - Danielle Simonot,4.00747E+15,2026-07-30,2026-07-30,3,107.2,Outbound Freight,8.22,0.41,8.63
15032729,IF4041477209,33638375,K7K6L6ANI - Ania Kraszewska,4.00747E+15,2026-07-30,2026-07-30,0,201.2,Outbound Shipment Materials,0.15,0.02,0.17
15032729,IF4041477209,33638375,K7K6L6ANI - Ania Kraszewska,4.00747E+15,2026-07-30,2026-07-30,3,201.2,Outbound Freight,12.99,1.69,14.68
15031868,IF4041477140,33635128,L8H4Y6LIS - Lisa Gordon,4.00747E+15,2026-07-29,2026-07-30,5,273.3,Outbound Freight,12.61,1.64,14.25
15031868,IF4041477140,33635128,L8H4Y6LIS - Lisa Gordon,4.00747E+15,2026-07-29,2026-07-30,0,273.3,Outbound Shipment Materials,0.15,0.02,0.17
15032016,IF4041477150,33635928,M1R2X7KAT - Kathleen Korynkiewicz,4.00747E+15,2026-07-29,2026-07-30,4,96,Outbound Freight,11.31,1.47,12.78
15032016,IF4041477150,33635928,M1R2X7KAT - Kathleen Korynkiewicz,4.00747E+15,2026-07-29,2026-07-30,0,96,Outbound Shipment Materials,0.15,0.02,0.17
15032642,IF4041477196,33638464,G1X4T7ANT - Antoine Roussin,4.00747E+15,2026-07-30,2026-07-30,2,117.6,Outbound Freight,12,0.6,12.6
15032642,IF4041477196,33638464,G1X4T7ANT - Antoine Roussin,4.00747E+15,2026-07-30,2026-07-30,0,117.6,Outbound Shipment Materials,0.15,0.02,0.17
15026225,IF4041476800,33621421,T5K0B7GIS - Gisela Ries,4.00747E+15,2026-07-28,2026-07-30,2,130.8,Outbound Freight,9.46,0.47,9.93
15026225,IF4041476800,33621421,T5K0B7GIS - Gisela Ries,4.00747E+15,2026-07-28,2026-07-30,0,130.8,Outbound Shipment Materials,0.15,0.02,0.17
15027572,IF4041476881,33623795,K7L0A5COU - Courtney Black,4.00747E+15,2026-07-28,2026-07-30,0,97.8,Outbound Shipment Materials,0.15,0.02,0.17
15027572,IF4041476881,33623795,K7L0A5COU - Courtney Black,4.00747E+15,2026-07-28,2026-07-30,2,97.8,Outbound Freight,12,1.56,13.56
15028323,IF4041476943,33627002,V4P1G1MON - Monica Muldoon,4.00747E+15,2026-07-28,2026-07-30,2,26.5,Outbound Freight,5.85,0.29,6.14
15028323,IF4041476943,33627002,V4P1G1MON - Monica Muldoon,4.00747E+15,2026-07-28,2026-07-30,0,26.5,Outbound Shipment Materials,0.15,0.02,0.17
15028388,IF4041476949,33627301,S0H0Z0TAN - Tanner Rettman,4.00747E+15,2026-07-28,2026-07-30,3,158.6,Outbound Freight,12.99,0.65,13.64
15028388,IF4041476949,33627301,S0H0Z0TAN - Tanner Rettman,4.00747E+15,2026-07-28,2026-07-30,0,158.6,Outbound Shipment Materials,0.15,0.02,0.17
15028592,IF4041476958,33628708,K1V7E6MIR - Miriam Cusson,4.00747E+15,2026-07-29,2026-07-30,0,106.2,Outbound Shipment Materials,0.15,0.02,0.17
15028592,IF4041476958,33628708,K1V7E6MIR - Miriam Cusson,4.00747E+15,2026-07-29,2026-07-30,2,106.2,Outbound Freight,12,1.56,13.56
15028728,IF4041476969,33629525,B3N0A9STE - Stephanie Houghton,4.00747E+15,2026-07-29,2026-07-30,0,155.1,Outbound Shipment Materials,0.15,0.02,0.17
15028728,IF4041476969,33629525,B3N0A9STE - Stephanie Houghton,4.00747E+15,2026-07-29,2026-07-30,4,155.1,Outbound Freight,15.08,2.11,17.19
15029211,IF4041476987,33629945,T4R0G6ERI - Erin Galbraith,4.00747E+15,2026-07-29,2026-07-30,4,181,Outbound Freight,9.46,0.47,9.93
15029211,IF4041476987,33629945,T4R0G6ERI - Erin Galbraith,4.00747E+15,2026-07-29,2026-07-30,0,181,Outbound Shipment Materials,0.15,0.02,0.17
15030248,IF4041477035,33631554,K7G1L9COD - Cody Vanderscheer,4.00747E+15,2026-07-29,2026-07-30,0,123.2,Outbound Shipment Materials,0.15,0.02,0.17
15030248,IF4041477035,33631554,K7G1L9COD - Cody Vanderscheer,4.00747E+15,2026-07-29,2026-07-30,2,123.2,Outbound Freight,12,1.56,13.56
15030520,IF4041477039,33631948,K0G1J0HEA - Heather Springer,4.00747E+15,2026-07-29,2026-07-30,0,448,Outbound Shipment Materials,0.15,0.02,0.17
15030520,IF4041477039,33631948,K0G1J0HEA - Heather Springer,4.00747E+15,2026-07-29,2026-07-30,3,448,Outbound Freight,21.07,2.74,23.81
15030522,IF4041477041,33631952,V9N3N5KAT - Katrina Bray,4.00747E+15,2026-07-29,2026-07-30,0,181,Outbound Shipment Materials,0.15,0.02,0.17
15030522,IF4041477041,33631952,V9N3N5KAT - Katrina Bray,4.00747E+15,2026-07-29,2026-07-30,4,181,Outbound Freight,6.84,0.34,7.18
15030761,IF4041477054,33632092,S0K2A0NAS - Naseeba Moosa,5.20675E+11,2026-07-29,2026-07-30,3,194.8,Outbound Freight,15.34,0.77,16.11
15030761,IF4041477054,33632092,S0K2A0NAS - Naseeba Moosa,5.20675E+11,2026-07-29,2026-07-30,0,194.8,Outbound Shipment Materials,0.15,0.02,0.17
15027122,IF4041476864,33623459,P1C1A1CHA - Charmaine Bibby,4.00747E+15,2026-07-28,2026-07-30,0,177.6,Outbound Shipment Materials,0.15,0.02,0.17
15027122,IF4041476864,33623459,P1C1A1CHA - Charmaine Bibby,4.00747E+15,2026-07-28,2026-07-30,5,177.6,Outbound Freight,14.23,1.85,16.08
15029602,IF4041476998,33630533,J0G1T0KAR - Karine Ringuet,4.00747E+15,2026-07-29,2026-07-30,0,477,Outbound Shipment Materials,0.15,0.02,0.17
15029602,IF4041476998,33630533,J0G1T0KAR - Karine Ringuet,4.00747E+15,2026-07-29,2026-07-30,5,477,Outbound Freight,16.3,0.82,17.12
15029838,IF4041477016,33630844,V9K2P1REG - Regan Grill,4.00747E+15,2026-07-29,2026-07-30,0,157,Outbound Shipment Materials,0.15,0.02,0.17
15029838,IF4041477016,33630844,V9K2P1REG - Regan Grill,4.00747E+15,2026-07-29,2026-07-30,3,157,Outbound Freight,6.84,0.34,7.18
15030816,IF4041477062,33632499,N2P0C5JEN - Jennifer Nicholls,4.00747E+15,2026-07-29,2026-07-30,0,213,Outbound Shipment Materials,0.15,0.02,0.17
15030816,IF4041477062,33632499,N2P0C5JEN - Jennifer Nicholls,4.00747E+15,2026-07-29,2026-07-30,2,213,Outbound Freight,12.53,1.63,14.16
15030854,IF4041477066,33632606,N1E0K2ALA - Alannah McGregor,4.00747E+15,2026-07-29,2026-07-30,3,258,Outbound Freight,12.53,1.63,14.16
15030854,IF4041477066,33632606,N1E0K2ALA - Alannah McGregor,4.00747E+15,2026-07-29,2026-07-30,0,258,Outbound Shipment Materials,0.15,0.02,0.17
15030855,IF4041477067,33632509,B4A3R5MIC - Michael Gilkie,8.75096E+11,2026-07-29,2026-07-30,0,145.1,Outbound Shipment Materials,0.15,0.02,0.17
15030855,IF4041477067,33632509,B4A3R5MIC - Michael Gilkie,8.75096E+11,2026-07-29,2026-07-30,3,145.1,Outbound Freight,15.18,2.13,17.31
15030942,IF4041477076,33632724,V0H1H2REN - Renee Young,4.00747E+15,2026-07-29,2026-07-30,2,100,Outbound Freight,10.15,0.51,10.66
15030942,IF4041477076,33632724,V0H1H2REN - Renee Young,4.00747E+15,2026-07-29,2026-07-30,0,100,Outbound Shipment Materials,0.15,0.02,0.17
15031058,IF4041477085,33632610,J2X4A7NAT - Nathalie Guimond,4.00747E+15,2026-07-29,2026-07-30,0,113,Outbound Shipment Materials,0.15,0.02,0.17
15031058,IF4041477085,33632610,J2X4A7NAT - Nathalie Guimond,4.00747E+15,2026-07-29,2026-07-30,4,113,Outbound Freight,12,0.6,12.6
15031186,IF4041477017,33630848,L9N1A6MAT - Matthew Pearce,4.00747E+15,2026-07-29,2026-07-30,3,135,Outbound Freight,11.31,1.47,12.78
15031186,IF4041477017,33630848,L9N1A6MAT - Matthew Pearce,4.00747E+15,2026-07-29,2026-07-30,0,135,Outbound Shipment Materials,0.15,0.02,0.17
15031233,IF4041476806,33621528,V8T2T8MAX - Maxie Southern,4.00747E+15,2026-07-29,2026-07-30,0,92.8,Outbound Shipment Materials,0.15,0.02,0.17
15031233,IF4041476806,33621528,V8T2T8MAX - Maxie Southern,4.00747E+15,2026-07-29,2026-07-30,2,92.8,Outbound Freight,6.04,0.3,6.34
15031234,IF4041476912,33625299,K0A1A0KEL - Kelly Eydt,4.00747E+15,2026-07-29,2026-07-30,2,71.2,Outbound Freight,13.46,1.75,15.21
15031234,IF4041476912,33625299,K0A1A0KEL - Kelly Eydt,4.00747E+15,2026-07-29,2026-07-30,0,71.2,Outbound Shipment Materials,0.15,0.02,0.17
15031241,IF4041477092,33632952,V0H1T5JAC - Jacqueline Atkinson,4.00747E+15,2026-07-29,2026-07-30,0,123.6,Outbound Shipment Materials,0.15,0.02,0.17
15031241,IF4041477092,33632952,V0H1T5JAC - Jacqueline Atkinson,4.00747E+15,2026-07-29,2026-07-30,2,123.6,Outbound Freight,10.38,0.52,10.9
15031434,IF4041477107,33633259,L0L1K0KAI - Kaitlin MacIntyre,4.00747E+15,2026-07-29,2026-07-30,2,196,Outbound Freight,12.92,1.68,14.6
15031434,IF4041477107,33633259,L0L1K0KAI - Kaitlin MacIntyre,4.00747E+15,2026-07-29,2026-07-30,0,196,Outbound Shipment Materials,0.15,0.02,0.17
15031629,IF4041477121,33633569,K0H2W0ROB - Robert Drouin,8.75098E+11,2026-07-29,2026-07-30,5,152,Outbound Freight,15.18,1.97,17.15
15031629,IF4041477121,33633569,K0H2W0ROB - Robert Drouin,8.75098E+11,2026-07-29,2026-07-30,0,152,Outbound Shipment Materials,0.15,0.02,0.17
15031649,IF4041477122,33633572,T3K2Y2ERI - Eric Cameron,4.00747E+15,2026-07-29,2026-07-30,0,115.4,Outbound Shipment Materials,0.15,0.02,0.17
15031649,IF4041477122,33633572,T3K2Y2ERI - Eric Cameron,4.00747E+15,2026-07-29,2026-07-30,2,115.4,Outbound Freight,7.93,0.4,8.33
15031698,IF4041477131,33634401,J5K1A4JON - Jonathan Guay,4.00747E+15,2026-07-29,2026-07-30,3,135,Outbound Freight,10.92,0.55,11.47
15031698,IF4041477131,33634401,J5K1A4JON - Jonathan Guay,4.00747E+15,2026-07-29,2026-07-30,0,135,Outbound Shipment Materials,0.15,0.02,0.17
15031754,IF4041477134,33634815,N0H2R0LIS - Lisa Shewayhat,4.00747E+15,2026-07-29,2026-07-30,0,135,Outbound Shipment Materials,0.15,0.02,0.17
15031754,IF4041477134,33634815,N0H2R0LIS - Lisa Shewayhat,4.00747E+15,2026-07-29,2026-07-30,3,135,Outbound Freight,12.61,1.64,14.25
15031804,IF4041477135,33635021,T5H0L9LIS - Lisa Widdifield,4.00747E+15,2026-07-29,2026-07-30,2,131,Outbound Freight,8.22,0.41,8.63
15031804,IF4041477135,33635021,T5H0L9LIS - Lisa Widdifield,4.00747E+15,2026-07-29,2026-07-30,0,131,Outbound Shipment Materials,0.15,0.02,0.17
15031887,IF4041477142,33635422,S0E1T0GLE - Glenda Svenson,4.00747E+15,2026-07-29,2026-07-30,0,104.8,Outbound Shipment Materials,0.15,0.02,0.17
15031887,IF4041477142,33635422,S0E1T0GLE - Glenda Svenson,4.00747E+15,2026-07-29,2026-07-30,2,104.8,Outbound Freight,16.99,0.85,17.84
15032015,IF4041477148,33635925,J4L4S7ALA - Alain Tremblay,4.00747E+15,2026-07-29,2026-07-30,2,90,Outbound Freight,10.92,0.55,11.47
15032015,IF4041477148,33635925,J4L4S7ALA - Alain Tremblay,4.00747E+15,2026-07-29,2026-07-30,0,90,Outbound Shipment Materials,0.15,0.02,0.17
15032081,IF4041477154,33636225,V6H3R3JES - Jessica Hua,4.00747E+15,2026-07-29,2026-07-30,0,100.4,Outbound Shipment Materials,0.15,0.02,0.17
15032081,IF4041477154,33636225,V6H3R3JES - Jessica Hua,4.00747E+15,2026-07-29,2026-07-30,3,100.4,Outbound Freight,6.04,0.3,6.34
15032186,IF4041476957,33628706,B3K3B5TWY - Twyla Heuvel-Bernier,4.00747E+15,2026-07-30,2026-07-30,3,127.8,Outbound Freight,11.84,1.66,13.5
15032186,IF4041476957,33628706,B3K3B5TWY - Twyla Heuvel-Bernier,4.00747E+15,2026-07-30,2026-07-30,0,127.8,Outbound Shipment Materials,0.15,0.02,0.17
15032346,IF4041477166,33638048,L4C9C2DAN - Dana Revai,4.00747E+15,2026-07-30,2026-07-30,0,140.4,Outbound Shipment Materials,0.15,0.02,0.17
15032346,IF4041477166,33638048,L4C9C2DAN - Dana Revai,4.00747E+15,2026-07-30,2026-07-30,2,140.4,Outbound Freight,11.77,1.53,13.3
15032347,IF4041477167,33638049,N4G2Z7DEB - Debbie Clarkson,4.00747E+15,2026-07-30,2026-07-30,2,113,Outbound Freight,11.31,1.47,12.78
15032347,IF4041477167,33638049,N4G2Z7DEB - Debbie Clarkson,4.00747E+15,2026-07-30,2026-07-30,0,113,Outbound Shipment Materials,0.15,0.02,0.17
15032350,IF4041477170,33638055,P1C1M8MIC - Michelle Travers,4.00747E+15,2026-07-30,2026-07-30,0,144.4,Outbound Shipment Materials,0.15,0.02,0.17
15032350,IF4041477170,33638055,P1C1M8MIC - Michelle Travers,4.00747E+15,2026-07-30,2026-07-30,2,144.4,Outbound Freight,12.99,1.69,14.68
15032502,IF4041477178,33638352,E8T1L5JAN - JANIE FAUTEUX,LSHP50739919,2026-07-30,2026-07-30,3,168,Outbound Freight,25.7,3.86,29.56
15032502,IF4041477178,33638352,E8T1L5JAN - JANIE FAUTEUX,LSHP50739919,2026-07-30,2026-07-30,0,168,Outbound Shipment Materials,0.15,0.02,0.17
15032514,IF4041477183,33638356,L6L2K9MIK - Mike Cindric,4.00747E+15,2026-07-30,2026-07-30,4,180,Outbound Freight,11.77,1.53,13.3
15032514,IF4041477183,33638356,L6L2K9MIK - Mike Cindric,4.00747E+15,2026-07-30,2026-07-30,0,180,Outbound Shipment Materials,0.15,0.02,0.17
15031289,IF4041477100,33633153,N6H4M8RAC - Rachel Thatcher,LSHP50760376,2026-07-29,2026-07-30,3,388,Outbound Freight,19.67,2.56,22.23
15031289,IF4041477100,33633153,N6H4M8RAC - Rachel Thatcher,LSHP50760376,2026-07-29,2026-07-30,4,388,Outbound Shipment Materials,4.06,0.48,4.54
15031527,IF4041477118,33633467,H2G3A3MIC - Michel Heon-Bertrand,4.00747E+15,2026-07-29,2026-07-30,3,122.5,Outbound Shipment Materials,2.79,0.34,3.13
15031527,IF4041477118,33633467,H2G3A3MIC - Michel Heon-Bertrand,4.00747E+15,2026-07-29,2026-07-30,4,122.5,Outbound Freight,13.84,0.69,14.53
15031670,IF4041477126,33633579,M8Z0C6KEV - Kevin Ferreira,4.00747E+15,2026-07-29,2026-07-30,4,117,Outbound Freight,18.08,2.35,20.43
15031670,IF4041477126,33633579,M8Z0C6KEV - Kevin Ferreira,4.00747E+15,2026-07-29,2026-07-30,3,117,Outbound Shipment Materials,2.93,0.36,3.29
15029381,IF4041476991,33629953,L0A1C0KEL - Kelly Hoggart,4.00747E+15,2026-07-29,2026-07-30,0,138.8,Outbound Shipment Materials,0.15,0.02,0.17
15029381,IF4041476991,33629953,L0A1C0KEL - Kelly Hoggart,4.00747E+15,2026-07-29,2026-07-30,3,138.8,Outbound Freight,12.99,1.69,14.68
15031212,IF4041477088,33633047,V3H3N2SEA - Sean McIntosh,4.00747E+15,2026-07-29,2026-07-30,3,168,Outbound Freight,7.22,0.36,7.58
15031212,IF4041477088,33633047,V3H3N2SEA - Sean McIntosh,4.00747E+15,2026-07-29,2026-07-30,3,168,Outbound Shipment Materials,2.79,0.34,3.13
15032512,IF4041477180,33638148,J9X4E3ETH - Ethan Leclerc,8.75122E+11,2026-07-30,2026-07-30,3,114,Outbound Shipment Materials,2.79,0.34,3.13
15032512,IF4041477180,33638148,J9X4E3ETH - Ethan Leclerc,8.75122E+11,2026-07-30,2026-07-30,2,114,Outbound Freight,26.09,1.3,27.39
15027373,IF4041476875,33623470,L9K0A5CYN - Cynthia Horner,5.20676E+11,2026-07-28,2026-07-30,4,208.5,Outbound Shipment Materials,4.06,0.48,4.54
15027373,IF4041476875,33623470,L9K0A5CYN - Cynthia Horner,5.20676E+11,2026-07-28,2026-07-30,5,208.5,Outbound Freight,18.44,2.4,20.84
14946488,IF4041471281,33428165,K0M1A0BUC - BUCKEYE SURF AND SNOW,LSHP50326886,2026-07-10,2026-07-30,11,2003,Outbound Shipment Materials,11.18,1.34,12.52
14946488,IF4041471281,33428165,K0M1A0BUC - BUCKEYE SURF AND SNOW,LSHP50326886,2026-07-10,2026-07-30,39,2003,Outbound Freight,51.82,6.74,58.56
15031285,IF4041477096,33633149,V5L2V2KAR - Karen Kranz,4.00747E+15,2026-07-29,2026-07-30,2,66.5,Outbound Freight,6.04,0.3,6.34
15031285,IF4041477096,33633149,V5L2V2KAR - Karen Kranz,4.00747E+15,2026-07-29,2026-07-30,0,66.5,Outbound Shipment Materials,0.15,0.02,0.17
15031185,IF4041476988,33629946,J7Z6V3LIS - Lisiane Chaumard,4.00747E+15,2026-07-29,2026-07-30,0,119.6,Outbound Shipment Materials,0.15,0.02,0.17
15031185,IF4041476988,33629946,J7Z6V3LIS - Lisiane Chaumard,4.00747E+15,2026-07-29,2026-07-30,3,119.6,Outbound Freight,12.92,0.65,13.57
15031339,IF4041477102,33633155,K1B4A4SHA - Shawn Pigeon,4.00747E+15,2026-07-29,2026-07-30,0,436,Outbound Shipment Materials,0.15,0.02,0.17
15031339,IF4041477102,33633155,K1B4A4SHA - Shawn Pigeon,4.00747E+15,2026-07-29,2026-07-30,3,436,Outbound Freight,13.38,1.74,15.12
15031440,IF4041477113,33633363,N0B1T0ELI - Elizabeth Derouin,4.00747E+15,2026-07-29,2026-07-30,3,258,Outbound Freight,12.99,1.69,14.68
15031440,IF4041477113,33633363,N0B1T0ELI - Elizabeth Derouin,4.00747E+15,2026-07-29,2026-07-30,0,258,Outbound Shipment Materials,0.15,0.02,0.17
15031526,IF4041477117,33633161,M1J2M3NIC - Nicholas Hebert,4.00747E+15,2026-07-29,2026-07-30,0,139.6,Outbound Shipment Materials,0.15,0.02,0.17
15031526,IF4041477117,33633161,M1J2M3NIC - Nicholas Hebert,4.00747E+15,2026-07-29,2026-07-30,3,139.6,Outbound Freight,12.53,1.63,14.16
15031213,IF4041477089,33633048,V1B2Z5STE - Stephanie Kemp,4.00747E+15,2026-07-29,2026-07-30,0,64.8,Outbound Shipment Materials,0.15,0.02,0.17
15031213,IF4041477089,33633048,V1B2Z5STE - Stephanie Kemp,4.00747E+15,2026-07-29,2026-07-30,1,64.8,Outbound Freight,6.62,0.33,6.95
15033609,IF4041477232,33639677,M4C1J4MAR - Mark Beniusis,4.00747E+15,2026-07-30,2026-07-30,0,45,Outbound Shipment Materials,0.15,0.02,0.17
15033609,IF4041477232,33639677,M4C1J4MAR - Mark Beniusis,4.00747E+15,2026-07-30,2026-07-30,1,45,Outbound Freight,10.46,1.36,11.82
15034040,IF4041477259,33640380,N6E2T3PHI - Phil Poulin,4.00747E+15,2026-07-30,2026-07-30,1,138,Outbound Freight,16.68,2.17,18.85
15034040,IF4041477259,33640380,N6E2T3PHI - Phil Poulin,4.00747E+15,2026-07-30,2026-07-30,0,138,Outbound Shipment Materials,0.15,0.02,0.17
15034186,IF4041477267,33640811,G0A2K0SON - sonia naurais,4.00747E+15,2026-07-30,2026-07-30,1,54.6,Outbound Freight,16.23,0.81,17.04
15034186,IF4041477267,33640811,G0A2K0SON - sonia naurais,4.00747E+15,2026-07-30,2026-07-30,0,54.6,Outbound Shipment Materials,0.15,0.02,0.17
15034249,IF4041477268,33640912,V4A9T4ARL - Arlene Allen,4.00747E+15,2026-07-30,2026-07-30,0,59.2,Outbound Shipment Materials,0.15,0.02,0.17
15034249,IF4041477268,33640912,V4A9T4ARL - Arlene Allen,4.00747E+15,2026-07-30,2026-07-30,1,59.2,Outbound Freight,6.04,0.3,6.34
14931821,IF4041470040,33384822,K0M1A0BUC - BUCKEYE SURF AND SNOW,1Z2VW7552091776572,2026-07-06,2026-07-30,59,1683.5,Outbound Freight,47.64,6.19,53.83
14931821,IF4041470040,33384822,K0M1A0BUC - BUCKEYE SURF AND SNOW,1Z2VW7552091776572,2026-07-06,2026-07-30,9,1683.5,Outbound Shipment Materials,9.3,1.12,10.42
15031210,IF4041477086,33632941,V0E1E0EMI - emily kirby,LSHP50762402,2026-07-29,2026-07-31,0,40,Outbound Shipment Materials,0.15,0.02,0.17
15031210,IF4041477086,33632941,V0E1E0EMI - emily kirby,LSHP50762402,2026-07-29,2026-07-31,2,40,Outbound Freight,9.82,0.49,10.31
15031650,IF4041477123,33633573,T1S2J1KAR - Karla Bailey,4.00747E+15,2026-07-29,2026-07-31,2,108,Outbound Shipment Materials,1.78,0.21,1.99
15031650,IF4041477123,33633573,T1S2J1KAR - Karla Bailey,4.00747E+15,2026-07-29,2026-07-31,3,108,Outbound Freight,10.46,0.52,10.98
15031669,IF4041477125,33633576,L5J3J7ALE - Alexandra Chambers,4.00747E+15,2026-07-29,2026-07-31,0,141.3,Outbound Shipment Materials,0.15,0.02,0.17
15031669,IF4041477125,33633576,L5J3J7ALE - Alexandra Chambers,4.00747E+15,2026-07-29,2026-07-31,4,141.3,Outbound Freight,12.53,1.63,14.16
15032728,IF4041477208,33638674,J9Y1L6SAR - Sarah Roy,LSHP50767619,2026-07-30,2026-07-31,7,232.3,Outbound Freight,33.71,1.69,35.4
15032728,IF4041477208,33638674,J9Y1L6SAR - Sarah Roy,LSHP50767619,2026-07-30,2026-07-31,4,232.3,Outbound Shipment Materials,4.06,0.48,4.54
15033804,IF4041477250,33639803,V1C5H6AMA - Amanda Sopko,8.75126E+11,2026-07-30,2026-07-31,1,36,Outbound Freight,10.43,0.52,10.95
15033804,IF4041477250,33639803,V1C5H6AMA - Amanda Sopko,8.75126E+11,2026-07-30,2026-07-31,2,36,Outbound Shipment Materials,1.78,0.21,1.99
15034773,IF4041477269,33640917,B3J2L2JUL - Julia Chavy-Waddy,4.00747E+15,2026-07-30,2026-07-31,0,108,Outbound Shipment Materials,0.15,0.02,0.17
15034773,IF4041477269,33640917,B3J2L2JUL - Julia Chavy-Waddy,4.00747E+15,2026-07-30,2026-07-31,1,108,Outbound Freight,12.99,1.82,14.81
15034774,IF4041477270,33640918,B3J2L2JUL - Julia Chavy-Waddy,4.00747E+15,2026-07-30,2026-07-31,0,58.8,Outbound Shipment Materials,0.15,0.02,0.17
15034774,IF4041477270,33640918,B3J2L2JUL - Julia Chavy-Waddy,4.00747E+15,2026-07-30,2026-07-31,1,58.8,Outbound Freight,11.53,1.61,13.14
15034888,IF4041477290,33642194,J0L2L0ETI - Etienne Lamarche,4.00747E+15,2026-07-30,2026-07-31,1,124,Outbound Freight,16.23,0.81,17.04
15034888,IF4041477290,33642194,J0L2L0ETI - Etienne Lamarche,4.00747E+15,2026-07-30,2026-07-31,0,124,Outbound Shipment Materials,0.15,0.02,0.17
15034910,IF4041477296,33642295,T3B4Y5YUK - Yuka Ota,4.00747E+15,2026-07-30,2026-07-31,0,143.4,Outbound Shipment Materials,0.15,0.02,0.17
15034910,IF4041477296,33642295,T3B4Y5YUK - Yuka Ota,4.00747E+15,2026-07-30,2026-07-31,3,143.4,Outbound Freight,8.77,0.44,9.21
15034911,IF4041477297,33642003,A1A2V5PET - Peter Booth,4.00747E+15,2026-07-30,2026-07-31,0,90,Outbound Shipment Materials,0.15,0.02,0.17
15034911,IF4041477297,33642003,A1A2V5PET - Peter Booth,4.00747E+15,2026-07-30,2026-07-31,2,90,Outbound Freight,12.23,1.83,14.06
15034912,IF4041477298,33642200,G5L1X5YOU - Youri Element,4.00747E+15,2026-07-30,2026-07-31,2,127.6,Outbound Freight,13.46,0.67,14.13
15034912,IF4041477298,33642200,G5L1X5YOU - Youri Element,4.00747E+15,2026-07-30,2026-07-31,0,127.6,Outbound Shipment Materials,0.15,0.02,0.17
15035066,IF4041477302,33642794,L3M1P2ANN - Anne Tripp,4.00747E+15,2026-07-30,2026-07-31,1,40.6,Outbound Freight,12.53,1.63,14.16
15035066,IF4041477302,33642794,L3M1P2ANN - Anne Tripp,4.00747E+15,2026-07-30,2026-07-31,0,40.6,Outbound Shipment Materials,0.15,0.02,0.17
15035092,IF4041477304,33642995,J2C8S1HEL - Helene Jean,4.00747E+15,2026-07-30,2026-07-31,1,87.99,Outbound Freight,10.92,0.55,11.47
15035092,IF4041477304,33642995,J2C8S1HEL - Helene Jean,4.00747E+15,2026-07-30,2026-07-31,0,87.99,Outbound Shipment Materials,0.15,0.02,0.17
15035210,IF4041477330,33643913,H8R1J4PAT - Patricia Matchett,5.20677E+11,2026-07-30,2026-07-31,1,298,Outbound Freight,12.85,0.64,13.49
15035210,IF4041477330,33643913,H8R1J4PAT - Patricia Matchett,5.20677E+11,2026-07-30,2026-07-31,0,298,Outbound Shipment Materials,0.15,0.02,0.17
15035346,IF4041477342,33645019,V5R2Z2KAT - Katherine MacPhee,4.00747E+15,2026-07-30,2026-07-31,1,128,Outbound Freight,6.04,0.3,6.34
15035346,IF4041477342,33645019,V5R2Z2KAT - Katherine MacPhee,4.00747E+15,2026-07-30,2026-07-31,0,128,Outbound Shipment Materials,0.15,0.02,0.17
15035400,IF4041477350,33645123,V9M3Y5SCO - Scott McGregor,4.00747E+15,2026-07-30,2026-07-31,0,31.5,Outbound Shipment Materials,0.15,0.02,0.17
15035400,IF4041477350,33645123,V9M3Y5SCO - Scott McGregor,4.00747E+15,2026-07-30,2026-07-31,1,31.5,Outbound Freight,5.85,0.29,6.14
14981009,IF4041470669,Consolidated Shipment,L5W1Y6NLS - NLS-SPORTING LIFE,16920496,2026-07-15,2026-07-31,1,18145.5,Pallet Prep,10.5,0.53,11.03
14981009,IF4041470669,Consolidated Shipment,L5W1Y6NLS - NLS-SPORTING LIFE,16920496,2026-07-15,2026-07-31,158,18145.5,Outbound Shipment Materials,158.07,18.96,177.03
14981009,IF4041470669,Consolidated Shipment,L5W1Y6NLS - NLS-SPORTING LIFE,16920496,2026-07-15,2026-07-31,47,18145.5,EDI Labels,47,2.35,49.35
14981009,IF4041470669,Consolidated Shipment,L5W1Y6NLS - NLS-SPORTING LIFE,16920496,2026-07-15,2026-07-31,1,18145.5,Manual BOL,12,0.6,12.6
14981009,IF4041470669,Consolidated Shipment,L5W1Y6NLS - NLS-SPORTING LIFE,16920496,2026-07-15,2026-07-31,45,18145.5,Outbound Freight,192,9.6,201.6
15033608,IF4041477231,33639188,N3A3A4MAR - Martha Mahlstedt,4.00747E+15,2026-07-30,2026-07-31,0,715.8,Outbound Shipment Materials,0.15,0.02,0.17
15033608,IF4041477231,33639188,N3A3A4MAR - Martha Mahlstedt,4.00747E+15,2026-07-30,2026-07-31,8,715.8,Outbound Freight,17.92,2.33,20.25
15035835,IF4041477372,33647425,J0N1M0KAT - kathleen griffin,4.00747E+15,2026-07-31,2026-07-31,1,98,Outbound Freight,11.77,0.59,12.36
15035835,IF4041477372,33647425,J0N1M0KAT - kathleen griffin,4.00747E+15,2026-07-31,2026-07-31,0,98,Outbound Shipment Materials,0.15,0.02,0.17
15035969,IF4041477377,33647730,V5Z1T1BIL - Bill LYSAGHT,4.00747E+15,2026-07-31,2026-07-31,2,176,Outbound Freight,6.23,0.31,6.54
15035969,IF4041477377,33647730,V5Z1T1BIL - Bill LYSAGHT,4.00747E+15,2026-07-31,2026-07-31,0,176,Outbound Shipment Materials,0.15,0.02,0.17
15035970,IF4041477374,33647723,V4K4Z6BRA - Brad Prak,4.00747E+15,2026-07-31,2026-07-31,2,145,Outbound Freight,6.62,0.33,6.95
15035970,IF4041477374,33647723,V4K4Z6BRA - Brad Prak,4.00747E+15,2026-07-31,2026-07-31,0,145,Outbound Shipment Materials,0.15,0.02,0.17
15035532,IF4041477356,33645720,V1L4A2AND - Andrew Jupp,4.00747E+15,2026-07-30,2026-07-31,1,31.5,Outbound Freight,10.46,0.52,10.98
15035532,IF4041477356,33645720,V1L4A2AND - Andrew Jupp,4.00747E+15,2026-07-30,2026-07-31,2,31.5,Outbound Shipment Materials,1.78,0.21,1.99
15034776,IF4041477280,33641423,V4T0A4PHI - Phia Zacour,4.00747E+15,2026-07-30,2026-07-31,2,31.5,Outbound Shipment Materials,1.78,0.21,1.99
15034776,IF4041477280,33641423,V4T0A4PHI - Phia Zacour,4.00747E+15,2026-07-30,2026-07-31,1,31.5,Outbound Freight,6.11,0.31,6.42
15034796,IF4041477282,33641895,K1S2H5KAI - Kaitriona MacTavish,4.00747E+15,2026-07-30,2026-07-31,0,62.4,Outbound Shipment Materials,0.15,0.02,0.17
15034796,IF4041477282,33641895,K1S2H5KAI - Kaitriona MacTavish,4.00747E+15,2026-07-30,2026-07-31,1,62.4,Outbound Freight,15.61,2.03,17.64
15034797,IF4041477283,33641896,Y1A3B4TAN - Tandi Brown,4.00747E+15,2026-07-30,2026-07-31,0,45,Outbound Shipment Materials,0.15,0.02,0.17
15034797,IF4041477283,33641896,Y1A3B4TAN - Tandi Brown,4.00747E+15,2026-07-30,2026-07-31,1,45,Outbound Freight,20.31,1.02,21.33
15035213,IF4041477333,33643007,R3N1B7MAR - Mario D Gordon,4.00747E+15,2026-07-30,2026-07-31,2,31.5,Outbound Shipment Materials,1.78,0.21,1.99
15035213,IF4041477333,33643007,R3N1B7MAR - Mario D Gordon,4.00747E+15,2026-07-30,2026-07-31,1,31.5,Outbound Freight,12.23,0.61,12.84
15035380,IF4041477347,33645419,V9B3X7KIM - Kim Hamblin,4.00747E+15,2026-07-30,2026-07-31,1,45,Outbound Freight,5.85,0.29,6.14
15035380,IF4041477347,33645419,V9B3X7KIM - Kim Hamblin,4.00747E+15,2026-07-30,2026-07-31,0,45,Outbound Shipment Materials,0.15,0.02,0.17
15035428,IF4041477353,33645522,H1Y0C9STE - Steven Chwerenko,5.20678E+11,2026-07-30,2026-07-31,1,44.99,Outbound Freight,13.6,0.68,14.28
15035428,IF4041477353,33645522,H1Y0C9STE - Steven Chwerenko,5.20678E+11,2026-07-30,2026-07-31,2,44.99,Outbound Shipment Materials,1.78,0.21,1.99
15034770,IF4041477181,33638354,J3V4H2ALE - Alex Brien-Henniaux,4.00747E+15,2026-07-30,2026-07-31,2,123.2,Outbound Freight,12,0.6,12.6
15034770,IF4041477181,33638354,J3V4H2ALE - Alex Brien-Henniaux,4.00747E+15,2026-07-30,2026-07-31,0,123.2,Outbound Shipment Materials,0.15,0.02,0.17
15034771,IF4041477162,33637433,K0L1C0NIK - Nikki Honour,8.75138E+11,2026-07-30,2026-07-31,0,131.4,Outbound Shipment Materials,0.15,0.02,0.17
15034771,IF4041477162,33637433,K0L1C0NIK - Nikki Honour,8.75138E+11,2026-07-30,2026-07-31,2,131.4,Outbound Freight,15.18,1.97,17.15
15035091,IF4041477303,33643094,G0V1G0MAR - Marie-Michel Pedneault,3.82927E+11,2026-07-30,2026-07-31,2,117.6,Outbound Freight,26.09,1.3,27.39
15035091,IF4041477303,33643094,G0V1G0MAR - Marie-Michel Pedneault,3.82927E+11,2026-07-30,2026-07-31,3,117.6,Outbound Shipment Materials,2.79,0.34,3.13
15035156,IF4041477307,33643702,G3A2H5AND - Andréanne Brochu,4.00747E+15,2026-07-30,2026-07-31,3,200,Outbound Freight,12.92,0.65,13.57
15035156,IF4041477307,33643702,G3A2H5AND - Andréanne Brochu,4.00747E+15,2026-07-30,2026-07-31,0,200,Outbound Shipment Materials,0.15,0.02,0.17
15036186,IF4041477386,33648265,V8Z4Y9ANN - Annalise Barber,4.00747E+15,2026-07-31,2026-07-31,1,34,Outbound Freight,5.65,0.28,5.93
15036186,IF4041477386,33648265,V8Z4Y9ANN - Annalise Barber,4.00747E+15,2026-07-31,2026-07-31,0,34,Outbound Shipment Materials,0.15,0.02,0.17
15036389,IF4041477393,33648565,L0R1W0MIC - michael newport,4.00747E+15,2026-07-31,2026-07-31,2,76.5,Outbound Shipment Materials,1.78,0.21,1.99
15036389,IF4041477393,33648565,L0R1W0MIC - michael newport,4.00747E+15,2026-07-31,2026-07-31,3,76.5,Outbound Freight,13.61,1.77,15.38
15036548,IF4041477500,33648984,M1C1R9STE - Stephanie Fadous,4.00747E+15,2026-07-31,2026-07-31,4,185,Outbound Freight,11.77,1.53,13.3
15036548,IF4041477500,33648984,M1C1R9STE - Stephanie Fadous,4.00747E+15,2026-07-31,2026-07-31,0,185,Outbound Shipment Materials,0.15,0.02,0.17
15036745,IF4041477627,33649510,K0J1X0JAM - Jamie Hill,4.00747E+15,2026-07-31,2026-07-31,3,130.5,Outbound Shipment Materials,2.79,0.34,3.13
15036745,IF4041477627,33649510,K0J1X0JAM - Jamie Hill,4.00747E+15,2026-07-31,2026-07-31,4,130.5,Outbound Freight,19.46,2.53,21.99
15036727,IF4041477622,33648996,K9H0G8KAR - Karen Gagnon,4.00747E+15,2026-07-31,2026-07-31,0,132,Outbound Shipment Materials,0.15,0.02,0.17
15036727,IF4041477622,33648996,K9H0G8KAR - Karen Gagnon,4.00747E+15,2026-07-31,2026-07-31,2,132,Outbound Freight,12.92,1.68,14.6
15036728,IF4041477624,33649001,H2G2L8GEN - Genevieve D'Avignon,5.20678E+11,2026-07-31,2026-07-31,2,176.4,Outbound Freight,12.85,0.64,13.49
15036728,IF4041477624,33649001,H2G2L8GEN - Genevieve D'Avignon,5.20678E+11,2026-07-31,2026-07-31,0,176.4,Outbound Shipment Materials,0.15,0.02,0.17
15036729,IF4041477623,33648997,K1M2J4DAN - Daniel Francoeur,4.00747E+15,2026-07-31,2026-07-31,2,76.5,Outbound Freight,10.92,1.42,12.34
15036729,IF4041477623,33648997,K1M2J4DAN - Daniel Francoeur,4.00747E+15,2026-07-31,2026-07-31,0,76.5,Outbound Shipment Materials,0.15,0.02,0.17
15036743,IF4041477626,33649508,R0J1H0CHR - Christi Hiller,5.20678E+11,2026-07-31,2026-07-31,0,121.5,Outbound Shipment Materials,0.15,0.02,0.17
15036743,IF4041477626,33649508,R0J1H0CHR - Christi Hiller,5.20678E+11,2026-07-31,2026-07-31,3,121.5,Outbound Freight,15.67,0.78,16.45
15036744,IF4041477625,33649408,K0A2M0ERI - Erin O'Rourke,4.00747E+15,2026-07-31,2026-07-31,0,304.8,Outbound Shipment Materials,0.15,0.02,0.17
15036744,IF4041477625,33649408,K0A2M0ERI - Erin O'Rourke,4.00747E+15,2026-07-31,2026-07-31,3,304.8,Outbound Freight,16.3,2.12,18.42
15036830,IF4041477629,33649610,X0E0N0LIA - Liam Hardisty,4.00747E+15,2026-07-31,2026-07-31,4,223,Outbound Freight,38.29,1.91,40.2
15036830,IF4041477629,33649610,X0E0N0LIA - Liam Hardisty,4.00747E+15,2026-07-31,2026-07-31,3,223,Outbound Shipment Materials,2.79,0.34,3.13
15036879,IF4041477633,33649520,V8N4C8LEA - Leanne Stokes,4.00747E+15,2026-07-31,2026-07-31,1,68,Outbound Freight,5.85,0.29,6.14
15036879,IF4041477633,33649520,V8N4C8LEA - Leanne Stokes,4.00747E+15,2026-07-31,2026-07-31,0,68,Outbound Shipment Materials,0.15,0.02,0.17
15037042,IF4041477676,33649848,V0R3A0SAM - Samuel Sanderson-Dick,4.00747E+15,2026-07-31,2026-07-31,0,82.6,Outbound Shipment Materials,0.15,0.02,0.17
15037042,IF4041477676,33649848,V0R3A0SAM - Samuel Sanderson-Dick,4.00747E+15,2026-07-31,2026-07-31,1,82.6,Outbound Freight,16.15,0.81,16.96
15037043,IF4041477678,33649728,L5N1Y2LEA - Leanne Dawkins,4.00747E+15,2026-07-31,2026-07-31,1,78.4,Outbound Freight,11.31,1.47,12.78
15037043,IF4041477678,33649728,L5N1Y2LEA - Leanne Dawkins,4.00747E+15,2026-07-31,2026-07-31,0,78.4,Outbound Shipment Materials,0.15,0.02,0.17
15037045,IF4041477645,33649718,V3C4T9TES - Tessa MacLeod,4.00747E+15,2026-07-31,2026-07-31,1,82.8,Outbound Freight,10.85,0.54,11.39
15037045,IF4041477645,33649718,V3C4T9TES - Tessa MacLeod,4.00747E+15,2026-07-31,2026-07-31,0,82.8,Outbound Shipment Materials,0.15,0.02,0.17
15034772,IF4041477163,33637634,K1G0Y5VIC - Victoria Jeffrey,4.00747E+15,2026-07-30,2026-07-31,0,250.6,Outbound Shipment Materials,0.15,0.02,0.17
15034772,IF4041477163,33637634,K1G0Y5VIC - Victoria Jeffrey,4.00747E+15,2026-07-30,2026-07-31,2,250.6,Outbound Freight,12.99,1.69,14.68
15035212,IF4041477332,33643003,B0P1G0DON - donald flanagan,4.00747E+15,2026-07-30,2026-07-31,0,163,Outbound Shipment Materials,0.15,0.02,0.17
15035212,IF4041477332,33643003,B0P1G0DON - donald flanagan,4.00747E+15,2026-07-30,2026-07-31,3,163,Outbound Freight,13.69,1.92,15.61
15035307,IF4041477338,33644519,V5Z4B2ADA - Adam Jermakow,4.00747E+15,2026-07-30,2026-07-31,3,113,Outbound Shipment Materials,2.79,0.34,3.13
15035307,IF4041477338,33644519,V5Z4B2ADA - Adam Jermakow,4.00747E+15,2026-07-30,2026-07-31,3,113,Outbound Freight,7.22,0.36,7.58
15027236,IF4041476866,33623381,T6J3S9LET - Leticia Li,4.00747E+15,2026-07-28,2026-07-31,0,145.8,Outbound Shipment Materials,0.15,0.02,0.17
15027236,IF4041476866,33623381,T6J3S9LET - Leticia Li,4.00747E+15,2026-07-28,2026-07-31,3,145.8,Outbound Freight,9.46,0.47,9.93
15034003,IF4041477257,33639978,C1B1L2MEL - Melissa Deelstra,4.00747E+15,2026-07-30,2026-07-31,0,171,Outbound Shipment Materials,0.15,0.02,0.17
15034003,IF4041477257,33639978,C1B1L2MEL - Melissa Deelstra,4.00747E+15,2026-07-30,2026-07-31,4,171,Outbound Freight,12.99,1.95,14.94
15034004,IF4041477258,33640378,K7H3C6AMA - Amanda Lewis,4.00747E+15,2026-07-30,2026-07-31,2,123,Outbound Freight,12,1.56,13.56
15034004,IF4041477258,33640378,K7H3C6AMA - Amanda Lewis,4.00747E+15,2026-07-30,2026-07-31,0,123,Outbound Shipment Materials,0.15,0.02,0.17
15034041,IF4041477262,33640189,V3J4A2DAV - David McKay,4.00747E+15,2026-07-30,2026-07-31,3,144.6,Outbound Freight,6.23,0.31,6.54
15034041,IF4041477262,33640189,V3J4A2DAV - David McKay,4.00747E+15,2026-07-30,2026-07-31,0,144.6,Outbound Shipment Materials,0.15,0.02,0.17
15034104,IF4041477264,33640192,T1B4W7TER - Terri Kellough,4.00747E+15,2026-07-30,2026-07-31,2,117,Outbound Freight,8.22,0.41,8.63
15034104,IF4041477264,33640192,T1B4W7TER - Terri Kellough,4.00747E+15,2026-07-30,2026-07-31,0,117,Outbound Shipment Materials,0.15,0.02,0.17
15034105,IF4041477266,33640195,T6J1X1LEN - Len Bapty,4.00747E+15,2026-07-30,2026-07-31,2,143,Outbound Freight,8.77,0.44,9.21
15034105,IF4041477266,33640195,T6J1X1LEN - Len Bapty,4.00747E+15,2026-07-30,2026-07-31,0,143,Outbound Shipment Materials,0.15,0.02,0.17
15034397,IF4041477271,33640919,L6V3H4STA - Stacey Léonard,4.00747E+15,2026-07-30,2026-07-31,0,104.8,Outbound Shipment Materials,0.15,0.02,0.17
15034397,IF4041477271,33640919,L6V3H4STA - Stacey Léonard,4.00747E+15,2026-07-30,2026-07-31,2,104.8,Outbound Freight,11.31,1.47,12.78
15035010,IF4041477299,33642394,J9X6E1STÉ - Stéphanie Dupont-Bélanger,3.8293E+11,2026-07-30,2026-07-31,3,112.7,Outbound Freight,26.09,1.3,27.39
15035010,IF4041477299,33642394,J9X6E1STÉ - Stéphanie Dupont-Bélanger,3.8293E+11,2026-07-30,2026-07-31,3,112.7,Outbound Shipment Materials,2.79,0.34,3.13
15035093,IF4041477305,33642996,V5T2P3CHR - Christy Cline,4.00747E+15,2026-07-30,2026-07-31,0,128,Outbound Shipment Materials,0.15,0.02,0.17
15035093,IF4041477305,33642996,V5T2P3CHR - Christy Cline,4.00747E+15,2026-07-30,2026-07-31,2,128,Outbound Freight,6.62,0.33,6.95
15035211,IF4041477331,33643002,S7W0T6JAD - Jaden Hofmann,4.00747E+15,2026-07-30,2026-07-31,4,171,Outbound Freight,9.23,0.46,9.69
15035211,IF4041477331,33643002,S7W0T6JAD - Jaden Hofmann,4.00747E+15,2026-07-30,2026-07-31,0,171,Outbound Shipment Materials,0.15,0.02,0.17
15034464,IF4041477273,33641122,V1A3L8ERI - Erin Hawkridge,4.00747E+15,2026-07-30,2026-07-31,0,162.8,Outbound Shipment Materials,0.15,0.02,0.17
15034464,IF4041477273,33641122,V1A3L8ERI - Erin Hawkridge,4.00747E+15,2026-07-30,2026-07-31,2,162.8,Outbound Freight,9.46,0.47,9.93
15034521,IF4041477274,33641522,J6R2N8LIA - Lianne Copeman,4.00747E+15,2026-07-30,2026-07-31,0,196,Outbound Shipment Materials,0.15,0.02,0.17
15034521,IF4041477274,33641522,J6R2N8LIA - Lianne Copeman,4.00747E+15,2026-07-30,2026-07-31,2,196,Outbound Freight,12,0.6,12.6
15034643,IF4041477277,33641325,J8B2V8ELY - Elyse Simard pelletier,4.00747E+15,2026-07-30,2026-07-31,2,152.6,Outbound Freight,10.92,0.55,11.47
15034643,IF4041477277,33641325,J8B2V8ELY - Elyse Simard pelletier,4.00747E+15,2026-07-30,2026-07-31,0,152.6,Outbound Shipment Materials,0.15,0.02,0.17
15034644,IF4041477278,33641756,H1A5P6MAT - Mathieu Rozon,4.00747E+15,2026-07-30,2026-07-31,0,135,Outbound Shipment Materials,0.15,0.02,0.17
15034644,IF4041477278,33641756,H1A5P6MAT - Mathieu Rozon,4.00747E+15,2026-07-30,2026-07-31,3,135,Outbound Freight,10.92,0.55,11.47
15034856,IF4041477286,33641994,V0P2A0JEN - Jennifer Mackay,4.00747E+15,2026-07-30,2026-07-31,2,90,Outbound Freight,16.15,0.81,16.96
15034856,IF4041477286,33641994,V0P2A0JEN - Jennifer Mackay,4.00747E+15,2026-07-30,2026-07-31,0,90,Outbound Shipment Materials,0.15,0.02,0.17
15034857,IF4041477287,33642094,V9R6T4ROS - Rosie White,4.00747E+15,2026-07-30,2026-07-31,2,90,Outbound Freight,6.17,0.31,6.48
15034857,IF4041477287,33642094,V9R6T4ROS - Rosie White,4.00747E+15,2026-07-30,2026-07-31,0,90,Outbound Shipment Materials,0.15,0.02,0.17
15034887,IF4041477289,33641909,J2G1J3AND - Andrea Lamontagne,4.00747E+15,2026-07-30,2026-07-31,0,114,Outbound Shipment Materials,0.15,0.02,0.17
15034887,IF4041477289,33641909,J2G1J3AND - Andrea Lamontagne,4.00747E+15,2026-07-30,2026-07-31,2,114,Outbound Freight,12,0.6,12.6
15034889,IF4041477291,33641912,L4G2A6NEI - Neil Bender,4.00747E+15,2026-07-30,2026-07-31,4,193,Outbound Freight,11.77,1.53,13.3
15034889,IF4041477291,33641912,L4G2A6NEI - Neil Bender,4.00747E+15,2026-07-30,2026-07-31,0,193,Outbound Shipment Materials,0.15,0.02,0.17
15035273,IF4041477336,33643921,J2W1L6ERI - Eric Loiselle,4.00747E+15,2026-07-30,2026-07-31,3,139,Outbound Freight,12.92,0.65,13.57
15035273,IF4041477336,33643921,J2W1L6ERI - Eric Loiselle,4.00747E+15,2026-07-30,2026-07-31,0,139,Outbound Shipment Materials,0.15,0.02,0.17
15031696,IF4041477128,33634396,T5Y2Z4SAP - Sapna Thomas,4.00747E+15,2026-07-29,2026-07-31,0,184.5,Outbound Shipment Materials,0.15,0.02,0.17
15031696,IF4041477128,33634396,T5Y2Z4SAP - Sapna Thomas,4.00747E+15,2026-07-29,2026-07-31,6,184.5,Outbound Freight,8.22,0.41,8.63
15031727,IF4041477132,33634506,G0X2L0MAN - Manon Vincent,LSHP50772410,2026-07-29,2026-07-31,4,126,Outbound Freight,24.67,1.23,25.9
15031727,IF4041477132,33634506,G0X2L0MAN - Manon Vincent,LSHP50772410,2026-07-29,2026-07-31,0,126,Outbound Shipment Materials,0.15,0.02,0.17
15031805,IF4041477136,33635121,T2X0C2SAN - Sandra Lee,4.00747E+15,2026-07-29,2026-07-31,3,110.6,Outbound Freight,8.22,0.41,8.63
15031805,IF4041477136,33635121,T2X0C2SAN - Sandra Lee,4.00747E+15,2026-07-29,2026-07-31,0,110.6,Outbound Shipment Materials,0.15,0.02,0.17
15031886,IF4041477141,33635321,V7K1K6CAR - Caroline Allan,4.00747E+15,2026-07-29,2026-07-31,6,263,Outbound Freight,6.84,0.34,7.18
15031886,IF4041477141,33635321,V7K1K6CAR - Caroline Allan,4.00747E+15,2026-07-29,2026-07-31,0,263,Outbound Shipment Materials,0.15,0.02,0.17
15031925,IF4041477145,33635721,V9X1K3SYB - Sybil Quesnel,4.00747E+15,2026-07-29,2026-07-31,3,102.5,Outbound Freight,6.84,0.34,7.18
15031925,IF4041477145,33635721,V9X1K3SYB - Sybil Quesnel,4.00747E+15,2026-07-29,2026-07-31,0,102.5,Outbound Shipment Materials,0.15,0.02,0.17
15034795,IF4041477281,33641759,T4H0B5KAR - Karin Verquin,4.00747E+15,2026-07-30,2026-07-31,0,108,Outbound Shipment Materials,0.15,0.02,0.17
15034795,IF4041477281,33641759,T4H0B5KAR - Karin Verquin,4.00747E+15,2026-07-30,2026-07-31,3,108,Outbound Freight,7.93,0.4,8.33
15034909,IF4041477295,33642293,V3Y1L8DIA - Diane Kiss,4.00747E+15,2026-07-30,2026-07-31,0,133.5,Outbound Shipment Materials,0.15,0.02,0.17
15034909,IF4041477295,33642293,V3Y1L8DIA - Diane Kiss,4.00747E+15,2026-07-30,2026-07-31,4,133.5,Outbound Freight,6.62,0.33,6.95
15035308,IF4041477340,33644819,V2H1R1COU - Courtenay Campbell,4.00747E+15,2026-07-30,2026-07-31,0,71.5,Outbound Shipment Materials,0.15,0.02,0.17
15035308,IF4041477340,33644819,V2H1R1COU - Courtenay Campbell,4.00747E+15,2026-07-30,2026-07-31,2,71.5,Outbound Freight,6.84,0.34,7.18
15036014,IF4041477381,33647931,L1T4B7ANN - Anne-Marie Messinis,4.00747E+15,2026-07-31,2026-07-31,0,110,Outbound Shipment Materials,0.15,0.02,0.17
15036014,IF4041477381,33647931,L1T4B7ANN - Anne-Marie Messinis,4.00747E+15,2026-07-31,2026-07-31,4,110,Outbound Freight,11.77,1.53,13.3
15036015,IF4041477382,33648158,G5L1S2MAT - mathieu michaud,4.00747E+15,2026-07-31,2026-07-31,3,135,Outbound Freight,12.23,0.61,12.84
15036015,IF4041477382,33648158,G5L1S2MAT - mathieu michaud,4.00747E+15,2026-07-31,2026-07-31,0,135,Outbound Shipment Materials,0.15,0.02,0.17
15036115,IF4041477383,33648258,H3X3R2SOP - Sophia Faria,4.00747E+15,2026-07-31,2026-07-31,0,102,Outbound Shipment Materials,0.15,0.02,0.17
15036115,IF4041477383,33648258,H3X3R2SOP - Sophia Faria,4.00747E+15,2026-07-31,2026-07-31,2,102,Outbound Freight,10.92,0.55,11.47
15036185,IF4041477384,33648260,N0H2C4KAT - Katie Hoytema,5.20678E+11,2026-07-31,2026-07-31,3,140,Outbound Shipment Materials,2.79,0.34,3.13
15036185,IF4041477384,33648260,N0H2C4KAT - Katie Hoytema,5.20678E+11,2026-07-31,2026-07-31,3,140,Outbound Freight,17.14,2.23,19.37
15036390,IF4041477395,33648570,R9A1S3MEA - meaghan dunnigan,5.20678E+11,2026-07-31,2026-07-31,3,149.9,Outbound Freight,16.16,0.81,16.97
15036390,IF4041477395,33648570,R9A1S3MEA - meaghan dunnigan,5.20678E+11,2026-07-31,2026-07-31,0,149.9,Outbound Shipment Materials,0.15,0.02,0.17
15037108,IF4041477682,33649741,R0L1Z0JOR - Jordan Wurtz,4.00747E+15,2026-07-31,2026-07-31,3,106.5,Outbound Freight,14.23,0.71,14.94
15037108,IF4041477682,33649741,R0L1Z0JOR - Jordan Wurtz,4.00747E+15,2026-07-31,2026-07-31,0,106.5,Outbound Shipment Materials,0.15,0.02,0.17
15032348,IF4041477168,33638050,G0C1H0KAR - Karine Guevremont,8.75154E+11,2026-07-30,2026-07-31,4,101.5,Outbound Freight,26.09,1.3,27.39
15032348,IF4041477168,33638050,G0C1H0KAR - Karine Guevremont,8.75154E+11,2026-07-30,2026-07-31,0,101.5,Outbound Shipment Materials,0.15,0.02,0.17
15032495,IF4041477174,33638062,G1C7E9DOM - Dominique Chiasson,4.00747E+15,2026-07-30,2026-07-31,0,231.6,Outbound Shipment Materials,0.15,0.02,0.17
15032495,IF4041477174,33638062,G1C7E9DOM - Dominique Chiasson,4.00747E+15,2026-07-30,2026-07-31,5,231.6,Outbound Freight,12.99,0.65,13.64
15032560,IF4041477190,33638367,S4A2P4SHA - Shane Weiss,4.00747E+15,2026-07-30,2026-07-31,3,172.2,Outbound Freight,14.99,0.75,15.74
15032560,IF4041477190,33638367,S4A2P4SHA - Shane Weiss,4.00747E+15,2026-07-30,2026-07-31,0,172.2,Outbound Shipment Materials,0.15,0.02,0.17
15032851,IF4041477212,33638682,G8H0B7JES - Jessica Larouche,4.00747E+15,2026-07-30,2026-07-31,0,22.5,Outbound Shipment Materials,0.15,0.02,0.17
15032851,IF4041477212,33638682,G8H0B7JES - Jessica Larouche,4.00747E+15,2026-07-30,2026-07-31,1,22.5,Outbound Freight,12.61,0.63,13.24
15032853,IF4041477215,33638775,T4L1V2TAN - Tanya Stanley,4.00747E+15,2026-07-30,2026-07-31,0,324.8,Outbound Shipment Materials,0.15,0.02,0.17
15032853,IF4041477215,33638775,T4L1V2TAN - Tanya Stanley,4.00747E+15,2026-07-30,2026-07-31,5,324.8,Outbound Freight,9.92,0.5,10.42
15033414,IF4041477225,33639176,T9M0A9DIA - Diana Lecky,4.00747E+15,2026-07-30,2026-07-31,0,132,Outbound Shipment Materials,0.15,0.02,0.17
15033414,IF4041477225,33639176,T9M0A9DIA - Diana Lecky,4.00747E+15,2026-07-30,2026-07-31,2,132,Outbound Freight,11.53,0.58,12.11
15033415,IF4041477226,33639177,V4B4T2SHI - Shirley Epp,4.00747E+15,2026-07-30,2026-07-31,0,135,Outbound Shipment Materials,0.15,0.02,0.17
15033415,IF4041477226,33639177,V4B4T2SHI - Shirley Epp,4.00747E+15,2026-07-30,2026-07-31,6,135,Outbound Freight,6.23,0.31,6.54
15033570,IF4041477228,33639182,L1R1S7BRI - Brian Lepoidevin,4.00747E+15,2026-07-30,2026-07-31,0,113,Outbound Shipment Materials,0.15,0.02,0.17
15033570,IF4041477228,33639182,L1R1S7BRI - Brian Lepoidevin,4.00747E+15,2026-07-30,2026-07-31,2,113,Outbound Freight,11.31,1.47,12.78
15033571,IF4041477229,33639478,V1C6Z2TER - Teri Wynn,4.00747E+15,2026-07-30,2026-07-31,0,121,Outbound Shipment Materials,0.15,0.02,0.17
15033571,IF4041477229,33639478,V1C6Z2TER - Teri Wynn,4.00747E+15,2026-07-30,2026-07-31,5,121,Outbound Freight,8.22,0.41,8.63
15033610,IF4041477233,33639777,L0R2A0JOA - Joan Culp,4.00747E+15,2026-07-30,2026-07-31,0,34,Outbound Shipment Materials,0.15,0.02,0.17
15033610,IF4041477233,33639777,L0R2A0JOA - Joan Culp,4.00747E+15,2026-07-30,2026-07-31,1,34,Outbound Freight,10.92,1.42,12.34
15033611,IF4041477234,33639780,K8A7P7MEL - Melanie Budd,4.00747E+15,2026-07-30,2026-07-31,0,331.2,Outbound Shipment Materials,0.15,0.02,0.17
15033611,IF4041477234,33639780,K8A7P7MEL - Melanie Budd,4.00747E+15,2026-07-30,2026-07-31,5,331.2,Outbound Freight,15.08,1.96,17.04
15033731,IF4041477239,33639480,L6E0L9RIC - Ricky Leung,4.00747E+15,2026-07-30,2026-07-31,2,123,Outbound Freight,11.77,1.53,13.3
15033731,IF4041477239,33639480,L6E0L9RIC - Ricky Leung,4.00747E+15,2026-07-30,2026-07-31,0,123,Outbound Shipment Materials,0.15,0.02,0.17
15036328,IF4041477392,33648465,N6A3A7ALE - Alex Biro,4.00747E+15,2026-07-31,2026-07-31,0,23.2,Outbound Shipment Materials,0.15,0.02,0.17
15036328,IF4041477392,33648465,N6A3A7ALE - Alex Biro,4.00747E+15,2026-07-31,2026-07-31,1,23.2,Outbound Freight,10.46,1.36,11.82
15036829,IF4041477630,33649612,P7E5A8CAR - Caroline Keewasin,4.00747E+15,2026-07-31,2026-07-31,0,52.8,Outbound Shipment Materials,0.15,0.02,0.17
15036829,IF4041477630,33649612,P7E5A8CAR - Caroline Keewasin,4.00747E+15,2026-07-31,2026-07-31,1,52.8,Outbound Freight,12.38,1.61,13.99
15037044,IF4041477673,33649846,V2A3L7STE - Stephanie Ikeda,4.00747E+15,2026-07-31,2026-07-31,0,103.6,Outbound Shipment Materials,0.15,0.02,0.17
15037044,IF4041477673,33649846,V2A3L7STE - Stephanie Ikeda,4.00747E+15,2026-07-31,2026-07-31,3,103.6,Outbound Freight,9.46,0.47,9.93
15037212,IF4041477690,33649853,P5A2N3DEB - Debra. Bedard,4.00747E+15,2026-07-31,2026-07-31,1,86.4,Outbound Freight,13.69,1.78,15.47
15037212,IF4041477690,33649853,P5A2N3DEB - Debra. Bedard,4.00747E+15,2026-07-31,2026-07-31,0,86.4,Outbound Shipment Materials,0.15,0.02,0.17
15037311,IF4041477696,33650259,S7L2R5CIN - Cindy Perlinger,4.00747E+15,2026-07-31,2026-07-31,1,35.2,Outbound Freight,8.93,0.45,9.38
15037311,IF4041477696,33650259,S7L2R5CIN - Cindy Perlinger,4.00747E+15,2026-07-31,2026-07-31,0,35.2,Outbound Shipment Materials,0.15,0.02,0.17
15037314,IF4041477693,33650255,H2J1E4CON - Connor Johnston,4.00747E+15,2026-07-31,2026-07-31,0,117.99,Outbound Shipment Materials,0.15,0.02,0.17
15037314,IF4041477693,33650255,H2J1E4CON - Connor Johnston,4.00747E+15,2026-07-31,2026-07-31,1,117.99,Outbound Freight,10.92,0.55,11.47
15033732,IF4041477242,33639796,V2X6E4SHA - Shan Yan,4.00747E+15,2026-07-30,2026-07-31,0,104.7,Outbound Shipment Materials,0.15,0.02,0.17
15033732,IF4041477242,33639796,V2X6E4SHA - Shan Yan,4.00747E+15,2026-07-30,2026-07-31,3,104.7,Outbound Freight,7,0.35,7.35
15033765,IF4041477244,33639582,V3L5R3CHR - Christopher Hughes,4.00747E+15,2026-07-30,2026-07-31,2,90,Outbound Freight,6.04,0.3,6.34
15033765,IF4041477244,33639582,V3L5R3CHR - Christopher Hughes,4.00747E+15,2026-07-30,2026-07-31,0,90,Outbound Shipment Materials,0.15,0.02,0.17
15033766,IF4041477245,33639798,L3Y8T8ATT - ATT: RYAN DONNAN tentree samples,4.00747E+15,2026-07-30,2026-07-31,4,352,Outbound Freight,12.84,1.67,14.51
15033766,IF4041477245,33639798,L3Y8T8ATT - ATT: RYAN DONNAN tentree samples,4.00747E+15,2026-07-30,2026-07-31,0,352,Outbound Shipment Materials,0.15,0.02,0.17
15033767,IF4041477247,33639877,R2J2X6SHA - Shaunda Shaunda nickart,4.00747E+15,2026-07-30,2026-07-31,2,143,Outbound Freight,11.38,0.57,11.95
15033767,IF4041477247,33639877,R2J2X6SHA - Shaunda Shaunda nickart,4.00747E+15,2026-07-30,2026-07-31,0,143,Outbound Shipment Materials,0.15,0.02,0.17
15033802,IF4041477248,33639801,N0M2N0RIC - Richard popyuk,8.75154E+11,2026-07-30,2026-07-31,4,177.8,Outbound Freight,15.53,2.02,17.55
15033802,IF4041477248,33639801,N0M2N0RIC - Richard popyuk,8.75154E+11,2026-07-30,2026-07-31,0,177.8,Outbound Shipment Materials,0.15,0.02,0.17
15033803,IF4041477249,33639879,T3R0C4AMA - AMANDA SMITH,4.00747E+15,2026-07-30,2026-07-31,0,123.6,Outbound Shipment Materials,0.15,0.02,0.17
15033803,IF4041477249,33639879,T3R0C4AMA - AMANDA SMITH,4.00747E+15,2026-07-30,2026-07-31,2,123.6,Outbound Freight,7.93,0.4,8.33
15033871,IF4041477251,33639883,T9X1S5LES - Leslie Urvanova,4.00747E+15,2026-07-30,2026-07-31,0,110,Outbound Shipment Materials,0.15,0.02,0.17
15033871,IF4041477251,33639883,T9X1S5LES - Leslie Urvanova,4.00747E+15,2026-07-30,2026-07-31,3,110,Outbound Freight,12.15,0.61,12.76
15033939,IF4041477253,33640177,T3K3B1CLI - Clinton Loo,4.00747E+15,2026-07-30,2026-07-31,0,118.8,Outbound Shipment Materials,0.15,0.02,0.17
15033939,IF4041477253,33640177,T3K3B1CLI - Clinton Loo,4.00747E+15,2026-07-30,2026-07-31,3,118.8,Outbound Freight,8.22,0.41,8.63
15034002,IF4041477256,33640185,V1S1Z8AND - Andrew Hannestad,4.00747E+15,2026-07-30,2026-07-31,3,135,Outbound Freight,7.22,0.36,7.58
15034002,IF4041477256,33640185,V1S1Z8AND - Andrew Hannestad,4.00747E+15,2026-07-30,2026-07-31,0,135,Outbound Shipment Materials,0.15,0.02,0.17
15035333,IF4041477341,33644919,L4C2W5STE - Steve Capobianco,4.00747E+15,2026-07-30,2026-07-31,3,168,Outbound Freight,11.77,1.53,13.3
15035333,IF4041477341,33644919,L4C2W5STE - Steve Capobianco,4.00747E+15,2026-07-30,2026-07-31,0,168,Outbound Shipment Materials,0.15,0.02,0.17
15035379,IF4041477349,33645226,H2M1E4CAR - Carl Cloutier,4.00747E+15,2026-07-30,2026-07-31,0,100,Outbound Shipment Materials,0.15,0.02,0.17
15035379,IF4041477349,33645226,H2M1E4CAR - Carl Cloutier,4.00747E+15,2026-07-30,2026-07-31,2,100,Outbound Freight,10.92,0.55,11.47
15035429,IF4041477352,33645519,H3Y2V9BRO - Bronwyn Krohn,4.00747E+15,2026-07-30,2026-07-31,2,117.6,Outbound Freight,12,0.6,12.6
15035429,IF4041477352,33645519,H3Y2V9BRO - Bronwyn Krohn,4.00747E+15,2026-07-30,2026-07-31,0,117.6,Outbound Shipment Materials,0.15,0.02,0.17
15035555,IF4041477359,33645622,T5X0E6FEL - Felicia Penny,4.00747E+15,2026-07-30,2026-07-31,0,120.6,Outbound Shipment Materials,0.15,0.02,0.17
15035555,IF4041477359,33645622,T5X0E6FEL - Felicia Penny,4.00747E+15,2026-07-30,2026-07-31,2,120.6,Outbound Freight,10.46,0.52,10.98
15035681,IF4041477158,33637131,G0L2J0VÉR - Véronique Lebel,LSHP50768565,2026-07-31,2026-07-31,0,203.2,Outbound Shipment Materials,0.15,0.02,0.17
15035681,IF4041477158,33637131,G0L2J0VÉR - Véronique Lebel,LSHP50768565,2026-07-31,2026-07-31,3,203.2,Outbound Freight,23.47,1.17,24.64
15035774,IF4041477368,33647221,M8W1G4KAT - Katie Dumais,4.00747E+15,2026-07-31,2026-07-31,0,254.8,Outbound Shipment Materials,0.15,0.02,0.17
15035774,IF4041477368,33647221,M8W1G4KAT - Katie Dumais,4.00747E+15,2026-07-31,2026-07-31,4,254.8,Outbound Freight,12.46,1.62,14.08
15035791,IF4041477370,33647422,N0G1S0LYN - Lyndsey Knoll,4.00747E+15,2026-07-31,2026-07-31,3,135,Outbound Freight,12.23,1.59,13.82
15035791,IF4041477370,33647422,N0G1S0LYN - Lyndsey Knoll,4.00747E+15,2026-07-31,2026-07-31,0,135,Outbound Shipment Materials,0.15,0.02,0.17
14981302,IF4041472972,33487220,V9Y8E9LAC - LACE IT UP aka JAYS MENS WEAR,LSHP50780005,2026-07-15,2026-07-31,19,921,Outbound Freight,16.05,0.8,16.85
14981302,IF4041472972,33487220,V9Y8E9LAC - LACE IT UP aka JAYS MENS WEAR,LSHP50780005,2026-07-15,2026-07-31,5,921,Outbound Shipment Materials,4.65,0.56,5.21
15004062,IF4041471278,33428162,T0L1E0WIL - WILSON MOUNTAIN SPORTS LTD.,LSHP50533466,2026-07-21,2026-07-31,9,180,Outbound Freight,12.83,0.64,13.47
15004062,IF4041471278,33428162,T0L1E0WIL - WILSON MOUNTAIN SPORTS LTD.,LSHP50533466,2026-07-21,2026-07-31,3,180,Outbound Shipment Materials,2.79,0.34,3.13
15004079,IF4041472750,33477928,A1N1G5ART - ARTHUR JAMES CLOTHING COMPANY,LSHP50780196,2026-07-21,2026-07-31,133,5676.5,Outbound Freight,134.96,20.24,155.2
15004079,IF4041472750,33477928,A1N1G5ART - ARTHUR JAMES CLOTHING COMPANY,LSHP50780196,2026-07-21,2026-07-31,35,5676.5,Outbound Shipment Materials,35.48,4.25,39.73
15004081,IF4041473617,33508413,K7S1S1OTT - OTTAWA VALLEY AIR PADDLE,LSHP50533569,2026-07-21,2026-07-31,4,891,Outbound Shipment Materials,4.06,0.48,4.54
15004081,IF4041473617,33508413,K7S1S1OTT - OTTAWA VALLEY AIR PADDLE,LSHP50533569,2026-07-21,2026-07-31,33,891,Outbound Freight,19.67,2.56,22.23
15004084,IF4041473784,33511795,R2M3V7MUS - MUST HAVE POCKETS APPAREL,LSHP50533982,2026-07-21,2026-07-31,37,1633,Outbound Freight,29.73,1.49,31.22
15004084,IF4041473784,33511795,R2M3V7MUS - MUST HAVE POCKETS APPAREL,LSHP50533982,2026-07-21,2026-07-31,9,1633,Outbound Shipment Materials,9.3,1.12,10.42
15023064,IF4041476588,33612516,V0J3A0CAL - CALIFORNIA DREAMIN,LSHP50781738,2026-07-27,2026-07-31,3,84,Outbound Shipment Materials,2.79,0.34,3.13
15023064,IF4041476588,33612516,V0J3A0CAL - CALIFORNIA DREAMIN,LSHP50781738,2026-07-27,2026-07-31,12,84,Outbound Freight,11.57,0.58,12.15
15026622,IF4041475551,33570934,B2G2C4WIL - WILFRED AND PARKER BOUTIQUE,LSHP50767595,2026-07-28,2026-07-31,13,1572,Outbound Shipment Materials,12.77,1.53,14.3
15026622,IF4041475551,33570934,B2G2C4WIL - WILFRED AND PARKER BOUTIQUE,LSHP50767595,2026-07-28,2026-07-31,28,1572,Outbound Freight,53.6,7.5,61.1
15026623,IF4041476670,33614212,B2H2P6PIC - PICTOU MANAGEMENT LTD dba MINERS APPAREL,3.82926E+11,2026-07-28,2026-07-31,2,158,Outbound Freight,17.43,2.44,19.87
15026623,IF4041476670,33614212,B2H2P6PIC - PICTOU MANAGEMENT LTD dba MINERS APPAREL,3.82926E+11,2026-07-28,2026-07-31,3,158,Outbound Shipment Materials,2.93,0.36,3.29
15026628,IF4041476793,33621925,V8J1P2HOM - HOMEWORK,LSHP50767601,2026-07-28,2026-07-31,17,918,Outbound Freight,16.62,0.83,17.45
15026628,IF4041476793,33621925,V8J1P2HOM - HOMEWORK,LSHP50767601,2026-07-28,2026-07-31,5,918,Outbound Shipment Materials,4.65,0.56,5.21
15026630,IF4041476795,33621927,V8G2N1TRI - TRIGOS LIFESTYLE,LSHP50767615,2026-07-28,2026-07-31,45,1820,Outbound Freight,29.62,1.48,31.1
15026630,IF4041476795,33621927,V8G2N1TRI - TRIGOS LIFESTYLE,LSHP50767615,2026-07-28,2026-07-31,13,1820,Outbound Shipment Materials,13.36,1.61,14.97
15026632,IF4041476797,33621929,T4L2L1DER - DEROWIN HOLDINGS LTD,LSHP50781794,2026-07-28,2026-07-31,4,336,Outbound Freight,14.07,0.7,14.77
15026632,IF4041476797,33621929,T4L2L1DER - DEROWIN HOLDINGS LTD,LSHP50781794,2026-07-28,2026-07-31,4,336,Outbound Shipment Materials,4.06,0.48,4.54
15026635,IF4041476807,33621933,V0R3A0BLA - BLACK ROCK OCEANFRONT RESORT,LSHP50767625,2026-07-28,2026-07-31,8,357,Outbound Freight,14.07,0.7,14.77
15026635,IF4041476807,33621933,V0R3A0BLA - BLACK ROCK OCEANFRONT RESORT,LSHP50767625,2026-07-28,2026-07-31,4,357,Outbound Shipment Materials,4.06,0.48,4.54
15035359,IF4041477344,33645119,N6C2C7HAY - Hayley Kaufman,4.00747E+15,2026-07-30,2026-07-31,3,81,Outbound Shipment Materials,2.79,0.34,3.13
15035359,IF4041477344,33645119,N6C2C7HAY - Hayley Kaufman,4.00747E+15,2026-07-30,2026-07-31,2,81,Outbound Freight,13.08,1.7,14.78
15035531,IF4041477357,33645919,V6H3X7SPE - Spencer Treffry,4.00747E+15,2026-07-30,2026-07-31,3,184.5,Outbound Shipment Materials,2.79,0.34,3.13
15035531,IF4041477357,33645919,V6H3X7SPE - Spencer Treffry,4.00747E+15,2026-07-30,2026-07-31,3,184.5,Outbound Freight,7.22,0.36,7.58
15035568,IF4041477362,33646219,V5V3L9PAU - Paula Baclawska,4.00747E+15,2026-07-30,2026-07-31,5,417,Outbound Freight,6.69,0.33,7.02
15035568,IF4041477362,33646219,V5V3L9PAU - Paula Baclawska,4.00747E+15,2026-07-30,2026-07-31,0,417,Outbound Shipment Materials,0.15,0.02,0.17
15035693,IF4041477366,33647021,T7Y0A6WIL - William Auger,4.00747E+15,2026-07-31,2026-07-31,3,166.5,Outbound Shipment Materials,2.79,0.34,3.13
15035693,IF4041477366,33647021,T7Y0A6WIL - William Auger,4.00747E+15,2026-07-31,2026-07-31,4,166.5,Outbound Freight,10.69,0.53,11.22
15035773,IF4041477369,33647223,J3X0A7NIC - Nicolas Tountas,4.00747E+15,2026-07-31,2026-07-31,3,108,Outbound Shipment Materials,2.79,0.34,3.13
15035773,IF4041477369,33647223,J3X0A7NIC - Nicolas Tountas,4.00747E+15,2026-07-31,2026-07-31,3,108,Outbound Freight,13.84,0.69,14.53
15036494,IF4041477427,33648575,V8B0J8MAT - Matthew Hanger,4.00747E+15,2026-07-31,2026-07-31,0,52.8,Outbound Shipment Materials,0.15,0.02,0.17
15036494,IF4041477427,33648575,V8B0J8MAT - Matthew Hanger,4.00747E+15,2026-07-31,2026-07-31,1,52.8,Outbound Freight,6.17,0.31,6.48
15036495,IF4041477488,33648982,K2H8W2CLA - Claudio Wensel,4.00747E+15,2026-07-31,2026-07-31,3,22,Outbound Shipment Materials,2.93,0.36,3.29
15036495,IF4041477488,33648982,K2H8W2CLA - Claudio Wensel,4.00747E+15,2026-07-31,2026-07-31,1,22,Outbound Freight,15.23,1.98,17.21
15036547,IF4041477555,33649194,K2A2E4NOA - Noah Davidson,4.00747E+15,2026-07-31,2026-07-31,0,70.8,Outbound Shipment Materials,0.15,0.02,0.17
15036547,IF4041477555,33649194,K2A2E4NOA - Noah Davidson,4.00747E+15,2026-07-31,2026-07-31,1,70.8,Outbound Freight,10.92,1.42,12.34
15029955,IF4041477024,33631068,V1X1R3JOA - Joanna Lige,4.00747E+15,2026-07-29,2026-07-31,5,228.8,Outbound Freight,5.14,0.26,5.4
15029955,IF4041477024,33631068,V1X1R3JOA - Joanna Lige,4.00747E+15,2026-07-29,2026-07-31,0,228.8,Outbound Shipment Materials,0.15,0.02,0.17
15031806,IF4041477137,33635123,L5H2K9JAC - Jacqueline Li,4.00747E+15,2026-07-29,2026-07-31,2,103,Outbound Freight,11.31,1.47,12.78
15031806,IF4041477137,33635123,L5H2K9JAC - Jacqueline Li,4.00747E+15,2026-07-29,2026-07-31,0,103,Outbound Shipment Materials,0.15,0.02,0.17
15034798,IF4041477284,33641900,P0R1L0SAM - Samantha Giguere,4.00747E+15,2026-07-30,2026-07-31,3,55.5,Outbound Freight,21.92,2.85,24.77
15034798,IF4041477284,33641900,P0R1L0SAM - Samantha Giguere,4.00747E+15,2026-07-30,2026-07-31,3,55.5,Outbound Shipment Materials,2.79,0.34,3.13
15036665,IF4041477620,33649196,J6T2X7MIC - Michel Payeur,4.00747E+15,2026-07-31,2026-07-31,2,133,Outbound Freight,12,0.6,12.6
15036665,IF4041477620,33649196,J6T2X7MIC - Michel Payeur,4.00747E+15,2026-07-31,2026-07-31,0,133,Outbound Shipment Materials,0.15,0.02,0.17
15036666,IF4041477621,33649198,K2J0C3GAB - Gabrielle Pilon,4.00747E+15,2026-07-31,2026-07-31,1,78,Outbound Freight,10.61,1.38,11.99
15036666,IF4041477621,33649198,K2J0C3GAB - Gabrielle Pilon,4.00747E+15,2026-07-31,2026-07-31,0,78,Outbound Shipment Materials,0.15,0.02,0.17
14931829,IF4041470044,33384926,P4N3W3DUM - Dumoulin's/ D&L Docks and Recreation ltd,8.75165E+11,2026-07-06,2026-07-31,70,2282.5,Outbound Freight,40.78,5.3,46.08
14931829,IF4041470044,33384926,P4N3W3DUM - Dumoulin's/ D&L Docks and Recreation ltd,8.75165E+11,2026-07-06,2026-07-31,9,2282.5,Outbound Shipment Materials,9.3,1.12,10.42
15004077,IF4041472749,33477929,A1A4A2ART - ARTHUR JAMES CLOTHING COMPANY,8.7474E+11,2026-07-21,2026-07-31,35,5979,Outbound Shipment Materials,35.31,4.24,39.55
15004077,IF4041472749,33477929,A1A4A2ART - ARTHUR JAMES CLOTHING COMPANY,8.7474E+11,2026-07-21,2026-07-31,139,5979,Outbound Freight,118.89,17.83,136.72
15004086,IF4041473620,33508417,A2H6E8ART - ARTHUR JAMES CLOTHING COMPANY,8.75165E+11,2026-07-21,2026-07-31,3,132,Outbound Freight,26.09,3.91,30
15004086,IF4041473620,33508417,A2H6E8ART - ARTHUR JAMES CLOTHING COMPANY,8.75165E+11,2026-07-21,2026-07-31,3,132,Outbound Shipment Materials,2.79,0.34,3.13
15004088,IF4041473623,33508420,G0X3B0RIE - Rien Ne Se Perd Tout Se Crée Inc,8.75165E+11,2026-07-21,2026-07-31,65,2385.5,Outbound Freight,50.34,2.52,52.86
15004088,IF4041473623,33508420,G0X3B0RIE - Rien Ne Se Perd Tout Se Crée Inc,8.75165E+11,2026-07-21,2026-07-31,14,2385.5,Outbound Shipment Materials,14.24,1.71,15.95
15023054,IF4041476577,33612505,G0C2B0RHE - RHEAL PITRE A FILS LTEE,8.75176E+11,2026-07-27,2026-07-31,4,196,Outbound Freight,26.09,1.3,27.39
15023054,IF4041476577,33612505,G0C2B0RHE - RHEAL PITRE A FILS LTEE,8.75176E+11,2026-07-27,2026-07-31,0,196,Outbound Shipment Materials,0.15,0.02,0.17
15023055,IF4041476578,33612506,A2H2N2GEO - GEORGES MOUNTAIN VILLAGE,3.82927E+11,2026-07-27,2026-07-31,3,128,Outbound Shipment Materials,2.79,0.34,3.13
15023055,IF4041476578,33612506,A2H2N2GEO - GEORGES MOUNTAIN VILLAGE,3.82927E+11,2026-07-27,2026-07-31,13,128,Outbound Freight,26.09,3.91,30
15027489,IF4041476802,33621931,NLA0EOUT - OUTPORT BOUTIQUE,3.8293E+11,2026-07-28,2026-07-31,6,42,Outbound Freight,26.09,3.91,30
15027489,IF4041476802,33621931,NLA0EOUT - OUTPORT BOUTIQUE,3.8293E+11,2026-07-28,2026-07-31,3,42,Outbound Shipment Materials,2.79,0.34,3.13
15032517,IF4041477186,33638359,L0S1M0BRE - brenda belair,4.00747E+15,2026-07-30,2026-07-31,0,64,Outbound Shipment Materials,0.15,0.02,0.17
15032517,IF4041477186,33638359,L0S1M0BRE - brenda belair,4.00747E+15,2026-07-30,2026-07-31,1,64,Outbound Freight,10.92,1.42,12.34
15032685,IF4041477201,33638372,K1S5W1LYN - Lynda Cassidy,4.00747E+15,2026-07-30,2026-07-31,0,108.8,Outbound Shipment Materials,0.15,0.02,0.17
15032685,IF4041477201,33638372,K1S5W1LYN - Lynda Cassidy,4.00747E+15,2026-07-30,2026-07-31,3,108.8,Outbound Freight,12,1.56,13.56
15032691,IF4041477207,33638672,H2V2P6JAM - James King,4.00747E+15,2026-07-30,2026-07-31,0,52.8,Outbound Shipment Materials,0.15,0.02,0.17
15032691,IF4041477207,33638672,H2V2P6JAM - James King,4.00747E+15,2026-07-30,2026-07-31,1,52.8,Outbound Freight,12,0.6,12.6
15032922,IF4041477217,33638780,T3B0X1CAR - Carolyn McMannis,4.00747E+15,2026-07-30,2026-07-31,0,177.9,Outbound Shipment Materials,0.15,0.02,0.17
15032922,IF4041477217,33638780,T3B0X1CAR - Carolyn McMannis,4.00747E+15,2026-07-30,2026-07-31,5,177.9,Outbound Freight,9.92,0.5,10.42
15033510,IF4041477227,33639275,V9L6E6JAN - Janelle Longchamps,4.00747E+15,2026-07-30,2026-07-31,0,20,Outbound Shipment Materials,0.15,0.02,0.17
15033510,IF4041477227,33639275,V9L6E6JAN - Janelle Longchamps,4.00747E+15,2026-07-30,2026-07-31,1,20,Outbound Freight,5.98,0.3,6.28
15033613,IF4041477238,33639790,M2N3Y6SAR - Sarah Hui,4.00747E+15,2026-07-30,2026-07-31,1,52.8,Outbound Freight,11.31,1.47,12.78
15033613,IF4041477238,33639790,M2N3Y6SAR - Sarah Hui,4.00747E+15,2026-07-30,2026-07-31,0,52.8,Outbound Shipment Materials,0.15,0.02,0.17
15036880,IF4041477635,33649524,T3L2L1MIT - Mitchell Donst,4.00747E+15,2026-07-31,2026-07-31,0,135,Outbound Shipment Materials,0.15,0.02,0.17
15036880,IF4041477635,33649524,T3L2L1MIT - Mitchell Donst,4.00747E+15,2026-07-31,2026-07-31,3,135,Outbound Freight,7.93,0.4,8.33
15037533,IF4041477706,33650767,S7H0J6ANN - Anna Waciakowski,4.00747E+15,2026-07-31,2026-07-31,1,44,Outbound Freight,8.93,0.45,9.38
15037533,IF4041477706,33650767,S7H0J6ANN - Anna Waciakowski,4.00747E+15,2026-07-31,2026-07-31,0,44,Outbound Shipment Materials,0.15,0.02,0.17
15037723,IF4041477711,33650676,V8G2X2LIZ - Lizelle Sears,4.00747E+15,2026-07-31,2026-07-31,1,22,Outbound Freight,11.46,0.57,12.03
15037723,IF4041477711,33650676,V8G2X2LIZ - Lizelle Sears,4.00747E+15,2026-07-31,2026-07-31,3,22,Outbound Shipment Materials,2.93,0.36,3.29
15037724,IF4041477712,33650870,L7L2Z4ANN - Ann Killin,4.00747E+15,2026-07-31,2026-07-31,0,139.2,Outbound Shipment Materials,0.15,0.02,0.17
15037724,IF4041477712,33650870,L7L2Z4ANN - Ann Killin,4.00747E+15,2026-07-31,2026-07-31,3,139.2,Outbound Freight,11.31,1.47,12.78
15032850,IF4041477211,33638681,T0B1K0SUS - Susan Miller,5.20678E+11,2026-07-30,2026-07-31,0,100,Outbound Shipment Materials,0.15,0.02,0.17
15032850,IF4041477211,33638681,T0B1K0SUS - Susan Miller,5.20678E+11,2026-07-30,2026-07-31,5,100,Outbound Freight,12.19,0.61,12.8
15033612,IF4041477235,33639782,V8K1K6ANN - Anne Millerd,4.00747E+15,2026-07-30,2026-07-31,1,46.8,Outbound Freight,7.46,0.37,7.83
15033612,IF4041477235,33639782,V8K1K6ANN - Anne Millerd,4.00747E+15,2026-07-30,2026-07-31,0,46.8,Outbound Shipment Materials,0.15,0.02,0.17
15036496,IF4041477421,33648573,T2N1W3COL - Cole Birkett,4.00747E+15,2026-07-31,2026-07-31,0,270.2,Outbound Shipment Materials,0.15,0.02,0.17
15036496,IF4041477421,33648573,T2N1W3COL - Cole Birkett,4.00747E+15,2026-07-31,2026-07-31,5,270.2,Outbound Freight,9.46,0.47,9.93
15037109,IF4041477681,33649738,V0G1Y0KAR - Karen Weller,4.00747E+15,2026-07-31,2026-07-31,5,216,Outbound Freight,14.15,0.71,14.86
15037109,IF4041477681,33649738,V0G1Y0KAR - Karen Weller,4.00747E+15,2026-07-31,2026-07-31,2,216,Outbound Shipment Materials,1.78,0.21,1.99
15037165,IF4041477686,33649751,V8A0S5SAN - Sandra Stoddart,4.00747E+15,2026-07-31,2026-07-31,0,110,Outbound Shipment Materials,0.15,0.02,0.17
15037165,IF4041477686,33649751,V8A0S5SAN - Sandra Stoddart,4.00747E+15,2026-07-31,2026-07-31,3,110,Outbound Freight,9.84,0.49,10.33
15037166,IF4041477684,33649746,V9B2T1SUJ - Sujith Pisharody,4.00747E+15,2026-07-31,2026-07-31,2,90,Outbound Freight,6.23,0.31,6.54
15037166,IF4041477684,33649746,V9B2T1SUJ - Sujith Pisharody,4.00747E+15,2026-07-31,2026-07-31,0,90,Outbound Shipment Materials,0.15,0.02,0.17
15037725,IF4041477713,33650871,V8V2R5JOA - Joanne Kipp,4.00747E+15,2026-07-31,2026-07-31,0,224,Outbound Shipment Materials,0.15,0.02,0.17
15037725,IF4041477713,33650871,V8V2R5JOA - Joanne Kipp,4.00747E+15,2026-07-31,2026-07-31,4,224,Outbound Freight,6.69,0.33,7.02
14931819,IF4041470038,33384820,V0N3A0TRA - TRAIL BAY SOURCE FOR SPORTS,5.20678E+11,2026-07-06,2026-07-31,9,2271,Outbound Shipment Materials,9.3,1.12,10.42
14931819,IF4041470038,33384820,V0N3A0TRA - TRAIL BAY SOURCE FOR SPORTS,5.20678E+11,2026-07-06,2026-07-31,1,2271,Outbound Freight,6.5,0.33,6.83
14931831,IF4041470046,33384927,L4N8X1SOJ - SOJOURN A SEASONAL EXPERIENCE,5.20678E+11,2026-07-06,2026-07-31,5,1003.5,Outbound Shipment Materials,4.65,0.56,5.21
14931831,IF4041470046,33384927,L4N8X1SOJ - SOJOURN A SEASONAL EXPERIENCE,5.20678E+11,2026-07-06,2026-07-31,1,1003.5,Outbound Freight,1.25,0.06,1.31
14931833,IF4041470050,33384931,S0C0R0KIN - KINGS DEPARTMENT STORE,5.20678E+11,2026-07-06,2026-07-31,14,2238.5,Outbound Shipment Materials,14.24,1.71,15.95
14931833,IF4041470050,33384931,S0C0R0KIN - KINGS DEPARTMENT STORE,5.20678E+11,2026-07-06,2026-07-31,83,2238.5,Outbound Freight,38.13,1.91,40.04
14931846,IF4041470060,33384940,V1N2M9MAL - MALLARDS SOURCE FOR SPORTS,5.20678E+11,2026-07-06,2026-07-31,9,2420,Outbound Shipment Materials,9.3,1.12,10.42
14931846,IF4041470060,33384940,V1N2M9MAL - MALLARDS SOURCE FOR SPORTS,5.20678E+11,2026-07-06,2026-07-31,2,2420,Outbound Freight,2.5,0.13,2.63
15004059,IF4041471272,33428159,V0R2G0SWO - SWORDFERN BOUTIQUE,5.20663E+11,2026-07-21,2026-07-31,13,3501,Outbound Shipment Materials,13.36,1.61,14.97
15004059,IF4041471272,33428159,V0R2G0SWO - SWORDFERN BOUTIQUE,5.20663E+11,2026-07-21,2026-07-31,99,3501,Outbound Freight,40.74,2.04,42.78
15004064,IF4041471279,33428163,S0C0R0KIN - KINGS DEPARTMENT STORE,5.20664E+11,2026-07-21,2026-07-31,3,80,Outbound Shipment Materials,2.79,0.34,3.13
15004064,IF4041471279,33428163,S0C0R0KIN - KINGS DEPARTMENT STORE,5.20664E+11,2026-07-21,2026-07-31,4,80,Outbound Freight,13.97,0.7,14.67
15004066,IF4041472519,33466796,V0J2N0LOC - LOCAL SUPPLY CO,5.20663E+11,2026-07-21,2026-07-31,53,1838,Outbound Freight,32.55,1.63,34.18
15004066,IF4041472519,33466796,V0J2N0LOC - LOCAL SUPPLY CO,5.20663E+11,2026-07-21,2026-07-31,9,1838,Outbound Shipment Materials,9.3,1.12,10.42
15004068,IF4041472520,33466797,V0R1M0WAB - WABISABI BOARDWEAR,5.20663E+11,2026-07-21,2026-07-31,4,415,Outbound Shipment Materials,4.06,0.48,4.54
15004068,IF4041472520,33466797,V0R1M0WAB - WABISABI BOARDWEAR,5.20663E+11,2026-07-21,2026-07-31,10,415,Outbound Freight,17.49,0.87,18.36
15004070,IF4041472516,33466793,S0C0R0KIN - KINGS DEPARTMENT STORE,5.20663E+11,2026-07-21,2026-07-31,54,3211,Outbound Freight,59.23,2.96,62.19
15004070,IF4041472516,33466793,S0C0R0KIN - KINGS DEPARTMENT STORE,5.20663E+11,2026-07-21,2026-07-31,23,3211,Outbound Shipment Materials,23.25,2.79,26.04
15004073,IF4041472661,33473817,V0R1M0WAB - WABISABI BOARDWEAR,5.20663E+11,2026-07-21,2026-07-31,33,1332,Outbound Freight,27.68,1.38,29.06
15004073,IF4041472661,33473817,V0R1M0WAB - WABISABI BOARDWEAR,5.20663E+11,2026-07-21,2026-07-31,10,1332,Outbound Shipment Materials,10.05,1.2,11.25
15004075,IF4041472663,33473819,V0R1M0WAB - WABISABI BOARDWEAR,5.20663E+11,2026-07-21,2026-07-31,9,1487,Outbound Shipment Materials,8.71,1.05,9.76
15004075,IF4041472663,33473819,V0R1M0WAB - WABISABI BOARDWEAR,5.20663E+11,2026-07-21,2026-07-31,38,1487,Outbound Freight,28.14,1.41,29.55
15004080,IF4041472922,33486771,V8B0G8VAL - VALHALLA PURE SQUAMISH,4.00747E+15,2026-07-21,2026-07-31,7,1187,Outbound Shipment Materials,7.12,0.86,7.98
15004080,IF4041472922,33486771,V8B0G8VAL - VALHALLA PURE SQUAMISH,4.00747E+15,2026-07-21,2026-07-31,31,1187,Outbound Freight,15.59,0.78,16.37
15004082,IF4041473621,33508418,A1N1G5ART - ARTHUR JAMES CLOTHING COMPANY,4.00747E+15,2026-07-21,2026-07-31,3,132,Outbound Shipment Materials,2.79,0.34,3.13
15004082,IF4041473621,33508418,A1N1G5ART - ARTHUR JAMES CLOTHING COMPANY,4.00747E+15,2026-07-21,2026-07-31,3,132,Outbound Freight,16.49,2.47,18.96
15004083,IF4041473622,33508419,A1A4A2ART - ARTHUR JAMES CLOTHING COMPANY,4.00747E+15,2026-07-21,2026-07-31,4,176,Outbound Freight,18.75,2.81,21.56
15004083,IF4041473622,33508419,A1A4A2ART - ARTHUR JAMES CLOTHING COMPANY,4.00747E+15,2026-07-21,2026-07-31,3,176,Outbound Shipment Materials,2.93,0.36,3.29
15022932,IF4041475168,33560929,B0W2Z0LA - LA CACHETTE,4.00747E+15,2026-07-27,2026-07-31,0,294,Outbound Shipment Materials,0.15,0.02,0.17
15022932,IF4041475168,33560929,B0W2Z0LA - LA CACHETTE,4.00747E+15,2026-07-27,2026-07-31,6,294,Outbound Freight,20.38,2.85,23.23
15023050,IF4041476573,33612501,V7M2J5NOR - NORTH SHORE SKI AND BOARD,4.00747E+15,2026-07-27,2026-07-31,0,252,Outbound Shipment Materials,0.15,0.02,0.17
15023050,IF4041476573,33612501,V7M2J5NOR - NORTH SHORE SKI AND BOARD,4.00747E+15,2026-07-27,2026-07-31,3,252,Outbound Freight,7.22,0.36,7.58
15023051,IF4041476574,33612502,V8J1P2HOM - HOMEWORK,4.00747E+15,2026-07-27,2026-07-31,3,132,Outbound Freight,9.92,0.5,10.42
15023051,IF4041476574,33612502,V8J1P2HOM - HOMEWORK,4.00747E+15,2026-07-27,2026-07-31,0,132,Outbound Shipment Materials,0.15,0.02,0.17
15023052,IF4041476575,33612503,V0K2E0OUT - OUTLAW FASHIONS (FCJ ENTERPRISES LTD),4.00747E+15,2026-07-27,2026-07-31,0,28,Outbound Shipment Materials,0.15,0.02,0.17
15023052,IF4041476575,33612503,V0K2E0OUT - OUTLAW FASHIONS (FCJ ENTERPRISES LTD),4.00747E+15,2026-07-27,2026-07-31,4,28,Outbound Freight,12.61,0.63,13.24
15023053,IF4041476576,33612504,B5A1E7EVE - EVERY BLOOMIN THING,4.00747E+15,2026-07-27,2026-07-31,0,28,Outbound Shipment Materials,0.15,0.02,0.17
15023053,IF4041476576,33612504,B5A1E7EVE - EVERY BLOOMIN THING,4.00747E+15,2026-07-27,2026-07-31,4,28,Outbound Freight,12.23,1.71,13.94
15023057,IF4041476579,33612507,V8A5K9ARM - ARMITAGE MENS WEAR,4.00747E+15,2026-07-27,2026-07-31,2,40,Outbound Freight,9.62,0.48,10.1
15023057,IF4041476579,33612507,V8A5K9ARM - ARMITAGE MENS WEAR,4.00747E+15,2026-07-27,2026-07-31,0,40,Outbound Shipment Materials,0.15,0.02,0.17
15023059,IF4041476582,33612510,G0A4B0BOU - BOUTIQUE POINT DE VUE,4.00747E+15,2026-07-27,2026-07-31,3,60,Outbound Freight,15.68,0.78,16.46
15023059,IF4041476582,33612510,G0A4B0BOU - BOUTIQUE POINT DE VUE,4.00747E+15,2026-07-27,2026-07-31,0,60,Outbound Shipment Materials,0.15,0.02,0.17
15023060,IF4041476583,33612511,V5J3G6CAN - CANADA GARDENWORKS LTD dba GARDENWORKS,4.00747E+15,2026-07-27,2026-07-31,5,245,Outbound Freight,7.84,0.39,8.23
15023060,IF4041476583,33612511,V5J3G6CAN - CANADA GARDENWORKS LTD dba GARDENWORKS,4.00747E+15,2026-07-27,2026-07-31,0,245,Outbound Shipment Materials,0.15,0.02,0.17
15023061,IF4041476585,33612513,V1T5H7KAL - KALECO,4.00747E+15,2026-07-27,2026-07-31,4,28,Outbound Freight,4.23,0.21,4.44
15023061,IF4041476585,33612513,V1T5H7KAL - KALECO,4.00747E+15,2026-07-27,2026-07-31,0,28,Outbound Shipment Materials,0.15,0.02,0.17
15023062,IF4041476586,33612514,V1E1B4HAR - HARTTY CLOTHING,4.00747E+15,2026-07-27,2026-07-31,3,21,Outbound Freight,7.93,0.4,8.33
15023062,IF4041476586,33612514,V1E1B4HAR - HARTTY CLOTHING,4.00747E+15,2026-07-27,2026-07-31,0,21,Outbound Shipment Materials,0.15,0.02,0.17
15023065,IF4041476589,33612517,K0J1B0BAR - BARRYS BAY CUSTOM WOODWORKING AND BUILDE,4.00747E+15,2026-07-27,2026-07-31,5,270,Outbound Freight,21.23,2.76,23.99
15023065,IF4041476589,33612517,K0J1B0BAR - BARRYS BAY CUSTOM WOODWORKING AND BUILDE,4.00747E+15,2026-07-27,2026-07-31,0,270,Outbound Shipment Materials,0.15,0.02,0.17
15023066,IF4041476590,33612518,J3P6L9ST - ST PIERRE SPORTS DE SOREL INC.,4.00747E+15,2026-07-27,2026-07-31,4,196,Outbound Freight,13.61,0.68,14.29
15023066,IF4041476590,33612518,J3P6L9ST - ST PIERRE SPORTS DE SOREL INC.,4.00747E+15,2026-07-27,2026-07-31,0,196,Outbound Shipment Materials,0.15,0.02,0.17
15023572,IF4041476625,33612552,V1T2B6VAL - Valhalla Pure Outfitters Inc,5.20678E+11,2026-07-27,2026-07-31,0,121.3,Outbound Shipment Materials,0.15,0.02,0.17
15023572,IF4041476625,33612552,V1T2B6VAL - Valhalla Pure Outfitters Inc,5.20678E+11,2026-07-27,2026-07-31,1,121.3,Outbound Freight,1.25,0.06,1.31
15026627,IF4041476788,33621719,Y1A2B4COA - COAST MOUNTAIN - Sports Experts #770,4.00747E+15,2026-07-28,2026-07-31,3,139.65,Outbound Shipment Materials,2.79,0.34,3.13
15026627,IF4041476788,33621719,Y1A2B4COA - COAST MOUNTAIN - Sports Experts #770,4.00747E+15,2026-07-28,2026-07-31,3,139.65,Outbound Freight,25.68,1.28,26.96
15026633,IF4041476798,33621930,L4G3H7ST - ST ANDREW'S COLLEGE,4.00747E+15,2026-07-28,2026-07-31,3,252,Outbound Shipment Materials,2.93,0.36,3.29
15026633,IF4041476798,33621930,L4G3H7ST - ST ANDREW'S COLLEGE,4.00747E+15,2026-07-28,2026-07-31,3,252,Outbound Freight,13.92,1.81,15.73
15026634,IF4041476804,33621932,B4P1E1WIL - WILD LILY,4.00747E+15,2026-07-28,2026-07-31,0,39,Outbound Shipment Materials,0.15,0.02,0.17
15026634,IF4041476804,33621932,B4P1E1WIL - WILD LILY,4.00747E+15,2026-07-28,2026-07-31,1,39,Outbound Freight,12.23,1.71,13.94
15027486,IF4041476871,33623773,V3S9N7PEA - PEACE ARCH DUTY FREE SHOP,4.00747E+15,2026-07-28,2026-07-31,3,180,Outbound Shipment Materials,2.79,0.34,3.13
15027486,IF4041476871,33623773,V3S9N7PEA - PEACE ARCH DUTY FREE SHOP,4.00747E+15,2026-07-28,2026-07-31,8,180,Outbound Freight,7.22,0.36,7.58
15031184,IF4041477074,33632722,V6H3S4MAK - MAKE,5.20678E+11,2026-07-29,2026-07-31,96,2859,Outbound Freight,39.5,1.98,41.48
15031184,IF4041477074,33632722,V6H3S4MAK - MAKE,5.20678E+11,2026-07-29,2026-07-31,14,2859,Outbound Shipment Materials,13.95,1.68,15.63
15035554,IF4041477358,33645725,S4H0A3CHA - Chandy Kaip,4.00747E+15,2026-07-30,2026-07-31,7,195.7,Outbound Freight,11.08,0.55,11.63
15035554,IF4041477358,33645725,S4H0A3CHA - Chandy Kaip,4.00747E+15,2026-07-30,2026-07-31,3,195.7,Outbound Shipment Materials,2.79,0.34,3.13
Storage,Client Ref 1,Client Ref 2,Shipped From,BOL Number,,,,,Service,,,
21318,,,,,2026-08-01,2026-07-31,281680,0,Storage,17907.52,895.4,18802.92
Work Order,Client Ref 1,Client Ref 2,Parent Document,PO Number,,,,,Service,,,
3950347,IF4041472677,33473927,729111,729111,2026-07-16,2026-07-16,1,0,Warehouse Labour,47.25,2.36,49.61
3950347,IF4041472677,33473927,729111,729111,2026-07-16,2026-07-16,400,0,Shop Supplies,4,0.2,4.2
3950428,Applying SSCC Labels,Sporting life,,,2026-07-16,2026-07-16,1,0,Vendor Compliance,35.44,1.77,37.21
3950562,IF4041472678,33473928,741829,741829,2026-07-16,2026-07-16,1439,0,Shop Supplies,14.39,0.72,15.11
3950562,IF4041472678,33473928,741829,741829,2026-07-16,2026-07-16,4,0,Warehouse Labour,212.63,10.63,223.26
3947324,IF4041470505,33403865,188315,188315,2026-07-08,2026-07-16,21,0,Tagging,992.25,49.61,1041.86
3950613,Master Cartons Error,,,,2026-07-16,2026-07-16,0,0,Warehouse Labour,23.63,1.18,24.81
3950418,CC 07-16-2026,,,,2026-07-16,2026-07-16,2,0,Cycle Count,94.5,4.73,99.23
3950627,Master Carton Error,,,,2026-07-16,2026-07-16,0,0,Warehouse Labour,11.81,0.59,12.4
3950628,Master Carton Error,,,,2026-07-16,2026-07-16,0,0,Warehouse Labour,11.81,0.59,12.4
3949879,IF4041472677,33473927,729111,729111,2026-07-15,2026-07-16,2,0,Tagging,94.5,4.73,99.23
3950655,Overtime Billing,07/16/26,,,2026-07-16,2026-07-16,12,0,Overtime,295.38,14.77,310.15
3950927,PO04809,32626383,475731,475731,2026-07-17,2026-07-17,0,0,Tagging,4.73,0.24,4.97
3951033,IF4041472678,33473928,741829,741829,2026-07-17,2026-07-17,2,0,Tagging,118.13,5.91,124.04
3951077,Overtime Hours,7/17/2026,,,2026-07-17,2026-07-17,15,0,Overtime,354.45,17.72,372.17
3951349,Overtime Billing,07/18/26,,,2026-07-18,2026-07-18,79,0,Overtime,1866.77,93.34,1960.11
3949878,IF4041472678,33473928,741829,741829,2026-07-15,2026-07-20,19,0,Tagging,897.75,44.89,942.64
3951998,IF4041472901,33486465,188582,188582,2026-07-20,2026-07-20,8,0,Warehouse Labour,378,18.9,396.9
3952018,Overtime Hours,7/20/2026,,,2026-07-20,2026-07-20,18,0,Overtime,425.34,21.27,446.61
3952232,IF4041474695,33540277,,,2026-07-21,2026-07-21,400,0,Shop Supplies,4,0.2,4.2
3952232,IF4041474695,33540277,,,2026-07-21,2026-07-21,1,0,Warehouse Labour,47.25,2.36,49.61
3952023,IF4041474695,33540277,729111,729111,2026-07-20,2026-07-21,3,0,Tagging,134.66,6.73,141.39
3952550,IF4041474695,33540277,729111,729111,2026-07-21,2026-07-21,0,0,Vendor Compliance,8.03,0.4,8.43
3952551,IF4041474695,33540277,729111,729111,2026-07-21,2026-07-21,0,0,Data Entry Labour,11.81,0.59,12.4
3952554,CC 07-21-2026,,,,2026-07-21,2026-07-21,2,0,Cycle Count,94.5,4.73,99.23
3952588,IF4041472945,33486987,4265640-3399,4265640-3399,2026-07-21,2026-07-21,1,0,Vendor Compliance,47.25,2.36,49.61
3952591,IF4041472945,33486987,4265640-3399,4265640-3399,2026-07-21,2026-07-21,1,0,Data Entry Labour,47.25,2.36,49.61
3952643,IF4041472901,33486465,188582,188582,2026-07-21,2026-07-21,7,0,Warehouse Labour,330.75,16.54,347.29
3952643,IF4041472901,33486465,188582,188582,2026-07-21,2026-07-21,5491,0,Shop Supplies,54.91,2.75,57.66
3952645,Overtime Hours,07/21/26,,,2026-07-21,2026-07-21,18,0,Overtime,425.34,21.27,446.61
3953051,Applying SSCC Labels,Sail Shipments,,,2026-07-22,2026-07-22,2,0,Vendor Compliance,94.5,4.73,99.23
3953052,Creating SSCC labels,Sail Shipments,,,2026-07-22,2026-07-22,8,0,Data Entry Labour,378,18.9,396.9
3953185,IF4041473263,33498457,SLI-102696,SLI-102696,2026-07-22,2026-07-22,1867,0,Shop Supplies,18.67,0.93,19.6
3953185,IF4041473263,33498457,SLI-102696,SLI-102696,2026-07-22,2026-07-22,29,0,Warehouse Labour,1370.25,68.51,1438.76
3953191,IF4041473299,33498494,206937,206937,2026-07-22,2026-07-22,4,0,Warehouse Labour,165.38,8.27,173.65
3953202,Tagging,,,,2026-07-22,2026-07-22,0,0,Warehouse Labour,11.81,0.59,12.4
3953209,CC 07-22-2026,,,,2026-07-22,2026-07-22,4,0,Cycle Count,165.38,8.27,173.65
3953226,Overtime Hours,7/22/2026,,,2026-07-22,2026-07-22,18,0,Overtime,425.34,21.27,446.61
3953207,TO01207,32808909,,,2026-07-22,2026-07-23,11,0,Repackaging,1.98,0.1,2.08
3953360,TO01210,32808912,,,2026-07-22,2026-07-23,4,0,Repackaging,0.72,0.04,0.76
3950593,IF4041473261,33498455,SLI-102699,SLI-102699,2026-07-16,2026-07-23,3,0,Tagging,129.94,6.5,136.44
3950583,IF4041472969,33487217,SLI-102414,SLI-102414,2026-07-16,2026-07-23,1,0,Tagging,59.06,2.95,62.01
3950570,IF4041472955,33487203,SLI-102398,SLI-102398,2026-07-16,2026-07-23,0,0,Tagging,15.59,0.78,16.37
3950582,IF4041472968,33487215,SLI-102391,SLI-102391,2026-07-16,2026-07-23,0,0,Tagging,17.96,0.9,18.86
3950575,IF4041472960,33487208,SLI-102434,SLI-102434,2026-07-16,2026-07-23,0,0,Tagging,11.81,0.59,12.4
3950569,IF4041472954,33487202,SLI-102426,SLI-102426,2026-07-16,2026-07-23,0,0,Tagging,23.63,1.18,24.81
3950572,IF4041472957,33487205,SLI-102418,SLI-102418,2026-07-16,2026-07-23,0,0,Tagging,23.63,1.18,24.81
3950576,IF4041472962,33487211,SLI-102402,SLI-102402,2026-07-16,2026-07-23,0,0,Tagging,17.96,0.9,18.86
3950571,IF4041472956,33487204,SLI-102422,SLI-102422,2026-07-16,2026-07-23,0,0,Tagging,15.59,0.78,16.37
3950577,IF4041472963,33487213,SLI-102395,SLI-102395,2026-07-16,2026-07-23,0,0,Tagging,8.03,0.4,8.43
3953843,IF4041473299,33498494,206937,206937,2026-07-23,2026-07-23,8,0,Warehouse Labour,378,18.9,396.9
3953845,IF4041472901,33486465,188582,188582,2026-07-23,2026-07-23,8,0,Warehouse Labour,378,18.9,396.9
3950591,IF4041473259,33498453,SLI-102666,SLI-102666,2026-07-16,2026-07-23,8,0,Tagging,378,18.9,396.9
3953855,IF4041472901,33486465,188582,188582,2026-07-23,2026-07-23,12,0,Tagging,567,28.35,595.35
3953219,IF4041472901,33486465,188582,188582,2026-07-22,2026-07-23,22,0,Tagging,1039.5,51.98,1091.48
3953877,CC 07-23-2026,,,,2026-07-23,2026-07-23,2,0,Cycle Count,118.13,5.91,124.04
3953600,Master Carton Error,,,,2026-07-23,2026-07-23,1,0,Warehouse Labour,47.25,2.36,49.61
3953884,Overtime Hours,07/23/26,,,2026-07-23,2026-07-23,17,0,Overtime,401.71,20.09,421.8
3949956,PO 04729,Unexpected items,,,2026-07-15,2026-07-23,0,0,Tagging,9.45,0.47,9.92
3954026,IF4041472678,33473928,741829,741829,2026-07-24,2026-07-24,2,0,Vendor Compliance,106.31,5.32,111.63
3950530,IF4041473299,33498494,206937,206937,2026-07-16,2026-07-24,2,0,Warehouse Labour,94.5,4.73,99.23
3950581,IF4041472967,33487212,SLI-102675,SLI-102675,2026-07-16,2026-07-24,2,0,Tagging,94.5,4.73,99.23
3950588,IF4041473256,33498450,SLI-102705,SLI-102705,2026-07-16,2026-07-24,2,0,Tagging,94.5,4.73,99.23
3950586,IF4041472973,33487221,SLI-102687,SLI-102687,2026-07-16,2026-07-24,2,0,Tagging,94.5,4.73,99.23
3950587,IF4041473255,33498449,SLI-102708,SLI-102708,2026-07-16,2026-07-24,2,0,Tagging,94.5,4.73,99.23
3954591,IF4041472901,33486465,188582,188582,2026-07-24,2026-07-24,5,0,Tagging,236.25,11.81,248.06
3954606,CC 07-24-2026,,,,2026-07-24,2026-07-24,2,0,Cycle Count,82.69,4.13,86.82
3954616,Overtime Hours,7/24/2026,,,2026-07-24,2026-07-24,22,0,Overtime,519.86,25.99,545.85
3955138,IF4041472678,33473928,741829,741829,2026-07-27,2026-07-27,2,0,Data Entry Labour,70.88,3.54,74.42
3950573,IF4041472958,33487206,SLI-102366,SLI-102366,2026-07-16,2026-07-27,2,0,Tagging,70.88,3.54,74.42
3950585,IF4041472971,33487219,SLI-102406,SLI-102406,2026-07-16,2026-07-27,0,0,Tagging,14.18,0.71,14.89
3950584,IF4041472970,33487218,SLI-102387,SLI-102387,2026-07-16,2026-07-27,0,0,Tagging,16.54,0.83,17.37
3950590,IF4041473258,33498451,SLI-102681,SLI-102681,2026-07-16,2026-07-27,2,0,Tagging,70.88,3.54,74.42
3950580,IF4041472966,33487216,SLI-102430,SLI-102430,2026-07-16,2026-07-27,0,0,Tagging,14.18,0.71,14.89
3950589,IF4041473257,33498452,SLI-102702,SLI-102702,2026-07-16,2026-07-27,1,0,Tagging,59.06,2.95,62.01
3950579,IF4041472965,33487210,SLI-102711,SLI-102711,2026-07-16,2026-07-27,2,0,Tagging,94.5,4.73,99.23
3950574,IF4041472959,33487207,SLI-102410,SLI-102410,2026-07-16,2026-07-27,0,0,Tagging,15.59,0.78,16.37
3950578,IF4041472964,33487214,SLI-102438,SLI-102438,2026-07-16,2026-07-27,0,0,Tagging,15.59,0.78,16.37
3950595,IF4041473263,33498457,SLI-102696,SLI-102696,2026-07-16,2026-07-27,2,0,Tagging,70.88,3.54,74.42
3953140,IF4041475138,33560802,R16115,R16115,2026-07-22,2026-07-27,0,0,Warehouse Labour,2.36,0.12,2.48
3950596,IF4041473264,33498458,SLI-102693,SLI-102693,2026-07-16,2026-07-27,2,0,Tagging,70.88,3.54,74.42
3955419,Warehouse Transfer,,,,2026-07-27,2026-07-27,4,0,Warehouse Labour,189,9.45,198.45
3950592,IF4041473260,33498454,SLI-102672,SLI-102672,2026-07-16,2026-07-27,2,0,Tagging,70.88,3.54,74.42
3950597,IF4041473265,33498459,SLI-102678,SLI-102678,2026-07-16,2026-07-27,0,0,Tagging,19.85,0.99,20.84
3950599,IF4041473266,33498460,SLI-102684,SLI-102684,2026-07-16,2026-07-28,1,0,Tagging,47.25,2.36,49.61
3950594,IF4041473262,33498456,SLI-102690,SLI-102690,2026-07-16,2026-07-28,1,0,Tagging,47.25,2.36,49.61
3955797,Tagging,,,,2026-07-28,2026-07-28,0,0,Warehouse Labour,11.81,0.59,12.4
3955845,Warehouse Transfer,,,,2026-07-28,2026-07-28,1,0,Warehouse Labour,47.25,2.36,49.61
3955844,mec RETAGGING PROJECT,,,,2026-07-28,2026-07-28,14,0,Warehouse Labour,661.5,33.08,694.58
3955844,mec RETAGGING PROJECT,,,,2026-07-28,2026-07-28,1243,0,Shop Supplies,12.43,0.62,13.05
3955879,IF4041472901,33486465,188582,188582,2026-07-28,2026-07-28,8,0,Tagging,378,18.9,396.9
3955880,RETAG MEC,,,,2026-07-28,2026-07-28,8,0,Tagging,378,18.9,396.9
3955912,CC 07-28-2026,,,,2026-07-28,2026-07-28,0,0,Cycle Count,23.63,1.18,24.81
3956438,Creating SSCC labels,Sporting life,,,2026-07-29,2026-07-29,4,0,Data Entry Labour,177.19,8.86,186.05
3956478,MEC RETAG Project,,,,2026-07-29,2026-07-29,6,0,Tagging,283.5,14.18,297.68
3956530,IF4041472677,33473927,729111,729111,2026-07-29,2026-07-29,5,0,Stripping,236.25,11.81,248.06
3955409,PO 4806,,,,2026-07-27,2026-07-29,0,0,Tagging,0.47,0.02,0.49
3950063,IF4041472901,33486465,188582,188582,2026-07-15,2026-07-30,12,0,Tagging,567,28.35,595.35
3950074,IF4041472933,33486479,188580,188580,2026-07-15,2026-07-30,2,0,Tagging,82.69,4.13,86.82
3957006,IF4041472933,33486479,188580,188580,2026-07-30,2026-07-30,1,0,Warehouse Labour,47.25,2.36,49.61
3957006,IF4041472933,33486479,188580,188580,2026-07-30,2026-07-30,101,0,Shop Supplies,1.01,0.05,1.06
3950073,IF4041472932,33486478,188576,188576,2026-07-15,2026-07-30,2,0,Tagging,82.69,4.13,86.82
3957043,IF4041472932,33486478,188576,188576,2026-07-30,2026-07-30,1,0,Warehouse Labour,47.25,2.36,49.61
3957043,IF4041472932,33486478,188576,188576,2026-07-30,2026-07-30,101,0,Shop Supplies,1.01,0.05,1.06
3950071,IF4041472920,33486473,188571,188571,2026-07-15,2026-07-30,3,0,Tagging,129.94,6.5,136.44
3957048,IF4041472920,33486473,188571,188571,2026-07-30,2026-07-30,1,0,Warehouse Labour,47.25,2.36,49.61
3957048,IF4041472920,33486473,188571,188571,2026-07-30,2026-07-30,175,0,Shop Supplies,1.75,0.09,1.84
3950072,IF4041472931,33486476,188566,188566,2026-07-15,2026-07-30,4,0,Tagging,210.26,10.51,220.77
3957050,IF4041472931,33486476,188566,188566,2026-07-30,2026-07-30,2,0,Warehouse Labour,94.5,4.73,99.23
3957050,IF4041472931,33486476,188566,188566,2026-07-30,2026-07-30,267,0,Shop Supplies,2.67,0.13,2.8
3957062,Warehouse Transfer,,,,2026-07-30,2026-07-30,0,0,Warehouse Labour,11.81,0.59,12.4
3957066,IF4041472900,33486464,188570,188570,2026-07-30,2026-07-30,2,0,Warehouse Labour,70.88,3.54,74.42
3957066,IF4041472900,33486464,188570,188570,2026-07-30,2026-07-30,175,0,Shop Supplies,1.75,0.09,1.84
3957067,IF4041472908,33486467,188569,188569,2026-07-30,2026-07-30,175,0,Shop Supplies,1.75,0.09,1.84
3957067,IF4041472908,33486467,188569,188569,2026-07-30,2026-07-30,2,0,Warehouse Labour,70.88,3.54,74.42
3957068,IF4041472910,33486469,188578,188578,2026-07-30,2026-07-30,101,0,Shop Supplies,1.01,0.05,1.06
3957068,IF4041472910,33486469,188578,188578,2026-07-30,2026-07-30,1,0,Warehouse Labour,47.25,2.36,49.61
3957069,IF4041472913,33486470,188581,188581,2026-07-30,2026-07-30,101,0,Shop Supplies,1.01,0.05,1.06
3957069,IF4041472913,33486470,188581,188581,2026-07-30,2026-07-30,1,0,Warehouse Labour,47.25,2.36,49.61
3957070,IF4041472916,33486472,188575,188575,2026-07-30,2026-07-30,1,0,Warehouse Labour,47.25,2.36,49.61
3957070,IF4041472916,33486472,188575,188575,2026-07-30,2026-07-30,101,0,Shop Supplies,1.01,0.05,1.06
3957079,IF4041472954,33487202,SLI-102426,SLI-102426,2026-07-30,2026-07-30,0,0,Vendor Compliance,0.95,0.05,1
3957080,IF4041472955,33487203,SLI-102398,SLI-102398,2026-07-30,2026-07-30,0,0,Vendor Compliance,0.95,0.05,1
3957083,IF4041472957,33487205,SLI-102418,SLI-102418,2026-07-30,2026-07-30,0,0,Vendor Compliance,0.95,0.05,1
3957084,IF4041472958,33487206,SLI-102366,SLI-102366,2026-07-30,2026-07-30,0,0,Vendor Compliance,4.73,0.24,4.97
3957085,IF4041472959,33487207,SLI-102410,SLI-102410,2026-07-30,2026-07-30,0,0,Vendor Compliance,0.95,0.05,1
3957086,IF4041472960,33487208,SLI-102434,SLI-102434,2026-07-30,2026-07-30,0,0,Vendor Compliance,0.95,0.05,1
3957087,IF4041472962,33487211,SLI-102402,SLI-102402,2026-07-30,2026-07-30,0,0,Vendor Compliance,0.95,0.05,1
3957095,IF4041473263,33498457,SLI-102696,SLI-102696,2026-07-30,2026-07-30,0,0,Vendor Compliance,4.73,0.24,4.97
3957097,IF4041473259,33498453,SLI-102666,SLI-102666,2026-07-30,2026-07-30,0,0,Vendor Compliance,11.81,0.59,12.4
3957078,PO04838,33624087,476293,476293,2026-07-30,2026-07-30,0,0,Tagging,4.73,0.24,4.97
3957099,CC 07-30-2026,,,,2026-07-30,2026-07-30,4,0,Cycle Count,189,9.45,198.45
3950069,IF4041472915,33486471,188563,188563,2026-07-15,2026-07-30,6,0,Tagging,279.72,13.99,293.71
3950075,IF4041472935,33486480,188562,188562,2026-07-15,2026-07-31,6,0,Tagging,279.72,13.99,293.71
3957376,IF4041472935,33486480,188562,188562,2026-07-31,2026-07-31,2,0,Warehouse Labour,70.88,3.54,74.42
3950070,IF4041472916,33486472,188575,188575,2026-07-15,2026-07-31,2,0,Tagging,82.69,4.13,86.82
3950068,IF4041472913,33486470,188581,188581,2026-07-15,2026-07-31,2,0,Tagging,82.69,4.13,86.82
3957556,CC 07-31-2026,,,,2026-07-31,2026-07-31,2,0,Cycle Count,94.5,4.73,99.23
3950067,IF4041472910,33486469,188578,188578,2026-07-15,2026-07-31,2,0,Tagging,82.69,4.13,86.82
3957605,PALLET STORAGE,Aug-26,,,2026-07-31,2026-07-31,3,0,Storage,105,5.25,110.25
3957623,CANCELLED SHIPMENT,Jul-26,,,2026-07-31,2026-07-31,1,0,Shipment Cancellation,10,0.5,10.5
3957624,CANCELLED ORDERS,Jul-26,,,2026-07-31,2026-07-31,38,0,Order Cancel/Mod.,76,3.8,79.8
"Thursday, August 6, 2026",,,,,,,,,,,,
